Extremum Values,Event Types,Event End Times,Event Start Times,Extremum Times,,Zelano Parameters,,,,,,,,
,,,,,,Breathing Rate,Inter-Breath Interval,Tidal Volume,Minute Ventilation,Duty Cycle,CV Duty Cycle,CV Breathing Rate,CV Breath Volumes,Inhale-Exhale Volumes
-0.9997999999999905,exhale,21433.129700000103,21432.6167,21432.6167,,0.3923637342941034,2.5486555269922877,0.6223065289171501,14.650230813692065,0.3353737000582223,0.32737413899864,1.2246038402870898,1.8961099719252785,-0.17179874746469004
nan,pause,21433.130700000103,21433.129700000103,nan,,nan,nan,nan,nan,nan,nan,nan,nan,0.22766080215456305
1.2669138283917427,inhale,21434.261700000334,21433.130700000103,21434.116700000304,,nan,nan,nan,nan,nan,nan,nan,nan,0.19086052254647115
nan,pause,21434.262700000334,21434.261700000334,nan,,nan,nan,nan,nan,nan,nan,nan,nan,0.32808073690350964
-1.698444638715072,exhale,21435.41370000057,21434.262700000334,21434.456700000374,,nan,nan,nan,nan,nan,nan,nan,nan,0.35619337242433247
nan,pause,21435.41470000057,21435.41370000057,nan,,nan,nan,nan,nan,nan,nan,nan,nan,1.6781672657683133
0.9442918867258018,inhale,21436.020700000692,21435.41470000057,21435.946700000677,,nan,nan,nan,nan,nan,nan,nan,nan,2.201080455425869
nan,pause,21436.021700000692,21436.020700000692,nan,,nan,nan,nan,nan,nan,nan,nan,nan,2.414470907500376
-1.266467702798278,exhale,21436.25070000074,21436.021700000692,21436.11670000071,,nan,nan,nan,nan,nan,nan,nan,nan,3.7633417896047696
nan,pause,21506.309700015012,21436.25070000074,nan,,nan,nan,nan,nan,nan,nan,nan,nan,4.050520440256107
0.9169241853017733,inhale,21507.094700015172,21506.309700015012,21506.94670001514,,nan,nan,nan,nan,nan,nan,nan,nan,4.409358108007874
nan,pause,21507.095700015172,21507.094700015172,nan,,nan,nan,nan,nan,nan,nan,nan,nan,3.4835629923757
-0.34673116205804194,exhale,21508.694700015498,21507.095700015172,21507.28670001521,,nan,nan,nan,nan,nan,nan,nan,nan,3.8326248896479127
nan,pause,21508.695700015498,21508.694700015498,nan,,nan,nan,nan,nan,nan,nan,nan,nan,6.099997492325803
1.547847665601172,inhale,21509.6867000157,21508.695700015498,21509.28670001562,,nan,nan,nan,nan,nan,nan,nan,nan,2.8557107808716973
nan,pause,21509.6877000157,21509.6867000157,nan,,nan,nan,nan,nan,nan,nan,nan,nan,2.1742849779660656
-0.7151256175979867,exhale,21511.30070001603,21509.6877000157,21509.946700015753,,nan,nan,nan,nan,nan,nan,nan,nan,4.8279937261870245
nan,pause,21509.6877000157,21511.30070001603,nan,,nan,nan,nan,nan,nan,nan,nan,nan,5.186915147786132
-0.31509787194267225,exhale,21511.30070001603,21509.6877000157,21510.786700015924,,nan,nan,nan,nan,nan,nan,nan,nan,2.8463790745958812
nan,pause,21511.30170001603,21511.30070001603,nan,,nan,nan,nan,nan,nan,nan,nan,nan,4.081858133611599
6.109359155982707,inhale,21512.115700016195,21511.30170001603,21511.94670001616,,nan,nan,nan,nan,nan,nan,nan,nan,0.946014104970855
nan,pause,21512.116700016195,21512.115700016195,nan,,nan,nan,nan,nan,nan,nan,nan,nan,-4.158556118866889
-3.597747423096098,exhale,21513.790700016536,21512.116700016195,21512.28670001623,,nan,nan,nan,nan,nan,nan,nan,nan,0.42469340123005495
nan,pause,21513.791700016536,21513.790700016536,nan,,nan,nan,nan,nan,nan,nan,nan,nan,0.2915937356935201
11.812583923206896,inhale,21514.609700016703,21513.791700016536,21514.286700016637,,nan,nan,nan,nan,nan,nan,nan,nan,1.614057644402556
nan,pause,21514.610700016703,21514.609700016703,nan,,nan,nan,nan,nan,nan,nan,nan,nan,1.6267578197440686
-5.4643264044436135,exhale,21516.149700017017,21514.610700016703,21514.78670001674,,nan,nan,nan,nan,nan,nan,nan,nan,1.4643870171360218
nan,pause,21516.150700017017,21516.149700017017,nan,,nan,nan,nan,nan,nan,nan,nan,nan,3.0074752507036058
12.684273811912126,inhale,21516.90970001717,21516.150700017017,21516.61670001711,,nan,nan,nan,nan,nan,nan,nan,nan,3.0701900197990923
nan,pause,21516.91070001717,21516.90970001717,nan,,nan,nan,nan,nan,nan,nan,nan,nan,2.232622111364517
-7.782319517923124,exhale,21518.451700017486,21516.91070001717,21517.116700017214,,nan,nan,nan,nan,nan,nan,nan,nan,2.7591924695019525
nan,pause,21518.452700017486,21518.451700017486,nan,,nan,nan,nan,nan,nan,nan,nan,nan,3.8318419885253547
18.13366599125122,inhale,21519.271700017653,21518.452700017486,21518.946700017586,,nan,nan,nan,nan,nan,nan,nan,nan,2.9229663250871845
nan,pause,21519.272700017653,21519.271700017653,nan,,nan,nan,nan,nan,nan,nan,nan,nan,5.037878176698268
-8.107943816931705,exhale,21520.93370001799,21519.272700017653,21519.45670001769,,nan,nan,nan,nan,nan,nan,nan,nan,3.514014732966152
nan,pause,21520.93470001799,21520.93370001799,nan,,nan,nan,nan,nan,nan,nan,nan,nan,4.491905040124848
17.993939897072977,inhale,21521.71570001815,21520.93470001799,21521.446700018096,,nan,nan,nan,nan,nan,nan,nan,nan,5.722110808514501
nan,pause,21521.71670001815,21521.71570001815,nan,,nan,nan,nan,nan,nan,nan,nan,nan,3.2464463381894637
-6.638951018105863,exhale,21523.350700018484,21521.71670001815,21521.946700018198,,nan,nan,nan,nan,nan,nan,nan,nan,1.9384309124114631
nan,pause,21523.351700018484,21523.350700018484,nan,,nan,nan,nan,nan,nan,nan,nan,nan,3.9593079833343268
18.646609440429224,inhale,21524.101700018637,21523.351700018484,21523.77670001857,,nan,nan,nan,nan,nan,nan,nan,nan,5.149731007566228
nan,pause,21524.102700018637,21524.101700018637,nan,,nan,nan,nan,nan,nan,nan,nan,nan,3.9504286363589003
-9.281634850058131,exhale,21525.78570001898,21524.102700018637,21524.286700018674,,nan,nan,nan,nan,nan,nan,nan,nan,-8.334731489262165
nan,pause,21525.78670001898,21525.78570001898,nan,,nan,nan,nan,nan,nan,nan,nan,nan,5.252669800301199
24.817760204772735,inhale,21526.509700019127,21525.78670001898,21526.116700019047,,nan,nan,nan,nan,nan,nan,nan,nan,3.6232795295245026
nan,pause,21526.510700019127,21526.509700019127,nan,,nan,nan,nan,nan,nan,nan,nan,nan,3.0235171924570734
-7.85648120414376,exhale,21528.109700019453,21526.510700019127,21526.77670001918,,nan,nan,nan,nan,nan,nan,nan,nan,2.757109107934184
nan,pause,21528.110700019453,21528.109700019453,nan,,nan,nan,nan,nan,nan,nan,nan,nan,2.53010872334222
22.720302373231196,inhale,21528.854700019605,21528.110700019453,21528.44670001952,,nan,nan,nan,nan,nan,nan,nan,nan,2.5027545592510343
nan,pause,21528.855700019605,21528.854700019605,nan,,nan,nan,nan,nan,nan,nan,nan,nan,-2.3534480283151895
-7.906086679543323,exhale,21530.49670001994,21528.855700019605,21528.956700019626,,nan,nan,nan,nan,nan,nan,nan,nan,-2.140342514361544
nan,pause,21530.49770001994,21530.49670001994,nan,,nan,nan,nan,nan,nan,nan,nan,nan,-1.3172193599832713
20.4293063353589,inhale,21531.262700020096,21530.49770001994,21530.78670002,,nan,nan,nan,nan,nan,nan,nan,nan,0.05103933033049346
nan,pause,21531.263700020096,21531.262700020096,nan,,nan,nan,nan,nan,nan,nan,nan,nan,0.0824862967378639
-9.966494706656047,exhale,21532.775700020404,21531.263700020096,21531.456700020135,,nan,nan,nan,nan,nan,nan,nan,nan,-0.46784946304152486
nan,pause,21532.776700020404,21532.775700020404,nan,,nan,nan,nan,nan,nan,nan,nan,nan,3.670219054660949
21.13442623287416,inhale,21533.573700020566,21532.776700020404,21533.116700020473,,nan,nan,nan,nan,nan,nan,nan,nan,0.4878010043026263
nan,pause,21533.574700020567,21533.573700020566,nan,,nan,nan,nan,nan,nan,nan,nan,nan,-0.03251229256409244
-6.724719488967344,exhale,21535.278700020914,21533.574700020567,21533.78670002061,,nan,nan,nan,nan,nan,nan,nan,nan,-0.03473671354597596
nan,pause,21535.279700020914,21535.278700020914,nan,,nan,nan,nan,nan,nan,nan,nan,nan,0.2117419211181436
23.90114814231429,inhale,21536.019700021065,21535.279700020914,21535.616700020983,,nan,nan,nan,nan,nan,nan,nan,nan,0.08710312074940074
nan,pause,21536.020700021065,21536.019700021065,nan,,nan,nan,nan,nan,nan,nan,nan,nan,0.13857735976467653
-10.015543646248231,exhale,21537.643700021395,21536.020700021065,21536.116700021084,,nan,nan,nan,nan,nan,nan,nan,nan,-0.15199403743562265
nan,pause,21537.644700021396,21537.643700021395,nan,,nan,nan,nan,nan,nan,nan,nan,nan,-0.03401058362736842
25.26953358420346,inhale,21538.40070002155,21537.644700021396,21537.946700021457,,nan,nan,nan,nan,nan,nan,nan,nan,-0.2600055473505598
nan,pause,21538.40170002155,21538.40070002155,nan,,nan,nan,nan,nan,nan,nan,nan,nan,-0.06239301172886286
-12.848820419133713,exhale,21539.994700021874,21538.40170002155,21538.616700021594,,nan,nan,nan,nan,nan,nan,nan,nan,-0.03794600724638242
nan,pause,21539.995700021875,21539.994700021874,nan,,nan,nan,nan,nan,nan,nan,nan,nan,0.0255297323516136
22.587209396277068,inhale,21540.832700022045,21539.995700021875,21540.446700021967,,nan,nan,nan,nan,nan,nan,nan,nan,0.22443722991904186
nan,pause,21540.833700022045,21540.832700022045,nan,,nan,nan,nan,nan,nan,nan,nan,nan,-0.22407669409964107
-10.698798349233229,exhale,21542.318700022348,21540.833700022045,21541.116700022103,,nan,nan,nan,nan,nan,nan,nan,nan,0.020637955810614797
nan,pause,21542.319700022348,21542.318700022348,nan,,nan,nan,nan,nan,nan,nan,nan,nan,1.8427515067721987
25.43451141269567,inhale,21543.127700022513,21542.319700022348,21542.61670002241,,nan,nan,nan,nan,nan,nan,nan,nan,1.4618096493348118
nan,pause,21543.128700022513,21543.127700022513,nan,,nan,nan,nan,nan,nan,nan,nan,nan,1.194741884775255
-10.851218921693235,exhale,21544.78770002285,21543.128700022513,21543.286700022545,,nan,nan,nan,nan,nan,nan,nan,nan,1.573320284591193
nan,pause,21544.78870002285,21544.78770002285,nan,,nan,nan,nan,nan,nan,nan,nan,nan,3.2197221927034096
25.51793444631916,inhale,21545.55970002301,21544.78870002285,21545.116700022918,,nan,nan,nan,nan,nan,nan,nan,nan,1.9382988485761978
nan,pause,21545.56070002301,21545.55970002301,nan,,nan,nan,nan,nan,nan,nan,nan,nan,3.3871508699741577
-13.31312252796449,exhale,21547.111700023324,21545.56070002301,21545.786700023054,,nan,nan,nan,nan,nan,nan,nan,nan,1.1539257418040307
nan,pause,21547.112700023325,21547.111700023324,nan,,nan,nan,nan,nan,nan,nan,nan,nan,3.511615362106429
22.01211719874185,inhale,21547.899700023485,21547.112700023325,21547.456700023395,,nan,nan,nan,nan,nan,nan,nan,nan,5.444304920269233
nan,pause,21547.900700023485,21547.899700023485,nan,,nan,nan,nan,nan,nan,nan,nan,nan,4.55141765914974
-9.748733347523075,exhale,21549.49570002381,21547.900700023485,21548.11670002353,,nan,nan,nan,nan,nan,nan,nan,nan,5.137408568025281
nan,pause,21549.49670002381,21549.49570002381,nan,,nan,nan,nan,nan,nan,nan,nan,nan,1.3498544575322908
23.98537650854497,inhale,21550.315700023977,21549.49670002381,21549.78670002387,,nan,nan,nan,nan,nan,nan,nan,nan,-4.332197232252676
nan,pause,21550.316700023977,21550.315700023977,nan,,nan,nan,nan,nan,nan,nan,nan,nan,1.4641603449136973
-18.263765073044283,exhale,21551.929700024306,21550.316700023977,21551.446700024208,,nan,nan,nan,nan,nan,nan,nan,nan,-0.3855468818844653
nan,pause,21551.930700024306,21551.929700024306,nan,,nan,nan,nan,nan,nan,nan,nan,nan,0.6324339420355036
16.140190336848313,inhale,21552.943700024513,21551.930700024306,21552.77670002448,,nan,nan,nan,nan,nan,nan,nan,nan,1.6652526848962985
nan,pause,21552.944700024513,21552.943700024513,nan,,nan,nan,nan,nan,nan,nan,nan,nan,4.3618513753642
-35.44868088178457,pause,21554.147700024758,21552.944700024513,21553.116700024548,,nan,nan,nan,nan,nan,nan,nan,nan,5.5315127957000545
nan,pause,21554.148700024758,21554.147700024758,nan,,nan,nan,nan,nan,nan,nan,nan,nan,4.289041011713238
11.601324807955521,inhale,21555.059700024944,21554.148700024758,21554.616700024853,,nan,nan,nan,nan,nan,nan,nan,nan,5.647829572054031
nan,pause,21555.060700024944,21555.059700024944,nan,,nan,nan,nan,nan,nan,nan,nan,nan,2.7722351291065506
-16.576279383297486,exhale,21556.477700025232,21555.060700024944,21555.28670002499,,nan,nan,nan,nan,nan,nan,nan,nan,4.850395345036075
nan,pause,21556.478700025233,21556.477700025232,nan,,nan,nan,nan,nan,nan,nan,nan,nan,0.2525318981551985
11.401347286739984,inhale,21557.433700025427,21556.478700025233,21557.116700025363,,nan,nan,nan,nan,nan,nan,nan,nan,-0.05009922943717715
nan,pause,21557.434700025427,21557.433700025427,nan,,nan,nan,nan,nan,nan,nan,nan,nan,0.3328305721727123
-13.665344418596014,exhale,21558.839700025714,21557.434700025427,21557.616700025465,,nan,nan,nan,nan,nan,nan,nan,nan,1.870151256850579
nan,pause,21558.840700025714,21558.839700025714,nan,,nan,nan,nan,nan,nan,nan,nan,nan,0.5354900568115593
18.05247682687569,inhale,21559.789700025907,21558.840700025714,21559.286700025805,,nan,nan,nan,nan,nan,nan,nan,nan,0.09337465469212525
nan,pause,21559.790700025907,21559.789700025907,nan,,nan,nan,nan,nan,nan,nan,nan,nan,-0.5235623987771323
-12.304414313279613,exhale,21561.294700026214,21559.790700025907,21559.95670002594,,nan,nan,nan,nan,nan,nan,nan,nan,0.917776909648202
nan,pause,21561.295700026214,21561.294700026214,nan,,nan,nan,nan,nan,nan,nan,nan,nan,2.5264515356661787
12.973219861362974,inhale,21562.26170002641,21561.295700026214,21561.786700026314,,nan,nan,nan,nan,nan,nan,nan,nan,1.3266438964313778
nan,pause,21562.26270002641,21562.26170002641,nan,,nan,nan,nan,nan,nan,nan,nan,nan,1.8102656185082457
-11.029129678418318,exhale,21563.693700026703,21562.26270002641,21562.45670002645,,nan,nan,nan,nan,nan,nan,nan,nan,1.1852943728850827
nan,pause,21563.694700026703,21563.693700026703,nan,,nan,nan,nan,nan,nan,nan,nan,nan,1.5843063790290985
17.03471081046323,inhale,21564.595700026886,21563.694700026703,21564.11670002679,,nan,nan,nan,nan,nan,nan,nan,nan,-0.45710931834670365
nan,pause,21564.596700026887,21564.595700026886,nan,,nan,nan,nan,nan,nan,nan,nan,nan,1.2518316906761981
-16.441190650295766,exhale,21565.98270002717,21564.596700026887,21564.786700026925,,nan,nan,nan,nan,nan,nan,nan,nan,0.5821291889933453
nan,pause,21565.98370002717,21565.98270002717,nan,,nan,nan,nan,nan,nan,nan,nan,nan,0.3817045439606266
13.323347873163744,inhale,21566.92670002736,21565.98370002717,21566.456700027265,,nan,nan,nan,nan,nan,nan,nan,nan,0.30060919741587694
nan,pause,21566.92770002736,21566.92670002736,nan,,nan,nan,nan,nan,nan,nan,nan,nan,0.5183264279002471
-9.065258153183567,exhale,21568.468700027675,21566.92770002736,21567.1167000274,,nan,nan,nan,nan,nan,nan,nan,nan,1.111332241602428
nan,pause,21568.469700027676,21568.468700027675,nan,,nan,nan,nan,nan,nan,nan,nan,nan,0.05370672379831175
17.691257746386256,inhale,21569.342700027853,21568.469700027676,21568.78670002774,,nan,nan,nan,nan,nan,nan,nan,nan,0.01117102268738071
nan,pause,21569.343700027854,21569.342700027853,nan,,nan,nan,nan,nan,nan,nan,nan,nan,-0.22271963365751907
-9.222413147370972,exhale,21570.94870002818,21569.343700027854,21569.456700027877,,nan,nan,nan,nan,nan,nan,nan,nan,-0.011748975104696455
nan,pause,21570.94970002818,21570.94870002818,nan,,nan,nan,nan,nan,nan,nan,nan,nan,-0.20569682489981178
18.9368609676497,inhale,21571.749700028344,21570.94970002818,21571.28670002825,,nan,nan,nan,nan,nan,nan,nan,nan,-0.019843227693925873
nan,pause,21571.750700028344,21571.749700028344,nan,,nan,nan,nan,nan,nan,nan,nan,nan,-1.2334354613443872
-11.91454376695259,exhale,21573.14570002863,21571.750700028344,21571.956700028386,,nan,nan,nan,nan,nan,nan,nan,nan,0.3193648073157863
nan,pause,21573.14670002863,21573.14570002863,nan,,nan,nan,nan,nan,nan,nan,nan,nan,0.2650828006196493
18.758385741592075,inhale,21573.9817000288,21573.14670002863,21573.45670002869,,nan,nan,nan,nan,nan,nan,nan,nan,2.055700668234195
nan,pause,21573.9827000288,21573.9817000288,nan,,nan,nan,nan,nan,nan,nan,nan,nan,2.607402557146798
-10.815193170162013,exhale,21575.436700029095,21573.9827000288,21574.116700028826,,nan,nan,nan,nan,nan,nan,nan,nan,5.301655944187959
nan,pause,21575.437700029095,21575.436700029095,nan,,nan,nan,nan,nan,nan,nan,nan,nan,1.8105196985730903
20.189312170412318,inhale,21576.24270002926,21575.437700029095,21575.9467000292,,nan,nan,nan,nan,nan,nan,nan,nan,4.066259577569346
nan,pause,21576.24370002926,21576.24270002926,nan,,nan,nan,nan,nan,nan,nan,nan,nan,-0.08781233205828176
-9.32206035087505,exhale,21577.81170002958,21576.24370002926,21576.456700029303,,nan,nan,nan,nan,nan,nan,nan,nan,0.9339078029268055
nan,pause,21577.81270002958,21577.81170002958,nan,,nan,nan,nan,nan,nan,nan,nan,nan,2.8047107946577627
22.001538942927183,inhale,21578.633700029746,21577.81270002958,21578.11670002964,,nan,nan,nan,nan,nan,nan,nan,nan,0.16548680600102728
nan,pause,21578.634700029746,21578.633700029746,nan,,nan,nan,nan,nan,nan,nan,nan,nan,0.034575207518443285
-11.16237569330018,exhale,21580.147700030055,21578.634700029746,21578.786700029777,,nan,nan,nan,nan,nan,nan,nan,nan,-0.022067756907390185
nan,pause,21580.148700030055,21580.147700030055,nan,,nan,nan,nan,nan,nan,nan,nan,nan,-0.1591369418255267
23.451562586277404,inhale,21581.00570003023,21580.148700030055,21580.61670003015,,nan,nan,nan,nan,nan,nan,nan,nan,0.028325294539853746
nan,pause,21581.00670003023,21581.00570003023,nan,,nan,nan,nan,nan,nan,nan,nan,nan,-0.014673173658083932
-7.14434971172074,exhale,21582.58670003055,21581.00670003023,21581.286700030287,,nan,nan,nan,nan,nan,nan,nan,nan,-0.19290597624374456
nan,pause,21582.58770003055,21582.58670003055,nan,,nan,nan,nan,nan,nan,nan,nan,nan,-0.37997162538049867
20.783769566762725,inhale,21583.402700030718,21582.58770003055,21582.946700030625,,nan,nan,nan,nan,nan,nan,nan,nan,-0.15000102927800874
nan,pause,21583.403700030718,21583.402700030718,nan,,nan,nan,nan,nan,nan,nan,nan,nan,-1.4833490809799545
-9.331705930934785,exhale,21584.98870003104,21583.403700030718,21583.61670003076,,nan,nan,nan,nan,nan,nan,nan,nan,-0.2723589439520888
nan,pause,21584.98970003104,21584.98870003104,nan,,nan,nan,nan,nan,nan,nan,nan,nan,0.2854986323843246
24.29414527876685,inhale,21585.799700031206,21584.98970003104,21585.2867000311,,nan,nan,nan,nan,nan,nan,nan,nan,-0.030027389941218174
nan,pause,21585.800700031206,21585.799700031206,nan,,nan,nan,nan,nan,nan,nan,nan,nan,0.22347412307674036
-9.597714655555704,exhale,21587.43570003154,21585.800700031206,21585.956700031238,,nan,nan,nan,nan,nan,nan,nan,nan,0.09495310479257618
nan,pause,21587.43670003154,21587.43570003154,nan,,nan,nan,nan,nan,nan,nan,nan,nan,-0.0406602676736707
25.845882323533523,inhale,21588.27270003171,21587.43670003154,21587.78670003161,,nan,nan,nan,nan,nan,nan,nan,nan,-0.042774400258414794
nan,pause,21588.27370003171,21588.27270003171,nan,,nan,nan,nan,nan,nan,nan,nan,nan,0.04682862825918105
-9.448358789534455,exhale,21589.869700032035,21588.27370003171,21588.61670003178,,nan,nan,nan,nan,nan,nan,nan,nan,0.04990474753464527
nan,pause,21589.870700032036,21589.869700032035,nan,,nan,nan,nan,nan,nan,nan,nan,nan,-0.029257057157238454
22.204050843953684,inhale,21590.760700032217,21589.870700032036,21590.28670003212,,nan,nan,nan,nan,nan,nan,nan,nan,0.0026568395848922677
nan,pause,21590.761700032217,21590.760700032217,nan,,nan,nan,nan,nan,nan,nan,nan,nan,-0.10572881579671237
-10.547380279427745,exhale,21592.50170003257,21590.761700032217,21590.956700032257,,nan,nan,nan,nan,nan,nan,nan,nan,-0.1342541625395906
nan,pause,21592.50270003257,21592.50170003257,nan,,nan,nan,nan,nan,nan,nan,nan,nan,0.31220455277431247
21.911095038305064,inhale,21593.363700032747,21592.50270003257,21592.946700032662,,nan,nan,nan,nan,nan,nan,nan,nan,-0.2200658617845897
nan,pause,21593.364700032747,21593.363700032747,nan,,nan,nan,nan,nan,nan,nan,nan,nan,0.18396355947512183
-14.165011824557935,exhale,21594.977700033076,21593.364700032747,21593.6167000328,,nan,nan,nan,nan,nan,nan,nan,nan,0.4110384117317531
nan,pause,21594.978700033076,21594.977700033076,nan,,nan,nan,nan,nan,nan,nan,nan,nan,0.1066395957789498
20.081573829282604,inhale,21595.87570003326,21594.978700033076,21595.44670003317,,nan,nan,nan,nan,nan,nan,nan,nan,-0.16032887654982883
nan,pause,21595.87670003326,21595.87570003326,nan,,nan,nan,nan,nan,nan,nan,nan,nan,0.03877343950939066
-10.464990614562417,exhale,21597.45770003358,21595.87670003326,21596.116700033308,,nan,nan,nan,nan,nan,nan,nan,nan,-0.008192872205079
nan,pause,21597.45870003358,21597.45770003358,nan,,nan,nan,nan,nan,nan,nan,nan,nan,-0.07036088192303747
21.384033652962714,inhale,21598.29370003375,21597.45870003358,21597.94670003368,,nan,nan,nan,nan,nan,nan,nan,nan,0.09240950520963778
nan,pause,21598.29470003375,21598.29370003375,nan,,nan,nan,nan,nan,nan,nan,nan,nan,0.14550059562803072
-7.604922545598191,exhale,21599.943700034088,21598.29470003375,21598.456700033785,,nan,nan,nan,nan,nan,nan,nan,nan,-0.02190353471445966
nan,pause,21599.944700034088,21599.943700034088,nan,,nan,nan,nan,nan,nan,nan,nan,nan,-0.03234683783929526
21.198050164275493,inhale,21600.762700034255,21599.944700034088,21600.286700034158,,nan,nan,nan,nan,nan,nan,nan,nan,-0.0005568849565884271
nan,pause,21600.763700034255,21600.762700034255,nan,,nan,nan,nan,nan,nan,nan,nan,nan,-0.0960175658144994
-8.996476789746353,exhale,21602.4647000346,21600.763700034255,21600.956700034294,,nan,nan,nan,nan,nan,nan,nan,nan,0.42726293458149484
nan,pause,21602.4657000346,21602.4647000346,nan,,nan,nan,nan,nan,nan,nan,nan,nan,-0.08169721704772195
8.618471810946964,inhale,21603.4467000348,21602.4657000346,21603.116700034734,,nan,nan,nan,nan,nan,nan,nan,nan,0.01917086674762572
nan,pause,21603.4477000348,21603.4467000348,nan,,nan,nan,nan,nan,nan,nan,nan,nan,-0.30039416869755187
-26.864916840199662,pause,21604.61970003504,21603.4477000348,21603.616700034836,,nan,nan,nan,nan,nan,nan,nan,nan,0.31409921319835754
nan,pause,21604.62070003504,21604.61970003504,nan,,nan,nan,nan,nan,nan,nan,nan,nan,0.221941150204243
18.242887576952196,inhale,21605.515700035223,21604.62070003504,21604.95670003511,,nan,nan,nan,nan,nan,nan,nan,nan,0.04901152082752136
nan,pause,21605.516700035223,21605.515700035223,nan,,nan,nan,nan,nan,nan,nan,nan,nan,0.2475804211154523
-6.644123761287843,exhale,21607.110700035548,21605.516700035223,21605.786700035278,,nan,nan,nan,nan,nan,nan,nan,nan,-0.015266562704985887
nan,pause,21607.111700035548,21607.110700035548,nan,,nan,nan,nan,nan,nan,nan,nan,nan,-0.06712568309515388
17.995783587043327,inhale,21607.94770003572,21607.111700035548,21607.45670003562,,nan,nan,nan,nan,nan,nan,nan,nan,-0.18783111195273694
nan,pause,21607.94870003572,21607.94770003572,nan,,nan,nan,nan,nan,nan,nan,nan,nan,0.04174301878072384
-7.017614355707675,exhale,21609.61970003606,21607.94870003572,21608.276700035785,,nan,nan,nan,nan,nan,nan,nan,nan,0.007145096983116606
nan,pause,21609.62070003606,21609.61970003606,nan,,nan,nan,nan,nan,nan,nan,nan,nan,0.36992592023651943
19.583700907934364,inhale,21610.424700036223,21609.62070003606,21609.956700036128,,nan,nan,nan,nan,nan,nan,nan,nan,-0.05925920888872194
nan,pause,21610.425700036223,21610.424700036223,nan,,nan,nan,nan,nan,nan,nan,nan,nan,0.42907542852299696
-11.731455299583892,exhale,21612.014700036547,21610.425700036223,21610.616700036262,,nan,nan,nan,nan,nan,nan,nan,nan,0.8473937908963245
nan,pause,21612.015700036547,21612.014700036547,nan,,nan,nan,nan,nan,nan,nan,nan,nan,0.53327469053021
16.858329208379963,inhale,21612.922700036732,21612.015700036547,21612.446700036635,,nan,nan,nan,nan,nan,nan,nan,nan,0.39918284992033004
nan,pause,21612.923700036732,21612.922700036732,nan,,nan,nan,nan,nan,nan,nan,nan,nan,0.8994890631554782
-13.98143058381576,exhale,21614.449700037043,21612.923700036732,21613.11670003677,,nan,nan,nan,nan,nan,nan,nan,nan,0.20211197554248272
nan,pause,21614.450700037043,21614.449700037043,nan,,nan,nan,nan,nan,nan,nan,nan,nan,0.03146886847786323
17.13076220755249,inhale,21615.37170003723,21614.450700037043,21614.78670003711,,nan,nan,nan,nan,nan,nan,nan,nan,0.5218840250205703
nan,pause,21615.37270003723,21615.37170003723,nan,,nan,nan,nan,nan,nan,nan,nan,nan,0.3962040830458632
-15.9148068137015,exhale,21616.756700037513,21615.37270003723,21615.61670003728,,nan,nan,nan,nan,nan,nan,nan,nan,-0.09494694390104375
nan,pause,21616.757700037513,21616.756700037513,nan,,nan,nan,nan,nan,nan,nan,nan,nan,0.48365934042229375
14.496804031153143,inhale,21617.605700037686,21616.757700037513,21617.28670003762,,nan,nan,nan,nan,nan,nan,nan,nan,0.19184286471083367
nan,pause,21617.606700037686,21617.605700037686,nan,,nan,nan,nan,nan,nan,nan,nan,nan,0.4033993539725398
-8.79501987196544,exhale,21619.161700038003,21617.606700037686,21617.786700037723,,nan,nan,nan,nan,nan,nan,nan,nan,0.21063894119811621
nan,pause,21619.162700038003,21619.161700038003,nan,,nan,nan,nan,nan,nan,nan,nan,nan,0.3950246116679068
13.636752214657225,inhale,21620.08270003819,21619.162700038003,21619.456700038063,,nan,nan,nan,nan,nan,nan,nan,nan,6.006086513688084
nan,pause,21620.08370003819,21620.08270003819,nan,,nan,nan,nan,nan,nan,nan,nan,nan,2.162265053077374
-15.885181815743742,exhale,21621.475700038474,21620.08370003819,21620.286700038232,,nan,nan,nan,nan,nan,nan,nan,nan,0.37027180383228053
nan,pause,21621.476700038475,21621.475700038474,nan,,nan,nan,nan,nan,nan,nan,nan,nan,5.008574089181868
10.639280026064919,inhale,21622.397700038662,21621.476700038475,21621.94670003857,,nan,nan,nan,nan,nan,nan,nan,nan,1.9935503111252597
nan,pause,21622.398700038662,21622.397700038662,nan,,nan,nan,nan,nan,nan,nan,nan,nan,4.831711266301118
-15.681344979973975,exhale,21623.646700038917,21622.398700038662,21622.616700038707,,nan,nan,nan,nan,nan,nan,nan,nan,2.237987828185707
nan,pause,21623.647700038917,21623.646700038917,nan,,nan,nan,nan,nan,nan,nan,nan,nan,2.71757460355901
5.935265389452981,inhale,21624.673700039126,21623.647700038917,21624.116700039012,,nan,nan,nan,nan,nan,nan,nan,nan,3.0642519407857236
nan,pause,21624.674700039126,21624.673700039126,nan,,nan,nan,nan,nan,nan,nan,nan,nan,0.8429443617114654
-11.77906926788182,exhale,21625.861700039368,21624.674700039126,21624.94670003918,,nan,nan,nan,nan,nan,nan,nan,nan,4.5426017078307614
nan,pause,21625.862700039368,21625.861700039368,nan,,nan,nan,nan,nan,nan,nan,nan,nan,2.3500751675300737
2.985287557294869,inhale,21626.75370003955,21625.862700039368,21626.61670003952,,nan,nan,nan,nan,nan,nan,nan,nan,3.4479642256612832
nan,pause,21626.75470003955,21626.75370003955,nan,,nan,nan,nan,nan,nan,nan,nan,nan,3.438126550795465
-4.123844344505709,exhale,21627.79470003976,21626.75470003955,21626.95670003959,,nan,nan,nan,nan,nan,nan,nan,nan,2.8506822005510974
nan,pause,21627.795700039762,21627.79470003976,nan,,nan,nan,nan,nan,nan,nan,nan,nan,1.8787341965670512
2.8353071239418375,inhale,21628.856700039978,21627.795700039762,21628.61670003993,,nan,nan,nan,nan,nan,nan,nan,nan,2.1894120182984524
nan,pause,21628.85770003998,21628.856700039978,nan,,nan,nan,nan,nan,nan,nan,nan,nan,3.316738205832621
-2.9646874208715945,exhale,21629.84170004018,21628.85770003998,21629.11670004003,,nan,nan,nan,nan,nan,nan,nan,nan,4.110808321410194
nan,pause,21629.84270004018,21629.84170004018,nan,,nan,nan,nan,nan,nan,nan,nan,nan,3.213723426571396
2.225848561474081,inhale,21630.504700040314,21629.84270004018,21630.28670004027,,nan,nan,nan,nan,nan,nan,nan,nan,-8.668065165432555
nan,pause,21630.505700040314,21630.504700040314,nan,,nan,nan,nan,nan,nan,nan,nan,nan,-0.006753653505477859
-2.92787443146581,exhale,21631.108700040437,21630.505700040314,21630.78670004037,,nan,nan,nan,nan,nan,nan,nan,nan,-0.6843013197367743
nan,pause,21631.109700040437,21631.108700040437,nan,,nan,nan,nan,nan,nan,nan,nan,nan,-0.958428844820665
9.01873366680247,inhale,21631.920700040602,21631.109700040437,21631.61670004054,,nan,nan,nan,nan,nan,nan,nan,nan,2.3704218763510747
nan,pause,21631.921700040602,21631.920700040602,nan,,nan,nan,nan,nan,nan,nan,nan,nan,0.6618453817394219
-2.797958934566597,exhale,21632.78570004078,21631.921700040602,21632.116700040642,,nan,nan,nan,nan,nan,nan,nan,nan,0.4493996753353071
nan,pause,21633.501700040924,21632.78570004078,nan,,nan,nan,nan,nan,nan,nan,nan,nan,-0.16184029111692122
-0.5646460074251186,exhale,21633.865700041,21633.501700040924,21633.616700040948,,nan,nan,nan,nan,nan,nan,nan,nan,0.731371897363409
nan,pause,21635.315700041294,21633.865700041,nan,,nan,nan,nan,nan,nan,nan,nan,nan,1.0587119320294804
1.2340563682135608,inhale,21636.13670004146,21635.315700041294,21635.946700041422,,nan,nan,nan,nan,nan,nan,nan,nan,0.1874489798873149
nan,pause,21636.13770004146,21636.13670004146,nan,,nan,nan,nan,nan,nan,nan,nan,nan,0.48690100373402423
-0.48121843658612035,exhale,21636.8247000416,21636.13770004146,21636.61670004156,,nan,nan,nan,nan,nan,nan,nan,nan,0.06590616182392317
nan,pause,21636.8257000416,21636.8247000416,nan,,nan,nan,nan,nan,nan,nan,nan,nan,0.026751793830871895
0.42935563719111497,inhale,21637.16070004167,21636.8257000416,21636.95670004163,,nan,nan,nan,nan,nan,nan,nan,nan,0.3166071540229012
nan,pause,21637.16170004167,21637.16070004167,nan,,nan,nan,nan,nan,nan,nan,nan,nan,0.34020948032919796
-0.7679549766638786,exhale,21637.485700041736,21637.16170004167,21637.286700041695,,nan,nan,nan,nan,nan,nan,nan,nan,0.6649405516127724
nan,pause,21637.486700041736,21637.485700041736,nan,,nan,nan,nan,nan,nan,nan,nan,nan,0.6612091525700852
0.46879026581968664,inhale,21638.59170004196,21637.486700041736,21637.616700041763,,nan,nan,nan,nan,nan,nan,nan,nan,0.24791263658145857
nan,pause,21637.486700041736,21638.59170004196,nan,,nan,nan,nan,nan,nan,nan,nan,nan,0.4293509754441547
0.6441795431706903,inhale,21638.59170004196,21637.486700041736,21638.44670004193,,nan,nan,nan,nan,nan,nan,nan,nan,0.23226783025208975
nan,pause,21639.02070004205,21638.59170004196,nan,,nan,nan,nan,nan,nan,nan,nan,nan,0.21513800747314882
-0.46459539232756286,exhale,21640.89770004243,21639.02070004205,21639.11670004207,,nan,nan,nan,nan,nan,nan,nan,nan,0.31305719605951665
nan,pause,21639.02070004205,21640.89770004243,nan,,nan,nan,nan,nan,nan,nan,nan,nan,0.017479754495698142
-0.34557771248593494,exhale,21640.89770004243,21639.02070004205,21639.946700042237,,nan,nan,nan,nan,nan,nan,nan,nan,0.446992623283281
nan,pause,21640.89870004243,21640.89770004243,nan,,nan,nan,nan,nan,nan,nan,nan,nan,1.4305652009323708
5.985424625880017,inhale,21641.944700042644,21640.89870004243,21641.616700042578,,nan,nan,nan,nan,nan,nan,nan,nan,0.6116902173043159
nan,pause,21643.49670004296,21641.944700042644,nan,,nan,nan,nan,nan,nan,nan,nan,nan,0.4803103415911898
2.1354492082111443,inhale,21644.267700043118,21643.49670004296,21644.116700043087,,nan,nan,nan,nan,nan,nan,nan,nan,0.43263122545351207
nan,pause,21645.35870004334,21644.267700043118,nan,,nan,nan,nan,nan,nan,nan,nan,nan,0.7172255695172722
0.9477506595960219,inhale,21646.59370004359,21645.35870004334,21646.28670004353,,nan,nan,nan,nan,nan,nan,nan,nan,0.5954343146780754
nan,pause,21646.59470004359,21646.59370004359,nan,,nan,nan,nan,nan,nan,nan,nan,nan,0.49105368610657396
-0.840345596523572,exhale,21647.57270004379,21646.59470004359,21646.78670004363,,nan,nan,nan,nan,nan,nan,nan,nan,0.31313577332749065
nan,pause,21647.57370004379,21647.57270004379,nan,,nan,nan,nan,nan,nan,nan,nan,nan,0.7423690425999183
0.7982310769594698,inhale,21648.658700044012,21647.57370004379,21648.44670004397,,nan,nan,nan,nan,nan,nan,nan,nan,0.26494919874918943
nan,pause,21648.659700044012,21648.658700044012,nan,,nan,nan,nan,nan,nan,nan,nan,nan,0.7333419390292065
-1.056007341932934,exhale,21649.517700044187,21648.659700044012,21648.78670004404,,nan,nan,nan,nan,nan,nan,nan,nan,0.18215927240537622
nan,pause,21649.77370004424,21649.517700044187,nan,,nan,nan,nan,nan,nan,nan,nan,nan,0.39039969042195954
-0.3575667629344124,exhale,21650.006700044287,21649.77370004424,21649.946700044275,,nan,nan,nan,nan,nan,nan,nan,nan,0.27429396936936046
nan,pause,21650.007700044287,21650.006700044287,nan,,nan,nan,nan,nan,nan,nan,nan,nan,0.7230391950359365
0.7022053651506485,inhale,21650.37070004436,21650.007700044287,21650.11670004431,,nan,nan,nan,nan,nan,nan,nan,nan,0.24845895096181203
nan,pause,21650.782700044445,21650.37070004436,nan,,nan,nan,nan,nan,nan,nan,nan,nan,0.5244139693458956
1.2435067614105382,inhale,21651.10970004451,21650.782700044445,21650.94670004448,,nan,nan,nan,nan,nan,nan,nan,nan,0.751440716598144
nan,pause,21651.11070004451,21651.10970004451,nan,,nan,nan,nan,nan,nan,nan,nan,nan,-0.0827328287529372
-0.35768328756904694,exhale,21651.471700044585,21651.11070004451,21651.286700044548,,nan,nan,nan,nan,nan,nan,nan,nan,0.803392014257829
nan,pause,21653.31170004496,21651.471700044585,nan,,nan,nan,nan,nan,nan,nan,nan,nan,0.3269376737649312
-0.33951402076043574,exhale,21653.495700044998,21653.31170004496,21653.446700044988,,nan,nan,nan,nan,nan,nan,nan,nan,0.808692479743734
nan,pause,21653.496700044998,21653.495700044998,nan,,nan,nan,nan,nan,nan,nan,nan,nan,0.3438252395322996
0.9022373069439946,inhale,21653.75070004505,21653.496700044998,21653.616700045022,,nan,nan,nan,nan,nan,nan,nan,nan,-0.06135664482680614
nan,pause,21653.75170004505,21653.75070004505,nan,,nan,nan,nan,nan,nan,nan,nan,nan,0.6872311945676306
-0.9310568573983549,exhale,21654.367700045175,21653.75170004505,21654.116700045124,,nan,nan,nan,nan,nan,nan,nan,nan,0.29287011736360413
nan,pause,21654.368700045176,21654.367700045175,nan,,nan,nan,nan,nan,nan,nan,nan,nan,0.21826785823113148
0.40224721406576003,inhale,21655.491700045404,21654.368700045176,21654.616700045226,,nan,nan,nan,nan,nan,nan,nan,nan,0.48273574831626664
nan,pause,21654.368700045176,21655.491700045404,nan,,nan,nan,nan,nan,nan,nan,nan,nan,-0.051717731285358726
0.3156494342947274,inhale,21655.491700045404,21654.368700045176,21655.27670004536,,nan,nan,nan,nan,nan,nan,nan,nan,0.040064301561174576
nan,pause,21655.492700045404,21655.491700045404,nan,,nan,nan,nan,nan,nan,nan,nan,nan,0.04918260810991404
-0.5134220669882815,exhale,21656.483700045606,21655.492700045404,21655.786700045464,,nan,nan,nan,nan,nan,nan,nan,nan,0.156199740124233
nan,pause,21656.484700045607,21656.483700045606,nan,,nan,nan,nan,nan,nan,nan,nan,nan,0.10646821234617643
0.3318287230541214,inhale,21657.58070004583,21656.484700045607,21656.786700045668,,nan,nan,nan,nan,nan,nan,nan,nan,0.26571857860491166
nan,pause,21657.58170004583,21657.58070004583,nan,,nan,nan,nan,nan,nan,nan,nan,nan,0.09887169815910934
-0.8606827698756487,exhale,21658.698700046058,21657.58170004583,21657.786700045872,,nan,nan,nan,nan,nan,nan,nan,nan,-0.07140962308510312
nan,pause,21659.663700046254,21658.698700046058,nan,,nan,nan,nan,nan,nan,nan,nan,nan,-0.20809836839947637
-0.39506467053729416,exhale,21660.847700046495,21659.663700046254,21659.946700046312,,nan,nan,nan,nan,nan,nan,nan,nan,0.0943450056812043
nan,pause,21661.838700046697,21660.847700046495,nan,,nan,nan,nan,nan,nan,nan,nan,nan,0.11151016850940998
-0.36438345555403207,exhale,21662.93770004692,21661.838700046697,21662.116700046754,,nan,nan,nan,nan,nan,nan,nan,nan,0.3986671326005322
nan,pause,21663.484700047033,21662.93770004692,nan,,nan,nan,nan,nan,nan,nan,nan,nan,0.164881452605949
0.35101244482616406,inhale,21663.845700047106,21663.484700047033,21663.776700047092,,nan,nan,nan,nan,nan,nan,nan,nan,0.08222402498811085
nan,pause,21664.243700047187,21663.845700047106,nan,,nan,nan,nan,nan,nan,nan,nan,nan,-0.23149407705052752
-0.5704045223609996,exhale,21664.59170004726,21664.243700047187,21664.44670004723,,nan,nan,nan,nan,nan,nan,nan,nan,-0.23515785753912236
nan,pause,21665.457700047435,21664.59170004726,nan,,nan,nan,nan,nan,nan,nan,nan,nan,1.9257542255398112
0.3023485034059969,inhale,21665.741700047492,21665.457700047435,21665.616700047467,,nan,nan,nan,nan,nan,nan,nan,nan,3.0844934813983995
nan,pause,21666.601700047668,21665.741700047492,nan,,nan,nan,nan,nan,nan,nan,nan,nan,0.8818534431993617
-0.37890081152184496,exhale,21667.862700047925,21666.601700047668,21666.786700047705,,nan,nan,nan,nan,nan,nan,nan,nan,2.114799278173823
nan,pause,21670.277700048417,21667.862700047925,nan,,nan,nan,nan,nan,nan,nan,nan,nan,1.033516253393361
0.4316787991577447,inhale,21671.22070004861,21670.277700048417,21670.956700048555,,nan,nan,nan,nan,nan,nan,nan,nan,2.4141427412762355
nan,pause,21672.60470004889,21671.22070004861,nan,,nan,nan,nan,nan,nan,nan,nan,nan,1.4465804039358896
0.43440019534670504,inhale,21673.608700049095,21672.60470004889,21673.276700049028,,nan,nan,nan,nan,nan,nan,nan,nan,1.3850715827921727
nan,pause,21674.627700049303,21673.608700049095,nan,,nan,nan,nan,nan,nan,nan,nan,nan,-0.7236342717163975
-1.4948346978928706,exhale,21674.927700049364,21674.627700049303,21674.786700049335,,nan,nan,nan,nan,nan,nan,nan,nan,2.9414608958646253
nan,pause,21674.928700049364,21674.927700049364,nan,,nan,nan,nan,nan,nan,nan,nan,nan,4.395605915733303
0.5830627200375194,inhale,21675.88670004956,21674.928700049364,21675.45670004947,,nan,nan,nan,nan,nan,nan,nan,nan,0.24256751651793662
nan,pause,21675.88770004956,21675.88670004956,nan,,nan,nan,nan,nan,nan,nan,nan,nan,0.9720591487187473
-0.36425430132074404,exhale,21677.103700049807,21675.88770004956,21676.116700049606,,nan,nan,nan,nan,nan,nan,nan,nan,2.4620619074436716
nan,pause,21677.104700049807,21677.103700049807,nan,,nan,nan,nan,nan,nan,nan,nan,nan,1.7457780065440676
0.38575940703318096,inhale,21677.987700049987,21677.104700049807,21677.61670004991,,nan,nan,nan,nan,nan,nan,nan,nan,1.9785331204984153
nan,pause,21693.144700053075,21677.987700049987,nan,,nan,nan,nan,nan,nan,nan,nan,nan,0.5085733191670725
-0.580692563571084,exhale,21694.137700053278,21693.144700053075,21693.61670005317,,nan,nan,nan,nan,nan,nan,nan,nan,2.732471783926476
nan,pause,21712.01870005692,21694.137700053278,nan,,nan,nan,nan,nan,nan,nan,nan,nan,0.10850206684686015
-0.31392205244091737,exhale,21712.281700056974,21712.01870005692,21712.11670005694,,nan,nan,nan,nan,nan,nan,nan,nan,2.168135269527321
nan,pause,21713.131700057147,21712.281700056974,nan,,nan,nan,nan,nan,nan,nan,nan,nan,2.5527945209937433
0.4861307724468047,inhale,21713.3857000572,21713.131700057147,21713.28670005718,,nan,nan,nan,nan,nan,nan,nan,nan,2.388297401559392
nan,pause,21713.3867000572,21713.3857000572,nan,,nan,nan,nan,nan,nan,nan,nan,nan,0.7149981970826866
-0.3025195319255794,exhale,21713.921700057308,21713.3867000572,21713.456700057213,,nan,nan,nan,nan,nan,nan,nan,nan,2.5547955385704064
nan,pause,21724.811700059527,21713.921700057308,nan,,nan,nan,nan,nan,nan,nan,nan,nan,0.04236232891678382
-1.3811668866378106,exhale,21725.429700059653,21724.811700059527,21725.286700059623,,nan,nan,nan,nan,nan,nan,nan,nan,4.048683960392122
nan,pause,21725.95370005976,21725.429700059653,nan,,nan,nan,nan,nan,nan,nan,nan,nan,3.3552278822558064
0.5196061553114254,inhale,21726.24970005982,21725.95370005976,21726.116700059792,,nan,nan,nan,nan,nan,nan,nan,nan,1.4227309920081677
nan,pause,21731.620700060914,21726.24970005982,nan,,nan,nan,nan,nan,nan,nan,nan,nan,2.101151786103654
1.3590646435215894,inhale,21731.980700060987,21731.620700060914,21731.786700060948,,nan,nan,nan,nan,nan,nan,nan,nan,-0.712393992500516
nan,pause,21733.26570006125,21731.980700060987,nan,,nan,nan,nan,nan,nan,nan,nan,nan,1.0909693607601518
5.390768480952856,inhale,21734.179700061435,21733.26570006125,21733.946700061388,,nan,nan,nan,nan,nan,nan,nan,nan,-0.7371325102311133
nan,pause,21734.180700061435,21734.179700061435,nan,,nan,nan,nan,nan,nan,nan,nan,nan,-3.923237332094892
-0.7120168816778447,exhale,21735.509700061706,21734.180700061435,21734.286700061457,,nan,nan,nan,nan,nan,nan,nan,nan,-0.17949308372649142
nan,pause,21734.180700061435,21735.509700061706,nan,,nan,nan,nan,nan,nan,nan,nan,nan,0.07862110723130389
-0.3110664050109175,exhale,21735.509700061706,21734.180700061435,21735.27670006166,,nan,nan,nan,nan,nan,nan,nan,nan,0.5602630565726798
nan,pause,21735.510700061706,21735.509700061706,nan,,nan,nan,nan,nan,nan,nan,nan,nan,0.582522322427736
5.886297456926305,inhale,21736.42070006189,21735.510700061706,21736.11670006183,,nan,nan,nan,nan,nan,nan,nan,nan,-0.19716785422895766
nan,pause,21736.421700061892,21736.42070006189,nan,,nan,nan,nan,nan,nan,nan,nan,nan,0.5999471252859641
-0.9969961648073941,exhale,21738.654700062347,21736.421700061892,21736.61670006193,,nan,nan,nan,nan,nan,nan,nan,nan,0.16695922864342266
nan,pause,21738.655700062347,21738.654700062347,nan,,nan,nan,nan,nan,nan,nan,nan,nan,-0.7638246360564858
4.5188425202883975,inhale,21739.720700062564,21738.655700062347,21739.446700062508,,nan,nan,nan,nan,nan,nan,nan,nan,0.02012802445178087
nan,pause,21739.721700062564,21739.720700062564,nan,,nan,nan,nan,nan,nan,nan,nan,nan,-0.4492399401151205
-1.7228983868122172,exhale,21741.41370006291,21739.721700062564,21739.956700062612,,nan,nan,nan,nan,nan,nan,nan,nan,0.18213661700226264
nan,pause,21741.41470006291,21741.41370006291,nan,,nan,nan,nan,nan,nan,nan,nan,nan,-0.5770978371113562
5.503053488026556,inhale,21742.44470006312,21741.41470006291,21742.116700063052,,nan,nan,nan,nan,nan,nan,nan,nan,3.651664561738045
nan,pause,21742.44570006312,21742.44470006312,nan,,nan,nan,nan,nan,nan,nan,nan,nan,1.0964941762791693
-2.28703548874903,exhale,21743.96770006343,21742.44570006312,21742.776700063187,,nan,nan,nan,nan,nan,nan,nan,nan,3.478296305948939
nan,pause,21743.96870006343,21743.96770006343,nan,,nan,nan,nan,nan,nan,nan,nan,nan,1.291772231725445
8.836374317038603,inhale,21744.89770006362,21743.96870006343,21744.61670006356,,nan,nan,nan,nan,nan,nan,nan,nan,3.063947786005565
nan,pause,21744.89870006362,21744.89770006362,nan,,nan,nan,nan,nan,nan,nan,nan,nan,0.15910330017223195
-3.0636166827757974,exhale,21746.42670006393,21744.89870006362,21745.116700063663,,nan,nan,nan,nan,nan,nan,nan,nan,3.889305998833368
nan,pause,21746.42770006393,21746.42670006393,nan,,nan,nan,nan,nan,nan,nan,nan,nan,1.0788957597511937
11.713859495977244,inhale,21747.272700064103,21746.42770006393,21746.946700064036,,nan,nan,nan,nan,nan,nan,nan,nan,2.9518815573804824
nan,pause,21747.273700064103,21747.272700064103,nan,,nan,nan,nan,nan,nan,nan,nan,nan,2.9739769626768577
-5.63019298823629,exhale,21748.88370006443,21747.273700064103,21747.616700064173,,nan,nan,nan,nan,nan,nan,nan,nan,3.9563431805812437
nan,pause,21748.88470006443,21748.88370006443,nan,,nan,nan,nan,nan,nan,nan,nan,nan,0.0762621832186614
17.178673877567604,inhale,21749.67170006459,21748.88470006443,21749.286700064513,,nan,nan,nan,nan,nan,nan,nan,nan,2.5191250311115665
nan,pause,21749.67270006459,21749.67170006459,nan,,nan,nan,nan,nan,nan,nan,nan,nan,2.22317545848557
-8.001466869059083,exhale,21751.564700064977,21749.67270006459,21749.946700064647,,nan,nan,nan,nan,nan,nan,nan,nan,2.105536050334768
nan,pause,21751.565700064977,21751.564700064977,nan,,nan,nan,nan,nan,nan,nan,nan,nan,2.791346435441437
12.833097001535043,inhale,21752.401700065147,21751.565700064977,21751.956700065057,,nan,nan,nan,nan,nan,nan,nan,nan,2.8651117292305655
nan,pause,21752.402700065148,21752.401700065147,nan,,nan,nan,nan,nan,nan,nan,nan,nan,5.190337702495043
-8.130144430812413,exhale,21754.313700065537,21752.402700065148,21752.61670006519,,nan,nan,nan,nan,nan,nan,nan,nan,1.225821834226008
nan,pause,21754.314700065537,21754.313700065537,nan,,nan,nan,nan,nan,nan,nan,nan,nan,1.1480971834062244
12.319868509680745,inhale,21755.35170006575,21754.314700065537,21755.1167000657,,nan,nan,nan,nan,nan,nan,nan,nan,1.3434520877304292
nan,pause,21755.35270006575,21755.35170006575,nan,,nan,nan,nan,nan,nan,nan,nan,nan,1.8415405501819935
-10.713515967780081,exhale,21756.800700066044,21755.35270006575,21755.616700065802,,nan,nan,nan,nan,nan,nan,nan,nan,1.0571148475016887
nan,pause,21756.801700066044,21756.800700066044,nan,,nan,nan,nan,nan,nan,nan,nan,nan,-0.19946080890663564
20.338576138067953,inhale,21757.66870006622,21756.801700066044,21757.286700066143,,nan,nan,nan,nan,nan,nan,nan,nan,0.4543966145823144
nan,pause,21757.66970006622,21757.66870006622,nan,,nan,nan,nan,nan,nan,nan,nan,nan,-0.11827256543482023
-7.090529724821373,exhale,21759.33670006656,21757.66970006622,21757.946700066277,,nan,nan,nan,nan,nan,nan,nan,nan,-0.839413352720721
nan,pause,21759.33770006656,21759.33670006656,nan,,nan,nan,nan,nan,nan,nan,nan,nan,-2.5105105830657344
19.58180109776026,inhale,21760.22070006674,21759.33770006656,21759.786700066652,,nan,nan,nan,nan,nan,nan,nan,nan,-1.8210115127416349
nan,pause,21760.22170006674,21760.22070006674,nan,,nan,nan,nan,nan,nan,nan,nan,nan,4.486980957485435
-9.805382519942228,exhale,21761.64270006703,21760.22170006674,21760.446700066786,,nan,nan,nan,nan,nan,nan,nan,nan,0.7003012791335181
nan,pause,21761.64370006703,21761.64270006703,nan,,nan,nan,nan,nan,nan,nan,nan,nan,0.35561625024734567
25.448306342669145,inhale,21762.42070006719,21761.64370006703,21761.956700067094,,nan,nan,nan,nan,nan,nan,nan,nan,1.0648858002651436
nan,pause,21762.42170006719,21762.42070006719,nan,,nan,nan,nan,nan,nan,nan,nan,nan,0.16918441092775122
-9.446753025052178,exhale,21763.89370006749,21762.42170006719,21762.61670006723,,nan,nan,nan,nan,nan,nan,nan,nan,0.1668890438849121
nan,pause,21763.89470006749,21763.89370006749,nan,,nan,nan,nan,nan,nan,nan,nan,nan,0.6101611663580062
19.89752277567817,inhale,21764.68370006765,21763.89470006749,21764.28670006757,,nan,nan,nan,nan,nan,nan,nan,nan,0.25104587817318835
nan,pause,21764.68470006765,21764.68370006765,nan,,nan,nan,nan,nan,nan,nan,nan,nan,0.2990624665334334
-9.662750125845612,exhale,21766.070700067932,21764.68470006765,21764.946700067703,,nan,nan,nan,nan,nan,nan,nan,nan,-0.08561641220100441
nan,pause,21766.071700067932,21766.070700067932,nan,,nan,nan,nan,nan,nan,nan,nan,nan,0.030181377565951684
21.497750102239653,inhale,21766.636700068048,21766.071700067932,21766.44670006801,,nan,nan,nan,nan,nan,nan,nan,nan,0.21588367501313213
nan,pause,21766.637700068048,21766.636700068048,nan,,nan,nan,nan,nan,nan,nan,nan,nan,0.07331618188192024
-22.395743055927326,pause,21767.62270006825,21766.637700068048,21766.786700068078,,nan,nan,nan,nan,nan,nan,nan,nan,0.013233674801066297
nan,pause,21767.62370006825,21767.62270006825,nan,,nan,nan,nan,nan,nan,nan,nan,nan,0.2225732700335038
13.769992703273575,inhale,21768.61570006845,21767.62370006825,21768.11670006835,,nan,nan,nan,nan,nan,nan,nan,nan,0.13456933294154694
nan,pause,21768.61670006845,21768.61570006845,nan,,nan,nan,nan,nan,nan,nan,nan,nan,0.3170992077882968
-15.823928668543225,exhale,21770.144700068762,21768.61670006845,21768.946700068518,,nan,nan,nan,nan,nan,nan,nan,nan,0.13686076919289514
nan,pause,21770.145700068762,21770.144700068762,nan,,nan,nan,nan,nan,nan,nan,nan,nan,0.08127687231523056
0.6788384675970655,inhale,21770.38070006881,21770.145700068762,21770.28670006879,,nan,nan,nan,nan,nan,nan,nan,nan,0.18306025281205912
nan,pause,21770.38170006881,21770.38070006881,nan,,nan,nan,nan,nan,nan,nan,nan,nan,-0.07752587110475928
-1.479975238063611,exhale,21771.182700068974,21770.38170006881,21771.11670006896,,nan,nan,nan,nan,nan,nan,nan,nan,0.07218666484583701
nan,pause,21771.183700068974,21771.182700068974,nan,,nan,nan,nan,nan,nan,nan,nan,nan,-0.03271897092304704
11.654675002202996,inhale,21772.24470006919,21771.183700068974,21771.786700069097,,nan,nan,nan,nan,nan,nan,nan,nan,0.2724288905172294
nan,pause,21772.24570006919,21772.24470006919,nan,,nan,nan,nan,nan,nan,nan,nan,nan,0.36376143122359933
-10.801734929229871,exhale,21774.16170006958,21772.24570006919,21772.456700069233,,nan,nan,nan,nan,nan,nan,nan,nan,0.1023669272269156
nan,pause,21774.16270006958,21774.16170006958,nan,,nan,nan,nan,nan,nan,nan,nan,nan,0.19004076606028875
8.320808970067123,inhale,21775.29170006981,21774.16270006958,21774.776700069706,,nan,nan,nan,nan,nan,nan,nan,nan,0.26327126132901313
nan,pause,21775.29270006981,21775.29170006981,nan,,nan,nan,nan,nan,nan,nan,nan,nan,0.40195719058771623
-9.46386130109767,exhale,21776.61970007008,21775.29270006981,21775.456700069844,,nan,nan,nan,nan,nan,nan,nan,nan,-0.18206901034902928
nan,pause,21776.62070007008,21776.61970007008,nan,,nan,nan,nan,nan,nan,nan,nan,nan,0.3082252756667412
19.353374847282538,inhale,21777.55370007027,21776.62070007008,21777.116700070183,,nan,nan,nan,nan,nan,nan,nan,nan,0.12450117608139954
nan,pause,21777.55470007027,21777.55370007027,nan,,nan,nan,nan,nan,nan,nan,nan,nan,0.12324407283294891
-12.803091901326066,exhale,21778.87370007054,21777.55470007027,21777.78670007032,,nan,nan,nan,nan,nan,nan,nan,nan,0.024950847567293266
nan,pause,21778.87470007054,21778.87370007054,nan,,nan,nan,nan,nan,nan,nan,nan,nan,0.08968369210926014
23.06301484089921,inhale,21779.75170007072,21778.87470007054,21779.446700070657,,nan,nan,nan,nan,nan,nan,nan,nan,0.3145291469663547
nan,pause,21779.75270007072,21779.75170007072,nan,,nan,nan,nan,nan,nan,nan,nan,nan,0.05880578646454279
-10.735210250354058,exhale,21781.123700071,21779.75270007072,21779.95670007076,,nan,nan,nan,nan,nan,nan,nan,nan,0.0447485811360289
nan,pause,21781.124700071,21781.123700071,nan,,nan,nan,nan,nan,nan,nan,nan,nan,-0.04149643061990277
23.950926490807852,inhale,21781.901700071157,21781.124700071,21781.456700071067,,nan,nan,nan,nan,nan,nan,nan,nan,-0.04253982802374617
nan,pause,21781.902700071158,21781.901700071157,nan,,nan,nan,nan,nan,nan,nan,nan,nan,-0.2359382893905853
-12.779872376961768,exhale,21783.23270007143,21781.902700071158,21782.1167000712,,nan,nan,nan,nan,nan,nan,nan,nan,0.02954367607805629
nan,pause,21783.23370007143,21783.23270007143,nan,,nan,nan,nan,nan,nan,nan,nan,nan,-0.006099968617446466
26.486730306623077,inhale,21783.999700071585,21783.23370007143,21783.616700071507,,nan,nan,nan,nan,nan,nan,nan,nan,0.0321134359249532
nan,pause,21784.000700071585,21783.999700071585,nan,,nan,nan,nan,nan,nan,nan,nan,nan,-0.6122718343678267
-11.222139594152445,exhale,21785.336700071857,21784.000700071585,21784.27670007164,,nan,nan,nan,nan,nan,nan,nan,nan,-0.5626284080322659
nan,pause,21785.337700071857,21785.336700071857,nan,,nan,nan,nan,nan,nan,nan,nan,nan,1.7201407893664349
22.550827162385534,inhale,21786.07870007201,21785.337700071857,21785.776700071947,,nan,nan,nan,nan,nan,nan,nan,nan,0.7984897260294002
nan,pause,21786.07970007201,21786.07870007201,nan,,nan,nan,nan,nan,nan,nan,nan,nan,1.143082100345651
-12.055066472031797,exhale,21787.41070007228,21786.07970007201,21786.28670007205,,nan,nan,nan,nan,nan,nan,nan,nan,0.7637575578479865
nan,pause,21787.41170007228,21787.41070007228,nan,,nan,nan,nan,nan,nan,nan,nan,nan,2.463992537840311
27.696465821130214,inhale,21788.14470007243,21787.41170007228,21787.786700072356,,nan,nan,nan,nan,nan,nan,nan,nan,1.8957073031785001
nan,pause,21788.14570007243,21788.14470007243,nan,,nan,nan,nan,nan,nan,nan,nan,nan,-0.9086911129709789
-8.975400393997107,exhale,21789.66970007274,21788.14570007243,21788.44670007249,,nan,nan,nan,nan,nan,nan,nan,nan,1.9946998438221062
nan,pause,21789.67070007274,21789.66970007274,nan,,nan,nan,nan,nan,nan,nan,nan,nan,3.107000759474116
17.103493137552345,inhale,21790.4527000729,21789.67070007274,21790.11670007283,,nan,nan,nan,nan,nan,nan,nan,nan,2.002673993564555
nan,pause,21790.4537000729,21790.4527000729,nan,,nan,nan,nan,nan,nan,nan,nan,nan,2.3085248607622413
-13.546491036885781,exhale,21792.635700073344,21790.4537000729,21790.616700072933,,nan,nan,nan,nan,nan,nan,nan,nan,0.6902939621516104
nan,pause,21792.636700073344,21792.635700073344,nan,,nan,nan,nan,nan,nan,nan,nan,nan,1.4400978205981527
8.931624678385036,inhale,21793.727700073567,21792.636700073344,21793.44670007351,,nan,nan,nan,nan,nan,nan,nan,nan,0.11830525743924891
nan,pause,21793.728700073567,21793.727700073567,nan,,nan,nan,nan,nan,nan,nan,nan,nan,3.5783480679444475
-14.8750766822576,exhale,21795.07670007384,21793.728700073567,21793.94670007361,,nan,nan,nan,nan,nan,nan,nan,nan,0.04440536223123376
nan,pause,21795.07770007384,21795.07670007384,nan,,nan,nan,nan,nan,nan,nan,nan,nan,0.3208511335674388
8.786845700275224,inhale,21796.05470007404,21795.07770007384,21795.61670007395,,nan,nan,nan,nan,nan,nan,nan,nan,0.5704225486737533
nan,pause,21796.05570007404,21796.05470007404,nan,,nan,nan,nan,nan,nan,nan,nan,nan,2.2436693523870606
-10.357056149978474,exhale,21797.397700074314,21796.05570007404,21796.286700074088,,nan,nan,nan,nan,nan,nan,nan,nan,1.517269760926788
nan,pause,21797.398700074315,21797.397700074314,nan,,nan,nan,nan,nan,nan,nan,nan,nan,0.7504926512065295
12.191329858634276,inhale,21798.35170007451,21797.398700074315,21797.786700074394,,nan,nan,nan,nan,nan,nan,nan,nan,2.115911678124007
nan,pause,21798.35270007451,21798.35170007451,nan,,nan,nan,nan,nan,nan,nan,nan,nan,4.071418280809816
-11.113120847111112,exhale,21799.693700074782,21798.35270007451,21798.616700074563,,nan,nan,nan,nan,nan,nan,nan,nan,-0.942571081811252
nan,pause,21799.694700074782,21799.693700074782,nan,,nan,nan,nan,nan,nan,nan,nan,nan,0.6127827941023369
11.570287711716459,inhale,21800.604700074968,21799.694700074782,21800.11670007487,,nan,nan,nan,nan,nan,nan,nan,nan,2.247609283142029
nan,pause,21800.605700074968,21800.604700074968,nan,,nan,nan,nan,nan,nan,nan,nan,nan,3.6100738624383144
-12.752552457310424,exhale,21801.818700075215,21800.605700074968,21800.786700075005,,nan,nan,nan,nan,nan,nan,nan,nan,0.5911340586316776
nan,pause,21801.819700075215,21801.818700075215,nan,,nan,nan,nan,nan,nan,nan,nan,nan,2.216616344129958
11.887278685460553,inhale,21802.747700075404,21801.819700075215,21802.28670007531,,nan,nan,nan,nan,nan,nan,nan,nan,2.0324864112018926
nan,pause,21802.748700075404,21802.747700075404,nan,,nan,nan,nan,nan,nan,nan,nan,nan,1.7136837523039632
-13.584084239302229,exhale,21803.943700075648,21802.748700075404,21802.956700075447,,nan,nan,nan,nan,nan,nan,nan,nan,2.5935744157328644
nan,pause,21803.944700075648,21803.943700075648,nan,,nan,nan,nan,nan,nan,nan,nan,nan,2.122186419366738
12.10362250244279,inhale,21804.826700075828,21803.944700075648,21804.616700075785,,nan,nan,nan,nan,nan,nan,nan,nan,2.904228854006641
nan,pause,21804.827700075828,21804.826700075828,nan,,nan,nan,nan,nan,nan,nan,nan,nan,1.534276106651887
-11.863060150826543,exhale,21805.86370007604,21804.827700075828,21805.116700075887,,nan,nan,nan,nan,nan,nan,nan,nan,3.004206709183368
nan,pause,21805.86470007604,21805.86370007604,nan,,nan,nan,nan,nan,nan,nan,nan,nan,0.4698943329901659
12.370340298976274,inhale,21806.815700076233,21805.86470007604,21806.616700076193,,nan,nan,nan,nan,nan,nan,nan,nan,0.7501306853835886
nan,pause,21806.816700076233,21806.815700076233,nan,,nan,nan,nan,nan,nan,nan,nan,nan,0.7050058660577183
-10.229642094067039,exhale,21808.096700076494,21806.816700076233,21807.116700076294,,nan,nan,nan,nan,nan,nan,nan,nan,-0.584572435966056
nan,pause,21808.097700076494,21808.096700076494,nan,,nan,nan,nan,nan,nan,nan,nan,nan,0.12600788950604513
14.430173659085174,inhale,21809.021700076682,21808.097700076494,21808.456700076567,,nan,nan,nan,nan,nan,nan,nan,nan,0.4295975764215021
nan,pause,21809.022700076683,21809.021700076682,nan,,nan,nan,nan,nan,nan,nan,nan,nan,0.8785308552882473
-10.64532190335765,exhale,21810.96970007708,21809.022700076683,21809.286700076736,,nan,nan,nan,nan,nan,nan,nan,nan,0.032931144474578546
nan,pause,21810.97070007708,21810.96970007708,nan,,nan,nan,nan,nan,nan,nan,nan,nan,0.15022127592957188
7.67038943497924,inhale,21812.219700077334,21810.97070007708,21812.116700077313,,nan,nan,nan,nan,nan,nan,nan,nan,0.15000656703987675
nan,pause,21812.220700077334,21812.219700077334,nan,,nan,nan,nan,nan,nan,nan,nan,nan,-0.02667534627672008
-9.711373697069266,exhale,21813.760700077648,21812.220700077334,21812.44670007738,,nan,nan,nan,nan,nan,nan,nan,nan,-0.17965987758986973
nan,pause,21813.761700077648,21813.760700077648,nan,,nan,nan,nan,nan,nan,nan,nan,nan,0.14725570114512776
11.380604619877351,inhale,21814.839700077868,21813.761700077648,21814.286700077755,,nan,nan,nan,nan,nan,nan,nan,nan,0.7189502951164373
nan,pause,21814.840700077868,21814.839700077868,nan,,nan,nan,nan,nan,nan,nan,nan,nan,0.11876614439887234
-8.029569919540789,exhale,21816.306700078167,21814.840700077868,21815.116700077924,,nan,nan,nan,nan,nan,nan,nan,nan,-0.07818156394247788
nan,pause,21816.307700078167,21816.306700078167,nan,,nan,nan,nan,nan,nan,nan,nan,nan,3.611753775981741
12.10373884833815,inhale,21817.26270007836,21816.307700078167,21816.61670007823,,nan,nan,nan,nan,nan,nan,nan,nan,0.40881497667311617
nan,pause,21817.26370007836,21817.26270007836,nan,,nan,nan,nan,nan,nan,nan,nan,nan,2.86283261156418
-11.462944501809151,exhale,21818.62870007864,21817.26370007836,21817.616700078433,,nan,nan,nan,nan,nan,nan,nan,nan,3.7348038694100403
nan,pause,21818.62970007864,21818.62870007864,nan,,nan,nan,nan,nan,nan,nan,nan,nan,-1.3406295590168211
9.637063572703395,inhale,21819.56670007883,21818.62970007864,21819.11670007874,,nan,nan,nan,nan,nan,nan,nan,nan,3.7357572935640437
nan,pause,21819.56770007883,21819.56670007883,nan,,nan,nan,nan,nan,nan,nan,nan,nan,4.030134904902732
-7.957135663880132,exhale,21820.918700079106,21819.56770007883,21819.786700078876,,nan,nan,nan,nan,nan,nan,nan,nan,3.26268072755182
nan,pause,21820.919700079106,21820.918700079106,nan,,nan,nan,nan,nan,nan,nan,nan,nan,3.7171571948149307
2.2037796772532356,inhale,21821.23770007917,21820.919700079106,21821.116700079147,,nan,nan,nan,nan,nan,nan,nan,nan,2.620917769577492
nan,pause,21821.798700079285,21821.23770007917,nan,,nan,nan,nan,nan,nan,nan,nan,nan,1.7074451951956595
3.827915244668929,inhale,21822.65570007946,21821.798700079285,21822.286700079385,,nan,nan,nan,nan,nan,nan,nan,nan,3.652806042811128
nan,pause,21822.65670007946,21822.65570007946,nan,,nan,nan,nan,nan,nan,nan,nan,nan,5.053302851035704
-2.612893476009297,exhale,21824.66070007987,21822.65670007946,21823.616700079656,,nan,nan,nan,nan,nan,nan,nan,nan,4.044820901677625
nan,pause,21824.66170007987,21824.66070007987,nan,,nan,nan,nan,nan,nan,nan,nan,nan,6.759795979860871
6.8168618260450735,inhale,21825.983700080138,21824.66170007987,21825.776700080096,,nan,nan,nan,nan,nan,nan,nan,nan,-0.2078272409738574
nan,pause,21825.98470008014,21825.983700080138,nan,,nan,nan,nan,nan,nan,nan,nan,nan,1.9576730203632908
-4.2628684056184145,exhale,21827.303700080407,21825.98470008014,21826.116700080165,,nan,nan,nan,nan,nan,nan,nan,nan,1.805111243380273
nan,pause,21827.304700080407,21827.303700080407,nan,,nan,nan,nan,nan,nan,nan,nan,nan,1.7766000396422381
3.2206443900271924,inhale,21828.49470008065,21827.304700080407,21828.276700080605,,nan,nan,nan,nan,nan,nan,nan,nan,2.0291125941658574
nan,pause,21828.49570008065,21828.49470008065,nan,,nan,nan,nan,nan,nan,nan,nan,nan,1.5375150245848639
-3.262845603418452,exhale,21829.606700080876,21828.49570008065,21828.616700080674,,nan,nan,nan,nan,nan,nan,nan,nan,1.2035646827483726
nan,pause,21829.607700080876,21829.606700080876,nan,,nan,nan,nan,nan,nan,nan,nan,nan,2.0240812403005215
2.06788352155144,inhale,21830.676700081094,21829.607700080876,21829.956700080947,,nan,nan,nan,nan,nan,nan,nan,nan,2.0463571492142956
nan,pause,21830.677700081094,21830.676700081094,nan,,nan,nan,nan,nan,nan,nan,nan,nan,1.1956590458087328
-1.7588671004834309,exhale,21831.74270008131,21830.677700081094,21830.94670008115,,nan,nan,nan,nan,nan,nan,nan,nan,0.39918926609861183
nan,pause,21831.74370008131,21831.74270008131,nan,,nan,nan,nan,nan,nan,nan,nan,nan,3.414847931671596
1.153883793420838,inhale,21832.842700081535,21831.74370008131,21832.116700081388,,nan,nan,nan,nan,nan,nan,nan,nan,0.10690864152497781
nan,pause,21832.843700081536,21832.842700081535,nan,,nan,nan,nan,nan,nan,nan,nan,nan,-0.056331229906312785
-0.7294079755542037,exhale,21833.959700081763,21832.843700081536,21832.95670008156,,nan,nan,nan,nan,nan,nan,nan,nan,-0.5018661272482197
nan,pause,21833.960700081763,21833.959700081763,nan,,nan,nan,nan,nan,nan,nan,nan,nan,0.40546491492989434
1.1019279715373282,inhale,21835.044700081984,21833.960700081763,21834.77670008193,,nan,nan,nan,nan,nan,nan,nan,nan,-0.3313350405082356
nan,pause,21835.045700081984,21835.044700081984,nan,,nan,nan,nan,nan,nan,nan,nan,nan,0.6050055197305411
-0.6960873720941475,exhale,21836.15770008221,21835.045700081984,21835.116700082,,nan,nan,nan,nan,nan,nan,nan,nan,-0.2024485895053596
nan,pause,21836.15870008221,21836.15770008221,nan,,nan,nan,nan,nan,nan,nan,nan,nan,-0.14671991997979839
1.7872245918653695,inhale,21837.101700082403,21836.15870008221,21836.616700082304,,nan,nan,nan,nan,nan,nan,nan,nan,1.36008313857109
nan,pause,21838.0627000826,21837.101700082403,nan,,nan,nan,nan,nan,nan,nan,nan,nan,-0.30175055360863756
2.1665665065614,inhale,21839.09370008281,21838.0627000826,21838.786700082746,,nan,nan,nan,nan,nan,nan,nan,nan,-0.8374823746637665
nan,pause,21839.09470008281,21839.09370008281,nan,,nan,nan,nan,nan,nan,nan,nan,nan,-0.4435880484954655
-0.3127500534738477,exhale,21840.241700083043,21839.09470008281,21839.116700082814,,nan,nan,nan,nan,nan,nan,nan,nan,-0.19953825925530388
nan,pause,21840.242700083043,21840.241700083043,nan,,nan,nan,nan,nan,nan,nan,nan,nan,-0.022004931272446182
2.7872641001809093,inhale,21841.271700083253,21840.242700083043,21841.11670008322,,nan,nan,nan,nan,nan,nan,nan,nan,-0.03013387698625869
nan,pause,21843.16870008364,21841.271700083253,nan,,nan,nan,nan,nan,nan,nan,nan,nan,-0.11991163372589919
1.7872897184277374,inhale,21843.943700083797,21843.16870008364,21843.61670008373,,nan,nan,nan,nan,nan,nan,nan,nan,0.010072071084143541
nan,pause,21845.360700084086,21843.943700083797,nan,,nan,nan,nan,nan,nan,nan,nan,nan,-0.09850113049215103
0.8863216414662388,inhale,21846.25870008427,21845.360700084086,21845.946700084205,,nan,nan,nan,nan,nan,nan,nan,nan,0.015808347385876553
nan,pause,21846.51370008432,21846.25870008427,nan,,nan,nan,nan,nan,nan,nan,nan,nan,-0.11694227339330765
0.7846429621512281,inhale,21846.923700084404,21846.51370008432,21846.786700084376,,nan,nan,nan,nan,nan,nan,nan,nan,-0.05378815621437849
nan,pause,21863.063700087692,21846.923700084404,nan,,nan,nan,nan,nan,nan,nan,nan,nan,-0.08248527544163986
1.036197774304993,inhale,21863.38770008776,21863.063700087692,21863.286700087738,,nan,nan,nan,nan,nan,nan,nan,nan,0.011395785812445047
nan,pause,21863.38870008776,21863.38770008776,nan,,nan,nan,nan,nan,nan,nan,nan,nan,0.2597851697480398
-0.604344009593823,exhale,21864.43570008797,21863.38870008776,21863.456700087772,,nan,nan,nan,nan,nan,nan,nan,nan,0.52171098025772
nan,pause,21869.9677000891,21864.43570008797,nan,,nan,nan,nan,nan,nan,nan,nan,nan,-0.37467276685592044
0.537533769611786,inhale,21870.238700089154,21869.9677000891,21870.11670008913,,nan,nan,nan,nan,nan,nan,nan,nan,-0.10629541260582354
nan,pause,21880.355700091215,21870.238700089154,nan,,nan,nan,nan,nan,nan,nan,nan,nan,-0.05274989360233051
0.35433107304053113,inhale,21880.7707000913,21880.355700091215,21880.61670009127,,nan,nan,nan,nan,nan,nan,nan,nan,-0.11899618974147441
nan,pause,21881.195700091386,21880.7707000913,nan,,nan,nan,nan,nan,nan,nan,nan,nan,-0.17961162447096646
-0.4220317880246468,exhale,21881.583700091465,21881.195700091386,21881.446700091437,,nan,nan,nan,nan,nan,nan,nan,nan,-0.5543526606499918
nan,pause,21889.622700093103,21881.583700091465,nan,,nan,nan,nan,nan,nan,nan,nan,nan,-0.18756538188577054
-0.7987529985105959,exhale,21890.076700093196,21889.622700093103,21889.94670009317,,nan,nan,nan,nan,nan,nan,nan,nan,0.01112180303582777
nan,pause,21890.459700093274,21890.076700093196,nan,,nan,nan,nan,nan,nan,nan,nan,nan,-0.09118280569662107
0.4877227839051885,inhale,21890.721700093327,21890.459700093274,21890.616700093306,,nan,nan,nan,nan,nan,nan,nan,nan,-0.06006078180028207
nan,pause,21900.01270009522,21890.721700093327,nan,,nan,nan,nan,nan,nan,nan,nan,nan,-0.3583908445593158
-0.3954880376120729,exhale,21900.35770009529,21900.01270009522,21900.11670009524,,nan,nan,nan,nan,nan,nan,nan,nan,-0.2050006504354549
nan,pause,21913.247700097916,21900.35770009529,nan,,nan,nan,nan,nan,nan,nan,nan,nan,-0.13511195452144764
-0.3120632898338189,exhale,21913.695700098007,21913.247700097916,21913.61670009799,,nan,nan,nan,nan,nan,nan,nan,nan,-0.0563072311021684
nan,pause,21913.696700098008,21913.695700098007,nan,,nan,nan,nan,nan,nan,nan,nan,nan,-0.43066046555636395
0.3335195728495191,inhale,21914.10070009809,21913.696700098008,21913.786700098026,,nan,nan,nan,nan,nan,nan,nan,nan,0.035750983982746565
nan,pause,21914.1417000981,21914.10070009809,nan,,nan,nan,nan,nan,nan,nan,nan,nan,-0.13773979628399435
0.46342470496310234,inhale,21914.59670009819,21914.1417000981,21914.44670009816,,nan,nan,nan,nan,nan,nan,nan,nan,-0.1622007647101309
nan,pause,21914.59770009819,21914.59670009819,nan,,nan,nan,nan,nan,nan,nan,nan,nan,-0.2392564632996923
-0.6413161893104308,exhale,21914.89170009825,21914.59770009819,21914.78670009823,,nan,nan,nan,nan,nan,nan,nan,nan,-0.14501898602249574
nan,pause,21914.89270009825,21914.89170009825,nan,,nan,nan,nan,nan,nan,nan,nan,nan,-0.09861684285592465
0.3379000106367998,inhale,21915.09170009829,21914.89270009825,21914.956700098264,,nan,nan,nan,nan,nan,nan,nan,nan,-0.04730293553630038
nan,pause,21915.944700098466,21915.09170009829,nan,,nan,nan,nan,nan,nan,nan,nan,nan,-0.08282780935919853
0.6213578915692811,inhale,21916.25770009853,21915.944700098466,21916.1167000985,,nan,nan,nan,nan,nan,nan,nan,nan,-0.2477478153432704
nan,pause,21916.789700098638,21916.25770009853,nan,,nan,nan,nan,nan,nan,nan,nan,nan,-0.17950754043426564
-1.8890395762499972,exhale,21917.1007000987,21916.789700098638,21916.94670009867,,nan,nan,nan,nan,nan,nan,nan,nan,0.11065592693605741
nan,pause,21917.510700098785,21917.1007000987,nan,,nan,nan,nan,nan,nan,nan,nan,nan,-0.29548591557864
0.3465157400583697,inhale,21917.93070009887,21917.510700098785,21917.78670009884,,nan,nan,nan,nan,nan,nan,nan,nan,0.23353636259609334
nan,pause,21918.294700098944,21917.93070009887,nan,,nan,nan,nan,nan,nan,nan,nan,nan,0.2449187636891127
-0.3054193749561105,exhale,21918.774700099042,21918.294700098944,21918.446700098975,,nan,nan,nan,nan,nan,nan,nan,nan,0.1016049819738154
nan,pause,21931.637700101663,21918.774700099042,nan,,nan,nan,nan,nan,nan,nan,nan,nan,0.2164360115757078
-0.502036860315528,exhale,21931.996700101736,21931.637700101663,21931.786700101693,,nan,nan,nan,nan,nan,nan,nan,nan,0.26853272529020455
nan,pause,21932.429700101824,21931.996700101736,nan,,nan,nan,nan,nan,nan,nan,nan,nan,0.10899701144993512
0.5881105094002332,inhale,21932.911700101922,21932.429700101824,21932.616700101862,,nan,nan,nan,nan,nan,nan,nan,nan,-0.1911567511861223
nan,pause,21933.176700101976,21932.911700101922,nan,,nan,nan,nan,nan,nan,nan,nan,nan,0.6587148090295529
0.3155795388746511,inhale,21933.553700102053,21933.176700101976,21933.44670010203,,nan,nan,nan,nan,nan,nan,nan,nan,0.5172085439527333
nan,pause,21941.818700103737,21933.553700102053,nan,,nan,nan,nan,nan,nan,nan,nan,nan,0.33498111910453293
0.38819804150501347,inhale,21942.241700103823,21941.818700103737,21942.116700103797,,nan,nan,nan,nan,nan,nan,nan,nan,0.5158077721321308
nan,pause,21942.6237001039,21942.241700103823,nan,,nan,nan,nan,nan,nan,nan,nan,nan,0.9049067694101707
0.6362073889530515,inhale,21942.901700103957,21942.6237001039,21942.786700103934,,nan,nan,nan,nan,nan,nan,nan,nan,0.97209041856713
nan,pause,21951.322700105673,21942.901700103957,nan,,nan,nan,nan,nan,nan,nan,nan,nan,1.353235448190194
2.4280652491348165,inhale,21952.600700105933,21951.322700105673,21952.446700105902,,nan,nan,nan,nan,nan,nan,nan,nan,0.5357700952231075
nan,pause,21952.601700105934,21952.600700105933,nan,,nan,nan,nan,nan,nan,nan,nan,nan,1.8818869526547553
-3.2126668764358133,exhale,21954.276700106275,21952.601700105934,21952.78670010597,,nan,nan,nan,nan,nan,nan,nan,nan,1.4677525217784178
nan,pause,21954.277700106275,21954.276700106275,nan,,nan,nan,nan,nan,nan,nan,nan,nan,1.741014201317233
1.0957776379670514,inhale,21955.23870010647,21954.277700106275,21954.94670010641,,nan,nan,nan,nan,nan,nan,nan,nan,1.4259177045741533
nan,pause,21955.23970010647,21955.23870010647,nan,,nan,nan,nan,nan,nan,nan,nan,nan,1.3214316858251625
-0.8965001534061845,exhale,21955.756700106576,21955.23970010647,21955.446700106513,,nan,nan,nan,nan,nan,nan,nan,nan,1.3245974156464322
nan,pause,21955.949700106616,21955.756700106576,nan,,nan,nan,nan,nan,nan,nan,nan,nan,1.128171445865453
-0.5449714138495756,exhale,21956.496700106727,21955.949700106616,21956.11670010665,,nan,nan,nan,nan,nan,nan,nan,nan,2.1445334584191826
nan,pause,21956.66270010676,21956.496700106727,nan,,nan,nan,nan,nan,nan,nan,nan,nan,2.106336651316143
-0.39738839478929244,exhale,21956.880700106805,21956.66270010676,21956.786700106786,,nan,nan,nan,nan,nan,nan,nan,nan,1.6863576805072364
nan,pause,21956.881700106806,21956.880700106805,nan,,nan,nan,nan,nan,nan,nan,nan,nan,1.3876844898575782
2.055039598960187,inhale,21958.009700107035,21956.881700106806,21957.616700106955,,nan,nan,nan,nan,nan,nan,nan,nan,0.5747161072920663
nan,pause,21959.478700107335,21958.009700107035,nan,,nan,nan,nan,nan,nan,nan,nan,nan,1.6708198423375382
-1.8576761856546589,exhale,21960.116700107465,21959.478700107335,21959.94670010743,,nan,nan,nan,nan,nan,nan,nan,nan,0.8690814909728575
nan,pause,21960.117700107465,21960.116700107465,nan,,nan,nan,nan,nan,nan,nan,nan,nan,1.7942258759178467
9.222478519340362,inhale,21961.08170010766,21960.117700107465,21960.7867001076,,nan,nan,nan,nan,nan,nan,nan,nan,1.2612263337172354
nan,pause,21961.08270010766,21961.08170010766,nan,,nan,nan,nan,nan,nan,nan,nan,nan,1.665691242991561
-3.6581685435342566,exhale,21962.623700107975,21961.08270010766,21961.286700107703,,nan,nan,nan,nan,nan,nan,nan,nan,0.549892885836341
nan,pause,21962.624700107976,21962.623700107975,nan,,nan,nan,nan,nan,nan,nan,nan,nan,1.3235890715273189
13.395042760901848,inhale,21963.458700108145,21962.624700107976,21962.956700108043,,nan,nan,nan,nan,nan,nan,nan,nan,1.2837544306924151
nan,pause,21963.459700108146,21963.458700108145,nan,,nan,nan,nan,nan,nan,nan,nan,nan,0.8684441830995504
-5.428199709632064,exhale,21964.978700108455,21963.459700108146,21963.616700108178,,nan,nan,nan,nan,nan,nan,nan,nan,1.6025565022917243
nan,pause,21964.979700108455,21964.978700108455,nan,,nan,nan,nan,nan,nan,nan,nan,nan,1.2939982173294913
20.556584841088476,inhale,21965.799700108622,21964.979700108455,21965.44670010855,,nan,nan,nan,nan,nan,nan,nan,nan,0.9298842967645289
nan,pause,21965.800700108623,21965.799700108622,nan,,nan,nan,nan,nan,nan,nan,nan,nan,0.8194577837597774
-5.111578836184389,exhale,21967.40070010895,21965.800700108623,21966.116700108687,,nan,nan,nan,nan,nan,nan,nan,nan,1.6683297230616174
nan,pause,21967.40170010895,21967.40070010895,nan,,nan,nan,nan,nan,nan,nan,nan,nan,0.8477041899891187
20.806212068632007,inhale,21968.19570010911,21967.40170010895,21967.786700109027,,nan,nan,nan,nan,nan,nan,nan,nan,0.5104109471466671
nan,pause,21968.19670010911,21968.19570010911,nan,,nan,nan,nan,nan,nan,nan,nan,nan,0.5762141320372063
-11.701551622610241,exhale,21969.699700109417,21968.19670010911,21968.456700109164,,nan,nan,nan,nan,nan,nan,nan,nan,0.5727830501079427
nan,pause,21969.700700109417,21969.699700109417,nan,,nan,nan,nan,nan,nan,nan,nan,nan,0.5369259812398689
19.288447551421417,inhale,21970.523700109585,21969.700700109417,21970.116700109502,,nan,nan,nan,nan,nan,nan,nan,nan,0.5870941892606418
nan,pause,21970.524700109585,21970.523700109585,nan,,nan,nan,nan,nan,nan,nan,nan,nan,0.6431996166967273
-5.427499784923509,exhale,21972.333700109953,21970.524700109585,21970.78670010964,,nan,nan,nan,nan,nan,nan,nan,nan,0.2384987392308907
nan,pause,21972.334700109954,21972.333700109953,nan,,nan,nan,nan,nan,nan,nan,nan,nan,0.23490378245231103
13.023226244384146,inhale,21973.20070011013,21972.334700109954,21972.786700110046,,nan,nan,nan,nan,nan,nan,nan,nan,0.24802214889828655
nan,pause,21973.20170011013,21973.20070011013,nan,,nan,nan,nan,nan,nan,nan,nan,nan,0.28759330419678664
-10.493392082876118,exhale,21974.81370011046,21973.20170011013,21973.44670011018,,nan,nan,nan,nan,nan,nan,nan,nan,0.37094302025729187
nan,pause,21974.81470011046,21974.81370011046,nan,,nan,nan,nan,nan,nan,nan,nan,nan,0.4455935612249261
12.981761832944876,inhale,21975.871700110674,21974.81470011046,21975.45670011059,,nan,nan,nan,nan,nan,nan,nan,nan,0.6831620786883523
nan,pause,21975.872700110674,21975.871700110674,nan,,nan,nan,nan,nan,nan,nan,nan,nan,0.3871308795892683
-9.11148158588684,exhale,21977.61670011103,21975.872700110674,21976.116700110724,,nan,nan,nan,nan,nan,nan,nan,nan,0.5916994152192425
nan,pause,21977.61770011103,21977.61670011103,nan,,nan,nan,nan,nan,nan,nan,nan,nan,0.570508639123056
14.76723876697334,inhale,21978.571700111224,21977.61770011103,21977.9567001111,,nan,nan,nan,nan,nan,nan,nan,nan,0.42043773320865685
nan,pause,21978.572700111225,21978.571700111224,nan,,nan,nan,nan,nan,nan,nan,nan,nan,0.014461385839795504
-9.794154357509722,exhale,21980.004700111516,21978.572700111225,21978.786700111268,,nan,nan,nan,nan,nan,nan,nan,nan,0.16154320118428944
nan,pause,21980.005700111516,21980.004700111516,nan,,nan,nan,nan,nan,nan,nan,nan,nan,0.004802058626307559
14.555247607204716,inhale,21980.931700111705,21980.005700111516,21980.61670011164,,nan,nan,nan,nan,nan,nan,nan,nan,0.2981501362478838
nan,pause,21980.932700111705,21980.931700111705,nan,,nan,nan,nan,nan,nan,nan,nan,nan,0.20736854094343515
-11.756327142839298,exhale,21982.207700111965,21980.932700111705,21981.286700111777,,nan,nan,nan,nan,nan,nan,nan,nan,0.5001097993207324
nan,pause,21982.208700111965,21982.207700111965,nan,,nan,nan,nan,nan,nan,nan,nan,nan,0.5095801781894946
1.2195330390418315,inhale,21982.634700112052,21982.208700111965,21982.28670011198,,nan,nan,nan,nan,nan,nan,nan,nan,0.10492733466509052
nan,pause,21982.635700112052,21982.634700112052,nan,,nan,nan,nan,nan,nan,nan,nan,nan,0.3347118217760432
-1.3226726829473576,exhale,21982.902700112107,21982.635700112052,21982.786700112083,,nan,nan,nan,nan,nan,nan,nan,nan,0.21002098374200395
nan,pause,21982.903700112107,21982.902700112107,nan,,nan,nan,nan,nan,nan,nan,nan,nan,0.15635583155614574
0.5567892930358931,inhale,21983.379700112204,21982.903700112107,21983.276700112183,,nan,nan,nan,nan,nan,nan,nan,nan,-0.10365324522061803
nan,pause,21983.380700112204,21983.379700112204,nan,,nan,nan,nan,nan,nan,nan,nan,nan,0.044987990452044935
-0.4240558879885936,exhale,21984.09670011235,21983.380700112204,21983.94670011232,,nan,nan,nan,nan,nan,nan,nan,nan,-0.02470134706292737
nan,pause,21984.53470011244,21984.09670011235,nan,,nan,nan,nan,nan,nan,nan,nan,nan,-0.035977239697348784
0.4043035514027935,inhale,21985.105700112555,21984.53470011244,21984.946700112523,,nan,nan,nan,nan,nan,nan,nan,nan,-0.20151075233814275
nan,pause,21985.106700112556,21985.105700112555,nan,,nan,nan,nan,nan,nan,nan,nan,nan,-0.4853690265072126
-0.35710696721258534,exhale,21986.867700112914,21985.106700112556,21985.946700112727,,nan,nan,nan,nan,nan,nan,nan,nan,-0.40086838654583123
nan,pause,21986.868700112915,21986.867700112914,nan,,nan,nan,nan,nan,nan,nan,nan,nan,-0.9396409014964904
0.4720132258655471,inhale,21987.53770011305,21986.868700112915,21987.116700112965,,nan,nan,nan,nan,nan,nan,nan,nan,-0.1394014251854474
nan,pause,21987.53870011305,21987.53770011305,nan,,nan,nan,nan,nan,nan,nan,nan,nan,-0.2417933108092143
-0.3586976820021632,exhale,21988.2637001132,21987.53870011305,21987.956700113136,,nan,nan,nan,nan,nan,nan,nan,nan,-0.16916643967989087
nan,pause,21988.2647001132,21988.2637001132,nan,,nan,nan,nan,nan,nan,nan,nan,nan,-0.154777579732444
0.41443579592556284,inhale,21988.629700113273,21988.2647001132,21988.446700113236,,nan,nan,nan,nan,nan,nan,nan,nan,0.1789742311154392
nan,pause,21989.30170011341,21988.629700113273,nan,,nan,nan,nan,nan,nan,nan,nan,nan,0.1506293412593951
0.5104851719244241,inhale,21989.523700113456,21989.30170011341,21989.44670011344,,nan,nan,nan,nan,nan,nan,nan,nan,0.38902441726307246
nan,pause,21989.524700113456,21989.523700113456,nan,,nan,nan,nan,nan,nan,nan,nan,nan,-0.0645863781698317
-0.6446616251923135,exhale,21989.7507001135,21989.524700113456,21989.616700113475,,nan,nan,nan,nan,nan,nan,nan,nan,0.4225668850196086
nan,pause,21990.47270011365,21989.7507001135,nan,,nan,nan,nan,nan,nan,nan,nan,nan,0.05942330340659363
0.4723302854104134,inhale,21990.884700113733,21990.47270011365,21990.786700113713,,nan,nan,nan,nan,nan,nan,nan,nan,0.03861107942318709
nan,pause,21991.182700113794,21990.884700113733,nan,,nan,nan,nan,nan,nan,nan,nan,nan,0.1660264178945099
-0.6279444475814384,exhale,21991.913700113942,21991.182700113794,21991.616700113882,,nan,nan,nan,nan,nan,nan,nan,nan,0.1462814743961669
nan,pause,21992.49570011406,21991.913700113942,nan,,nan,nan,nan,nan,nan,nan,nan,nan,0.22990322326756352
3.472050896042657,inhale,21992.6807001141,21992.49570011406,21992.616700114086,,nan,nan,nan,nan,nan,nan,nan,nan,0.21392116195617206
nan,pause,21992.6817001141,21992.6807001141,nan,,nan,nan,nan,nan,nan,nan,nan,nan,0.2104182879530878
-5.38895435534115,exhale,21992.93570011415,21992.6817001141,21992.78670011412,,nan,nan,nan,nan,nan,nan,nan,nan,-0.0320693699118757
nan,pause,21993.344700114234,21992.93570011415,nan,,nan,nan,nan,nan,nan,nan,nan,nan,0.08573631250366964
-0.6059661097761795,exhale,21993.77570011432,21993.344700114234,21993.456700114257,,nan,nan,nan,nan,nan,nan,nan,nan,0.1556688071062059
nan,pause,21994.319700114433,21993.77570011432,nan,,nan,nan,nan,nan,nan,nan,nan,nan,0.18499793417514554
1.2237054000607082,inhale,21994.533700114476,21994.319700114433,21994.44670011446,,nan,nan,nan,nan,nan,nan,nan,nan,0.04591437097965323
nan,pause,21994.534700114476,21994.533700114476,nan,,nan,nan,nan,nan,nan,nan,nan,nan,0.20518339397067975
-1.227914850614801,exhale,21995.370700114647,21994.534700114476,21994.616700114493,,nan,nan,nan,nan,nan,nan,nan,nan,-0.43575904622868256
nan,pause,21995.6307001147,21995.370700114647,nan,,nan,nan,nan,nan,nan,nan,nan,nan,-0.29740116696163055
-0.42110813130546915,exhale,21996.035700114782,21995.6307001147,21995.78670011473,,nan,nan,nan,nan,nan,nan,nan,nan,-0.3954385632487747
nan,pause,21996.477700114872,21996.035700114782,nan,,nan,nan,nan,nan,nan,nan,nan,nan,1.4130005639183647
-0.5445982120599968,exhale,21996.86070011495,21996.477700114872,21996.6167001149,,nan,nan,nan,nan,nan,nan,nan,nan,1.2867518568402092
nan,pause,21996.86170011495,21996.86070011495,nan,,nan,nan,nan,nan,nan,nan,nan,nan,1.7931378315117819
1.4931455494474875,inhale,21997.30970011504,21996.86170011495,21997.276700115035,,nan,nan,nan,nan,nan,nan,nan,nan,3.8265366566200307
nan,pause,21997.310700115042,21997.30970011504,nan,,nan,nan,nan,nan,nan,nan,nan,nan,1.0326942450690946
-7.7242126306017855,exhale,21997.803700115142,21997.310700115042,21997.44670011507,,nan,nan,nan,nan,nan,nan,nan,nan,2.2955781925814507
nan,pause,21997.804700115143,21997.803700115142,nan,,nan,nan,nan,nan,nan,nan,nan,nan,1.46195799710393
10.920031803439032,inhale,21998.196700115222,21997.804700115143,21997.94670011517,,nan,nan,nan,nan,nan,nan,nan,nan,1.5904559708057686
nan,pause,21998.197700115223,21998.196700115222,nan,,nan,nan,nan,nan,nan,nan,nan,nan,2.0269893634415492
-12.93523881819023,exhale,21998.588700115302,21998.197700115223,21998.446700115273,,nan,nan,nan,nan,nan,nan,nan,nan,2.0104738762082253
nan,pause,21998.589700115303,21998.588700115302,nan,,nan,nan,nan,nan,nan,nan,nan,nan,1.987491928398419
2.588710190579579,inhale,21998.839700115353,21998.589700115303,21998.616700115308,,nan,nan,nan,nan,nan,nan,nan,nan,2.025448770555718
nan,pause,21999.330700115454,21998.839700115353,nan,,nan,nan,nan,nan,nan,nan,nan,nan,2.4637366820682933
0.9940810419063839,inhale,21999.572700115503,21999.330700115454,21999.446700115477,,nan,nan,nan,nan,nan,nan,nan,nan,1.9023647037249423
nan,pause,22000.423700115676,21999.572700115503,nan,,nan,nan,nan,nan,nan,nan,nan,nan,1.387980792187511
0.8054467373131519,inhale,22001.881700115973,22000.423700115676,22001.61670011592,,nan,nan,nan,nan,nan,nan,nan,nan,1.644073097764108
nan,pause,22001.882700115973,22001.881700115973,nan,,nan,nan,nan,nan,nan,nan,nan,nan,1.4150572985957481
-0.6612474279583318,exhale,22002.332700116065,22001.882700115973,22002.11670011602,,nan,nan,nan,nan,nan,nan,nan,nan,1.7165192803166125
nan,pause,22002.333700116065,22002.332700116065,nan,,nan,nan,nan,nan,nan,nan,nan,nan,1.7991953995698857
0.8636801772275449,inhale,22002.563700116112,22002.333700116065,22002.44670011609,,nan,nan,nan,nan,nan,nan,nan,nan,1.4257152254554057
nan,pause,22006.72870011696,22002.563700116112,nan,,nan,nan,nan,nan,nan,nan,nan,nan,1.8658339973583633
0.3161677915871145,inhale,22007.353700117088,22006.72870011696,22006.956700117007,,nan,nan,nan,nan,nan,nan,nan,nan,1.8120543802812836
nan,pause,22007.527700117123,22007.353700117088,nan,,nan,nan,nan,nan,nan,nan,nan,nan,1.4937507778426027
0.32220223719837643,inhale,22008.040700117228,22007.527700117123,22007.61670011714,,nan,nan,nan,nan,nan,nan,nan,nan,1.4685621081240967
nan,pause,22008.30170011728,22008.040700117228,nan,,nan,nan,nan,nan,nan,nan,nan,nan,1.5265911063328548
0.7550525365936683,inhale,22008.68070011736,22008.30170011728,22008.44670011731,,nan,nan,nan,nan,nan,nan,nan,nan,1.0068675047456237
nan,pause,22008.68170011736,22008.68070011736,nan,,nan,nan,nan,nan,nan,nan,nan,nan,1.8396495375442772
-0.47778268319897216,exhale,22009.27070011748,22008.68170011736,22009.116700117447,,nan,nan,nan,nan,nan,nan,nan,nan,1.134929852882066
nan,pause,22009.641700117554,22009.27070011748,nan,,nan,nan,nan,nan,nan,nan,nan,nan,0.85796954437083
1.9967131977320485,inhale,22009.901700117607,22009.641700117554,22009.786700117584,,nan,nan,nan,nan,nan,nan,nan,nan,0.6748669570974763
nan,pause,22010.30770011769,22009.901700117607,nan,,nan,nan,nan,nan,nan,nan,nan,nan,0.3414107671913271
2.5615167083376686,inhale,22010.563700117742,22010.30770011769,22010.446700117718,,nan,nan,nan,nan,nan,nan,nan,nan,0.2532265244333973
nan,pause,22010.564700117742,22010.563700117742,nan,,nan,nan,nan,nan,nan,nan,nan,nan,-0.32969827421625225
-1.1944656071615076,exhale,22010.75370011778,22010.564700117742,22010.616700117753,,nan,nan,nan,nan,nan,nan,nan,nan,0.6988403841924492
nan,pause,22012.406700118117,22010.75370011778,nan,,nan,nan,nan,nan,nan,nan,nan,nan,0.5513544810144491
-0.5257683693249927,exhale,22012.86070011821,22012.406700118117,22012.776700118193,,nan,nan,nan,nan,nan,nan,nan,nan,0.7642779265095796
nan,pause,22013.312700118302,22012.86070011821,nan,,nan,nan,nan,nan,nan,nan,nan,nan,0.4362765234418343
1.3719011827554048,inhale,22013.55670011835,22013.312700118302,22013.44670011833,,nan,nan,nan,nan,nan,nan,nan,nan,0.22981681613929994
nan,pause,22013.557700118352,22013.55670011835,nan,,nan,nan,nan,nan,nan,nan,nan,nan,0.7995544990281525
-0.7777394867848535,exhale,22013.754700118392,22013.557700118352,22013.616700118364,,nan,nan,nan,nan,nan,nan,nan,nan,-0.011018956223755039
nan,pause,22013.999700118442,22013.754700118392,nan,,nan,nan,nan,nan,nan,nan,nan,nan,0.1591421285818697
0.6222604512633435,inhale,22014.19070011848,22013.999700118442,22014.116700118466,,nan,nan,nan,nan,nan,nan,nan,nan,0.12788470911028504
nan,pause,22014.19170011848,22014.19070011848,nan,,nan,nan,nan,nan,nan,nan,nan,nan,-0.021781689127867265
-0.7617590284020826,exhale,22014.453700118534,22014.19170011848,22014.2867001185,,nan,nan,nan,nan,nan,nan,nan,nan,0.2846445462898435
nan,pause,22014.789700118603,22014.453700118534,nan,,nan,nan,nan,nan,nan,nan,nan,nan,0.25287386417115054
-0.6148615525040716,exhale,22015.11070011867,22014.789700118603,22014.946700118635,,nan,nan,nan,nan,nan,nan,nan,nan,0.10199261106065127
nan,pause,22015.50770011875,22015.11070011867,nan,,nan,nan,nan,nan,nan,nan,nan,nan,0.019377625533218312
0.43887510028868315,inhale,22015.70270011879,22015.50770011875,22015.61670011877,,nan,nan,nan,nan,nan,nan,nan,nan,0.14778239105514412
nan,pause,22016.357700118922,22015.70270011879,nan,,nan,nan,nan,nan,nan,nan,nan,nan,0.7440601092796715
-0.6376883207179402,exhale,22016.58970011897,22016.357700118922,22016.44670011894,,nan,nan,nan,nan,nan,nan,nan,nan,0.29620986366575675
nan,pause,22016.59070011897,22016.58970011897,nan,,nan,nan,nan,nan,nan,nan,nan,nan,0.500948984579207
1.0950904727997617,inhale,22016.922700119037,22016.59070011897,22016.78670011901,,nan,nan,nan,nan,nan,nan,nan,nan,0.10540790933252808
nan,pause,22016.923700119038,22016.922700119037,nan,,nan,nan,nan,nan,nan,nan,nan,nan,0.24667089224326955
-0.5151655800459904,exhale,22017.42570011914,22016.923700119038,22017.27670011911,,nan,nan,nan,nan,nan,nan,nan,nan,0.0971342214769596
nan,pause,22017.42670011914,22017.42570011914,nan,,nan,nan,nan,nan,nan,nan,nan,nan,0.06883749768806036
0.3055944098427069,inhale,22017.754700119207,22017.42670011914,22017.61670011918,,nan,nan,nan,nan,nan,nan,nan,nan,0.045106931860597554
nan,pause,22022.157700120104,22017.754700119207,nan,,nan,nan,nan,nan,nan,nan,nan,nan,0.1920908331013288
1.1563034414466042,inhale,22022.406700120155,22022.157700120104,22022.28670012013,,nan,nan,nan,nan,nan,nan,nan,nan,0.14032133256435775
nan,pause,22022.407700120155,22022.406700120155,nan,,nan,nan,nan,nan,nan,nan,nan,nan,0.0937327071219417
-0.4103891466455585,exhale,22022.73170012022,22022.407700120155,22022.456700120165,,nan,nan,nan,nan,nan,nan,nan,nan,0.06889924729082342
nan,pause,22023.37170012035,22022.73170012022,nan,,nan,nan,nan,nan,nan,nan,nan,nan,-0.12322750501687474
-0.3618138563996292,exhale,22023.575700120393,22023.37170012035,22023.446700120367,,nan,nan,nan,nan,nan,nan,nan,nan,-0.02654230369838828
nan,pause,22023.576700120393,22023.575700120393,nan,,nan,nan,nan,nan,nan,nan,nan,nan,-0.0832787240188324
0.5386553782583793,inhale,22023.893700120458,22023.576700120393,22023.786700120436,,nan,nan,nan,nan,nan,nan,nan,nan,0.09097665043692404
nan,pause,22024.802700120643,22023.893700120458,nan,,nan,nan,nan,nan,nan,nan,nan,nan,0.0373579969779525
-0.3041085638485683,exhale,22025.239700120732,22024.802700120643,22024.946700120672,,nan,nan,nan,nan,nan,nan,nan,nan,0.04929462077544111
nan,pause,22026.12270012091,22025.239700120732,nan,,nan,nan,nan,nan,nan,nan,nan,nan,-0.14166405456547226
0.33217675444131467,inhale,22026.75470012104,22026.12270012091,22026.286700120945,,nan,nan,nan,nan,nan,nan,nan,nan,0.02786407899683252
nan,pause,22027.130700121117,22026.75470012104,nan,,nan,nan,nan,nan,nan,nan,nan,nan,0.001966930193608274
-0.45705406515655134,exhale,22027.513700121195,22027.130700121117,22027.44670012118,,nan,nan,nan,nan,nan,nan,nan,nan,0.08040727243019052
nan,pause,22027.514700121195,22027.513700121195,nan,,nan,nan,nan,nan,nan,nan,nan,nan,-0.15538105291216708
0.7389855189168574,inhale,22027.773700121248,22027.514700121195,22027.616700121216,,nan,nan,nan,nan,nan,nan,nan,nan,-0.3377966976889626
nan,pause,22029.047700121508,22027.773700121248,nan,,nan,nan,nan,nan,nan,nan,nan,nan,0.13867415961387886
-0.5942935087894533,exhale,22030.19570012174,22029.047700121508,22029.616700121624,,nan,nan,nan,nan,nan,nan,nan,nan,0.18512151092407336
nan,pause,22031.680700122044,22030.19570012174,nan,,nan,nan,nan,nan,nan,nan,nan,nan,-0.09589524828174678
0.7349884017163348,inhale,22031.90670012209,22031.680700122044,22031.786700122066,,nan,nan,nan,nan,nan,nan,nan,nan,0.024037390242292123
nan,pause,22031.90770012209,22031.90670012209,nan,,nan,nan,nan,nan,nan,nan,nan,nan,0.1651907680244893
-1.0109698642207587,exhale,22032.30270012217,22031.90770012209,22032.116700122133,,nan,nan,nan,nan,nan,nan,nan,nan,0.11868477506301711
nan,pause,22032.30370012217,22032.30270012217,nan,,nan,nan,nan,nan,nan,nan,nan,nan,0.1449234365977825
3.9724265621113757,inhale,22032.771700122266,22032.30370012217,22032.616700122235,,nan,nan,nan,nan,nan,nan,nan,nan,0.04900602972426038
nan,pause,22032.772700122267,22032.771700122266,nan,,nan,nan,nan,nan,nan,nan,nan,nan,0.04090334748617086
-3.65959389991222,exhale,22033.105700122334,22032.772700122267,22032.946700122302,,nan,nan,nan,nan,nan,nan,nan,nan,0.018975324210148914
nan,pause,22033.352700122385,22033.105700122334,nan,,nan,nan,nan,nan,nan,nan,nan,nan,0.1494426118199073
-0.3876516093992635,exhale,22033.848700122486,22033.352700122385,22033.77670012247,,nan,nan,nan,nan,nan,nan,nan,nan,-0.02134846755477593
nan,pause,22034.732700122666,22033.848700122486,nan,,nan,nan,nan,nan,nan,nan,nan,nan,0.11911816911543083
-0.40929312018661906,exhale,22035.00670012272,22034.732700122666,22034.94670012271,,nan,nan,nan,nan,nan,nan,nan,nan,-0.4689619026247418
nan,pause,22036.294700122984,22035.00670012272,nan,,nan,nan,nan,nan,nan,nan,nan,nan,0.3640390779232816
2.5993470088274924,inhale,22036.604700123047,22036.294700122984,22036.446700123015,,nan,nan,nan,nan,nan,nan,nan,nan,0.8579555696104944
nan,pause,22037.227700123174,22036.604700123047,nan,,nan,nan,nan,nan,nan,nan,nan,nan,-0.7360077009809061
0.8890776586013237,inhale,22037.764700123284,22037.227700123174,22037.616700123253,,nan,nan,nan,nan,nan,nan,nan,nan,0.013782899248049207
nan,pause,22037.765700123284,22037.764700123284,nan,,nan,nan,nan,nan,nan,nan,nan,nan,0.010176611403271946
-0.6506792754159901,exhale,22039.22470012358,22037.765700123284,22038.946700123524,,nan,nan,nan,nan,nan,nan,nan,nan,0.09823144060345329
nan,pause,22040.14470012377,22039.22470012358,nan,,nan,nan,nan,nan,nan,nan,nan,nan,-0.34323935706406883
-0.9418576865500445,exhale,22040.459700123833,22040.14470012377,22040.286700123797,,nan,nan,nan,nan,nan,nan,nan,nan,0.09439118820741565
nan,pause,22040.460700123833,22040.459700123833,nan,,nan,nan,nan,nan,nan,nan,nan,nan,1.9617257922754434
0.4225064721420426,inhale,22041.57070012406,22040.460700123833,22040.616700123865,,nan,nan,nan,nan,nan,nan,nan,nan,2.604842938647704
nan,pause,22041.894700124125,22041.57070012406,nan,,nan,nan,nan,nan,nan,nan,nan,nan,3.042780781432909
-0.31087346951137135,exhale,22042.70270012429,22041.894700124125,22042.616700124272,,nan,nan,nan,nan,nan,nan,nan,nan,1.0410278148797185
nan,pause,22042.70370012429,22042.70270012429,nan,,nan,nan,nan,nan,nan,nan,nan,nan,0.4145216217889498
1.2630126099003511,inhale,22043.571700124467,22042.70370012429,22043.28670012441,,nan,nan,nan,nan,nan,nan,nan,nan,2.8158213963547998
nan,pause,22044.443700124644,22043.571700124467,nan,,nan,nan,nan,nan,nan,nan,nan,nan,2.2675687650101626
2.0558495790171114,inhale,22045.762700124913,22044.443700124644,22045.616700124883,,nan,nan,nan,nan,nan,nan,nan,nan,2.511628525660543
nan,pause,22045.763700124913,22045.762700124913,nan,,nan,nan,nan,nan,nan,nan,nan,nan,2.120153399064735
-0.4408434558399155,exhale,22047.190700125204,22045.763700124913,22045.94670012495,,nan,nan,nan,nan,nan,nan,nan,nan,2.4765067990069234
nan,pause,22047.191700125204,22047.190700125204,nan,,nan,nan,nan,nan,nan,nan,nan,nan,0.5839227623256109
1.0891709103767544,inhale,22047.939700125356,22047.191700125204,22047.61670012529,,nan,nan,nan,nan,nan,nan,nan,nan,1.2117440176743215
nan,pause,22048.48870012547,22047.939700125356,nan,,nan,nan,nan,nan,nan,nan,nan,nan,3.369552893402979
0.6569443268323087,inhale,22048.928700125558,22048.48870012547,22048.78670012553,,nan,nan,nan,nan,nan,nan,nan,nan,2.8954660760089492
nan,pause,22049.57970012569,22048.928700125558,nan,,nan,nan,nan,nan,nan,nan,nan,nan,1.778999288474679
2.206939658731541,inhale,22049.939700125764,22049.57970012569,22049.786700125733,,nan,nan,nan,nan,nan,nan,nan,nan,1.8967172146897546
nan,pause,22051.955700126175,22049.939700125764,nan,,nan,nan,nan,nan,nan,nan,nan,nan,1.763512691343232
0.8359143911582958,inhale,22052.582700126302,22051.955700126175,22052.27670012624,,nan,nan,nan,nan,nan,nan,nan,nan,-0.09915336017525256
nan,pause,22052.583700126303,22052.582700126302,nan,,nan,nan,nan,nan,nan,nan,nan,nan,-0.06352157778024825
-0.6668215686075789,exhale,22053.238700126436,22052.583700126303,22052.946700126377,,nan,nan,nan,nan,nan,nan,nan,nan,-0.3815602787445438
nan,pause,22054.003700126592,22053.238700126436,nan,,nan,nan,nan,nan,nan,nan,nan,nan,0.128675328153959
0.9226292672977722,inhale,22054.251700126642,22054.003700126592,22054.116700126615,,nan,nan,nan,nan,nan,nan,nan,nan,-0.33869334432793297
nan,pause,22054.62670012672,22054.251700126642,nan,,nan,nan,nan,nan,nan,nan,nan,nan,-0.930090928980555
-0.6773573019854596,exhale,22055.212700126838,22054.62670012672,22055.11670012682,,nan,nan,nan,nan,nan,nan,nan,nan,0.6466274968176924
nan,pause,22055.21370012684,22055.212700126838,nan,,nan,nan,nan,nan,nan,nan,nan,nan,-0.18797779032493
0.9773695431288043,inhale,22056.071700127013,22055.21370012684,22055.946700126988,,nan,nan,nan,nan,nan,nan,nan,nan,1.4588272703447382
nan,pause,22056.072700127013,22056.071700127013,nan,,nan,nan,nan,nan,nan,nan,nan,nan,0.12003146358057573
-1.3498128546008161,exhale,22057.52770012731,22056.072700127013,22056.286700127057,,nan,nan,nan,nan,nan,nan,nan,nan,0.735193417854534
nan,pause,22057.989700127404,22057.52770012731,nan,,nan,nan,nan,nan,nan,nan,nan,nan,0.8763699968339338
-0.3440306150823224,exhale,22058.243700127456,22057.989700127404,22058.11670012743,,nan,nan,nan,nan,nan,nan,nan,nan,0.6854006787832893
nan,pause,22059.186700127648,22058.243700127456,nan,,nan,nan,nan,nan,nan,nan,nan,nan,0.35778708290690087
-0.34882128299079906,exhale,22059.38570012769,22059.186700127648,22059.286700127668,,nan,nan,nan,nan,nan,nan,nan,nan,0.4636470564035726
nan,pause,22061.326700128084,22059.38570012769,nan,,nan,nan,nan,nan,nan,nan,nan,nan,0.5523785377556801
-0.5781634534678836,exhale,22061.74270012817,22061.326700128084,22061.44670012811,,nan,nan,nan,nan,nan,nan,nan,nan,0.5359992806354177
nan,pause,22075.643700131,22061.74270012817,nan,,nan,nan,nan,nan,nan,nan,nan,nan,0.36035214185360454
0.30052910863933224,inhale,22076.752700131226,22075.643700131,22076.446700131164,,nan,nan,nan,nan,nan,nan,nan,nan,0.2697679022354633
nan,pause,22087.95370013351,22076.752700131226,nan,,nan,nan,nan,nan,nan,nan,nan,nan,0.5036423111095458
0.92294330424487,inhale,22088.78770013368,22087.95370013351,22088.11670013354,,nan,nan,nan,nan,nan,nan,nan,nan,0.25652916523735936
nan,pause,22089.004700133723,22088.78770013368,nan,,nan,nan,nan,nan,nan,nan,nan,nan,0.42450723933057555
0.4395526651454185,inhale,22089.19570013376,22089.004700133723,22089.116700133745,,nan,nan,nan,nan,nan,nan,nan,nan,0.03233263873472403
nan,pause,22089.19670013376,22089.19570013376,nan,,nan,nan,nan,nan,nan,nan,nan,nan,0.24642399731874637
-0.46412679843988225,exhale,22089.408700133805,22089.19670013376,22089.28670013378,,nan,nan,nan,nan,nan,nan,nan,nan,0.39375599414730944
nan,pause,22092.204700134374,22089.408700133805,nan,,nan,nan,nan,nan,nan,nan,nan,nan,0.5101317799111174
0.38958590006670435,inhale,22092.77970013449,22092.204700134374,22092.61670013446,,nan,nan,nan,nan,nan,nan,nan,nan,0.007191863728934905
nan,pause,22099.00170013576,22092.77970013449,nan,,nan,nan,nan,nan,nan,nan,nan,nan,0.2905859684007345
0.5063456081224094,inhale,22099.567700135874,22099.00170013576,22099.116700135783,,nan,nan,nan,nan,nan,nan,nan,nan,0.1274013762285665
nan,pause,22109.70670013794,22099.567700135874,nan,,nan,nan,nan,nan,nan,nan,nan,nan,0.0006147072222714503
0.4887607931707989,inhale,22110.612700138125,22109.70670013794,22110.44670013809,,nan,nan,nan,nan,nan,nan,nan,nan,-0.6860290312287076
nan,pause,22110.613700138125,22110.612700138125,nan,,nan,nan,nan,nan,nan,nan,nan,nan,-0.23194075165564687
-0.8510047405179221,exhale,22111.86170013838,22110.613700138125,22110.946700138193,,nan,nan,nan,nan,nan,nan,nan,nan,-0.2655061161907921
nan,pause,22111.86270013838,22111.86170013838,nan,,nan,nan,nan,nan,nan,nan,nan,nan,-0.40457243391481035
0.4558103131428208,inhale,22112.85370013858,22111.86270013838,22112.4467001385,,nan,nan,nan,nan,nan,nan,nan,nan,0.615600065078467
nan,pause,22112.85470013858,22112.85370013858,nan,,nan,nan,nan,nan,nan,nan,nan,nan,2.6399869372821954
-0.4055352543820424,exhale,22113.9237001388,22112.85470013858,22112.956700138602,,nan,nan,nan,nan,nan,nan,nan,nan,2.6376526190595353
nan,pause,22113.9247001388,22113.9237001388,nan,,nan,nan,nan,nan,nan,nan,nan,nan,0.945151163843059
0.5231889657740063,inhale,22114.834700138985,22113.9247001388,22114.61670013894,,nan,nan,nan,nan,nan,nan,nan,nan,2.386233762587927
nan,pause,22114.835700138985,22114.834700138985,nan,,nan,nan,nan,nan,nan,nan,nan,nan,-1.3638842367306196
-0.3435073088865913,exhale,22115.79270013918,22114.835700138985,22114.95670013901,,nan,nan,nan,nan,nan,nan,nan,nan,3.253171820261352
nan,pause,22115.79370013918,22115.79270013918,nan,,nan,nan,nan,nan,nan,nan,nan,nan,3.910559281172949
0.4065069326060784,inhale,22116.712700139367,22115.79370013918,22116.616700139348,,nan,nan,nan,nan,nan,nan,nan,nan,1.9602834909679947
nan,pause,22116.713700139368,22116.712700139367,nan,,nan,nan,nan,nan,nan,nan,nan,nan,0.9626206697957764
-0.5221702185540026,exhale,22117.95370013962,22116.713700139368,22116.946700139415,,nan,nan,nan,nan,nan,nan,nan,nan,3.3856174849532508
nan,pause,22117.95470013962,22117.95370013962,nan,,nan,nan,nan,nan,nan,nan,nan,nan,2.8392253435126373
0.40454517259411915,inhale,22118.69670013977,22117.95470013962,22118.44670013972,,nan,nan,nan,nan,nan,nan,nan,nan,1.2899119352181576
nan,pause,22118.69770013977,22118.69670013977,nan,,nan,nan,nan,nan,nan,nan,nan,nan,1.158429191675633
-0.5721517564103682,exhale,22120.243700140087,22118.69770013977,22118.946700139822,,nan,nan,nan,nan,nan,nan,nan,nan,2.7442247391181134
nan,pause,22120.244700140087,22120.243700140087,nan,,nan,nan,nan,nan,nan,nan,nan,nan,3.3011835679405808
0.5325845425820199,inhale,22120.936700140228,22120.244700140087,22120.776700140195,,nan,nan,nan,nan,nan,nan,nan,nan,1.730087481262263
nan,pause,22120.937700140228,22120.936700140228,nan,,nan,nan,nan,nan,nan,nan,nan,nan,5.54130456980788
-0.6645404277525047,exhale,22121.614700140366,22120.937700140228,22121.44670014033,,nan,nan,nan,nan,nan,nan,nan,nan,-1.2201146548454636
nan,pause,22124.791700141013,22121.614700140366,nan,,nan,nan,nan,nan,nan,nan,nan,nan,3.4287154067334327
-0.393412980117312,exhale,22125.329700141123,22124.791700141013,22125.11670014108,,nan,nan,nan,nan,nan,nan,nan,nan,4.058401002763986
nan,pause,22125.330700141123,22125.329700141123,nan,,nan,nan,nan,nan,nan,nan,nan,nan,1.783981653116501
0.452634311943426,inhale,22126.10670014128,22125.330700141123,22125.94670014125,,nan,nan,nan,nan,nan,nan,nan,nan,2.1924732168108116
nan,pause,22126.49570014136,22126.10670014128,nan,,nan,nan,nan,nan,nan,nan,nan,nan,1.9653953871065304
0.4732996879936799,inhale,22127.353700141535,22126.49570014136,22126.616700141385,,nan,nan,nan,nan,nan,nan,nan,nan,0.7951568328275456
nan,pause,22127.354700141535,22127.353700141535,nan,,nan,nan,nan,nan,nan,nan,nan,nan,1.8424807553560165
-0.6433895449729231,exhale,22128.914700141853,22127.354700141535,22127.61670014159,,nan,nan,nan,nan,nan,nan,nan,nan,2.1544541294275996
nan,pause,22128.915700141853,22128.914700141853,nan,,nan,nan,nan,nan,nan,nan,nan,nan,1.110883382630547
1.2467249434565781,inhale,22130.087700142092,22128.915700141853,22129.77670014203,,nan,nan,nan,nan,nan,nan,nan,nan,0.5298969756134442
nan,pause,22130.443700142165,22130.087700142092,nan,,nan,nan,nan,nan,nan,nan,nan,nan,0.2946113541740357
-0.7906797740621747,exhale,22131.424700142365,22130.443700142165,22131.286700142336,,nan,nan,nan,nan,nan,nan,nan,nan,0.49483137907778174
nan,pause,22131.818700142445,22131.424700142365,nan,,nan,nan,nan,nan,nan,nan,nan,nan,0.2213348074113486
-0.6326311070093421,exhale,22132.210700142525,22131.818700142445,22131.956700142473,,nan,nan,nan,nan,nan,nan,nan,nan,-0.3648398184953497
nan,pause,22134.903700143073,22132.210700142525,nan,,nan,nan,nan,nan,nan,nan,nan,nan,-0.39918872315744003
-0.4433198745090468,exhale,22135.204700143135,22134.903700143073,22135.116700143117,,nan,nan,nan,nan,nan,nan,nan,nan,0.23787547278674648
nan,pause,22135.205700143135,22135.204700143135,nan,,nan,nan,nan,nan,nan,nan,nan,nan,-0.0383892493296788
0.3767222721789545,inhale,22135.38270014317,22135.205700143135,22135.28670014315,,nan,nan,nan,nan,nan,nan,nan,nan,0.16749139579849331
nan,pause,22135.38370014317,22135.38270014317,nan,,nan,nan,nan,nan,nan,nan,nan,nan,0.20982069985893537
-0.3100164370047902,exhale,22136.30270014336,22135.38370014317,22135.61670014322,,nan,nan,nan,nan,nan,nan,nan,nan,0.19292753178446304
nan,pause,22136.30370014336,22136.30270014336,nan,,nan,nan,nan,nan,nan,nan,nan,nan,0.19009155793650884
0.5441533367590362,inhale,22136.60870014342,22136.30370014336,22136.446700143388,,nan,nan,nan,nan,nan,nan,nan,nan,0.1752881310531058
nan,pause,22138.683700143843,22136.60870014342,nan,,nan,nan,nan,nan,nan,nan,nan,nan,-0.024126763216819502
-0.40206710164714077,exhale,22139.095700143927,22138.683700143843,22138.946700143897,,nan,nan,nan,nan,nan,nan,nan,nan,0.14448088483731691
nan,pause,22147.570700145654,22139.095700143927,nan,,nan,nan,nan,nan,nan,nan,nan,nan,0.07589332360091283
0.7397614809758019,inhale,22148.564700145856,22147.570700145654,22148.2867001458,,nan,nan,nan,nan,nan,nan,nan,nan,0.19641530165835364
nan,pause,22148.565700145857,22148.564700145856,nan,,nan,nan,nan,nan,nan,nan,nan,nan,0.14408229952882612
-0.8894565883916432,exhale,22149.938700146136,22148.565700145857,22148.7867001459,,nan,nan,nan,nan,nan,nan,nan,nan,0.24001826967086892
nan,pause,22149.939700146137,22149.938700146136,nan,,nan,nan,nan,nan,nan,nan,nan,nan,0.14266436954227968
0.8541759506591169,inhale,22150.769700146306,22149.939700146137,22150.276700146205,,nan,nan,nan,nan,nan,nan,nan,nan,-0.008655275632450166
nan,pause,22150.770700146306,22150.769700146306,nan,,nan,nan,nan,nan,nan,nan,nan,nan,0.14959957557828096
-0.35477306577532414,exhale,22151.53370014646,22150.770700146306,22151.28670014641,,nan,nan,nan,nan,nan,nan,nan,nan,0.14397437749113584
nan,pause,22152.00970014656,22151.53370014646,nan,,nan,nan,nan,nan,nan,nan,nan,nan,0.17603224085848046
-0.3764639724550328,exhale,22152.36970014663,22152.00970014656,22152.11670014658,,nan,nan,nan,nan,nan,nan,nan,nan,0.39525645933258835
nan,pause,22152.370700146632,22152.36970014663,nan,,nan,nan,nan,nan,nan,nan,nan,nan,0.14591134220650448
0.7932430205905554,inhale,22153.519700146866,22152.370700146632,22152.786700146717,,nan,nan,nan,nan,nan,nan,nan,nan,0.08960027324528652
nan,pause,22153.520700146866,22153.519700146866,nan,,nan,nan,nan,nan,nan,nan,nan,nan,0.14231265106406643
-0.7431493382924547,exhale,22154.098700146984,22153.520700146866,22153.616700146886,,nan,nan,nan,nan,nan,nan,nan,nan,0.17497722708425578
nan,pause,22154.36670014704,22154.098700146984,nan,,nan,nan,nan,nan,nan,nan,nan,nan,0.13711890798158732
-0.5852193752142941,exhale,22155.10970014719,22154.36670014704,22154.946700147157,,nan,nan,nan,nan,nan,nan,nan,nan,0.2917152931290147
nan,pause,22155.11070014719,22155.10970014719,nan,,nan,nan,nan,nan,nan,nan,nan,nan,0.09901545681678336
0.7068708454742939,inhale,22156.257700147424,22155.11070014719,22156.116700147395,,nan,nan,nan,nan,nan,nan,nan,nan,0.12270639408662354
nan,pause,22156.258700147424,22156.257700147424,nan,,nan,nan,nan,nan,nan,nan,nan,nan,0.1823919972970609
-0.6002548183525435,exhale,22157.785700147735,22156.258700147424,22156.446700147462,,nan,nan,nan,nan,nan,nan,nan,nan,0.33941829341712804
nan,pause,22156.258700147424,22157.785700147735,nan,,nan,nan,nan,nan,nan,nan,nan,nan,0.08365940298360708
-0.7976065304105846,exhale,22157.785700147735,22156.258700147424,22157.446700147666,,nan,nan,nan,nan,nan,nan,nan,nan,0.13429946462074716
nan,pause,22157.786700147735,22157.785700147735,nan,,nan,nan,nan,nan,nan,nan,nan,nan,0.17855905374898695
0.6401937418252832,inhale,22158.74170014793,22157.786700147735,22158.616700147904,,nan,nan,nan,nan,nan,nan,nan,nan,0.1334701455962255
nan,pause,22158.74270014793,22158.74170014793,nan,,nan,nan,nan,nan,nan,nan,nan,nan,0.029955106795593434
-0.38459913751162705,exhale,22159.439700148072,22158.74270014793,22159.28670014804,,nan,nan,nan,nan,nan,nan,nan,nan,0.21886991023640356
nan,pause,22159.48470014808,22159.439700148072,nan,,nan,nan,nan,nan,nan,nan,nan,nan,0.1516261903544629
-0.3861633003369848,exhale,22160.11370014821,22159.48470014808,22159.946700148175,,nan,nan,nan,nan,nan,nan,nan,nan,0.050082989661887733
nan,pause,22160.41470014827,22160.11370014821,nan,,nan,nan,nan,nan,nan,nan,nan,nan,0.3449129348882447
0.44021295345094996,inhale,22161.525700148497,22160.41470014827,22160.61670014831,,nan,nan,nan,nan,nan,nan,nan,nan,0.1923754337755611
nan,pause,22160.41470014827,22161.525700148497,nan,,nan,nan,nan,nan,nan,nan,nan,nan,0.5203907188654407
0.3392001161024989,inhale,22161.525700148497,22160.41470014827,22161.28670014845,,nan,nan,nan,nan,nan,nan,nan,nan,0.10535353175282436
nan,pause,22161.526700148497,22161.525700148497,nan,,nan,nan,nan,nan,nan,nan,nan,nan,0.3350359885747798
-0.3750562202206572,exhale,22163.11170014882,22161.526700148497,22161.776700148548,,nan,nan,nan,nan,nan,nan,nan,nan,0.12482739509439164
nan,pause,22163.11270014882,22163.11170014882,nan,,nan,nan,nan,nan,nan,nan,nan,nan,0.20005272035555532
0.756280979549042,inhale,22163.966700148994,22163.11270014882,22163.776700148956,,nan,nan,nan,nan,nan,nan,nan,nan,0.30392565070352795
nan,pause,22163.967700148994,22163.966700148994,nan,,nan,nan,nan,nan,nan,nan,nan,nan,0.27640224805393265
-0.8097529661472922,exhale,22165.26770014926,22163.967700148994,22164.116700149025,,nan,nan,nan,nan,nan,nan,nan,nan,-0.8341351558470355
nan,pause,22165.26870014926,22165.26770014926,nan,,nan,nan,nan,nan,nan,nan,nan,nan,-0.5737630455619122
1.218050647123542,inhale,22166.05670014942,22165.26870014926,22165.946700149398,,nan,nan,nan,nan,nan,nan,nan,nan,0.05010392970553901
nan,pause,22166.05770014942,22166.05670014942,nan,,nan,nan,nan,nan,nan,nan,nan,nan,0.6941362477991988
-1.5444363191375063,exhale,22167.415700149697,22166.05770014942,22166.286700149467,,nan,nan,nan,nan,nan,nan,nan,nan,0.2682228102839894
nan,pause,22167.416700149697,22167.415700149697,nan,,nan,nan,nan,nan,nan,nan,nan,nan,1.078696336792758
1.754300605111558,inhale,22168.199700149857,22167.416700149697,22167.956700149807,,nan,nan,nan,nan,nan,nan,nan,nan,1.979195870221317
nan,pause,22168.200700149857,22168.199700149857,nan,,nan,nan,nan,nan,nan,nan,nan,nan,1.0607059918995718
-1.6742758057865785,exhale,22169.54670015013,22168.200700149857,22168.286700149874,,nan,nan,nan,nan,nan,nan,nan,nan,1.47269524198457
nan,pause,22169.54770015013,22169.54670015013,nan,,nan,nan,nan,nan,nan,nan,nan,nan,0.6053175568122571
1.5177599476839516,inhale,22170.48170015032,22169.54770015013,22170.27670015028,,nan,nan,nan,nan,nan,nan,nan,nan,1.5635485198870347
nan,pause,22170.48270015032,22170.48170015032,nan,,nan,nan,nan,nan,nan,nan,nan,nan,0.27884433280818666
-1.8429913344839761,exhale,22171.786700150587,22170.48270015032,22170.61670015035,,nan,nan,nan,nan,nan,nan,nan,nan,1.7067567372254135
nan,pause,22171.787700150588,22171.786700150587,nan,,nan,nan,nan,nan,nan,nan,nan,nan,3.9662388819917878
2.0043818953395194,inhale,22172.618700150757,22171.787700150588,22172.446700150722,,nan,nan,nan,nan,nan,nan,nan,nan,1.3350775218009607
nan,pause,22172.619700150757,22172.618700150757,nan,,nan,nan,nan,nan,nan,nan,nan,nan,5.261305777896979
-1.4470952655592764,exhale,22174.077700151054,22172.619700150757,22172.78670015079,,nan,nan,nan,nan,nan,nan,nan,nan,2.6422227823195845
nan,pause,22174.078700151054,22174.077700151054,nan,,nan,nan,nan,nan,nan,nan,nan,nan,3.165192527184706
1.3403427604277225,inhale,22174.958700151234,22174.078700151054,22174.616700151164,,nan,nan,nan,nan,nan,nan,nan,nan,0.31170598219613677
nan,pause,22174.959700151234,22174.958700151234,nan,,nan,nan,nan,nan,nan,nan,nan,nan,4.340023874835094
-1.7596499531132384,exhale,22176.106700151468,22174.959700151234,22175.116700151266,,nan,nan,nan,nan,nan,nan,nan,nan,1.9516328795869855
nan,pause,22176.107700151468,22176.106700151468,nan,,nan,nan,nan,nan,nan,nan,nan,nan,2.0257557690306314
2.9737594197169255,inhale,22176.933700151636,22176.107700151468,22176.61670015157,,nan,nan,nan,nan,nan,nan,nan,nan,1.3525580035532423
nan,pause,22176.934700151636,22176.933700151636,nan,,nan,nan,nan,nan,nan,nan,nan,nan,2.6191646848845567
-2.5096296864768037,exhale,22178.27970015191,22176.934700151636,22177.116700151673,,nan,nan,nan,nan,nan,nan,nan,nan,2.8530162375360857
nan,pause,22178.28070015191,22178.27970015191,nan,,nan,nan,nan,nan,nan,nan,nan,nan,1.483918649112118
3.775196083207408,inhale,22179.043700152066,22178.28070015191,22178.77670015201,,nan,nan,nan,nan,nan,nan,nan,nan,0.25452895010645094
nan,pause,22179.044700152066,22179.043700152066,nan,,nan,nan,nan,nan,nan,nan,nan,nan,2.036299630153356
-2.1429119934372864,exhale,22180.370700152336,22179.044700152066,22179.11670015208,,nan,nan,nan,nan,nan,nan,nan,nan,1.0521877120925698
nan,pause,22180.371700152336,22180.370700152336,nan,,nan,nan,nan,nan,nan,nan,nan,nan,-1.1040936764226914
3.7322410559370445,inhale,22181.137700152492,22180.371700152336,22180.78670015242,,nan,nan,nan,nan,nan,nan,nan,nan,0.7581006614888919
nan,pause,22181.138700152493,22181.137700152492,nan,,nan,nan,nan,nan,nan,nan,nan,nan,0.7067522800429205
-2.150699554167942,exhale,22182.70070015281,22181.138700152493,22181.286700152523,,nan,nan,nan,nan,nan,nan,nan,nan,0.002610509387665161
nan,pause,22182.70170015281,22182.70070015281,nan,,nan,nan,nan,nan,nan,nan,nan,nan,0.5566468345278397
3.3404207808425084,inhale,22183.53470015298,22182.70170015281,22183.116700152896,,nan,nan,nan,nan,nan,nan,nan,nan,0.011328243327743959
nan,pause,22183.53570015298,22183.53470015298,nan,,nan,nan,nan,nan,nan,nan,nan,nan,0.008906676357257393
-2.2105363266837013,exhale,22184.84770015325,22183.53570015298,22183.786700153032,,nan,nan,nan,nan,nan,nan,nan,nan,-0.04115766716885971
nan,pause,22184.84870015325,22184.84770015325,nan,,nan,nan,nan,nan,nan,nan,nan,nan,0.18910160686335065
4.51789797221779,inhale,22185.565700153395,22184.84870015325,22185.276700153336,,nan,nan,nan,nan,nan,nan,nan,nan,0.1128717550704138
nan,pause,22185.566700153395,22185.565700153395,nan,,nan,nan,nan,nan,nan,nan,nan,nan,0.4244251955568489
-2.4224572576120877,exhale,22186.790700153644,22185.566700153395,22185.78670015344,,nan,nan,nan,nan,nan,nan,nan,nan,0.07127245935017039
nan,pause,22186.791700153644,22186.790700153644,nan,,nan,nan,nan,nan,nan,nan,nan,nan,-0.38068733369839086
3.8646127630288696,inhale,22187.566700153802,22186.791700153644,22187.276700153743,,nan,nan,nan,nan,nan,nan,nan,nan,-0.2725048542779256
nan,pause,22187.567700153802,22187.566700153802,nan,,nan,nan,nan,nan,nan,nan,nan,nan,0.0056703173092360615
-2.7962216434443525,exhale,22188.810700154056,22187.567700153802,22187.786700153847,,nan,nan,nan,nan,nan,nan,nan,nan,-0.0134437822314315
nan,pause,22188.811700154056,22188.810700154056,nan,,nan,nan,nan,nan,nan,nan,nan,nan,-0.3341840248792749
3.5071750794406253,inhale,22189.578700154212,22188.811700154056,22189.116700154118,,nan,nan,nan,nan,nan,nan,nan,nan,-0.17192543412537775
nan,pause,22189.579700154212,22189.578700154212,nan,,nan,nan,nan,nan,nan,nan,nan,nan,-0.12845756395562713
-2.725181159167109,exhale,22190.84770015447,22189.579700154212,22189.786700154255,,nan,nan,nan,nan,nan,nan,nan,nan,-0.17502504885303916
nan,pause,22190.84870015447,22190.84770015447,nan,,nan,nan,nan,nan,nan,nan,nan,nan,-0.3451252838413421
2.9238941491758976,inhale,22191.649700154634,22190.84870015447,22191.116700154525,,nan,nan,nan,nan,nan,nan,nan,nan,-0.228640781177734
nan,pause,22191.650700154634,22191.649700154634,nan,,nan,nan,nan,nan,nan,nan,nan,nan,-0.3856212309697016
-2.7465233350729013,exhale,22192.84970015488,22191.650700154634,22191.786700154662,,nan,nan,nan,nan,nan,nan,nan,nan,-0.27359266340205424
nan,pause,22192.85070015488,22192.84970015488,nan,,nan,nan,nan,nan,nan,nan,nan,nan,-0.20541525167479024
2.8405121532537123,inhale,22193.662700155044,22192.85070015488,22193.116700154933,,nan,nan,nan,nan,nan,nan,nan,nan,0.13810015999034686
nan,pause,22193.663700155044,22193.662700155044,nan,,nan,nan,nan,nan,nan,nan,nan,nan,-0.0664710769028638
-2.9166050421545475,exhale,22194.81470015528,22193.663700155044,22193.78670015507,,nan,nan,nan,nan,nan,nan,nan,nan,-0.26009236959740734
nan,pause,22194.81570015528,22194.81470015528,nan,,nan,nan,nan,nan,nan,nan,nan,nan,0.13336759475777193
2.8219524573438104,inhale,22195.55470015543,22194.81570015528,22195.276700155373,,nan,nan,nan,nan,nan,nan,nan,nan,-0.2854625335946497
nan,pause,22195.55570015543,22195.55470015543,nan,,nan,nan,nan,nan,nan,nan,nan,nan,-0.12192816306777576
-2.810467538524783,exhale,22196.68670015566,22195.55570015543,22195.786700155477,,nan,nan,nan,nan,nan,nan,nan,nan,-0.14324714396720895
nan,pause,22196.68770015566,22196.68670015566,nan,,nan,nan,nan,nan,nan,nan,nan,nan,0.21789273837620815
3.209881399837987,inhale,22197.490700155824,22196.68770015566,22196.956700155715,,nan,nan,nan,nan,nan,nan,nan,nan,-0.04937131696439723
nan,pause,22197.491700155824,22197.490700155824,nan,,nan,nan,nan,nan,nan,nan,nan,nan,0.5335262092493323
-3.3760394238717866,exhale,22198.69670015607,22197.491700155824,22197.61670015585,,nan,nan,nan,nan,nan,nan,nan,nan,0.1891917963098484
nan,pause,22198.69770015607,22198.69670015607,nan,,nan,nan,nan,nan,nan,nan,nan,nan,0.2835381076452903
3.142084947176575,inhale,22199.508700156235,22198.69770015607,22199.276700156188,,nan,nan,nan,nan,nan,nan,nan,nan,0.8253454816766225
nan,pause,22199.509700156235,22199.508700156235,nan,,nan,nan,nan,nan,nan,nan,nan,nan,0.40311652269886056
-3.3594206323020854,exhale,22200.66870015647,22199.509700156235,22199.616700156257,,nan,nan,nan,nan,nan,nan,nan,nan,0.2799761780504294
nan,pause,22200.66970015647,22200.66870015647,nan,,nan,nan,nan,nan,nan,nan,nan,nan,0.1283728682809373
6.690584305656431,inhale,22201.40470015662,22200.66970015647,22201.116700156563,,nan,nan,nan,nan,nan,nan,nan,nan,0.039907435605250674
nan,pause,22201.40570015662,22201.40470015662,nan,,nan,nan,nan,nan,nan,nan,nan,nan,0.19350107576784015
-4.29270268815545,exhale,22202.72870015689,22201.40570015662,22201.616700156665,,nan,nan,nan,nan,nan,nan,nan,nan,0.1469652229106546
nan,pause,22202.72970015689,22202.72870015689,nan,,nan,nan,nan,nan,nan,nan,nan,nan,-0.2077770167892683
13.007296162238193,inhale,22203.379700157024,22202.72970015689,22203.11670015697,,nan,nan,nan,nan,nan,nan,nan,nan,0.4042082240940452
nan,pause,22203.380700157024,22203.379700157024,nan,,nan,nan,nan,nan,nan,nan,nan,nan,0.07970334895262532
-6.012594847432384,exhale,22205.843700157526,22203.380700157024,22203.45670015704,,nan,nan,nan,nan,nan,nan,nan,nan,0.3620987689640045
nan,pause,22205.844700157526,22205.843700157526,nan,,nan,nan,nan,nan,nan,nan,nan,nan,0.2911513308743683
10.607326121029113,inhale,22206.828700157726,22205.844700157526,22206.11670015758,,nan,nan,nan,nan,nan,nan,nan,nan,-0.22995171131673775
nan,pause,22206.829700157727,22206.828700157726,nan,,nan,nan,nan,nan,nan,nan,nan,nan,0.295855535699892
-7.556433064132066,exhale,22208.791700158126,22206.829700157727,22206.956700157752,,nan,nan,nan,nan,nan,nan,nan,nan,0.2404997102992783
nan,pause,22208.792700158127,22208.791700158126,nan,,nan,nan,nan,nan,nan,nan,nan,nan,0.11655968521171145
19.078071045203412,inhale,22209.75070015832,22208.792700158127,22208.95670015816,,nan,nan,nan,nan,nan,nan,nan,nan,0.2661307133674631
nan,pause,22209.751700158322,22209.75070015832,nan,,nan,nan,nan,nan,nan,nan,nan,nan,-0.26150291480108434
-4.756981722418837,exhale,22211.70670015872,22209.751700158322,22211.446700158667,,nan,nan,nan,nan,nan,nan,nan,nan,0.0632361480935324
nan,pause,22211.70770015872,22211.70670015872,nan,,nan,nan,nan,nan,nan,nan,nan,nan,0.41337738953155845
15.707378329942893,inhale,22212.54570015889,22211.70770015872,22212.116700158804,,nan,nan,nan,nan,nan,nan,nan,nan,0.05220653112969198
nan,pause,22212.54670015889,22212.54570015889,nan,,nan,nan,nan,nan,nan,nan,nan,nan,0.21457709745546005
-5.668784625282163,exhale,22214.075700159203,22212.54670015889,22213.786700159144,,nan,nan,nan,nan,nan,nan,nan,nan,0.08335150160499893
nan,pause,22214.076700159203,22214.075700159203,nan,,nan,nan,nan,nan,nan,nan,nan,nan,0.13569983040999423
15.545706293963946,inhale,22214.864700159364,22214.076700159203,22214.44670015928,,nan,nan,nan,nan,nan,nan,nan,nan,0.13429366333874193
nan,pause,22214.865700159364,22214.864700159364,nan,,nan,nan,nan,nan,nan,nan,nan,nan,0.08153292419935415
-7.692568006396556,exhale,22216.32770015966,22214.865700159364,22216.11670015962,,nan,nan,nan,nan,nan,nan,nan,nan,0.001512515331503983
nan,pause,22216.328700159662,22216.32770015966,nan,,nan,nan,nan,nan,nan,nan,nan,nan,-0.22599555771974789
21.40740839120028,inhale,22217.193700159838,22216.328700159662,22216.61670015972,,nan,nan,nan,nan,nan,nan,nan,nan,-0.741552698004045
nan,pause,22217.19470015984,22217.193700159838,nan,,nan,nan,nan,nan,nan,nan,nan,nan,-0.5873708649914069
-4.893228591252754,exhale,22218.741700160153,22217.19470015984,22217.286700159857,,nan,nan,nan,nan,nan,nan,nan,nan,2.9690365921087194
nan,pause,22218.742700160154,22218.741700160153,nan,,nan,nan,nan,nan,nan,nan,nan,nan,1.5835600478900091
19.640735223067136,inhale,22219.541700160316,22218.742700160154,22219.11670016023,,nan,nan,nan,nan,nan,nan,nan,nan,1.4530303752241118
nan,pause,22219.542700160317,22219.541700160316,nan,,nan,nan,nan,nan,nan,nan,nan,nan,2.151317242354526
-10.49129561598484,exhale,22220.971700160608,22219.542700160317,22220.78670016057,,nan,nan,nan,nan,nan,nan,nan,nan,1.6487622851616068
nan,pause,22220.972700160608,22220.971700160608,nan,,nan,nan,nan,nan,nan,nan,nan,nan,1.7126787302452877
19.729327776336444,inhale,22221.848700160786,22220.972700160608,22221.286700160672,,nan,nan,nan,nan,nan,nan,nan,nan,1.526102786927538
nan,pause,22221.849700160787,22221.848700160786,nan,,nan,nan,nan,nan,nan,nan,nan,nan,2.1248681801883684
-6.225807183195383,exhale,22223.3937001611,22221.849700160787,22223.116700161045,,nan,nan,nan,nan,nan,nan,nan,nan,2.418208518331846
nan,pause,22223.3947001611,22223.3937001611,nan,,nan,nan,nan,nan,nan,nan,nan,nan,0.7113293524075193
16.674179677604158,inhale,22224.254700161277,22223.3947001611,22223.616700161147,,nan,nan,nan,nan,nan,nan,nan,nan,2.5266001035456465
nan,pause,22224.255700161277,22224.254700161277,nan,,nan,nan,nan,nan,nan,nan,nan,nan,0.28489710917245237
-8.876609202454503,exhale,22225.764700161584,22224.255700161277,22224.456700161318,,nan,nan,nan,nan,nan,nan,nan,nan,-1.3035410568925494
nan,pause,22225.765700161584,22225.764700161584,nan,,nan,nan,nan,nan,nan,nan,nan,nan,1.2708912005288315
19.95750044695852,inhale,22226.58670016175,22225.765700161584,22226.116700161656,,nan,nan,nan,nan,nan,nan,nan,nan,1.7241678378434289
nan,pause,22226.587700161752,22226.58670016175,nan,,nan,nan,nan,nan,nan,nan,nan,nan,0.9282036302456005
-7.854386867941463,exhale,22228.19570016208,22226.587700161752,22226.786700161792,,nan,nan,nan,nan,nan,nan,nan,nan,1.927189813808761
nan,pause,22228.19670016208,22228.19570016208,nan,,nan,nan,nan,nan,nan,nan,nan,nan,3.684139272683722
15.508017863264202,inhale,22229.13270016227,22228.19670016208,22228.456700162133,,nan,nan,nan,nan,nan,nan,nan,nan,3.8157796787962592
nan,pause,22229.13370016227,22229.13270016227,nan,,nan,nan,nan,nan,nan,nan,nan,nan,3.786262387725359
-6.308471675945368,exhale,22230.534700162556,22229.13370016227,22229.2867001623,,nan,nan,nan,nan,nan,nan,nan,nan,4.319526446344494
nan,pause,22230.535700162556,22230.534700162556,nan,,nan,nan,nan,nan,nan,nan,nan,nan,3.1876152098520265
16.19123641855844,inhale,22231.421700162737,22230.535700162556,22230.94670016264,,nan,nan,nan,nan,nan,nan,nan,nan,2.676236129185094
nan,pause,22231.422700162737,22231.421700162737,nan,,nan,nan,nan,nan,nan,nan,nan,nan,3.3931660656237135
-8.82572151588265,exhale,22232.931700163044,22231.422700162737,22231.616700162776,,nan,nan,nan,nan,nan,nan,nan,nan,1.8322614572790945
nan,pause,22232.932700163045,22232.931700163044,nan,,nan,nan,nan,nan,nan,nan,nan,nan,2.497643604110828
15.024271044069671,inhale,22233.875700163237,22232.932700163045,22233.116700163082,,nan,nan,nan,nan,nan,nan,nan,nan,1.4347022335207487
nan,pause,22233.876700163237,22233.875700163237,nan,,nan,nan,nan,nan,nan,nan,nan,nan,1.6781960728281917
-4.959106072276501,exhale,22235.338700163535,22233.876700163237,22234.116700163286,,nan,nan,nan,nan,nan,nan,nan,nan,-0.38444341697658313
nan,pause,22235.339700163535,22235.338700163535,nan,,nan,nan,nan,nan,nan,nan,nan,nan,0.6893091276966659
16.307588108581072,inhale,22236.19370016371,22235.339700163535,22235.61670016359,,nan,nan,nan,nan,nan,nan,nan,nan,1.6741901824718746
nan,pause,22236.19470016371,22236.19370016371,nan,,nan,nan,nan,nan,nan,nan,nan,nan,0.6549555938135863
-6.509711482550997,exhale,22237.620700164,22236.19470016371,22236.286700163728,,nan,nan,nan,nan,nan,nan,nan,nan,0.40564064588964
nan,pause,22237.621700164,22237.620700164,nan,,nan,nan,nan,nan,nan,nan,nan,nan,0.43276689316456574
16.988008991986977,inhale,22238.488700164176,22237.621700164,22237.956700164068,,nan,nan,nan,nan,nan,nan,nan,nan,0.05735280552216582
nan,pause,22238.489700164177,22238.488700164176,nan,,nan,nan,nan,nan,nan,nan,nan,nan,-0.0955332824550927
-6.625659122128281,exhale,22239.962700164477,22238.489700164177,22238.616700164202,,nan,nan,nan,nan,nan,nan,nan,nan,0.0338414291672942
nan,pause,22239.963700164477,22239.962700164477,nan,,nan,nan,nan,nan,nan,nan,nan,nan,0.5825961069580036
15.882493005737013,inhale,22240.826700164653,22239.963700164477,22240.286700164543,,nan,nan,nan,nan,nan,nan,nan,nan,0.6320965744666587
nan,pause,22240.827700164653,22240.826700164653,nan,,nan,nan,nan,nan,nan,nan,nan,nan,0.6977631951320596
-6.4193751796121195,exhale,22242.347700164963,22240.827700164653,22240.95670016468,,nan,nan,nan,nan,nan,nan,nan,nan,0.49001449521120277
nan,pause,22242.348700164963,22242.347700164963,nan,,nan,nan,nan,nan,nan,nan,nan,nan,0.5058080813231085
14.857659347860633,inhale,22243.230700165142,22242.348700164963,22242.616700165017,,nan,nan,nan,nan,nan,nan,nan,nan,0.38847073149668443
nan,pause,22243.231700165143,22243.230700165142,nan,,nan,nan,nan,nan,nan,nan,nan,nan,0.41239798936452265
-5.793160496710189,exhale,22244.79370016546,22243.231700165143,22243.446700165186,,nan,nan,nan,nan,nan,nan,nan,nan,0.366922848208461
nan,pause,22244.79470016546,22244.79370016546,nan,,nan,nan,nan,nan,nan,nan,nan,nan,0.23862454780545583
15.790983346992792,inhale,22245.591700165623,22244.79470016546,22245.116700165527,,nan,nan,nan,nan,nan,nan,nan,nan,0.2735462333980827
nan,pause,22245.592700165624,22245.591700165623,nan,,nan,nan,nan,nan,nan,nan,nan,nan,0.3292602837074359
-6.621210353077118,exhale,22247.10370016593,22245.592700165624,22245.786700165663,,nan,nan,nan,nan,nan,nan,nan,nan,0.20555083019148723
nan,pause,22247.10470016593,22247.10370016593,nan,,nan,nan,nan,nan,nan,nan,nan,nan,0.32133382435692326
18.322053468175817,inhale,22247.863700166086,22247.10470016593,22247.446700166,,nan,nan,nan,nan,nan,nan,nan,nan,0.34757729661752446
nan,pause,22247.864700166087,22247.863700166086,nan,,nan,nan,nan,nan,nan,nan,nan,nan,0.3187180567212876
-7.592272565069143,exhale,22249.332700166386,22247.864700166087,22248.116700166138,,nan,nan,nan,nan,nan,nan,nan,nan,0.2872795944616751
nan,pause,22249.333700166386,22249.332700166386,nan,,nan,nan,nan,nan,nan,nan,nan,nan,0.33258153223371845
14.44717004392085,inhale,22250.14770016655,22249.333700166386,22249.776700166476,,nan,nan,nan,nan,nan,nan,nan,nan,0.24338578647257814
nan,pause,22250.148700166552,22250.14770016655,nan,,nan,nan,nan,nan,nan,nan,nan,nan,0.12655548553186802
-5.449383897987477,exhale,22251.625700166853,22250.148700166552,22250.28670016658,,nan,nan,nan,nan,nan,nan,nan,nan,0.18970236200247803
nan,pause,22251.626700166853,22251.625700166853,nan,,nan,nan,nan,nan,nan,nan,nan,nan,0.21105804308850074
18.18552272756565,inhale,22252.430700167017,22251.626700166853,22251.946700166918,,nan,nan,nan,nan,nan,nan,nan,nan,0.8016283258446515
nan,pause,22252.431700167017,22252.430700167017,nan,,nan,nan,nan,nan,nan,nan,nan,nan,0.29731277057744726
-7.525525712191836,exhale,22253.929700167322,22252.431700167017,22252.616700167055,,nan,nan,nan,nan,nan,nan,nan,nan,0.3927771175809251
nan,pause,22253.930700167322,22253.929700167322,nan,,nan,nan,nan,nan,nan,nan,nan,nan,0.20550114700622296
17.021403787002782,inhale,22254.739700167487,22253.930700167322,22254.286700167395,,nan,nan,nan,nan,nan,nan,nan,nan,-0.3953572602411112
nan,pause,22254.740700167487,22254.739700167487,nan,,nan,nan,nan,nan,nan,nan,nan,nan,1.5750928713300745
-5.825495990560332,exhale,22256.302700167806,22254.740700167487,22256.116700167768,,nan,nan,nan,nan,nan,nan,nan,nan,1.6938728167603672
nan,pause,22256.303700167806,22256.302700167806,nan,,nan,nan,nan,nan,nan,nan,nan,nan,2.523397676276099
83.52237476307303,pause,22258.450700168243,22256.303700167806,22257.94670016814,,nan,nan,nan,nan,nan,nan,nan,nan,1.6923660234667042
nan,pause,22258.451700168243,22258.450700168243,nan,,nan,nan,nan,nan,nan,nan,nan,nan,1.8507566460301101
-129.0687283280602,pause,22261.58470016888,22258.451700168243,22258.78670016831,,nan,nan,nan,nan,nan,nan,nan,nan,1.870178654388904
nan,pause,22261.96070016896,22261.58470016888,nan,,nan,nan,nan,nan,nan,nan,nan,nan,2.3612272751553394
0.374548820278917,inhale,22262.281700169024,22261.96070016896,22262.11670016899,,nan,nan,nan,nan,nan,nan,nan,nan,2.516796653489102
nan,pause,22262.819700169133,22262.281700169024,nan,,nan,nan,nan,nan,nan,nan,nan,nan,1.0324984944102882
0.3325792913163982,inhale,22263.09170016919,22262.819700169133,22262.94670016916,,nan,nan,nan,nan,nan,nan,nan,nan,2.12222493698186
nan,pause,22263.09270016919,22263.09170016919,nan,,nan,nan,nan,nan,nan,nan,nan,nan,2.334891511400029
-0.34695446491200044,exhale,22263.382700169248,22263.09270016919,22263.276700169226,,nan,nan,nan,nan,nan,nan,nan,nan,2.4274918543023487
nan,pause,22264.6267001695,22263.382700169248,nan,,nan,nan,nan,nan,nan,nan,nan,nan,3.622138721600443
-0.5625035511101031,exhale,22265.434700169666,22264.6267001695,22265.286700169636,,nan,nan,nan,nan,nan,nan,nan,nan,2.522447548635218
nan,pause,22267.12870017001,22265.434700169666,nan,,nan,nan,nan,nan,nan,nan,nan,nan,3.338565016296201
-0.33326449329307056,exhale,22267.41470017007,22267.12870017001,22267.286700170043,,nan,nan,nan,nan,nan,nan,nan,nan,0.7778578711349877
nan,pause,22269.309700170455,22267.41470017007,nan,,nan,nan,nan,nan,nan,nan,nan,nan,3.2884611246132205
0.3746228637604385,inhale,22270.75570017075,22269.309700170455,22270.11670017062,,nan,nan,nan,nan,nan,nan,nan,nan,1.203201709370597
nan,pause,22269.309700170455,22270.75570017075,nan,,nan,nan,nan,nan,nan,nan,nan,nan,-3.6366451724472015
0.30792751097429355,inhale,22270.75570017075,22269.309700170455,22270.61670017072,,nan,nan,nan,nan,nan,nan,nan,nan,5.470290771964404
nan,pause,22274.82570017158,22270.75570017075,nan,,nan,nan,nan,nan,nan,nan,nan,nan,2.0714434013124783
0.3160876416225896,inhale,22275.03070017162,22274.82570017158,22274.946700171604,,nan,nan,nan,nan,nan,nan,nan,nan,1.9805148955709946
nan,pause,22275.448700171706,22275.03070017162,nan,,nan,nan,nan,nan,nan,nan,nan,nan,1.648516770932158
-1.5157540098067044,exhale,22276.185700171856,22275.448700171706,22275.946700171808,,nan,nan,nan,nan,nan,nan,nan,nan,1.8173098555360139
nan,pause,22276.186700171857,22276.185700171856,nan,,nan,nan,nan,nan,nan,nan,nan,nan,0.07702943000235885
9.162460075754446,inhale,22277.04270017203,22276.186700171857,22276.78670017198,,nan,nan,nan,nan,nan,nan,nan,nan,0.6448892061654945
nan,pause,22277.04370017203,22277.04270017203,nan,,nan,nan,nan,nan,nan,nan,nan,nan,0.6958039945831316
-4.329655265603077,exhale,22278.881700172406,22277.04370017203,22277.27670017208,,nan,nan,nan,nan,nan,nan,nan,nan,0.7179397370032325
nan,pause,22278.882700172406,22278.881700172406,nan,,nan,nan,nan,nan,nan,nan,nan,nan,0.13952697158978178
4.637937505020136,inhale,22280.050700172644,22278.882700172406,22279.286700172488,,nan,nan,nan,nan,nan,nan,nan,nan,0.6165775648414507
nan,pause,22280.051700172644,22280.050700172644,nan,,nan,nan,nan,nan,nan,nan,nan,nan,0.49438516750730255
-2.2433848813128336,exhale,22280.76870017279,22280.051700172644,22280.28670017269,,nan,nan,nan,nan,nan,nan,nan,nan,0.09388078416659451
nan,pause,22281.480700172935,22280.76870017279,nan,,nan,nan,nan,nan,nan,nan,nan,nan,0.2777925519532749
3.7318140135657334,inhale,22282.399700173122,22281.480700172935,22281.786700172997,,nan,nan,nan,nan,nan,nan,nan,nan,1.0699879820554106
nan,pause,22282.400700173122,22282.399700173122,nan,,nan,nan,nan,nan,nan,nan,nan,nan,0.6138251846323405
-2.1586585303982986,exhale,22283.578700173362,22282.400700173122,22282.616700173166,,nan,nan,nan,nan,nan,nan,nan,nan,0.12472679895602085
nan,pause,22283.579700173363,22283.578700173362,nan,,nan,nan,nan,nan,nan,nan,nan,nan,0.1692863283372108
2.188003169600226,inhale,22284.574700173565,22283.579700173363,22283.95670017344,,nan,nan,nan,nan,nan,nan,nan,nan,0.5112229997613549
nan,pause,22284.575700173566,22284.574700173565,nan,,nan,nan,nan,nan,nan,nan,nan,nan,0.14408154754705
-1.6626643319541659,exhale,22285.981700173852,22284.575700173566,22284.78670017361,,nan,nan,nan,nan,nan,nan,nan,nan,0.0641946942836864
nan,pause,22285.982700173852,22285.981700173852,nan,,nan,nan,nan,nan,nan,nan,nan,nan,0.2388356945773092
3.3580735268130244,inhale,22286.928700174045,22285.982700173852,22286.61670017398,,nan,nan,nan,nan,nan,nan,nan,nan,-0.22154403870644762
nan,pause,22286.929700174045,22286.928700174045,nan,,nan,nan,nan,nan,nan,nan,nan,nan,0.09412803651809576
-6.78355633784975,exhale,22288.115700174287,22286.929700174045,22287.946700174252,,nan,nan,nan,nan,nan,nan,nan,nan,0.06318477362841746
nan,pause,22288.116700174287,22288.115700174287,nan,,nan,nan,nan,nan,nan,nan,nan,nan,0.06169220835563327
2.508087611484622,inhale,22288.886700174444,22288.116700174287,22288.61670017439,,nan,nan,nan,nan,nan,nan,nan,nan,0.11863749583005101
nan,pause,22290.54570017478,22288.886700174444,nan,,nan,nan,nan,nan,nan,nan,nan,nan,-0.010122475233536155
3.1660509889738626,inhale,22291.436700174963,22290.54570017478,22291.27670017493,,nan,nan,nan,nan,nan,nan,nan,nan,0.15481022775510667
nan,pause,22291.437700174964,22291.436700174963,nan,,nan,nan,nan,nan,nan,nan,nan,nan,0.1931461921034926
-0.3251777885066256,exhale,22292.091700175097,22291.437700174964,22291.616700175,,nan,nan,nan,nan,nan,nan,nan,nan,0.22840319387599306
nan,pause,22292.40070017516,22292.091700175097,nan,,nan,nan,nan,nan,nan,nan,nan,nan,0.2153718595508538
2.17285989775041,inhale,22293.983700175482,22292.40070017516,22293.77670017544,,nan,nan,nan,nan,nan,nan,nan,nan,-0.07065476369372214
nan,pause,22293.984700175482,22293.983700175482,nan,,nan,nan,nan,nan,nan,nan,nan,nan,-0.03535343391965379
-1.5251517770325103,exhale,22294.582700175604,22293.984700175482,22294.11670017551,,nan,nan,nan,nan,nan,nan,nan,nan,-0.012421519126741304
nan,pause,22295.20170017573,22294.582700175604,nan,,nan,nan,nan,nan,nan,nan,nan,nan,0.091219888767962
1.3522223366295623,inhale,22296.17870017593,22295.20170017573,22295.946700175882,,nan,nan,nan,nan,nan,nan,nan,nan,0.20278610293302884
nan,pause,22296.17970017593,22296.17870017593,nan,,nan,nan,nan,nan,nan,nan,nan,nan,0.6194223426469236
-1.4357159504349875,exhale,22297.393700176177,22296.17970017593,22296.28670017595,,nan,nan,nan,nan,nan,nan,nan,nan,2.6215721632295095
nan,pause,22297.394700176177,22297.393700176177,nan,,nan,nan,nan,nan,nan,nan,nan,nan,2.472610736545701
1.8189391423373047,inhale,22298.38870017638,22297.394700176177,22298.276700176357,,nan,nan,nan,nan,nan,nan,nan,nan,2.3861147398883347
nan,pause,22298.38970017638,22298.38870017638,nan,,nan,nan,nan,nan,nan,nan,nan,nan,1.9562174049270231
-1.5418119560854326,exhale,22299.91370017669,22298.38970017638,22298.616700176426,,nan,nan,nan,nan,nan,nan,nan,nan,3.211243251428577
nan,pause,22299.91470017669,22299.91370017669,nan,,nan,nan,nan,nan,nan,nan,nan,nan,2.2840167399894833
1.824244153324044,inhale,22300.99870017691,22299.91470017669,22300.776700176866,,nan,nan,nan,nan,nan,nan,nan,nan,3.3804207918651845
nan,pause,22300.99970017691,22300.99870017691,nan,,nan,nan,nan,nan,nan,nan,nan,nan,2.1468986362848046
-2.0250874456636807,exhale,22302.291700177175,22300.99970017691,22301.116700176935,,nan,nan,nan,nan,nan,nan,nan,nan,3.1403287710935173
nan,pause,22302.292700177175,22302.291700177175,nan,,nan,nan,nan,nan,nan,nan,nan,nan,2.8745576580170518
1.9742552453700972,inhale,22303.229700177366,22302.292700177175,22302.95670017731,,nan,nan,nan,nan,nan,nan,nan,nan,2.582740061219423
nan,pause,22303.230700177366,22303.229700177366,nan,,nan,nan,nan,nan,nan,nan,nan,nan,3.0858159393049425
-2.477122123443252,exhale,22304.392700177603,22303.230700177366,22303.44670017741,,nan,nan,nan,nan,nan,nan,nan,nan,2.259366152476151
nan,pause,22304.393700177603,22304.392700177603,nan,,nan,nan,nan,nan,nan,nan,nan,nan,3.3874325754787646
2.7582445967615397,inhale,22305.3637001778,22304.393700177603,22305.11670017775,,nan,nan,nan,nan,nan,nan,nan,nan,2.8339141787964186
nan,pause,22305.3647001778,22305.3637001778,nan,,nan,nan,nan,nan,nan,nan,nan,nan,2.229278762750176
-1.9250504755526192,exhale,22306.53470017804,22305.3647001778,22305.45670017782,,nan,nan,nan,nan,nan,nan,nan,nan,3.334663231513922
nan,pause,22306.53570017804,22306.53470017804,nan,,nan,nan,nan,nan,nan,nan,nan,nan,2.935007971332623
3.0444000985357738,inhale,22307.51270017824,22306.53570017804,22307.27670017819,,nan,nan,nan,nan,nan,nan,nan,nan,2.543613165639517
nan,pause,22307.51370017824,22307.51270017824,nan,,nan,nan,nan,nan,nan,nan,nan,nan,3.2726426964071313
-2.925025782748795,exhale,22308.7997001785,22307.51370017824,22307.61670017826,,nan,nan,nan,nan,nan,nan,nan,nan,2.3193049424036185
nan,pause,22308.8007001785,22308.7997001785,nan,,nan,nan,nan,nan,nan,nan,nan,nan,3.1683732332901204
3.474982396516357,inhale,22309.699700178684,22308.8007001785,22309.116700178565,,nan,nan,nan,nan,nan,nan,nan,nan,2.1833332921041357
nan,pause,22309.700700178684,22309.699700178684,nan,,nan,nan,nan,nan,nan,nan,nan,nan,3.12339847447591
-2.8560973486147883,exhale,22311.014700178952,22309.700700178684,22309.946700178734,,nan,nan,nan,nan,nan,nan,nan,nan,1.9486813500186244
nan,pause,22311.015700178952,22311.014700178952,nan,,nan,nan,nan,nan,nan,nan,nan,nan,2.6194238644155448
4.398927822565765,inhale,22311.89070017913,22311.015700178952,22311.456700179042,,nan,nan,nan,nan,nan,nan,nan,nan,2.2184942967916914
nan,pause,22311.89170017913,22311.89070017913,nan,,nan,nan,nan,nan,nan,nan,nan,nan,3.271052811819387
-4.274982661323056,exhale,22313.135700179384,22311.89170017913,22312.116700179176,,nan,nan,nan,nan,nan,nan,nan,nan,1.8920413897843948
nan,pause,22313.136700179384,22313.135700179384,nan,,nan,nan,nan,nan,nan,nan,nan,nan,1.6789601053872723
4.975022464182707,inhale,22313.982700179557,22313.136700179384,22313.616700179482,,nan,nan,nan,nan,nan,nan,nan,nan,1.6896110628675838
nan,pause,22313.983700179557,22313.982700179557,nan,,nan,nan,nan,nan,nan,nan,nan,nan,1.0923071328486893
-5.074963019061999,exhale,22315.145700179793,22313.983700179557,22314.116700179584,,nan,nan,nan,nan,nan,nan,nan,nan,1.429991443246319
nan,pause,22315.146700179794,22315.145700179793,nan,,nan,nan,nan,nan,nan,nan,nan,nan,1.310583654693442
4.35834231613317,inhale,22316.01570017997,22315.146700179794,22315.61670017989,,nan,nan,nan,nan,nan,nan,nan,nan,1.5471470665926699
nan,pause,22316.01670017997,22316.01570017997,nan,,nan,nan,nan,nan,nan,nan,nan,nan,0.769854442160467
-4.490618207277414,exhale,22317.218700180216,22316.01670017997,22316.276700180024,,nan,nan,nan,nan,nan,nan,nan,nan,1.1367874699811789
nan,pause,22317.219700180216,22317.218700180216,nan,,nan,nan,nan,nan,nan,nan,nan,nan,0.23118092855130046
3.9416631330029777,inhale,22318.082700180392,22317.219700180216,22317.77570018033,,nan,nan,nan,nan,nan,nan,nan,nan,0.3982278459915083
nan,pause,22318.083700180392,22318.082700180392,nan,,nan,nan,nan,nan,nan,nan,nan,nan,0.2771277618320229
-4.3675381480320725,exhale,22319.385700180657,22318.083700180392,22318.286700180433,,nan,nan,nan,nan,nan,nan,nan,nan,0.17919389506637873
nan,pause,22319.386700180657,22319.385700180657,nan,,nan,nan,nan,nan,nan,nan,nan,nan,0.671835574273856
4.236404586671296,inhale,22320.33970018085,22319.386700180657,22319.94670018077,,nan,nan,nan,nan,nan,nan,nan,nan,0.7470084764102376
nan,pause,22321.790700181147,22320.33970018085,nan,,nan,nan,nan,nan,nan,nan,nan,nan,0.3031805069472634
-4.121517410192763,exhale,22322.09970018121,22321.790700181147,22321.94670018118,,nan,nan,nan,nan,nan,nan,nan,nan,0.4878581060705667
nan,pause,22322.10070018121,22322.09970018121,nan,,nan,nan,nan,nan,nan,nan,nan,nan,0.44017797863106967
0.4750981954045784,inhale,22322.274700181246,22322.10070018121,22322.116700181214,,nan,nan,nan,nan,nan,nan,nan,nan,0.3977619054483023
nan,pause,22322.63970018132,22322.274700181246,nan,,nan,nan,nan,nan,nan,nan,nan,nan,0.018775350902814347
1.1924323686405343,inhale,22323.052700181404,22322.63970018132,22322.78670018135,,nan,nan,nan,nan,nan,nan,nan,nan,0.543285471158018
nan,pause,22324.317700181662,22323.052700181404,nan,,nan,nan,nan,nan,nan,nan,nan,nan,0.3683832100314606
-0.4143172639944266,exhale,22324.574700181714,22324.317700181662,22324.44670018169,,nan,nan,nan,nan,nan,nan,nan,nan,0.36383294703187863
nan,pause,22324.575700181715,22324.574700181714,nan,,nan,nan,nan,nan,nan,nan,nan,nan,0.17800526581723597
0.3178619763785845,inhale,22324.923700181786,22324.575700181715,22324.776700181756,,nan,nan,nan,nan,nan,nan,nan,nan,0.4375395711777317
nan,pause,22324.924700181786,22324.923700181786,nan,,nan,nan,nan,nan,nan,nan,nan,nan,0.11488773377143913
-0.34156749476027237,exhale,22325.19370018184,22324.924700181786,22325.116700181825,,nan,nan,nan,nan,nan,nan,nan,nan,-0.27910751280162893
nan,pause,22325.796700181963,22325.19370018184,nan,,nan,nan,nan,nan,nan,nan,nan,nan,-0.2588556599259555
3.4168387437587073,inhale,22326.11570018203,22325.796700181963,22325.946700181994,,nan,nan,nan,nan,nan,nan,nan,nan,-0.6608646719662661
nan,pause,22326.11670018203,22326.11570018203,nan,,nan,nan,nan,nan,nan,nan,nan,nan,-0.7592626412725401
-0.4395186753654977,exhale,22326.501700182107,22326.11670018203,22326.286700182063,,nan,nan,nan,nan,nan,nan,nan,nan,0.14586885537624217
nan,pause,22326.502700182107,22326.501700182107,nan,,nan,nan,nan,nan,nan,nan,nan,nan,0.3588809288172643
0.7584421932752514,inhale,22326.778700182163,22326.502700182107,22326.61670018213,,nan,nan,nan,nan,nan,nan,nan,nan,0.042873363422656574
nan,pause,22327.622700182335,22326.778700182163,nan,,nan,nan,nan,nan,nan,nan,nan,nan,0.09173349673109832
2.234957131631904,inhale,22328.698700182555,22327.622700182335,22327.78670018237,,nan,nan,nan,nan,nan,nan,nan,nan,0.15480106372054037
nan,pause,22328.699700182555,22328.698700182555,nan,,nan,nan,nan,nan,nan,nan,nan,nan,0.2514150690806535
-1.250020311397581,exhale,22330.134700182847,22328.699700182555,22328.786700182573,,nan,nan,nan,nan,nan,nan,nan,nan,0.08259481520132139
nan,pause,22328.699700182555,22330.134700182847,nan,,nan,nan,nan,nan,nan,nan,nan,nan,0.11858401194597845
-0.34118546869764504,exhale,22330.134700182847,22328.699700182555,22329.786700182776,,nan,nan,nan,nan,nan,nan,nan,nan,0.33680990858891224
nan,pause,22330.135700182847,22330.134700182847,nan,,nan,nan,nan,nan,nan,nan,nan,nan,-0.13112294448169726
2.517259659327385,inhale,22331.209700183066,22330.135700182847,22330.776700182978,,nan,nan,nan,nan,nan,nan,nan,nan,-0.06856316751902436
nan,pause,22331.210700183066,22331.209700183066,nan,,nan,nan,nan,nan,nan,nan,nan,nan,0.20611019319855473
-2.3407208713458787,exhale,22332.567700183343,22331.210700183066,22331.446700183114,,nan,nan,nan,nan,nan,nan,nan,nan,-0.17875314790109775
nan,pause,22332.568700183343,22332.567700183343,nan,,nan,nan,nan,nan,nan,nan,nan,nan,0.11098361703441295
2.6357741762711577,inhale,22333.514700183536,22332.568700183343,22332.956700183422,,nan,nan,nan,nan,nan,nan,nan,nan,0.08789448623536256
nan,pause,22333.515700183536,22333.514700183536,nan,,nan,nan,nan,nan,nan,nan,nan,nan,0.12949785270325886
-2.1914874809635627,exhale,22334.91570018382,22333.515700183536,22333.616700183557,,nan,nan,nan,nan,nan,nan,nan,nan,0.1232337530325398
nan,pause,22334.91670018382,22334.91570018382,nan,,nan,nan,nan,nan,nan,nan,nan,nan,-0.2206549809409285
2.7245647058811184,inhale,22335.793700184,22334.91670018382,22335.44670018393,,nan,nan,nan,nan,nan,nan,nan,nan,0.024541750197196843
nan,pause,22335.794700184,22335.793700184,nan,,nan,nan,nan,nan,nan,nan,nan,nan,0.1436111503220976
-2.723333867834363,exhale,22337.047700184256,22335.794700184,22335.956700184033,,nan,nan,nan,nan,nan,nan,nan,nan,-0.08095714157408718
nan,pause,22337.048700184256,22337.047700184256,nan,,nan,nan,nan,nan,nan,nan,nan,nan,0.4231039200092249
3.3585455197228242,inhale,22337.91070018443,22337.048700184256,22337.61670018437,,nan,nan,nan,nan,nan,nan,nan,nan,-0.39655381231710396
nan,pause,22337.91170018443,22337.91070018443,nan,,nan,nan,nan,nan,nan,nan,nan,nan,-1.0988505949596687
-2.874744268491875,exhale,22339.246700184704,22337.91170018443,22338.116700184473,,nan,nan,nan,nan,nan,nan,nan,nan,1.0291853395670976
nan,pause,22339.247700184704,22339.246700184704,nan,,nan,nan,nan,nan,nan,nan,nan,nan,2.857292137151288
3.239826420388365,inhale,22340.15570018489,22339.247700184704,22339.786700184814,,nan,nan,nan,nan,nan,nan,nan,nan,1.2692710980366648
nan,pause,22340.15670018489,22340.15570018489,nan,,nan,nan,nan,nan,nan,nan,nan,nan,4.620655632521263
-2.2217572008853983,exhale,22341.413700185145,22340.15670018489,22340.446700184948,,nan,nan,nan,nan,nan,nan,nan,nan,5.089840699836573
nan,pause,22341.414700185145,22341.413700185145,nan,,nan,nan,nan,nan,nan,nan,nan,nan,5.05832981130791
3.2212051613959494,inhale,22342.256700185317,22341.414700185145,22341.78670018522,,nan,nan,nan,nan,nan,nan,nan,nan,1.6706978775664059
nan,pause,22342.257700185317,22342.256700185317,nan,,nan,nan,nan,nan,nan,nan,nan,nan,-1.195735002143437
-2.1917155031735995,exhale,22343.59570018559,22342.257700185317,22342.446700185355,,nan,nan,nan,nan,nan,nan,nan,nan,3.2832841017613
nan,pause,22343.59670018559,22343.59570018559,nan,,nan,nan,nan,nan,nan,nan,nan,nan,1.6520360891752954
2.817265964931173,inhale,22344.48470018577,22343.59670018559,22343.956700185663,,nan,nan,nan,nan,nan,nan,nan,nan,2.691012087258006
nan,pause,22344.48570018577,22344.48470018577,nan,,nan,nan,nan,nan,nan,nan,nan,nan,3.6964138411815863
-2.6913862749941524,exhale,22345.66170018601,22344.48570018577,22344.616700185798,,nan,nan,nan,nan,nan,nan,nan,nan,4.300046781362763
nan,pause,22345.66270018601,22345.66170018601,nan,,nan,nan,nan,nan,nan,nan,nan,nan,2.7468915331684007
3.491923336686523,inhale,22346.563700186194,22345.66270018601,22346.116700186103,,nan,nan,nan,nan,nan,nan,nan,nan,3.8993578042596067
nan,pause,22346.564700186194,22346.563700186194,nan,,nan,nan,nan,nan,nan,nan,nan,nan,4.011279142281618
-2.5784936159572642,exhale,22347.81170018645,22346.564700186194,22346.78670018624,,nan,nan,nan,nan,nan,nan,nan,nan,5.12068813285226
nan,pause,22347.81270018645,22347.81170018645,nan,,nan,nan,nan,nan,nan,nan,nan,nan,1.9018579448088229
3.504021120880151,inhale,22348.643700186618,22347.81270018645,22348.276700186543,,nan,nan,nan,nan,nan,nan,nan,nan,2.261194381693909
nan,pause,22348.644700186618,22348.643700186618,nan,,nan,nan,nan,nan,nan,nan,nan,nan,6.805623495351762
-3.1219736882082993,exhale,22350.137700186922,22348.644700186618,22348.786700186647,,nan,nan,nan,nan,nan,nan,nan,nan,5.593881278392823
nan,pause,22350.138700186923,22350.137700186922,nan,,nan,nan,nan,nan,nan,nan,nan,nan,-1.7206342053625168
3.3919647226808745,inhale,22351.042700187107,22350.138700186923,22350.61670018702,,nan,nan,nan,nan,nan,nan,nan,nan,2.2941775404690983
nan,pause,22351.043700187107,22351.042700187107,nan,,nan,nan,nan,nan,nan,nan,nan,nan,4.0793096814567225
-2.675392551452758,exhale,22352.470700187398,22351.043700187107,22351.286700187156,,nan,nan,nan,nan,nan,nan,nan,nan,2.5004631758240867
nan,pause,22352.471700187398,22352.470700187398,nan,,nan,nan,nan,nan,nan,nan,nan,nan,3.0264759367701775
3.0539273815410293,inhale,22353.36370018758,22352.471700187398,22352.786700187462,,nan,nan,nan,nan,nan,nan,nan,nan,4.137112681323281
nan,pause,22353.36470018758,22353.36370018758,nan,,nan,nan,nan,nan,nan,nan,nan,nan,3.3008334531956507
-2.6913031052552103,exhale,22354.60170018783,22353.36470018758,22353.61670018763,,nan,nan,nan,nan,nan,nan,nan,nan,0.7983122605030353
nan,pause,22354.602700187832,22354.60170018783,nan,,nan,nan,nan,nan,nan,nan,nan,nan,3.2526211036760277
3.4254068487431755,inhale,22355.451700188005,22354.602700187832,22355.116700187937,,nan,nan,nan,nan,nan,nan,nan,nan,0.7345596466588615
nan,pause,22355.452700188005,22355.451700188005,nan,,nan,nan,nan,nan,nan,nan,nan,nan,-0.5885615595410703
-3.5745817128972175,exhale,22356.70470018826,22355.452700188005,22355.61670018804,,nan,nan,nan,nan,nan,nan,nan,nan,-0.1904564971869238
nan,pause,22356.70570018826,22356.70470018826,nan,,nan,nan,nan,nan,nan,nan,nan,nan,-0.5074117595557048
3.3087255461410807,inhale,22357.568700188436,22356.70570018826,22357.116700188344,,nan,nan,nan,nan,nan,nan,nan,nan,-0.46837666136393064
nan,pause,22357.569700188436,22357.568700188436,nan,,nan,nan,nan,nan,nan,nan,nan,nan,-1.0265976097291611
-3.059311816112508,exhale,22358.947700188717,22357.569700188436,22357.78670018848,,nan,nan,nan,nan,nan,nan,nan,nan,-1.3192223072194804
nan,pause,22358.948700188717,22358.947700188717,nan,,nan,nan,nan,nan,nan,nan,nan,nan,-0.6987340905260808
4.022146785317692,inhale,22359.821700188895,22358.948700188717,22359.44670018882,,nan,nan,nan,nan,nan,nan,nan,nan,-1.047898483085774
nan,pause,22359.822700188895,22359.821700188895,nan,,nan,nan,nan,nan,nan,nan,nan,nan,-0.42719116787313194
-3.2512476755192745,exhale,22361.159700189168,22359.822700188895,22359.956700188923,,nan,nan,nan,nan,nan,nan,nan,nan,-0.23709330926343908
nan,pause,22361.160700189168,22361.159700189168,nan,,nan,nan,nan,nan,nan,nan,nan,nan,0.21428367417135075
3.4920671039034827,inhale,22362.024700189344,22361.160700189168,22361.61670018926,,nan,nan,nan,nan,nan,nan,nan,nan,-0.11582041204138216
nan,pause,22362.025700189344,22362.024700189344,nan,,nan,nan,nan,nan,nan,nan,nan,nan,-0.17813595329377052
-3.5613210467102836,exhale,22363.269700189598,22362.025700189344,22362.276700189395,,nan,nan,nan,nan,nan,nan,nan,nan,0.27410470581130897
nan,pause,22363.270700189598,22363.269700189598,nan,,nan,nan,nan,nan,nan,nan,nan,nan,-1.6279703720703136
3.7914292652017334,inhale,22364.092700189765,22363.270700189598,22363.7767001897,,nan,nan,nan,nan,nan,nan,nan,nan,0.02541071485173789
nan,pause,22364.093700189766,22364.092700189765,nan,,nan,nan,nan,nan,nan,nan,nan,nan,0.08213375081836605
-2.620428520334678,exhale,22365.58670019007,22364.093700189766,22364.286700189805,,nan,nan,nan,nan,nan,nan,nan,nan,0.10265890997512633
nan,pause,22365.58770019007,22365.58670019007,nan,,nan,nan,nan,nan,nan,nan,nan,nan,0.1687079015564441
3.093213804466285,inhale,22366.530700190262,22365.58770019007,22366.286700190212,,nan,nan,nan,nan,nan,nan,nan,nan,0.05277782922922197
nan,pause,22366.531700190262,22366.530700190262,nan,,nan,nan,nan,nan,nan,nan,nan,nan,0.18777164000212693
-3.2558723673462966,exhale,22367.39570019044,22366.531700190262,22366.786700190314,,nan,nan,nan,nan,nan,nan,nan,nan,0.2657452290571377
nan,pause,22367.39670019044,22367.39570019044,nan,,nan,nan,nan,nan,nan,nan,nan,nan,0.021272645871040774
0.3057238285055958,pause,22367.515700190463,22367.39670019044,22367.44670019045,,nan,nan,nan,nan,nan,nan,nan,nan,0.22212928851382058
nan,pause,22368.693700190703,22367.515700190463,nan,,nan,nan,nan,nan,nan,nan,nan,nan,-0.011500870102401084
4.515815397094026,inhale,22369.745700190917,22368.693700190703,22369.446700190856,,nan,nan,nan,nan,nan,nan,nan,nan,0.042584278041679635
nan,pause,22369.746700190917,22369.745700190917,nan,,nan,nan,nan,nan,nan,nan,nan,nan,0.21358093749461127
-2.0779362210765404,exhale,22371.247700191223,22369.746700190917,22370.286700191027,,nan,nan,nan,nan,nan,nan,nan,nan,0.08754142192085268
nan,pause,22371.248700191223,22371.247700191223,nan,,nan,nan,nan,nan,nan,nan,nan,nan,-0.004304748804159542
2.9411723015808104,inhale,22372.25670019143,22371.248700191223,22371.946700191365,,nan,nan,nan,nan,nan,nan,nan,nan,0.2808836186883137
nan,pause,22372.25770019143,22372.25670019143,nan,,nan,nan,nan,nan,nan,nan,nan,nan,0.23252052738766515
-2.8919706867347656,exhale,22373.73170019173,22372.25770019143,22372.446700191467,,nan,nan,nan,nan,nan,nan,nan,nan,0.0746168685777826
nan,pause,22373.73270019173,22373.73170019173,nan,,nan,nan,nan,nan,nan,nan,nan,nan,-0.12208249137241411
3.142181353520225,inhale,22374.641700191914,22373.73270019173,22374.116700191807,,nan,nan,nan,nan,nan,nan,nan,nan,-0.3040474497222183
nan,pause,22374.642700191915,22374.641700191914,nan,,nan,nan,nan,nan,nan,nan,nan,nan,0.4134324065186388
-3.1336732035800092,exhale,22375.877700192166,22374.642700191915,22374.786700191944,,nan,nan,nan,nan,nan,nan,nan,nan,0.5064080259464037
nan,pause,22375.878700192166,22375.877700192166,nan,,nan,nan,nan,nan,nan,nan,nan,nan,0.28714951084938134
2.971523319630128,inhale,22376.910700192377,22375.878700192166,22376.28670019225,,nan,nan,nan,nan,nan,nan,nan,nan,0.08694249495752837
nan,pause,22376.911700192377,22376.910700192377,nan,,nan,nan,nan,nan,nan,nan,nan,nan,0.8126009986043576
-2.4743864416491923,exhale,22378.10770019262,22376.911700192377,22377.11670019242,,nan,nan,nan,nan,nan,nan,nan,nan,0.5960206899401426
nan,pause,22378.10870019262,22378.10770019262,nan,,nan,nan,nan,nan,nan,nan,nan,nan,0.8106890708219829
3.308923543455304,inhale,22379.03770019281,22378.10870019262,22378.616700192724,,nan,nan,nan,nan,nan,nan,nan,nan,0.24048261474534094
nan,pause,22379.03870019281,22379.03770019281,nan,,nan,nan,nan,nan,nan,nan,nan,nan,0.22471079842880037
-2.4812116912072937,exhale,22380.4597001931,22379.03870019281,22379.28670019286,,nan,nan,nan,nan,nan,nan,nan,nan,0.6342045739274393
nan,pause,22380.4607001931,22380.4597001931,nan,,nan,nan,nan,nan,nan,nan,nan,nan,0.6889716528140593
2.50860360321853,inhale,22381.368700193285,22380.4607001931,22380.786700193166,,nan,nan,nan,nan,nan,nan,nan,nan,0.4317802953162311
nan,pause,22381.369700193285,22381.368700193285,nan,,nan,nan,nan,nan,nan,nan,nan,nan,-0.027904195012986577
-2.957744814047495,exhale,22382.602700193536,22381.369700193285,22381.616700193335,,nan,nan,nan,nan,nan,nan,nan,nan,-0.09208618883756703
nan,pause,22382.603700193536,22382.602700193536,nan,,nan,nan,nan,nan,nan,nan,nan,nan,0.666199004528413
3.3696352782165633,inhale,22383.466700193712,22382.603700193536,22382.95670019361,,nan,nan,nan,nan,nan,nan,nan,nan,0.12982376969935228
nan,pause,22383.467700193713,22383.466700193712,nan,,nan,nan,nan,nan,nan,nan,nan,nan,0.30064632050012996
-2.9577239189658355,exhale,22384.870700194,22383.467700193713,22383.616700193743,,nan,nan,nan,nan,nan,nan,nan,nan,0.8106949729539754
nan,pause,22384.871700194,22384.870700194,nan,,nan,nan,nan,nan,nan,nan,nan,nan,0.6339840145015092
3.3013987426320472,inhale,22385.748700194177,22384.871700194,22385.446700194116,,nan,nan,nan,nan,nan,nan,nan,nan,0.2341212124919032
nan,pause,22385.749700194177,22385.748700194177,nan,,nan,nan,nan,nan,nan,nan,nan,nan,0.7957108942288988
-2.7975153484130066,exhale,22387.14370019446,22385.749700194177,22385.95670019422,,nan,nan,nan,nan,nan,nan,nan,nan,0.000996843577316664
nan,pause,22387.14470019446,22387.14370019446,nan,,nan,nan,nan,nan,nan,nan,nan,nan,0.1889893354265504
3.0257063963590425,inhale,22388.01970019464,22387.14470019446,22387.616700194558,,nan,nan,nan,nan,nan,nan,nan,nan,0.24835546115171292
nan,pause,22388.02070019464,22388.01970019464,nan,,nan,nan,nan,nan,nan,nan,nan,nan,0.16708867276947892
-2.7409836848264537,exhale,22389.211700194883,22388.02070019464,22388.11670019466,,nan,nan,nan,nan,nan,nan,nan,nan,0.11531332687032969
nan,pause,22389.212700194883,22389.211700194883,nan,,nan,nan,nan,nan,nan,nan,nan,nan,0.1978599230342435
3.1711037780597,inhale,22390.056700195055,22389.212700194883,22389.776700194998,,nan,nan,nan,nan,nan,nan,nan,nan,1.3343205108399177
nan,pause,22390.057700195055,22390.056700195055,nan,,nan,nan,nan,nan,nan,nan,nan,nan,0.27933851514941754
-2.4852313541244344,exhale,22391.336700195316,22390.057700195055,22390.2867001951,,nan,nan,nan,nan,nan,nan,nan,nan,0.933198718985891
nan,pause,22391.337700195316,22391.336700195316,nan,,nan,nan,nan,nan,nan,nan,nan,nan,0.05380705049547585
2.173105934368856,inhale,22392.210700195494,22391.337700195316,22391.94670019544,,nan,nan,nan,nan,nan,nan,nan,nan,2.6491594943903674
nan,pause,22392.211700195494,22392.210700195494,nan,,nan,nan,nan,nan,nan,nan,nan,nan,1.8561386046990194
-2.2904898471147006,exhale,22393.351700195726,22392.211700195494,22392.44670019554,,nan,nan,nan,nan,nan,nan,nan,nan,2.746351158239339
nan,pause,22393.352700195726,22393.351700195726,nan,,nan,nan,nan,nan,nan,nan,nan,nan,-0.4342214692740338
2.3711440714391343,inhale,22394.187700195896,22393.352700195726,22393.946700195847,,nan,nan,nan,nan,nan,nan,nan,nan,2.3490459909392856
nan,pause,22394.188700195897,22394.187700195896,nan,,nan,nan,nan,nan,nan,nan,nan,nan,0.7041199630638997
-2.137192477839841,exhale,22395.53170019617,22394.188700195897,22394.286700195917,,nan,nan,nan,nan,nan,nan,nan,nan,1.7955972122939095
nan,pause,22395.53270019617,22395.53170019617,nan,,nan,nan,nan,nan,nan,nan,nan,nan,2.8170330136713577
2.4590856018921294,inhale,22396.351700196337,22395.53270019617,22396.11570019629,,nan,nan,nan,nan,nan,nan,nan,nan,3.2493240161175234
nan,pause,22396.352700196338,22396.351700196337,nan,,nan,nan,nan,nan,nan,nan,nan,nan,0.8413987463864969
-1.974206985403123,exhale,22397.925700196658,22396.352700196338,22396.61670019639,,nan,nan,nan,nan,nan,nan,nan,nan,3.7436702919679177
nan,pause,22397.92670019666,22397.925700196658,nan,,nan,nan,nan,nan,nan,nan,nan,nan,5.688603459441726
2.4424066163777436,inhale,22398.857700196848,22397.92670019666,22398.6167001968,,nan,nan,nan,nan,nan,nan,nan,nan,3.1173350037712257
nan,pause,22398.858700196848,22398.857700196848,nan,,nan,nan,nan,nan,nan,nan,nan,nan,2.8365292662738435
-2.0575840235773697,exhale,22400.321700197146,22398.858700196848,22399.1167001969,,nan,nan,nan,nan,nan,nan,nan,nan,2.626065089077347
nan,pause,22400.322700197146,22400.321700197146,nan,,nan,nan,nan,nan,nan,nan,nan,nan,3.6569548174027346
2.5754986363919237,inhale,22401.204700197326,22400.322700197146,22400.946700197273,,nan,nan,nan,nan,nan,nan,nan,nan,4.064941815347417
nan,pause,22401.205700197326,22401.204700197326,nan,,nan,nan,nan,nan,nan,nan,nan,nan,3.705570174729367
-2.0012952823889516,exhale,22402.5507001976,22401.205700197326,22401.446700197375,,nan,nan,nan,nan,nan,nan,nan,nan,3.147283972542127
nan,pause,22402.5517001976,22402.5507001976,nan,,nan,nan,nan,nan,nan,nan,nan,nan,3.9148066322878465
2.4578307696379813,inhale,22403.456700197785,22402.5517001976,22403.276700197748,,nan,nan,nan,nan,nan,nan,nan,nan,2.6723964763293324
nan,pause,22403.457700197785,22403.456700197785,nan,,nan,nan,nan,nan,nan,nan,nan,nan,4.02041856410081
-2.7741399034225416,exhale,22404.816700198062,22403.457700197785,22403.616700197817,,nan,nan,nan,nan,nan,nan,nan,nan,3.184089505398161
nan,pause,22404.817700198062,22404.816700198062,nan,,nan,nan,nan,nan,nan,nan,nan,nan,3.3144389998097115
2.5758679219942326,inhale,22405.664700198235,22404.817700198062,22405.116700198123,,nan,nan,nan,nan,nan,nan,nan,nan,2.6789533791666873
nan,pause,22405.665700198235,22405.664700198235,nan,,nan,nan,nan,nan,nan,nan,nan,nan,2.686727772674491
-2.299025734201437,exhale,22406.9687001985,22405.665700198235,22405.78670019826,,nan,nan,nan,nan,nan,nan,nan,nan,2.7651213203950116
nan,pause,22406.9697001985,22406.9687001985,nan,,nan,nan,nan,nan,nan,nan,nan,nan,2.237791510773553
2.6057884247707017,inhale,22407.75870019866,22406.9697001985,22407.286700198565,,nan,nan,nan,nan,nan,nan,nan,nan,2.082635820698354
nan,pause,22407.75970019866,22407.75870019866,nan,,nan,nan,nan,nan,nan,nan,nan,nan,2.347778361860275
-2.9845832698642867,exhale,22409.008700198916,22407.75970019866,22407.9567001987,,nan,nan,nan,nan,nan,nan,nan,nan,0.48028606318175227
nan,pause,22409.009700198916,22409.008700198916,nan,,nan,nan,nan,nan,nan,nan,nan,nan,1.244669522249736
2.6242573911530327,inhale,22409.831700199084,22409.009700198916,22409.446700199005,,nan,nan,nan,nan,nan,nan,nan,nan,-0.3044358166529286
nan,pause,22409.832700199084,22409.831700199084,nan,,nan,nan,nan,nan,nan,nan,nan,nan,0.5308419458493168
-3.265332427623122,exhale,22411.00070019932,22409.832700199084,22409.95670019911,,nan,nan,nan,nan,nan,nan,nan,nan,0.5222513799827548
nan,pause,22411.001700199322,22411.00070019932,nan,,nan,nan,nan,nan,nan,nan,nan,nan,0.10681910563127373
2.5092243926743047,inhale,22411.813700199487,22411.001700199322,22411.616700199447,,nan,nan,nan,nan,nan,nan,nan,nan,0.06616158430016039
nan,pause,22411.814700199488,22411.813700199487,nan,,nan,nan,nan,nan,nan,nan,nan,nan,0.232508304679107
-2.8099522142917235,exhale,22413.00370019973,22411.814700199488,22411.956700199516,,nan,nan,nan,nan,nan,nan,nan,nan,0.19462340207762097
nan,pause,22413.00470019973,22413.00370019973,nan,,nan,nan,nan,nan,nan,nan,nan,nan,0.44488317666602795
2.60857429867079,inhale,22413.8377001999,22413.00470019973,22413.456700199822,,nan,nan,nan,nan,nan,nan,nan,nan,0.5415604703929497
nan,pause,22413.8387001999,22413.8377001999,nan,,nan,nan,nan,nan,nan,nan,nan,nan,-0.07339492921561597
-2.7360108324130246,exhale,22415.091700200155,22413.8387001999,22413.956700199924,,nan,nan,nan,nan,nan,nan,nan,nan,0.4140682731674499
nan,pause,22415.092700200155,22415.091700200155,nan,,nan,nan,nan,nan,nan,nan,nan,nan,0.39634636291845515
2.4925646031989674,inhale,22415.972700200335,22415.092700200155,22415.616700200262,,nan,nan,nan,nan,nan,nan,nan,nan,-0.053170130963771545
nan,pause,22415.973700200335,22415.972700200335,nan,,nan,nan,nan,nan,nan,nan,nan,nan,0.2420008415818864
-2.0407272799128244,exhale,22417.194700200584,22415.973700200335,22416.116700200364,,nan,nan,nan,nan,nan,nan,nan,nan,0.5897184889651017
nan,pause,22417.195700200584,22417.194700200584,nan,,nan,nan,nan,nan,nan,nan,nan,nan,0.5005316186231523
2.742581838995159,inhale,22417.987700200745,22417.195700200584,22417.61670020067,,nan,nan,nan,nan,nan,nan,nan,nan,0.356040422329293
nan,pause,22417.988700200745,22417.987700200745,nan,,nan,nan,nan,nan,nan,nan,nan,nan,-0.24307607707347278
-2.5074076354712336,exhale,22418.916700200934,22417.988700200745,22418.11670020077,,nan,nan,nan,nan,nan,nan,nan,nan,0.009720153533163245
nan,pause,22419.49070020105,22418.916700200934,nan,,nan,nan,nan,nan,nan,nan,nan,nan,0.2762050763136772
0.34259939256193317,inhale,22419.664700201087,22419.49070020105,22419.616700201077,,nan,nan,nan,nan,nan,nan,nan,nan,0.25177735400436596
nan,pause,22420.303700201217,22419.664700201087,nan,,nan,nan,nan,nan,nan,nan,nan,nan,0.4649345951910897
0.7772040383825928,inhale,22420.76770020131,22420.303700201217,22420.456700201248,,nan,nan,nan,nan,nan,nan,nan,nan,0.11210006217365542
nan,pause,22420.965700201352,22420.76770020131,nan,,nan,nan,nan,nan,nan,nan,nan,nan,0.25747641737607907
0.40271328301352355,inhale,22421.387700201438,22420.965700201352,22421.276700201415,,nan,nan,nan,nan,nan,nan,nan,nan,0.33890976207222456
nan,pause,22423.473700201863,22421.387700201438,nan,,nan,nan,nan,nan,nan,nan,nan,nan,0.6211938115668025
-0.3739585260869361,exhale,22423.689700201907,22423.473700201863,22423.616700201892,,nan,nan,nan,nan,nan,nan,nan,nan,0.11230896837547633
nan,pause,22423.690700201907,22423.689700201907,nan,,nan,nan,nan,nan,nan,nan,nan,nan,0.04908752371937952
0.46244202200694035,inhale,22423.90170020195,22423.690700201907,22423.786700201927,,nan,nan,nan,nan,nan,nan,nan,nan,0.42220064167982185
nan,pause,22423.90270020195,22423.90170020195,nan,,nan,nan,nan,nan,nan,nan,nan,nan,0.7475592379757923
-1.0725043517882422,exhale,22424.809700202135,22423.90270020195,22424.44670020206,,nan,nan,nan,nan,nan,nan,nan,nan,1.2757386442628151
nan,pause,22424.810700202135,22424.809700202135,nan,,nan,nan,nan,nan,nan,nan,nan,nan,-0.17447984732363953
0.7260506485970848,inhale,22425.252700202225,22424.810700202135,22425.116700202198,,nan,nan,nan,nan,nan,nan,nan,nan,-0.09083000831412669
nan,pause,22427.368700202656,22425.252700202225,nan,,nan,nan,nan,nan,nan,nan,nan,nan,-0.07833523356728145
-0.9241143635083212,exhale,22429.127700203015,22427.368700202656,22428.946700202978,,nan,nan,nan,nan,nan,nan,nan,nan,0.5131736648279963
nan,pause,22429.128700203015,22429.127700203015,nan,,nan,nan,nan,nan,nan,nan,nan,nan,0.22456268124054835
7.2147023328337445,inhale,22430.020700203197,22429.128700203015,22429.45670020308,,nan,nan,nan,nan,nan,nan,nan,nan,0.31407245837858233
nan,pause,22430.021700203197,22430.020700203197,nan,,nan,nan,nan,nan,nan,nan,nan,nan,0.7711868187473931
-3.10729406813266,exhale,22431.624700203523,22430.021700203197,22430.116700203216,,nan,nan,nan,nan,nan,nan,nan,nan,0.30495569493287333
nan,pause,22431.625700203524,22431.624700203523,nan,,nan,nan,nan,nan,nan,nan,nan,nan,1.5225812892594677
12.902522952653209,inhale,22432.405700203682,22431.625700203524,22431.95670020359,,nan,nan,nan,nan,nan,nan,nan,nan,-1.047185417599763
nan,pause,22432.406700203683,22432.405700203682,nan,,nan,nan,nan,nan,nan,nan,nan,nan,0.9034209908334123
-5.990567820823529,exhale,22433.91870020399,22432.406700203683,22432.616700203725,,nan,nan,nan,nan,nan,nan,nan,nan,-0.08331379019417451
nan,pause,22433.91970020399,22433.91870020399,nan,,nan,nan,nan,nan,nan,nan,nan,nan,0.29034611340367045
12.164522252699417,inhale,22434.723700204155,22433.91970020399,22434.286700204066,,nan,nan,nan,nan,nan,nan,nan,nan,0.9661066556864677
nan,pause,22434.724700204155,22434.723700204155,nan,,nan,nan,nan,nan,nan,nan,nan,nan,0.05609460601470184
-8.392890922865266,exhale,22436.13270020444,22434.724700204155,22434.9467002042,,nan,nan,nan,nan,nan,nan,nan,nan,0.27515078578877006
nan,pause,22436.133700204442,22436.13270020444,nan,,nan,nan,nan,nan,nan,nan,nan,nan,0.5507645659517499
14.611437388112071,inhale,22436.9117002046,22436.133700204442,22436.446700204506,,nan,nan,nan,nan,nan,nan,nan,nan,-0.06932982620008765
nan,pause,22436.9127002046,22436.9117002046,nan,,nan,nan,nan,nan,nan,nan,nan,nan,0.37287678452050343
-7.957224316409436,exhale,22438.27970020488,22436.9127002046,22437.116700204642,,nan,nan,nan,nan,nan,nan,nan,nan,0.4890527835565348
nan,pause,22438.28070020488,22438.27970020488,nan,,nan,nan,nan,nan,nan,nan,nan,nan,-0.23652784929980264
13.142769008935183,inhale,22439.053700205037,22438.28070020488,22438.616700204948,,nan,nan,nan,nan,nan,nan,nan,nan,0.35882035143385016
nan,pause,22439.054700205037,22439.053700205037,nan,,nan,nan,nan,nan,nan,nan,nan,nan,0.4218552741663597
-8.877667376337099,exhale,22440.406700205313,22439.054700205037,22439.286700205084,,nan,nan,nan,nan,nan,nan,nan,nan,-0.047941384807557164
nan,pause,22440.407700205313,22440.406700205313,nan,,nan,nan,nan,nan,nan,nan,nan,nan,0.19307505254727841
16.067369747214673,inhale,22441.218700205478,22440.407700205313,22440.78670020539,,nan,nan,nan,nan,nan,nan,nan,nan,-0.019512192524409944
nan,pause,22441.219700205478,22441.218700205478,nan,,nan,nan,nan,nan,nan,nan,nan,nan,0.03627199302661399
-7.820746975389496,exhale,22442.835700205807,22441.219700205478,22441.446700205524,,nan,nan,nan,nan,nan,nan,nan,nan,-0.02103172446493362
nan,pause,22442.836700205808,22442.835700205807,nan,,nan,nan,nan,nan,nan,nan,nan,nan,0.5124219508290622
13.142805710762042,inhale,22443.707700205985,22442.836700205808,22443.116700205865,,nan,nan,nan,nan,nan,nan,nan,nan,0.6054750888078895
nan,pause,22443.708700205985,22443.707700205985,nan,,nan,nan,nan,nan,nan,nan,nan,nan,-0.759062224055969
-7.077911395844494,exhale,22445.179700206285,22443.708700205985,22443.946700206034,,nan,nan,nan,nan,nan,nan,nan,nan,-0.20791574148424807
nan,pause,22445.180700206285,22445.179700206285,nan,,nan,nan,nan,nan,nan,nan,nan,nan,4.857292160226382
12.592833194855329,inhale,22446.073700206467,22445.180700206285,22445.616700206374,,nan,nan,nan,nan,nan,nan,nan,nan,2.0366718730688116
nan,pause,22446.074700206467,22446.073700206467,nan,,nan,nan,nan,nan,nan,nan,nan,nan,2.312312920897088
-6.473114124306329,exhale,22448.532700206968,22446.074700206467,22446.28670020651,,nan,nan,nan,nan,nan,nan,nan,nan,2.151930516012966
nan,pause,22448.53370020697,22448.532700206968,nan,,nan,nan,nan,nan,nan,nan,nan,nan,-0.22999747596421294
6.726271448939544,inhale,22449.658700207197,22448.53370020697,22449.116700207087,,nan,nan,nan,nan,nan,nan,nan,nan,3.284840605529682
nan,pause,22449.659700207198,22449.658700207197,nan,,nan,nan,nan,nan,nan,nan,nan,nan,0.7186633657724926
-6.443847441150443,exhale,22451.6337002076,22449.659700207198,22451.28670020753,,nan,nan,nan,nan,nan,nan,nan,nan,9.09167863001074
nan,pause,22451.6347002076,22451.6337002076,nan,,nan,nan,nan,nan,nan,nan,nan,nan,-5.281743942210582
12.986779862318475,inhale,22452.6087002078,22451.6347002076,22451.78670020763,,nan,nan,nan,nan,nan,nan,nan,nan,1.4624337298145758
nan,pause,22452.6097002078,22452.6087002078,nan,,nan,nan,nan,nan,nan,nan,nan,nan,9.958301247022492
-7.024399970379844,exhale,22454.250700208133,22452.6097002078,22452.786700207835,,nan,nan,nan,nan,nan,nan,nan,nan,7.773881022583655
nan,pause,22454.251700208133,22454.250700208133,nan,,nan,nan,nan,nan,nan,nan,nan,nan,4.576864905406884
14.426316269915603,inhale,22455.143700208315,22454.251700208133,22454.616700208207,,nan,nan,nan,nan,nan,nan,nan,nan,5.558229029186261
nan,pause,22455.144700208315,22455.143700208315,nan,,nan,nan,nan,nan,nan,nan,nan,nan,7.002127646281025
-6.789375783409934,exhale,22456.84670020866,22455.144700208315,22455.286700208344,,nan,nan,nan,nan,nan,nan,nan,nan,5.418204014979252
nan,pause,22456.847700208662,22456.84670020866,nan,,nan,nan,nan,nan,nan,nan,nan,nan,1.7128008951666471
12.286670494424031,inhale,22457.657700208827,22456.847700208662,22457.446700208784,,nan,nan,nan,nan,nan,nan,nan,nan,5.664706997028276
nan,pause,22457.658700208827,22457.657700208827,nan,,nan,nan,nan,nan,nan,nan,nan,nan,5.919275297258323
-10.372993353016765,exhale,22459.154700209132,22457.658700208827,22457.786700208853,,nan,nan,nan,nan,nan,nan,nan,nan,0.8880190267928469
nan,pause,22459.155700209132,22459.154700209132,nan,,nan,nan,nan,nan,nan,nan,nan,nan,5.792442510019918
14.55965772384566,inhale,22459.968700209298,22459.155700209132,22459.616700209226,,nan,nan,nan,nan,nan,nan,nan,nan,5.129333818741143
nan,pause,22459.969700209298,22459.968700209298,nan,,nan,nan,nan,nan,nan,nan,nan,nan,0.06694826927133235
-8.757013950549478,exhale,22461.4477002096,22459.969700209298,22460.116700209328,,nan,nan,nan,nan,nan,nan,nan,nan,3.7153993927386137
nan,pause,22461.4487002096,22461.4477002096,nan,,nan,nan,nan,nan,nan,nan,nan,nan,6.831588116823768
15.646489407802552,inhale,22462.264700209766,22461.4487002096,22461.9467002097,,nan,nan,nan,nan,nan,nan,nan,nan,4.097028100129403
nan,pause,22462.265700209766,22462.264700209766,nan,,nan,nan,nan,nan,nan,nan,nan,nan,4.5605118806932445
-8.078625807311699,exhale,22463.876700210094,22462.265700209766,22462.456700209805,,nan,nan,nan,nan,nan,nan,nan,nan,7.34694775334639
nan,pause,22463.877700210094,22463.876700210094,nan,,nan,nan,nan,nan,nan,nan,nan,nan,4.584453465319797
15.111224460307527,inhale,22464.665700210255,22463.877700210094,22464.276700210175,,nan,nan,nan,nan,nan,nan,nan,nan,6.006983380745815
nan,pause,22464.666700210255,22464.665700210255,nan,,nan,nan,nan,nan,nan,nan,nan,nan,4.2262436843521005
-8.708283212201849,exhale,22466.133700210554,22464.666700210255,22464.78670021028,,nan,nan,nan,nan,nan,nan,nan,nan,2.110783062014196
nan,pause,22466.134700210554,22466.133700210554,nan,,nan,nan,nan,nan,nan,nan,nan,nan,4.799226796721564
16.811260900807323,inhale,22466.923700210715,22466.134700210554,22466.45670021062,,nan,nan,nan,nan,nan,nan,nan,nan,1.5849244914239051
nan,pause,22466.924700210715,22466.923700210715,nan,,nan,nan,nan,nan,nan,nan,nan,nan,4.5192126935081625
-8.673551072238805,exhale,22468.285700210992,22466.924700210715,22467.116700210754,,nan,nan,nan,nan,nan,nan,nan,nan,3.733595361127257
nan,pause,22468.286700210992,22468.285700210992,nan,,nan,nan,nan,nan,nan,nan,nan,nan,0.824113969989952
16.609740307768252,inhale,22469.00270021114,22468.286700210992,22468.61670021106,,nan,nan,nan,nan,nan,nan,nan,nan,3.59464624359057
nan,pause,22469.00370021114,22469.00270021114,nan,,nan,nan,nan,nan,nan,nan,nan,nan,4.782482030622516
-8.94289042957566,exhale,22470.459700211435,22469.00370021114,22469.276700211194,,nan,nan,nan,nan,nan,nan,nan,nan,3.4539010986998813
nan,pause,22470.460700211435,22470.459700211435,nan,,nan,nan,nan,nan,nan,nan,nan,nan,4.738577843551905
16.193101119983172,inhale,22471.31570021161,22470.460700211435,22470.7867002115,,nan,nan,nan,nan,nan,nan,nan,nan,5.503260082386977
nan,pause,22471.31670021161,22471.31570021161,nan,,nan,nan,nan,nan,nan,nan,nan,nan,1.613998874544813
-5.756917297385935,exhale,22472.974700211947,22471.31670021161,22471.61670021167,,nan,nan,nan,nan,nan,nan,nan,nan,3.103968398015752
nan,pause,22472.975700211948,22472.974700211947,nan,,nan,nan,nan,nan,nan,nan,nan,nan,4.480325918027907
10.721547891959615,inhale,22473.899700212136,22472.975700211948,22473.446700212044,,nan,nan,nan,nan,nan,nan,nan,nan,0.6669943135717933
nan,pause,22473.900700212136,22473.899700212136,nan,,nan,nan,nan,nan,nan,nan,nan,nan,0.3585374562878001
-8.606858030626036,exhale,22475.770700212517,22473.900700212136,22475.616700212486,,nan,nan,nan,nan,nan,nan,nan,nan,-2.479308786717519
nan,pause,22475.771700212517,22475.770700212517,nan,,nan,nan,nan,nan,nan,nan,nan,nan,-2.187979596462643
6.8163919254954894,inhale,22476.805700212728,22475.771700212517,22476.446700212655,,nan,nan,nan,nan,nan,nan,nan,nan,0.7882948751376011
nan,pause,22476.806700212728,22476.805700212728,nan,,nan,nan,nan,nan,nan,nan,nan,nan,0.9428786847629884
-2.4234618440472517,exhale,22477.909700212953,22476.806700212728,22477.616700212893,,nan,nan,nan,nan,nan,nan,nan,nan,-0.9160334300420914
nan,pause,22477.910700212953,22477.909700212953,nan,,nan,nan,nan,nan,nan,nan,nan,nan,1.0333596858955856
6.552113372903193,inhale,22479.011700213177,22477.910700212953,22478.77670021313,,nan,nan,nan,nan,nan,nan,nan,nan,0.5427215534973926
nan,pause,22479.012700213178,22479.011700213177,nan,,nan,nan,nan,nan,nan,nan,nan,nan,-0.10191320792024605
-2.906844098000274,exhale,22480.572700213495,22479.012700213178,22479.1167002132,,nan,nan,nan,nan,nan,nan,nan,nan,0.20239277353791962
nan,pause,22480.573700213496,22480.572700213495,nan,,nan,nan,nan,nan,nan,nan,nan,nan,-0.4343823353927778
21.426531274444095,inhale,22481.348700213654,22480.573700213496,22481.116700213606,,nan,nan,nan,nan,nan,nan,nan,nan,0.024328131739008718
nan,pause,22481.349700213654,22481.348700213654,nan,,nan,nan,nan,nan,nan,nan,nan,nan,-0.5903001991612951
-9.435388288411108,exhale,22483.09270021401,22481.349700213654,22481.456700213676,,nan,nan,nan,nan,nan,nan,nan,nan,-0.8625358009958715
nan,pause,22483.09370021401,22483.09270021401,nan,,nan,nan,nan,nan,nan,nan,nan,nan,-0.08429945070708489
18.299842768542362,inhale,22483.863700214166,22483.09370021401,22483.456700214083,,nan,nan,nan,nan,nan,nan,nan,nan,0.503371509998862
nan,pause,22483.864700214166,22483.863700214166,nan,,nan,nan,nan,nan,nan,nan,nan,nan,1.3093686860806228
-7.67339722664612,exhale,22485.489700214497,22483.864700214166,22484.116700214217,,nan,nan,nan,nan,nan,nan,nan,nan,-0.46949251786462354
nan,pause,22485.490700214497,22485.489700214497,nan,,nan,nan,nan,nan,nan,nan,nan,nan,-0.019600210347281877
20.793675323321317,inhale,22486.28770021466,22485.490700214497,22485.786700214558,,nan,nan,nan,nan,nan,nan,nan,nan,-0.1743082917825658
nan,pause,22486.28870021466,22486.28770021466,nan,,nan,nan,nan,nan,nan,nan,nan,nan,-0.16009750426262498
-8.743617454503264,exhale,22487.849700214978,22486.28870021466,22486.456700214694,,nan,nan,nan,nan,nan,nan,nan,nan,0.19337172975129047
nan,pause,22487.850700214978,22487.849700214978,nan,,nan,nan,nan,nan,nan,nan,nan,nan,-0.025535581933613827
9.343224273032554,inhale,22488.74170021516,22487.850700214978,22488.116700215032,,nan,nan,nan,nan,nan,nan,nan,nan,0.014857453979142843
nan,pause,22488.74270021516,22488.74170021516,nan,,nan,nan,nan,nan,nan,nan,nan,nan,0.4008479494222148
-6.353164514802262,exhale,22490.274700215472,22488.74270021516,22488.956700215203,,nan,nan,nan,nan,nan,nan,nan,nan,0.20962283399153492
nan,pause,22490.275700215472,22490.274700215472,nan,,nan,nan,nan,nan,nan,nan,nan,nan,0.14076661221183884
23.92662473010993,inhale,22491.113700215643,22490.275700215472,22490.61670021554,,nan,nan,nan,nan,nan,nan,nan,nan,0.32317414310254744
nan,pause,22491.114700215643,22491.113700215643,nan,,nan,nan,nan,nan,nan,nan,nan,nan,0.09177096728109979
-6.156708850790482,exhale,22492.784700215983,22491.114700215643,22492.61670021595,,nan,nan,nan,nan,nan,nan,nan,nan,0.07672544188791797
nan,pause,22492.785700215984,22492.784700215983,nan,,nan,nan,nan,nan,nan,nan,nan,nan,0.03853590727430922
12.85996960930837,inhale,22493.65570021616,22492.785700215984,22493.11670021605,,nan,nan,nan,nan,nan,nan,nan,nan,-0.059341865753611556
nan,pause,22493.65670021616,22493.65570021616,nan,,nan,nan,nan,nan,nan,nan,nan,nan,0.07920369196007049
-4.556693908495784,exhale,22495.341700216504,22493.65670021616,22495.11670021646,,nan,nan,nan,nan,nan,nan,nan,nan,-0.24905391004732103
nan,pause,22495.342700216504,22495.341700216504,nan,,nan,nan,nan,nan,nan,nan,nan,nan,0.04132879181161386
12.181066457925354,inhale,22496.217700216683,22495.342700216504,22495.786700216595,,nan,nan,nan,nan,nan,nan,nan,nan,-0.19527230786587202
nan,pause,22496.218700216683,22496.217700216683,nan,,nan,nan,nan,nan,nan,nan,nan,nan,0.04030945442439471
-5.206666240729485,exhale,22497.789700217003,22496.218700216683,22497.616700216968,,nan,nan,nan,nan,nan,nan,nan,nan,0.06323096870488265
nan,pause,22497.790700217003,22497.789700217003,nan,,nan,nan,nan,nan,nan,nan,nan,nan,0.38288046464835157
11.677480380917649,inhale,22498.679700217184,22497.790700217003,22498.276700217102,,nan,nan,nan,nan,nan,nan,nan,nan,0.5730155430693626
nan,pause,22498.680700217184,22498.679700217184,nan,,nan,nan,nan,nan,nan,nan,nan,nan,0.07368587893888257
-6.212579849665056,exhale,22500.068700217467,22498.680700217184,22498.94670021724,,nan,nan,nan,nan,nan,nan,nan,nan,1.0807752610543435
nan,pause,22500.069700217467,22500.068700217467,nan,,nan,nan,nan,nan,nan,nan,nan,nan,-0.43046371019798246
8.02231142258829,inhale,22500.97070021765,22500.069700217467,22500.28670021751,,nan,nan,nan,nan,nan,nan,nan,nan,0.4522723288462448
nan,pause,22500.97170021765,22500.97070021765,nan,,nan,nan,nan,nan,nan,nan,nan,nan,0.5638856853697026
-6.282540595649309,exhale,22502.645700217992,22500.97170021765,22502.44670021795,,nan,nan,nan,nan,nan,nan,nan,nan,0.24361050165953602
nan,pause,22502.646700217992,22502.645700217992,nan,,nan,nan,nan,nan,nan,nan,nan,nan,0.0031546177771495376
8.222292889158755,inhale,22503.537700218174,22502.646700217992,22502.78670021802,,nan,nan,nan,nan,nan,nan,nan,nan,0.179441535789161
nan,pause,22503.538700218174,22503.537700218174,nan,,nan,nan,nan,nan,nan,nan,nan,nan,0.04762299797071001
-4.159679167997597,exhale,22505.1437002185,22503.538700218174,22504.94670021846,,nan,nan,nan,nan,nan,nan,nan,nan,-0.012851781838896792
nan,pause,22505.1447002185,22505.1437002185,nan,,nan,nan,nan,nan,nan,nan,nan,nan,0.1892535816189156
5.6638164150910315,inhale,22506.054700218687,22505.1447002185,22505.28670021853,,nan,nan,nan,nan,nan,nan,nan,nan,0.0759533721436505
nan,pause,22506.055700218687,22506.054700218687,nan,,nan,nan,nan,nan,nan,nan,nan,nan,0.25056784552613154
-4.963763700079255,exhale,22507.49870021898,22506.055700218687,22507.276700218936,,nan,nan,nan,nan,nan,nan,nan,nan,-0.014070300258394508
nan,pause,22507.49970021898,22507.49870021898,nan,,nan,nan,nan,nan,nan,nan,nan,nan,0.0637693971283908
4.393407433079329,inhale,22508.352700219155,22507.49970021898,22507.616700219005,,nan,nan,nan,nan,nan,nan,nan,nan,0.028963846016093586
nan,pause,22508.86870021926,22508.352700219155,nan,,nan,nan,nan,nan,nan,nan,nan,nan,0.35354347463448144
0.3295678794877052,inhale,22509.053700219298,22508.86870021926,22508.946700219276,,nan,nan,nan,nan,nan,nan,nan,nan,-0.33787097754290585
nan,pause,22509.054700219298,22509.053700219298,nan,,nan,nan,nan,nan,nan,nan,nan,nan,-0.7395572656801601
-11.912136309024122,exhale,22510.00170021949,22509.054700219298,22509.446700219378,,nan,nan,nan,nan,nan,nan,nan,nan,1.7609614503133608
nan,pause,22510.00270021949,22510.00170021949,nan,,nan,nan,nan,nan,nan,nan,nan,nan,1.6710737204836001
3.689025081486064,inhale,22511.045700219704,22510.00270021949,22510.78670021965,,nan,nan,nan,nan,nan,nan,nan,nan,0.1812783549630419
nan,pause,22511.046700219704,22511.045700219704,nan,,nan,nan,nan,nan,nan,nan,nan,nan,0.5224709649842256
-4.679653646015343,exhale,22512.35070021997,22511.046700219704,22511.286700219753,,nan,nan,nan,nan,nan,nan,nan,nan,0.6694972405565376
nan,pause,22512.35170021997,22512.35070021997,nan,,nan,nan,nan,nan,nan,nan,nan,nan,0.17690257938261
4.632289268910684,inhale,22513.53370022021,22512.35170021997,22513.28670022016,,nan,nan,nan,nan,nan,nan,nan,nan,0.7950922486946603
nan,pause,22513.53470022021,22513.53370022021,nan,,nan,nan,nan,nan,nan,nan,nan,nan,2.374837962561199
-3.3789837092508566,exhale,22515.04670022052,22513.53470022021,22514.786700220466,,nan,nan,nan,nan,nan,nan,nan,nan,0.5096684397811058
nan,pause,22515.04770022052,22515.04670022052,nan,,nan,nan,nan,nan,nan,nan,nan,nan,2.555953663718868
5.010187383054097,inhale,22515.98970022071,22515.04770022052,22515.616700220635,,nan,nan,nan,nan,nan,nan,nan,nan,1.0581123344139236
nan,pause,22515.99070022071,22515.98970022071,nan,,nan,nan,nan,nan,nan,nan,nan,nan,2.247450714126257
-3.8564943830951046,exhale,22517.391700220996,22515.99070022071,22517.11670022094,,nan,nan,nan,nan,nan,nan,nan,nan,4.497860803009981
nan,pause,22517.392700220997,22517.391700220996,nan,,nan,nan,nan,nan,nan,nan,nan,nan,4.939984759508741
6.045470367957884,inhale,22518.361700221194,22517.392700220997,22517.95670022111,,nan,nan,nan,nan,nan,nan,nan,nan,3.123488202855044
nan,pause,22518.362700221194,22518.361700221194,nan,,nan,nan,nan,nan,nan,nan,nan,nan,6.177782155756004
-4.03978174391165,exhale,22519.884700221504,22518.362700221194,22518.616700221246,,nan,nan,nan,nan,nan,nan,nan,nan,1.9341684370520849
nan,pause,22519.885700221505,22519.884700221504,nan,,nan,nan,nan,nan,nan,nan,nan,nan,3.385039560844624
5.474922637672729,inhale,22520.865700221704,22519.885700221505,22520.45670022162,,nan,nan,nan,nan,nan,nan,nan,nan,2.2096077484700984
nan,pause,22520.866700221704,22520.865700221704,nan,,nan,nan,nan,nan,nan,nan,nan,nan,3.0840746725471364
-4.989757700172659,exhale,22522.344700222005,22520.866700221704,22521.116700221755,,nan,nan,nan,nan,nan,nan,nan,nan,3.4465324463407194
nan,pause,22522.345700222006,22522.344700222005,nan,,nan,nan,nan,nan,nan,nan,nan,nan,5.356621454550504
3.9806362095980115,inhale,22523.35370022221,22522.345700222006,22522.786700222096,,nan,nan,nan,nan,nan,nan,nan,nan,2.094609864160752
nan,pause,22523.35470022221,22523.35370022221,nan,,nan,nan,nan,nan,nan,nan,nan,nan,3.2645097836432546
-4.473032514881475,exhale,22524.781700222502,22523.35470022221,22523.616700222265,,nan,nan,nan,nan,nan,nan,nan,nan,1.3433324702765876
nan,pause,22524.782700222502,22524.781700222502,nan,,nan,nan,nan,nan,nan,nan,nan,nan,0.5514235452845266
0.9935707549418596,inhale,22525.204700222588,22524.782700222502,22525.11670022257,,nan,nan,nan,nan,nan,nan,nan,nan,2.0023400361603283
nan,pause,22525.20570022259,22525.204700222588,nan,,nan,nan,nan,nan,nan,nan,nan,nan,3.5934306014025426
-0.8560261208636415,exhale,22525.632700222675,22525.20570022259,22525.286700222605,,nan,nan,nan,nan,nan,nan,nan,nan,-0.8148523036142395
nan,pause,22525.963700222743,22525.632700222675,nan,,nan,nan,nan,nan,nan,nan,nan,nan,1.61447998211582
1.0269807804402447,inhale,22526.276700222807,22525.963700222743,22526.116700222774,,nan,nan,nan,nan,nan,nan,nan,nan,2.674676051840775
nan,pause,22528.6987002233,22526.276700222807,nan,,nan,nan,nan,nan,nan,nan,nan,nan,2.5849630131624037
0.30635080382879604,inhale,22529.104700223383,22528.6987002233,22528.94670022335,,nan,nan,nan,nan,nan,nan,nan,nan,0.6027847758872262
nan,pause,22529.301700223423,22529.104700223383,nan,,nan,nan,nan,nan,nan,nan,nan,nan,0.5981656241632951
0.7770139273679088,inhale,22529.754700223515,22529.301700223423,22529.616700223487,,nan,nan,nan,nan,nan,nan,nan,nan,1.2643295967553234
nan,pause,22540.843700225774,22529.754700223515,nan,,nan,nan,nan,nan,nan,nan,nan,nan,0.149277937855957
0.3008531162224723,inhale,22541.090700225825,22540.843700225774,22540.946700225795,,nan,nan,nan,nan,nan,nan,nan,nan,-0.5534653057768084
nan,pause,22541.337700225875,22541.090700225825,nan,,nan,nan,nan,nan,nan,nan,nan,nan,0.8700350342783949
0.38217788019896026,inhale,22541.580700225924,22541.337700225875,22541.446700225897,,nan,nan,nan,nan,nan,nan,nan,nan,0.42779629240139183
nan,pause,22541.833700225976,22541.580700225924,nan,,nan,nan,nan,nan,nan,nan,nan,nan,0.4064585831479479
0.3988824097749755,inhale,22542.073700226025,22541.833700225976,22541.946700226,,nan,nan,nan,nan,nan,nan,nan,nan,0.016830984751042166
nan,pause,22542.98070022621,22542.073700226025,nan,,nan,nan,nan,nan,nan,nan,nan,nan,-0.4334162769302061
0.32713992155132077,inhale,22543.258700226266,22542.98070022621,22543.116700226237,,nan,nan,nan,nan,nan,nan,nan,nan,-0.8415848459589768
nan,pause,22544.288700226476,22543.258700226266,nan,,nan,nan,nan,nan,nan,nan,nan,nan,-0.21478833464230762
-4.675507883444374,exhale,22544.61070022654,22544.288700226476,22544.44670022651,,nan,nan,nan,nan,nan,nan,nan,nan,-0.7534558803012461
nan,pause,22544.79870022658,22544.61070022654,nan,,nan,nan,nan,nan,nan,nan,nan,nan,0.11446113035513061
0.6437574958160301,inhale,22545.262700226674,22544.79870022658,22545.116700226645,,nan,nan,nan,nan,nan,nan,nan,nan,-1.3313150930365307
nan,pause,22557.929700229255,22545.262700226674,nan,,nan,nan,nan,nan,nan,nan,nan,nan,-0.13222626505363877
-0.4061189735389401,exhale,22558.479700229367,22557.929700229255,22558.116700229293,,nan,nan,nan,nan,nan,nan,nan,nan,-0.012720056399529112
nan,pause,22560.129700229703,22558.479700229367,nan,,nan,nan,nan,nan,nan,nan,nan,nan,0.26138389664986295
-0.3159019569205482,exhale,22560.443700229767,22560.129700229703,22560.286700229735,,nan,nan,nan,nan,nan,nan,nan,nan,0.5993274108757523
nan,pause,22572.890700232303,22560.443700229767,nan,,nan,nan,nan,nan,nan,nan,nan,nan,-1.3141843065254672
-0.3059802824013734,exhale,22573.198700232366,22572.890700232303,22573.11670023235,,nan,nan,nan,nan,nan,nan,nan,nan,0.006257543562662837
nan,pause,22573.199700232366,22573.198700232366,nan,,nan,nan,nan,nan,nan,nan,nan,nan,-0.7329121601871731
0.3039210871884206,inhale,22573.438700232415,22573.199700232366,22573.286700232384,,nan,nan,nan,nan,nan,nan,nan,nan,-1.479474713856735
nan,pause,22574.632700232658,22573.438700232415,nan,,nan,nan,nan,nan,nan,nan,nan,nan,0.49735045423370017
-2.63351466876581,exhale,22574.947700232722,22574.632700232658,22574.78670023269,,nan,nan,nan,nan,nan,nan,nan,nan,0.057250796979242624
nan,pause,22575.120700232757,22574.947700232722,nan,,nan,nan,nan,nan,nan,nan,nan,nan,-0.016736649997865394
0.307337723878494,inhale,22575.73070023288,22575.120700232757,22575.28670023279,,nan,nan,nan,nan,nan,nan,nan,nan,0.315846933731984
nan,pause,22595.435700236896,22575.73070023288,nan,,nan,nan,nan,nan,nan,nan,nan,nan,0.6367438185721581
-0.38907245293770915,exhale,22595.713700236953,22595.435700236896,22595.616700236933,,nan,nan,nan,nan,nan,nan,nan,nan,0.1320278120430039
nan,pause,22603.369700238512,22595.713700236953,nan,,nan,nan,nan,nan,nan,nan,nan,nan,-0.38656455822806035
-0.4222984428051938,exhale,22603.70770023858,22603.369700238512,22603.616700238563,,nan,nan,nan,nan,nan,nan,nan,nan,0.13647761729816787
nan,pause,22603.70870023858,22603.70770023858,nan,,nan,nan,nan,nan,nan,nan,nan,nan,0.5516756719712306
0.33716171676230616,inhale,22603.94770023863,22603.70870023858,22603.786700238597,,nan,nan,nan,nan,nan,nan,nan,nan,0.34113039179979365
nan,pause,22604.007700238642,22603.94770023863,nan,,nan,nan,nan,nan,nan,nan,nan,nan,0.26708110660883966
0.6204463087823112,inhale,22604.59170023876,22604.007700238642,22604.446700238732,,nan,nan,nan,nan,nan,nan,nan,nan,-0.004827698073656794
nan,pause,22630.310700244,22604.59170023876,nan,,nan,nan,nan,nan,nan,nan,nan,nan,-0.01177592190156318
0.33795268218144836,inhale,22631.301700244203,22630.310700244,22630.94670024413,,nan,nan,nan,nan,nan,nan,nan,nan,0.4780647189629845
nan,pause,22631.302700244203,22631.301700244203,nan,,nan,nan,nan,nan,nan,nan,nan,nan,0.6011113203323175
-1.7720294097455542,exhale,22632.21370024439,22631.302700244203,22632.11670024437,,nan,nan,nan,nan,nan,nan,nan,nan,0.26177068018842453
nan,pause,22632.21470024439,22632.21370024439,nan,,nan,nan,nan,nan,nan,nan,nan,nan,0.18836188102179863
11.694547783312908,inhale,22633.168700244583,22632.21470024439,22632.61670024447,,nan,nan,nan,nan,nan,nan,nan,nan,1.5010705308505643
nan,pause,22633.169700244584,22633.168700244583,nan,,nan,nan,nan,nan,nan,nan,nan,nan,0.042841603085290725
-4.486373178220929,exhale,22635.042700244965,22633.169700244584,22633.286700244607,,nan,nan,nan,nan,nan,nan,nan,nan,0.19639504824274523
nan,pause,22635.16770024499,22635.042700244965,nan,,nan,nan,nan,nan,nan,nan,nan,nan,0.41404740453263367
-1.9240588830189793,exhale,22635.644700245088,22635.16770024499,22635.446700245047,,nan,nan,nan,nan,nan,nan,nan,nan,-0.09445171731190882
nan,pause,22635.645700245088,22635.644700245088,nan,,nan,nan,nan,nan,nan,nan,nan,nan,0.35420809623197913
2.9949825987560845,inhale,22636.82570024533,22635.645700245088,22636.28670024522,,nan,nan,nan,nan,nan,nan,nan,nan,0.33377436137937133
nan,pause,22636.82670024533,22636.82570024533,nan,,nan,nan,nan,nan,nan,nan,nan,nan,0.7146527040885426
-0.6986930635304629,exhale,22639.122700245796,22636.82670024533,22636.956700245355,,nan,nan,nan,nan,nan,nan,nan,nan,0.15396814579855533
nan,pause,22636.82670024533,22639.122700245796,nan,,nan,nan,nan,nan,nan,nan,nan,nan,0.24193482346461614
-1.8530618733522166,exhale,22639.122700245796,22636.82670024533,22638.94670024576,,nan,nan,nan,nan,nan,nan,nan,nan,0.6104025409610543
nan,pause,22639.123700245796,22639.122700245796,nan,,nan,nan,nan,nan,nan,nan,nan,nan,1.3317531688212563
6.766132949110486,inhale,22640.139700246003,22639.123700245796,22639.78670024593,,nan,nan,nan,nan,nan,nan,nan,nan,0.2724423903971074
nan,pause,22640.140700246004,22640.139700246003,nan,,nan,nan,nan,nan,nan,nan,nan,nan,0.47100815097153026
-2.2151641465559893,exhale,22642.007700246384,22640.140700246004,22640.286700246033,,nan,nan,nan,nan,nan,nan,nan,nan,1.501477283325444
nan,pause,22642.008700246384,22642.007700246384,nan,,nan,nan,nan,nan,nan,nan,nan,nan,-0.925085561818877
7.388715827444475,inhale,22642.905700246567,22642.008700246384,22642.446700246473,,nan,nan,nan,nan,nan,nan,nan,nan,0.25076637094885246
nan,pause,22642.906700246567,22642.905700246567,nan,,nan,nan,nan,nan,nan,nan,nan,nan,0.3779490054585465
-5.72192342379447,exhale,22644.33870024686,22642.906700246567,22643.11670024661,,nan,nan,nan,nan,nan,nan,nan,nan,0.13797744795232725
nan,pause,22644.33970024686,22644.33870024686,nan,,nan,nan,nan,nan,nan,nan,nan,nan,-0.09037563531444293
10.328065394738616,inhale,22645.209700247036,22644.33970024686,22644.616700246916,,nan,nan,nan,nan,nan,nan,nan,nan,-0.3234900421478937
nan,pause,22645.210700247037,22645.209700247036,nan,,nan,nan,nan,nan,nan,nan,nan,nan,1.3765071151372301
-3.0879372542592374,exhale,22646.813700247363,22645.210700247037,22645.286700247052,,nan,nan,nan,nan,nan,nan,nan,nan,-0.16761802220299138
nan,pause,22646.814700247363,22646.813700247363,nan,,nan,nan,nan,nan,nan,nan,nan,nan,0.30040530427136036
12.100799761227746,inhale,22647.604700247524,22646.814700247363,22647.446700247492,,nan,nan,nan,nan,nan,nan,nan,nan,0.4899852032085553
nan,pause,22647.605700247525,22647.604700247524,nan,,nan,nan,nan,nan,nan,nan,nan,nan,0.5245508198063504
-9.088986780025401,exhale,22649.217700247853,22647.605700247525,22647.78670024756,,nan,nan,nan,nan,nan,nan,nan,nan,0.6209444783668501
nan,pause,22649.218700247853,22649.217700247853,nan,,nan,nan,nan,nan,nan,nan,nan,nan,1.571905127177597
12.627208927404375,inhale,22650.04270024802,22649.218700247853,22649.4567002479,,nan,nan,nan,nan,nan,nan,nan,nan,2.1358370491784315
nan,pause,22650.04370024802,22650.04270024802,nan,,nan,nan,nan,nan,nan,nan,nan,nan,2.4863140379352773
-7.6321632134068835,exhale,22650.938700248204,22650.04370024802,22650.28670024807,,nan,nan,nan,nan,nan,nan,nan,nan,0.7822231941372091
nan,pause,22652.903700248604,22650.938700248204,nan,,nan,nan,nan,nan,nan,nan,nan,nan,4.628424257181126
9.861438930218245,inhale,22654.01670024883,22652.903700248604,22653.116700248647,,nan,nan,nan,nan,nan,nan,nan,nan,2.3868826862351438
nan,pause,22654.01770024883,22654.01670024883,nan,,nan,nan,nan,nan,nan,nan,nan,nan,3.754658415741014
-6.047617770675002,exhale,22656.11970024926,22654.01770024883,22655.946700249224,,nan,nan,nan,nan,nan,nan,nan,nan,2.3337026325771175
nan,pause,22656.12070024926,22656.11970024926,nan,,nan,nan,nan,nan,nan,nan,nan,nan,3.437012933941293
10.62804193014952,inhale,22657.132700249465,22656.12070024926,22656.456700249328,,nan,nan,nan,nan,nan,nan,nan,nan,2.092579535456428
nan,pause,22657.133700249466,22657.132700249465,nan,,nan,nan,nan,nan,nan,nan,nan,nan,1.6964811724611826
-6.655911382229488,exhale,22658.67670024978,22657.133700249466,22657.286700249497,,nan,nan,nan,nan,nan,nan,nan,nan,1.995367157514229
nan,pause,22658.67770024978,22658.67670024978,nan,,nan,nan,nan,nan,nan,nan,nan,nan,1.0668100702341858
19.053229062531216,inhale,22659.488700249945,22658.67770024978,22658.956700249837,,nan,nan,nan,nan,nan,nan,nan,nan,7.155086460584479
nan,pause,22659.489700249946,22659.488700249945,nan,,nan,nan,nan,nan,nan,nan,nan,nan,-0.20934138191703125
-8.921760099649577,exhale,22661.12470025028,22659.489700249946,22659.61670024997,,nan,nan,nan,nan,nan,nan,nan,nan,0.5936269705615507
nan,pause,22661.12570025028,22661.12470025028,nan,,nan,nan,nan,nan,nan,nan,nan,nan,0.8753734285600858
20.792913302393412,inhale,22661.899700250437,22661.12570025028,22661.456700250346,,nan,nan,nan,nan,nan,nan,nan,nan,0.8729183175248872
nan,pause,22661.900700250437,22661.899700250437,nan,,nan,nan,nan,nan,nan,nan,nan,nan,0.6133771862842001
-10.579689795911642,exhale,22663.327700250728,22661.900700250437,22662.276700250513,,nan,nan,nan,nan,nan,nan,nan,nan,0.8484198952697315
nan,pause,22663.328700250728,22663.327700250728,nan,,nan,nan,nan,nan,nan,nan,nan,nan,0.9567641728400362
14.84484035966062,inhale,22664.142700250894,22663.328700250728,22663.616700250786,,nan,nan,nan,nan,nan,nan,nan,nan,0.9853375681686218
nan,pause,22664.143700250894,22664.142700250894,nan,,nan,nan,nan,nan,nan,nan,nan,nan,0.9879841587039342
-12.531328472591845,exhale,22665.45770025116,22664.143700250894,22664.286700250923,,nan,nan,nan,nan,nan,nan,nan,nan,0.9523579097992949
nan,pause,22665.45870025116,22665.45770025116,nan,,nan,nan,nan,nan,nan,nan,nan,nan,1.0109947705418447
16.44558014354255,inhale,22666.267700251326,22665.45870025116,22665.78670025123,,nan,nan,nan,nan,nan,nan,nan,nan,0.40698916913074124
nan,pause,22666.268700251327,22666.267700251326,nan,,nan,nan,nan,nan,nan,nan,nan,nan,0.9937474656373317
-10.077024763157928,exhale,22667.76170025163,22666.268700251327,22666.456700251365,,nan,nan,nan,nan,nan,nan,nan,nan,0.7390080003647552
nan,pause,22667.76270025163,22667.76170025163,nan,,nan,nan,nan,nan,nan,nan,nan,nan,0.7211011209621789
17.644875166503557,inhale,22668.615700251805,22667.76270025163,22668.116700251703,,nan,nan,nan,nan,nan,nan,nan,nan,0.578060119991795
nan,pause,22668.616700251805,22668.615700251805,nan,,nan,nan,nan,nan,nan,nan,nan,nan,-0.7600495881744835
-10.06494271926141,exhale,22670.043700252096,22668.616700251805,22668.78670025184,,nan,nan,nan,nan,nan,nan,nan,nan,-0.08050785918706138
nan,pause,22670.044700252096,22670.043700252096,nan,,nan,nan,nan,nan,nan,nan,nan,nan,-0.1322447766480761
15.692141840847597,inhale,22670.865700252263,22670.044700252096,22670.446700252178,,nan,nan,nan,nan,nan,nan,nan,nan,0.11222566857733973
nan,pause,22670.866700252263,22670.865700252263,nan,,nan,nan,nan,nan,nan,nan,nan,nan,-0.2046561854495521
-8.95506569281871,exhale,22672.31970025256,22670.866700252263,22671.116700252314,,nan,nan,nan,nan,nan,nan,nan,nan,-0.28610592180823224
nan,pause,22672.32070025256,22672.31970025256,nan,,nan,nan,nan,nan,nan,nan,nan,nan,1.1203607133218993
12.977013528965067,inhale,22673.20970025274,22672.32070025256,22672.776700252653,,nan,nan,nan,nan,nan,nan,nan,nan,0.7263664061405671
nan,pause,22673.21070025274,22673.20970025274,nan,,nan,nan,nan,nan,nan,nan,nan,nan,0.39161209586859624
-6.91259223480925,exhale,22674.67470025304,22673.21070025274,22673.44670025279,,nan,nan,nan,nan,nan,nan,nan,nan,1.1186894207337708
nan,pause,22674.67570025304,22674.67470025304,nan,,nan,nan,nan,nan,nan,nan,nan,nan,0.5366750821059172
18.628336479099175,inhale,22675.500700253207,22674.67570025304,22675.11670025313,,nan,nan,nan,nan,nan,nan,nan,nan,0.2612470072276521
nan,pause,22675.501700253208,22675.500700253207,nan,,nan,nan,nan,nan,nan,nan,nan,nan,0.3189986127438438
-6.205020098958231,exhale,22677.13470025354,22675.501700253208,22675.61670025323,,nan,nan,nan,nan,nan,nan,nan,nan,0.9301207480595982
nan,pause,22677.13570025354,22677.13470025354,nan,,nan,nan,nan,nan,nan,nan,nan,nan,0.05648181882347425
18.361672764402496,inhale,22678.030700253723,22677.13570025354,22677.61670025364,,nan,nan,nan,nan,nan,nan,nan,nan,-0.02208478728371599
nan,pause,22678.031700253723,22678.030700253723,nan,,nan,nan,nan,nan,nan,nan,nan,nan,0.005300547064149508
-7.251143050883992,exhale,22679.73770025407,22678.031700253723,22678.276700253773,,nan,nan,nan,nan,nan,nan,nan,nan,0.20996894683630274
nan,pause,22679.73870025407,22679.73770025407,nan,,nan,nan,nan,nan,nan,nan,nan,nan,-0.13716246752277805
16.111690717201913,inhale,22680.543700254235,22679.73870025407,22680.116700254148,,nan,nan,nan,nan,nan,nan,nan,nan,-0.3160552498870113
nan,pause,22680.544700254235,22680.543700254235,nan,,nan,nan,nan,nan,nan,nan,nan,nan,0.0397634619201126
-10.43938774146474,exhale,22682.016700254535,22680.544700254235,22680.786700254284,,nan,nan,nan,nan,nan,nan,nan,nan,0.08197926616462103
nan,pause,22682.017700254535,22682.016700254535,nan,,nan,nan,nan,nan,nan,nan,nan,nan,-0.06995633594377937
11.876441245902738,inhale,22682.893700254714,22682.017700254535,22682.446700254623,,nan,nan,nan,nan,nan,nan,nan,nan,0.041795405777239614
nan,pause,22682.894700254714,22682.893700254714,nan,,nan,nan,nan,nan,nan,nan,nan,nan,0.0336045021001623
-8.588255628041335,exhale,22684.269700254994,22682.894700254714,22683.11670025476,,nan,nan,nan,nan,nan,nan,nan,nan,-0.0698452193550716
nan,pause,22684.270700254994,22684.269700254994,nan,,nan,nan,nan,nan,nan,nan,nan,nan,-0.1268984966605411
17.511726415968642,inhale,22685.073700255158,22684.270700254994,22684.616700255065,,nan,nan,nan,nan,nan,nan,nan,nan,-0.02215585951927279
nan,pause,22685.074700255158,22685.073700255158,nan,,nan,nan,nan,nan,nan,nan,nan,nan,0.03861370594005242
-11.05395396958109,exhale,22686.45670025544,22685.074700255158,22685.2867002552,,nan,nan,nan,nan,nan,nan,nan,nan,0.0006531701435590342
nan,pause,22686.45770025544,22686.45670025544,nan,,nan,nan,nan,nan,nan,nan,nan,nan,0.17177069554778068
17.476096929519297,inhale,22687.33670025562,22686.45770025544,22686.786700255507,,nan,nan,nan,nan,nan,nan,nan,nan,-0.052419742214692366
nan,pause,22687.33770025562,22687.33670025562,nan,,nan,nan,nan,nan,nan,nan,nan,nan,-0.1464367670038922
-9.40084984232967,exhale,22688.76970025591,22687.33770025562,22687.456700255643,,nan,nan,nan,nan,nan,nan,nan,nan,0.09892100536892579
nan,pause,22688.77070025591,22688.76970025591,nan,,nan,nan,nan,nan,nan,nan,nan,nan,0.10910301148775203
11.572839911167009,inhale,22689.673700256095,22688.77070025591,22689.276700256014,,nan,nan,nan,nan,nan,nan,nan,nan,0.10891213009016787
nan,pause,22689.674700256095,22689.673700256095,nan,,nan,nan,nan,nan,nan,nan,nan,nan,-0.09493791177361399
-9.27982133457474,exhale,22691.01670025637,22689.674700256095,22689.94670025615,,nan,nan,nan,nan,nan,nan,nan,nan,0.23502133503623734
nan,pause,22691.01770025637,22691.01670025637,nan,,nan,nan,nan,nan,nan,nan,nan,nan,0.021044966448297897
6.913888875544576,inhale,22691.99770025657,22691.01770025637,22691.286700256424,,nan,nan,nan,nan,nan,nan,nan,nan,0.15670263993544054
nan,pause,22691.99870025657,22691.99770025657,nan,,nan,nan,nan,nan,nan,nan,nan,nan,0.08908515913246706
-8.384850403216623,exhale,22693.214700256816,22691.99870025657,22692.286700256627,,nan,nan,nan,nan,nan,nan,nan,nan,0.4355358357596295
nan,pause,22693.215700256816,22693.214700256816,nan,,nan,nan,nan,nan,nan,nan,nan,nan,0.21778937210055715
3.8285261677516513,inhale,22694.20770025702,22693.215700256816,22693.6167002569,,nan,nan,nan,nan,nan,nan,nan,nan,-0.12040094021176384
nan,pause,22694.20870025702,22694.20770025702,nan,,nan,nan,nan,nan,nan,nan,nan,nan,-0.007596601566296046
-3.770215309138191,exhale,22695.465700257275,22694.20870025702,22694.446700257067,,nan,nan,nan,nan,nan,nan,nan,nan,0.08866246680477685
nan,pause,22695.466700257275,22695.465700257275,nan,,nan,nan,nan,nan,nan,nan,nan,nan,0.1231764407338598
2.928541978471253,inhale,22696.395700257464,22695.466700257275,22695.616700257306,,nan,nan,nan,nan,nan,nan,nan,nan,0.26965778773468396
nan,pause,22696.396700257465,22696.395700257464,nan,,nan,nan,nan,nan,nan,nan,nan,nan,0.06801974328522853
-2.154841190951199,exhale,22697.65270025772,22696.396700257465,22696.61670025751,,nan,nan,nan,nan,nan,nan,nan,nan,0.4733436960283768
nan,pause,22697.65370025772,22697.65270025772,nan,,nan,nan,nan,nan,nan,nan,nan,nan,0.11636174911481678
1.8785697717044023,inhale,22698.668700257927,22697.65370025772,22698.116700257815,,nan,nan,nan,nan,nan,nan,nan,nan,0.3026759486611452
nan,pause,22698.669700257928,22698.668700257927,nan,,nan,nan,nan,nan,nan,nan,nan,nan,0.08187716578244131
-2.368073411789595,exhale,22699.994700258198,22698.669700257928,22698.956700257986,,nan,nan,nan,nan,nan,nan,nan,nan,0.1262973580071498
nan,pause,22699.995700258198,22699.994700258198,nan,,nan,nan,nan,nan,nan,nan,nan,nan,0.06982424432965884
1.7785852162138105,inhale,22700.9847002584,22699.995700258198,22700.116700258222,,nan,nan,nan,nan,nan,nan,nan,nan,0.09568882015607882
nan,pause,22700.9857002584,22700.9847002584,nan,,nan,nan,nan,nan,nan,nan,nan,nan,0.02358647202926356
-5.48948675003865,exhale,22702.433700258694,22700.9857002584,22701.28670025846,,nan,nan,nan,nan,nan,nan,nan,nan,0.40002368888464557
nan,pause,22702.434700258695,22702.433700258694,nan,,nan,nan,nan,nan,nan,nan,nan,nan,-0.33178008460250674
2.178607836404042,inhale,22703.39570025889,22702.434700258695,22702.61670025873,,nan,nan,nan,nan,nan,nan,nan,nan,-0.29402130208637667
nan,pause,22703.39670025889,22703.39570025889,nan,,nan,nan,nan,nan,nan,nan,nan,nan,0.35391080575151523
-6.388065256844114,exhale,22704.95970025921,22703.39670025889,22703.616700258935,,nan,nan,nan,nan,nan,nan,nan,nan,0.4982626035925757
nan,pause,22704.96070025921,22704.95970025921,nan,,nan,nan,nan,nan,nan,nan,nan,nan,-0.02068009779525637
9.328625619488802,inhale,22706.004700259422,22704.96070025921,22705.616700259343,,nan,nan,nan,nan,nan,nan,nan,nan,-0.47133627752641627
nan,pause,22706.005700259422,22706.004700259422,nan,,nan,nan,nan,nan,nan,nan,nan,nan,-0.12788009929720612
-6.254726588255956,exhale,22706.28470025948,22706.005700259422,22706.116700259445,,nan,nan,nan,nan,nan,nan,nan,nan,0.42682670382072385
nan,pause,22707.780700259784,22706.28470025948,nan,,nan,nan,nan,nan,nan,nan,nan,nan,0.2531959798904637
3.0618367919928886,inhale,22708.69070025997,22707.780700259784,22708.44670025992,,nan,nan,nan,nan,nan,nan,nan,nan,-0.15060659291449094
nan,pause,22708.69170025997,22708.69070025997,nan,,nan,nan,nan,nan,nan,nan,nan,nan,-0.2991126347543658
-2.2455520104638502,exhale,22709.92670026022,22708.69170025997,22708.78670025999,,nan,nan,nan,nan,nan,nan,nan,nan,0.08382629181496898
nan,pause,22709.92770026022,22709.92670026022,nan,,nan,nan,nan,nan,nan,nan,nan,nan,-0.2522891349139309
3.1452823131661756,inhale,22710.864700260412,22709.92770026022,22710.61670026036,,nan,nan,nan,nan,nan,nan,nan,nan,-1.0125213659336727
nan,pause,22710.865700260412,22710.864700260412,nan,,nan,nan,nan,nan,nan,nan,nan,nan,0.9416092906968561
-2.2713062680622462,exhale,22712.299700260704,22710.865700260412,22711.116700260463,,nan,nan,nan,nan,nan,nan,nan,nan,0.42204194254251703
nan,pause,22712.300700260705,22712.299700260704,nan,,nan,nan,nan,nan,nan,nan,nan,nan,0.24154182337362684
2.226666263693561,inhale,22713.221700260892,22712.300700260705,22712.786700260804,,nan,nan,nan,nan,nan,nan,nan,nan,0.5013625168323208
nan,pause,22713.222700260892,22713.221700260892,nan,,nan,nan,nan,nan,nan,nan,nan,nan,1.3051274384706155
-1.1853475809714396,exhale,22713.771700261004,22713.222700260892,22713.446700260938,,nan,nan,nan,nan,nan,nan,nan,nan,2.0777115629827674
nan,pause,22714.08570026107,22713.771700261004,nan,,nan,nan,nan,nan,nan,nan,nan,nan,2.0648414166411486
0.9620190338596406,inhale,22714.78370026121,22714.08570026107,22714.616700261176,,nan,nan,nan,nan,nan,nan,nan,nan,0.9270062245960036
nan,pause,22715.27370026131,22714.78370026121,nan,,nan,nan,nan,nan,nan,nan,nan,nan,-0.4036568061320285
-0.46269057337156155,exhale,22715.580700261373,22715.27370026131,22715.446700261346,,nan,nan,nan,nan,nan,nan,nan,nan,4.4125810250090165
nan,pause,22716.55170026157,22715.580700261373,nan,,nan,nan,nan,nan,nan,nan,nan,nan,3.219908281728512
2.0639004108844166,inhale,22717.73270026181,22716.55170026157,22717.446700261753,,nan,nan,nan,nan,nan,nan,nan,nan,3.8496186785051343
nan,pause,22717.73370026181,22717.73270026181,nan,,nan,nan,nan,nan,nan,nan,nan,nan,1.4852243692008713
-0.8656376882892272,exhale,22719.715700262215,22717.73370026181,22717.946700261855,,nan,nan,nan,nan,nan,nan,nan,nan,1.7684184646366514
nan,pause,22717.73370026181,22719.715700262215,nan,,nan,nan,nan,nan,nan,nan,nan,nan,1.675476342942967
-0.8358942940016698,exhale,22719.715700262215,22717.73370026181,22719.286700262128,,nan,nan,nan,nan,nan,nan,nan,nan,2.201541698018465
nan,pause,22719.716700262215,22719.715700262215,nan,,nan,nan,nan,nan,nan,nan,nan,nan,2.5470538868009944
0.850192476770993,inhale,22720.103700262294,22719.716700262215,22719.946700262262,,nan,nan,nan,nan,nan,nan,nan,nan,1.6765892429755427
nan,pause,22720.33670026234,22720.103700262294,nan,,nan,nan,nan,nan,nan,nan,nan,nan,3.0158125787403796
1.1787733985585114,inhale,22720.77870026243,22720.33670026234,22720.6167002624,,nan,nan,nan,nan,nan,nan,nan,nan,2.041433677595494
nan,pause,22722.329700262748,22720.77870026243,nan,,nan,nan,nan,nan,nan,nan,nan,nan,2.547861172612304
1.9787997127281802,inhale,22723.408700262968,22722.329700262748,22723.116700262908,,nan,nan,nan,nan,nan,nan,nan,nan,2.3005028385658237
nan,pause,22723.409700262968,22723.408700262968,nan,,nan,nan,nan,nan,nan,nan,nan,nan,-0.6554326039940452
-0.9378929216957782,exhale,22725.029700263298,22723.409700262968,22723.61670026301,,nan,nan,nan,nan,nan,nan,nan,nan,3.4325755033591285
nan,pause,22725.030700263298,22725.029700263298,nan,,nan,nan,nan,nan,nan,nan,nan,nan,0.17999761539726933
2.5107357640635235,inhale,22726.0307002635,22725.030700263298,22725.456700263385,,nan,nan,nan,nan,nan,nan,nan,nan,5.701839361593562
nan,pause,22726.031700263502,22726.0307002635,nan,,nan,nan,nan,nan,nan,nan,nan,nan,2.7850824544474335
-1.9540034233031682,exhale,22727.53570026381,22726.031700263502,22726.276700263552,,nan,nan,nan,nan,nan,nan,nan,nan,3.770790830431544
nan,pause,22727.53670026381,22727.53570026381,nan,,nan,nan,nan,nan,nan,nan,nan,nan,4.108080767683049
2.02620445105586,inhale,22728.53370026401,22727.53670026381,22727.946700263892,,nan,nan,nan,nan,nan,nan,nan,nan,3.2029844568670676
nan,pause,22728.534700264012,22728.53370026401,nan,,nan,nan,nan,nan,nan,nan,nan,nan,2.3051502600372533
-2.3300694263576647,exhale,22729.787700264267,22728.534700264012,22728.786700264063,,nan,nan,nan,nan,nan,nan,nan,nan,1.620959729446148
nan,pause,22729.788700264267,22729.787700264267,nan,,nan,nan,nan,nan,nan,nan,nan,nan,2.003240239240501
0.5954701103607098,inhale,22730.992700264513,22729.788700264267,22730.616700264436,,nan,nan,nan,nan,nan,nan,nan,nan,0.39785909512446693
nan,pause,22730.993700264513,22730.992700264513,nan,,nan,nan,nan,nan,nan,nan,nan,nan,-0.100677294194774
-0.7045232399580764,exhale,22732.234700264766,22730.993700264513,22731.116700264538,,nan,nan,nan,nan,nan,nan,nan,nan,-0.34628931759359194
nan,pause,22732.235700264766,22732.234700264766,nan,,nan,nan,nan,nan,nan,nan,nan,nan,-0.6259162316901459
0.6121903552265915,inhale,22733.33470026499,22732.235700264766,22732.775700264876,,nan,nan,nan,nan,nan,nan,nan,nan,-1.4017008505016153
nan,pause,22733.33570026499,22733.33470026499,nan,,nan,nan,nan,nan,nan,nan,nan,nan,-1.3685246337293135
-0.7123974412125038,exhale,22734.636700265255,22733.33570026499,22733.456700265015,,nan,nan,nan,nan,nan,nan,nan,nan,-1.4803027801126756
nan,pause,22734.637700265255,22734.636700265255,nan,,nan,nan,nan,nan,nan,nan,nan,nan,-1.2700657199689858
0.4775529981210218,inhale,22735.73970026548,22734.637700265255,22735.286700265387,,nan,nan,nan,nan,nan,nan,nan,nan,-2.379948239345961
nan,pause,22735.74070026548,22735.73970026548,nan,,nan,nan,nan,nan,nan,nan,nan,nan,0.0753210027053921
-0.3334903088893653,exhale,22737.002700265737,22735.74070026548,22735.946700265522,,nan,nan,nan,nan,nan,nan,nan,nan,0.20226974615617022
nan,pause,22737.003700265737,22737.002700265737,nan,,nan,nan,nan,nan,nan,nan,nan,nan,0.15998604428328567
0.36091721293397916,inhale,22738.166700265974,22737.003700265737,22737.94670026593,,nan,nan,nan,nan,nan,nan,nan,nan,-0.21982717091130244
nan,pause,22738.167700265974,22738.166700265974,nan,,nan,nan,nan,nan,nan,nan,nan,nan,0.1113060406689712
-0.33673894528204296,exhale,22739.308700266207,22738.167700265974,22738.286700266,,nan,nan,nan,nan,nan,nan,nan,nan,0.1548946724278939
nan,pause,22739.309700266207,22739.308700266207,nan,,nan,nan,nan,nan,nan,nan,nan,nan,0.28387340711331965
0.37827373511450046,inhale,22740.340700266417,22739.309700266207,22739.786700266304,,nan,nan,nan,nan,nan,nan,nan,nan,-0.19736687581174645
nan,pause,22740.341700266417,22740.340700266417,nan,,nan,nan,nan,nan,nan,nan,nan,nan,0.3602228959469693
-0.48439068534243873,exhale,22741.54070026666,22740.341700266417,22740.45670026644,,nan,nan,nan,nan,nan,nan,nan,nan,0.1330182260054312
nan,pause,22741.54170026666,22741.54070026666,nan,,nan,nan,nan,nan,nan,nan,nan,nan,-0.22170331897101464
0.3282967905680177,inhale,22742.590700266876,22741.54170026666,22742.286700266814,,nan,nan,nan,nan,nan,nan,nan,nan,-0.2550423047668354
nan,pause,22743.859700267134,22742.590700266876,nan,,nan,nan,nan,nan,nan,nan,nan,nan,-0.15902476470201476
0.3273468758169001,inhale,22744.883700267343,22743.859700267134,22744.446700267254,,nan,nan,nan,nan,nan,nan,nan,nan,-0.09482198948475618
nan,pause,22752.295700268853,22744.883700267343,nan,,nan,nan,nan,nan,nan,nan,nan,nan,-0.14796664553213257
1.2304941417802364,inhale,22755.070700269418,22752.295700268853,22753.276700269053,,nan,nan,nan,nan,nan,nan,nan,nan,-0.13925649222870928
nan,pause,22755.52570026951,22755.070700269418,nan,,nan,nan,nan,nan,nan,nan,nan,nan,-0.17125500272201172
1.0791093741756488,inhale,22756.9427002698,22755.52570026951,22756.616700269733,,nan,nan,nan,nan,nan,nan,nan,nan,0.039155617558133404
nan,pause,22756.9437002698,22756.9427002698,nan,,nan,nan,nan,nan,nan,nan,nan,nan,0.4729618025410835
-0.7875837307060758,exhale,22758.61970027014,22756.9437002698,22757.116700269835,,nan,nan,nan,nan,nan,nan,nan,nan,0.23000048363596082
nan,pause,22758.62070027014,22758.61970027014,nan,,nan,nan,nan,nan,nan,nan,nan,nan,0.5829975224289962
0.9107311192380363,inhale,22759.723700270366,22758.62070027014,22758.786700270175,,nan,nan,nan,nan,nan,nan,nan,nan,0.14002470128070676
nan,pause,22759.724700270366,22759.723700270366,nan,,nan,nan,nan,nan,nan,nan,nan,nan,1.1572440143674663
-0.601279808951385,exhale,22761.17570027066,22759.724700270366,22760.946700270615,,nan,nan,nan,nan,nan,nan,nan,nan,1.1992780381625148
nan,pause,22761.176700270662,22761.17570027066,nan,,nan,nan,nan,nan,nan,nan,nan,nan,0.9065940045504304
0.7758027127437804,inhale,22762.209700270872,22761.176700270662,22761.45670027072,,nan,nan,nan,nan,nan,nan,nan,nan,1.0418440149880999
nan,pause,22765.09870027146,22762.209700270872,nan,,nan,nan,nan,nan,nan,nan,nan,nan,0.5014490559030509
-0.34774991718291165,exhale,22765.524700271548,22765.09870027146,22765.2867002715,,nan,nan,nan,nan,nan,nan,nan,nan,0.43540097523435106
nan,pause,22766.47370027174,22765.524700271548,nan,,nan,nan,nan,nan,nan,nan,nan,nan,0.4639145464285508
-0.3874957169729245,exhale,22766.7647002718,22766.47370027174,22766.61670027177,,nan,nan,nan,nan,nan,nan,nan,nan,1.271843982177808
nan,pause,22766.7657002718,22766.7647002718,nan,,nan,nan,nan,nan,nan,nan,nan,nan,0.7237847580594341
0.529214700782265,inhale,22768.109700272074,22766.7657002718,22767.94570027204,,nan,nan,nan,nan,nan,nan,nan,nan,0.8222693291075553
nan,pause,22768.110700272075,22768.109700272074,nan,,nan,nan,nan,nan,nan,nan,nan,nan,0.6990022731422698
-0.5643242891104179,exhale,22769.694700272397,22768.110700272075,22768.28670027211,,nan,nan,nan,nan,nan,nan,nan,nan,0.3687811851993912
nan,pause,22769.695700272398,22769.694700272397,nan,,nan,nan,nan,nan,nan,nan,nan,nan,0.002876472431175614
0.5605235668721071,inhale,22770.851700272633,22769.695700272398,22769.95670027245,,nan,nan,nan,nan,nan,nan,nan,nan,1.0743214840264006
nan,pause,22770.852700272633,22770.851700272633,nan,,nan,nan,nan,nan,nan,nan,nan,nan,0.649722253083187
-0.41673817138629526,exhale,22772.30970027293,22770.852700272633,22770.956700272654,,nan,nan,nan,nan,nan,nan,nan,nan,1.3476597448060064
nan,pause,22770.852700272633,22772.30970027293,nan,,nan,nan,nan,nan,nan,nan,nan,nan,0.37981781483690646
-0.40150740306135696,exhale,22772.30970027293,22770.852700272633,22771.946700272856,,nan,nan,nan,nan,nan,nan,nan,nan,0.7048797477352702
nan,pause,22772.31070027293,22772.30970027293,nan,,nan,nan,nan,nan,nan,nan,nan,nan,0.9743432173369051
0.5785975634178856,inhale,22773.44170027316,22772.31070027293,22772.776700273025,,nan,nan,nan,nan,nan,nan,nan,nan,2.1424736798839312
nan,pause,22773.44270027316,22773.44170027316,nan,,nan,nan,nan,nan,nan,nan,nan,nan,-0.21068132398035466
-0.454131856299448,exhale,22774.726700273422,22773.44270027316,22773.616700273196,,nan,nan,nan,nan,nan,nan,nan,nan,1.603563039976339
nan,pause,22774.727700273423,22774.726700273422,nan,,nan,nan,nan,nan,nan,nan,nan,nan,1.5302962864960779
0.8491828302051412,inhale,22775.831700273648,22774.727700273423,22774.95670027347,,nan,nan,nan,nan,nan,nan,nan,nan,0.5207001771044517
nan,pause,22776.958700273877,22775.831700273648,nan,,nan,nan,nan,nan,nan,nan,nan,nan,1.6238191077612045
-3.1040876973935743,exhale,22777.41270027397,22776.958700273877,22777.11670027391,,nan,nan,nan,nan,nan,nan,nan,nan,1.8464628005633785
nan,pause,22777.41370027397,22777.41270027397,nan,,nan,nan,nan,nan,nan,nan,nan,nan,1.997249106519969
1.5088512405150774,inhale,22777.924700274074,22777.41370027397,22777.786700274046,,nan,nan,nan,nan,nan,nan,nan,nan,-0.5171656735529151
nan,pause,22779.17670027433,22777.924700274074,nan,,nan,nan,nan,nan,nan,nan,nan,nan,1.6070088845079145
0.39218041604667514,inhale,22779.545700274404,22779.17670027433,22779.28670027435,,nan,nan,nan,nan,nan,nan,nan,nan,1.0193925065481837
nan,pause,22782.22170027495,22779.545700274404,nan,,nan,nan,nan,nan,nan,nan,nan,nan,1.2811588984241986
-0.45404719175351854,exhale,22782.704700275048,22782.22170027495,22782.61670027503,,nan,nan,nan,nan,nan,nan,nan,nan,1.3847762791136944
nan,pause,22782.705700275048,22782.704700275048,nan,,nan,nan,nan,nan,nan,nan,nan,nan,1.2473439363397016
0.3867726608873092,inhale,22782.929700275094,22782.705700275048,22782.786700275065,,nan,nan,nan,nan,nan,nan,nan,nan,0.6418999841196751
nan,pause,22784.996700275515,22782.929700275094,nan,,nan,nan,nan,nan,nan,nan,nan,nan,1.3499495517749978
0.32597895877248345,inhale,22786.023700275724,22784.996700275515,22785.786700275676,,nan,nan,nan,nan,nan,nan,nan,nan,1.6141454654568594
nan,pause,22786.024700275724,22786.023700275724,nan,,nan,nan,nan,nan,nan,nan,nan,nan,0.5618418062237573
-0.38730759894624534,exhale,22787.404700276005,22786.024700275724,22787.116700275947,,nan,nan,nan,nan,nan,nan,nan,nan,1.0916074931610025
nan,pause,22787.405700276006,22787.404700276005,nan,,nan,nan,nan,nan,nan,nan,nan,nan,1.3809583080094665
0.6793950619924239,inhale,22788.55470027624,22787.405700276006,22787.61670027605,,nan,nan,nan,nan,nan,nan,nan,nan,2.4499931042530037
nan,pause,22788.55570027624,22788.55470027624,nan,,nan,nan,nan,nan,nan,nan,nan,nan,1.5194500844449355
-0.370593167447305,exhale,22790.141700276563,22788.55570027624,22788.616700276252,,nan,nan,nan,nan,nan,nan,nan,nan,1.4229511081368136
nan,pause,22790.142700276563,22790.141700276563,nan,,nan,nan,nan,nan,nan,nan,nan,nan,1.505010375043578
0.9751319402768881,inhale,22791.229700276785,22790.142700276563,22790.446700276625,,nan,nan,nan,nan,nan,nan,nan,nan,1.054283099058254
nan,pause,22791.230700276785,22791.229700276785,nan,,nan,nan,nan,nan,nan,nan,nan,nan,-0.22994920307900202
-0.7460493256239101,exhale,22792.809700277106,22791.230700276785,22791.44670027683,,nan,nan,nan,nan,nan,nan,nan,nan,-0.1600038656588083
nan,pause,22792.810700277107,22792.809700277106,nan,,nan,nan,nan,nan,nan,nan,nan,nan,-0.09854171040068183
0.7627504936528193,inhale,22793.84970027732,22792.810700277107,22793.61670027727,,nan,nan,nan,nan,nan,nan,nan,nan,0.00833504979538846
nan,pause,22793.85070027732,22793.84970027732,nan,,nan,nan,nan,nan,nan,nan,nan,nan,-0.49217789951010005
-0.7158588432840622,exhale,22795.19170027759,22793.85070027732,22793.95670027734,,nan,nan,nan,nan,nan,nan,nan,nan,0.08422967687500815
nan,pause,22793.85070027732,22795.19170027759,nan,,nan,nan,nan,nan,nan,nan,nan,nan,-0.3889587689698022
-0.43624600689622195,exhale,22795.19170027759,22793.85070027732,22794.946700277542,,nan,nan,nan,nan,nan,nan,nan,nan,-0.31783820023690446
nan,pause,22795.192700277592,22795.19170027759,nan,,nan,nan,nan,nan,nan,nan,nan,nan,-0.32993041080213503
1.2392729410023717,inhale,22796.227700277803,22795.192700277592,22795.786700277713,,nan,nan,nan,nan,nan,nan,nan,nan,-0.45270074240315905
nan,pause,22796.228700277803,22796.227700277803,nan,,nan,nan,nan,nan,nan,nan,nan,nan,0.2280019083391791
-0.9126033111788762,exhale,22797.6867002781,22796.228700277803,22796.446700277847,,nan,nan,nan,nan,nan,nan,nan,nan,-0.25802443604997816
nan,pause,22797.6877002781,22797.6867002781,nan,,nan,nan,nan,nan,nan,nan,nan,nan,0.17850240075910873
1.0920721058734435,inhale,22798.72470027831,22797.6877002781,22797.956700278155,,nan,nan,nan,nan,nan,nan,nan,nan,-0.447022715299803
nan,pause,22798.72570027831,22798.72470027831,nan,,nan,nan,nan,nan,nan,nan,nan,nan,0.0050072869876747195
-0.9135697730614278,exhale,22800.206700278613,22798.72570027831,22798.946700278357,,nan,nan,nan,nan,nan,nan,nan,nan,-0.11638431539185312
nan,pause,22800.207700278614,22800.206700278613,nan,,nan,nan,nan,nan,nan,nan,nan,nan,-0.4228248412112665
1.3375362335091008,inhale,22801.1157002788,22800.207700278614,22800.77670027873,,nan,nan,nan,nan,nan,nan,nan,nan,-0.1674682923475752
nan,pause,22801.885700278955,22801.1157002788,nan,,nan,nan,nan,nan,nan,nan,nan,nan,0.04141789265139595
-0.5538681293358003,exhale,22802.35370027905,22801.885700278955,22802.116700279003,,nan,nan,nan,nan,nan,nan,nan,nan,0.1637484632231796
nan,pause,22802.506700279082,22802.35370027905,nan,,nan,nan,nan,nan,nan,nan,nan,nan,-0.112406193356551
-0.4913172213504536,exhale,22802.899700279162,22802.506700279082,22802.776700279137,,nan,nan,nan,nan,nan,nan,nan,nan,2.375216212989789
nan,pause,22803.305700279245,22802.899700279162,nan,,nan,nan,nan,nan,nan,nan,nan,nan,0.313836890784322
0.6895449129014084,inhale,22804.479700279484,22803.305700279245,22803.77670027934,,nan,nan,nan,nan,nan,nan,nan,nan,0.23978512791878281
nan,pause,22804.480700279484,22804.479700279484,nan,,nan,nan,nan,nan,nan,nan,nan,nan,0.41592797697183315
-0.9375274651172409,exhale,22805.98070027979,22804.480700279484,22804.786700279546,,nan,nan,nan,nan,nan,nan,nan,nan,0.25282066237018075
nan,pause,22805.98170027979,22805.98070027979,nan,,nan,nan,nan,nan,nan,nan,nan,nan,0.2621288361389833
0.9628647618795704,inhale,22807.15370028003,22805.98170027979,22806.116700279817,,nan,nan,nan,nan,nan,nan,nan,nan,0.16145265823423927
nan,pause,22807.15470028003,22807.15370028003,nan,,nan,nan,nan,nan,nan,nan,nan,nan,0.11784239477258218
-0.5517827276911944,exhale,22808.743700280353,22807.15470028003,22807.286700280056,,nan,nan,nan,nan,nan,nan,nan,nan,0.42533537662201915
nan,pause,22807.15470028003,22808.743700280353,nan,,nan,nan,nan,nan,nan,nan,nan,nan,-0.052615311574780055
-0.4864524366642231,exhale,22808.743700280353,22807.15470028003,22808.446700280292,,nan,nan,nan,nan,nan,nan,nan,nan,0.05643495849162372
nan,pause,22808.744700280353,22808.743700280353,nan,,nan,nan,nan,nan,nan,nan,nan,nan,0.357871359722687
0.8611968363194116,inhale,22809.848700280578,22808.744700280353,22809.286700280463,,nan,nan,nan,nan,nan,nan,nan,nan,-0.012938692338007929
nan,pause,22809.849700280578,22809.848700280578,nan,,nan,nan,nan,nan,nan,nan,nan,nan,0.1279555962949861
-0.7203951637576195,exhale,22811.17970028085,22809.849700280578,22810.116700280632,,nan,nan,nan,nan,nan,nan,nan,nan,0.2883058216126426
nan,pause,22811.18070028085,22811.17970028085,nan,,nan,nan,nan,nan,nan,nan,nan,nan,-0.046233146114213586
1.1109404809253869,inhale,22812.205700281058,22811.18070028085,22811.946700281005,,nan,nan,nan,nan,nan,nan,nan,nan,-0.007760665020731139
nan,pause,22812.206700281058,22812.205700281058,nan,,nan,nan,nan,nan,nan,nan,nan,nan,0.22324192488317562
-1.0324553987808802,exhale,22813.574700281337,22812.206700281058,22812.446700281107,,nan,nan,nan,nan,nan,nan,nan,nan,0.15431577319658807
nan,pause,22813.575700281337,22813.574700281337,nan,,nan,nan,nan,nan,nan,nan,nan,nan,0.4333149260700029
1.1796399931581374,inhale,22814.53070028153,22813.575700281337,22814.116700281447,,nan,nan,nan,nan,nan,nan,nan,nan,0.5804595571193247
nan,pause,22814.53170028153,22814.53070028153,nan,,nan,nan,nan,nan,nan,nan,nan,nan,0.20516939438893522
-1.068372346566324,exhale,22815.877700281806,22814.53170028153,22814.77670028158,,nan,nan,nan,nan,nan,nan,nan,nan,0.2645214138983576
nan,pause,22815.878700281806,22815.877700281806,nan,,nan,nan,nan,nan,nan,nan,nan,nan,0.3562656644950586
1.0789792319921274,inhale,22816.904700282015,22815.878700281806,22816.28670028189,,nan,nan,nan,nan,nan,nan,nan,nan,0.33653686929510007
nan,pause,22816.905700282015,22816.904700282015,nan,,nan,nan,nan,nan,nan,nan,nan,nan,0.4322961395179543
-0.9870302134304748,exhale,22818.98270028244,22816.905700282015,22817.11670028206,,nan,nan,nan,nan,nan,nan,nan,nan,0.40825196184927703
nan,pause,22818.98370028244,22818.98270028244,nan,,nan,nan,nan,nan,nan,nan,nan,nan,0.4392172557476628
0.7449512979106813,inhale,22819.97070028264,22818.98370028244,22819.456700282535,,nan,nan,nan,nan,nan,nan,nan,nan,0.27534759655990504
nan,pause,22819.97170028264,22819.97070028264,nan,,nan,nan,nan,nan,nan,nan,nan,nan,0.20101218453236136
-0.5370024867269715,exhale,22821.39970028293,22819.97170028264,22820.11670028267,,nan,nan,nan,nan,nan,nan,nan,nan,0.5284063596977582
nan,pause,22821.811700283015,22821.39970028293,nan,,nan,nan,nan,nan,nan,nan,nan,nan,-0.328230365686939
-0.39411498032152065,exhale,22821.999700283053,22821.811700283015,22821.946700283042,,nan,nan,nan,nan,nan,nan,nan,nan,0.3676961861570778
nan,pause,22822.000700283053,22821.999700283053,nan,,nan,nan,nan,nan,nan,nan,nan,nan,0.21141685735493132
0.9463101506784971,inhale,22822.31870028312,22822.000700283053,22822.116700283077,,nan,nan,nan,nan,nan,nan,nan,nan,0.9077329873628712
nan,pause,22822.31970028312,22822.31870028312,nan,,nan,nan,nan,nan,nan,nan,nan,nan,0.37836232874218
-0.637182958003233,exhale,22822.604700283176,22822.31970028312,22822.446700283144,,nan,nan,nan,nan,nan,nan,nan,nan,0.420614928702693
nan,pause,22822.77170028321,22822.604700283176,nan,,nan,nan,nan,nan,nan,nan,nan,nan,0.39026293382473876
-0.4869727251575761,exhale,22823.187700283295,22822.77170028321,22823.11670028328,,nan,nan,nan,nan,nan,nan,nan,nan,0.24747570308443123
nan,pause,22823.188700283295,22823.187700283295,nan,,nan,nan,nan,nan,nan,nan,nan,nan,0.30881488231877263
0.7117053456839175,inhale,22824.58670028358,22823.188700283295,22823.446700283348,,nan,nan,nan,nan,nan,nan,nan,nan,0.32778419283353166
nan,pause,22825.380700283742,22824.58670028358,nan,,nan,nan,nan,nan,nan,nan,nan,nan,0.586794883085735
0.42974464549000013,inhale,22825.76970028382,22825.380700283742,22825.61670028379,,nan,nan,nan,nan,nan,nan,nan,nan,0.5174833235283691
nan,pause,22826.622700283995,22825.76970028382,nan,,nan,nan,nan,nan,nan,nan,nan,nan,0.05094929645241297
-0.37470407964921143,exhale,22826.89070028405,22826.622700283995,22826.78670028403,,nan,nan,nan,nan,nan,nan,nan,nan,-0.08301985933800693
nan,pause,22826.89170028405,22826.89070028405,nan,,nan,nan,nan,nan,nan,nan,nan,nan,-1.0806561113143454
0.869195944991965,inhale,22827.898700284255,22826.89170028405,22827.27670028413,,nan,nan,nan,nan,nan,nan,nan,nan,0.4125477396165813
nan,pause,22827.899700284255,22827.898700284255,nan,,nan,nan,nan,nan,nan,nan,nan,nan,0.9303457169726941
-2.503141212765091,exhale,22828.6107002844,22827.899700284255,22828.446700284367,,nan,nan,nan,nan,nan,nan,nan,nan,2.5998533131716766
nan,pause,22828.80670028444,22828.6107002844,nan,,nan,nan,nan,nan,nan,nan,nan,nan,-0.9163166452801694
1.297823437788492,inhale,22829.424700284566,22828.80670028444,22829.286700284538,,nan,nan,nan,nan,nan,nan,nan,nan,2.3212558242795724
nan,pause,22831.300700284948,22829.424700284566,nan,,nan,nan,nan,nan,nan,nan,nan,nan,1.7164414175113847
-2.334433690736261,exhale,22831.594700285008,22831.300700284948,22831.446700284978,,nan,nan,nan,nan,nan,nan,nan,nan,1.116863492480475
nan,pause,22831.59570028501,22831.594700285008,nan,,nan,nan,nan,nan,nan,nan,nan,nan,1.0569109172690119
0.34639714804753546,inhale,22831.783700285047,22831.59570028501,22831.616700285012,,nan,nan,nan,nan,nan,nan,nan,nan,1.768350786759005
nan,pause,22831.80170028505,22831.783700285047,nan,,nan,nan,nan,nan,nan,nan,nan,nan,0.7073502906351514
0.6131094098922102,inhale,22832.939700285282,22831.80170028505,22832.616700285216,,nan,nan,nan,nan,nan,nan,nan,nan,1.3973229687973356
nan,pause,22833.348700285365,22832.939700285282,nan,,nan,nan,nan,nan,nan,nan,nan,nan,1.2488470092675987
0.3352013532713264,inhale,22833.599700285416,22833.348700285365,22833.446700285385,,nan,nan,nan,nan,nan,nan,nan,nan,1.4936623625635024
nan,pause,22833.690700285435,22833.599700285416,nan,,nan,nan,nan,nan,nan,nan,nan,nan,-0.4911602831996529
0.7464142035421099,inhale,22834.15470028553,22833.690700285435,22834.11670028552,,nan,nan,nan,nan,nan,nan,nan,nan,3.925231554415177
nan,pause,22834.15570028553,22834.15470028553,nan,,nan,nan,nan,nan,nan,nan,nan,nan,3.980226844032198
-2.4106817489830257,exhale,22834.423700285584,22834.15570028553,22834.286700285556,,nan,nan,nan,nan,nan,nan,nan,nan,0.3579160379532702
nan,pause,22834.717700285644,22834.423700285584,nan,,nan,nan,nan,nan,nan,nan,nan,nan,0.4176117511224833
0.7138562271596801,inhale,22835.43770028579,22834.717700285644,22835.28670028576,,nan,nan,nan,nan,nan,nan,nan,nan,0.5397845874659719
nan,pause,22837.823700286277,22835.43770028579,nan,,nan,nan,nan,nan,nan,nan,nan,nan,2.7370460870089603
0.4111328593453228,inhale,22839.935700286707,22837.823700286277,22839.286700286575,,nan,nan,nan,nan,nan,nan,nan,nan,0.924973010048352
nan,pause,22846.73070028809,22839.935700286707,nan,,nan,nan,nan,nan,nan,nan,nan,nan,1.2901579359693853
0.3899444082460739,inhale,22847.133700288174,22846.73070028809,22846.946700288136,,nan,nan,nan,nan,nan,nan,nan,nan,1.335163068695529
nan,pause,22847.134700288174,22847.133700288174,nan,,nan,nan,nan,nan,nan,nan,nan,nan,1.7966760626556906
-0.3878147208558478,exhale,22847.370700288222,22847.134700288174,22847.286700288205,,nan,nan,nan,nan,nan,nan,nan,nan,2.46708557095819
nan,pause,22847.371700288222,22847.370700288222,nan,,nan,nan,nan,nan,nan,nan,nan,nan,0.5335304192380574
0.3558804653892319,inhale,22847.65370028828,22847.371700288222,22847.45670028824,,nan,nan,nan,nan,nan,nan,nan,nan,1.3716703489030477
nan,pause,22847.65470028828,22847.65370028828,nan,,nan,nan,nan,nan,nan,nan,nan,nan,1.7833683860544967
-0.5976115724261274,exhale,22847.876700288325,22847.65470028828,22847.786700288307,,nan,nan,nan,nan,nan,nan,nan,nan,2.4059591152570725
nan,pause,22847.877700288325,22847.876700288325,nan,,nan,nan,nan,nan,nan,nan,nan,nan,2.325970461005598
0.45985573435167926,inhale,22848.109700288373,22847.877700288325,22847.95670028834,,nan,nan,nan,nan,nan,nan,nan,nan,2.3941770353998866
nan,pause,22848.998700288554,22848.109700288373,nan,,nan,nan,nan,nan,nan,nan,nan,nan,0.0892559169665268
0.4965608824776155,inhale,22849.454700288647,22848.998700288554,22849.116700288578,,nan,nan,nan,nan,nan,nan,nan,nan,1.7311271701751387
nan,pause,22849.455700288647,22849.454700288647,nan,,nan,nan,nan,nan,nan,nan,nan,nan,1.550021809191545
-0.38672873044142797,exhale,22849.686700288694,22849.455700288647,22849.61670028868,,nan,nan,nan,nan,nan,nan,nan,nan,2.1391402887024302
nan,pause,22849.687700288694,22849.686700288694,nan,,nan,nan,nan,nan,nan,nan,nan,nan,2.4693837726917076
0.5177308650156727,inhale,22849.929700288743,22849.687700288694,22849.786700288714,,nan,nan,nan,nan,nan,nan,nan,nan,2.004261960075758
nan,pause,22850.84470028893,22849.929700288743,nan,,nan,nan,nan,nan,nan,nan,nan,nan,1.726120302708849
0.5134724146609085,pause,22850.968700288955,22850.84470028893,22850.94670028895,,nan,nan,nan,nan,nan,nan,nan,nan,-0.4630389680193745
nan,pause,22850.969700288955,22850.968700288955,nan,,nan,nan,nan,nan,nan,nan,nan,nan,1.8187942052554185
-4.019999794217399,exhale,22851.473700289058,22850.969700288955,22851.116700288985,,nan,nan,nan,nan,nan,nan,nan,nan,2.2739880010160443
nan,pause,22851.474700289058,22851.473700289058,nan,,nan,nan,nan,nan,nan,nan,nan,nan,1.2808613968491764
0.3132849558909615,inhale,22852.37370028924,22851.474700289058,22851.616700289087,,nan,nan,nan,nan,nan,nan,nan,nan,1.3354401865554761
nan,pause,22857.95870029038,22852.37370028924,nan,,nan,nan,nan,nan,nan,nan,nan,nan,-0.44361648972661616
0.38004479646412015,inhale,22858.442700290478,22857.95870029038,22858.11670029041,,nan,nan,nan,nan,nan,nan,nan,nan,2.092744516168879
nan,pause,22859.28870029065,22858.442700290478,nan,,nan,nan,nan,nan,nan,nan,nan,nan,-1.011115817835802
0.6661996841868928,inhale,22859.68270029073,22859.28870029065,22859.446700290682,,nan,nan,nan,nan,nan,nan,nan,nan,1.0157984489501697
nan,pause,22867.623700292348,22859.68270029073,nan,,nan,nan,nan,nan,nan,nan,nan,nan,0.04119714207508629
0.500856210648422,inhale,22867.92170029241,22867.623700292348,22867.78670029238,,nan,nan,nan,nan,nan,nan,nan,nan,1.2557011512562157
nan,pause,22868.287700292483,22867.92170029241,nan,,nan,nan,nan,nan,nan,nan,nan,nan,-1.5841128481708857
-3.742644016273565,exhale,22868.605700292548,22868.287700292483,22868.446700292516,,nan,nan,nan,nan,nan,nan,nan,nan,0.21489202178439237
nan,pause,22869.118700292653,22868.605700292548,nan,,nan,nan,nan,nan,nan,nan,nan,nan,1.4762210724022062
0.46995045170939537,inhale,22869.44270029272,22869.118700292653,22869.286700292687,,nan,nan,nan,nan,nan,nan,nan,nan,-0.2032980063094148
nan,pause,22870.53770029294,22869.44270029272,nan,,nan,nan,nan,nan,nan,nan,nan,nan,-0.6282024583349
0.380165423252617,inhale,22871.524700293143,22870.53770029294,22871.11670029306,,nan,nan,nan,nan,nan,nan,nan,nan,0.074709091479771
nan,pause,22872.872700293417,22871.524700293143,nan,,nan,nan,nan,nan,nan,nan,nan,nan,-0.3771306126446383
2.313480499576401,inhale,22874.00970029365,22872.872700293417,22873.61670029357,,nan,nan,nan,nan,nan,nan,nan,nan,-0.824736956431276
nan,pause,22875.48970029395,22874.00970029365,nan,,nan,nan,nan,nan,nan,nan,nan,nan,-0.3363906943097239
3.094133900107079,inhale,22876.429700294142,22875.48970029395,22875.956700294046,,nan,nan,nan,nan,nan,nan,nan,nan,-0.6857798489142728
nan,pause,22876.430700294142,22876.429700294142,nan,,nan,nan,nan,nan,nan,nan,nan,nan,-0.2507870885857504
-0.3424649199012186,exhale,22878.161700294495,22876.430700294142,22876.456700294148,,nan,nan,nan,nan,nan,nan,nan,nan,-0.5492915950612809
nan,pause,22878.162700294495,22878.161700294495,nan,,nan,nan,nan,nan,nan,nan,nan,nan,0.10516590676330739
3.7615241713536,inhale,22878.92670029465,22878.162700294495,22878.456700294555,,nan,nan,nan,nan,nan,nan,nan,nan,-0.3138576494119386
nan,pause,22878.92770029465,22878.92670029465,nan,,nan,nan,nan,nan,nan,nan,nan,nan,-0.2963529783123473
-0.8177776972785696,exhale,22880.463700294964,22878.92770029465,22879.276700294722,,nan,nan,nan,nan,nan,nan,nan,nan,-0.2804093618187302
nan,pause,22880.464700294964,22880.463700294964,nan,,nan,nan,nan,nan,nan,nan,nan,nan,-0.4149131917052181
4.3368084804292,inhale,22881.38270029515,22880.464700294964,22880.956700295064,,nan,nan,nan,nan,nan,nan,nan,nan,0.029766173606331492
nan,pause,22881.38370029515,22881.38270029515,nan,,nan,nan,nan,nan,nan,nan,nan,nan,-0.484742346184866
-1.9031340234350815,exhale,22882.84770029545,22881.38370029515,22881.6167002952,,nan,nan,nan,nan,nan,nan,nan,nan,-0.4996542738913443
nan,pause,22882.84870029545,22882.84770029545,nan,,nan,nan,nan,nan,nan,nan,nan,nan,-0.4957935653479624
4.554338073597261,inhale,22883.758700295635,22882.84870029545,22883.44670029557,,nan,nan,nan,nan,nan,nan,nan,nan,-0.7202872884619942
nan,pause,22883.759700295635,22883.758700295635,nan,,nan,nan,nan,nan,nan,nan,nan,nan,0.016464163789187802
-2.6278122116232026,exhale,22885.40470029597,22883.759700295635,22883.946700295674,,nan,nan,nan,nan,nan,nan,nan,nan,-0.25504535907739023
nan,pause,22886.29370029615,22885.40470029597,nan,,nan,nan,nan,nan,nan,nan,nan,nan,-0.4599233949715088
5.176292872774684,inhale,22887.285700296354,22886.29370029615,22886.956700296287,,nan,nan,nan,nan,nan,nan,nan,nan,-0.00732182307040441
nan,pause,22887.286700296354,22887.285700296354,nan,,nan,nan,nan,nan,nan,nan,nan,nan,-0.31506493239250566
-2.57681249958157,exhale,22887.772700296453,22887.286700296354,22887.45670029639,,nan,nan,nan,nan,nan,nan,nan,nan,-0.1839833900741017
nan,pause,22889.450700296795,22887.772700296453,nan,,nan,nan,nan,nan,nan,nan,nan,nan,-0.3076371783595443
5.880339098283651,inhale,22890.437700296996,22889.450700296795,22890.11670029693,,nan,nan,nan,nan,nan,nan,nan,nan,-0.16912076305786283
nan,pause,22890.438700296996,22890.437700296996,nan,,nan,nan,nan,nan,nan,nan,nan,nan,-0.374896163318845
-3.6863418326576993,exhale,22891.617700297236,22890.438700296996,22890.616700297032,,nan,nan,nan,nan,nan,nan,nan,nan,-0.19209832946321104
nan,pause,22891.618700297237,22891.617700297236,nan,,nan,nan,nan,nan,nan,nan,nan,nan,-0.353555754206757
0.716832528826295,inhale,22892.888700297495,22891.618700297237,22892.446700297405,,nan,nan,nan,nan,nan,nan,nan,nan,-0.38946346465730697
nan,pause,22892.889700297495,22892.888700297495,nan,,nan,nan,nan,nan,nan,nan,nan,nan,-0.4373403478008111
-4.675831075585819,exhale,22893.54570029763,22892.889700297495,22893.286700297576,,nan,nan,nan,nan,nan,nan,nan,nan,-0.10511306995089731
nan,pause,22893.54670029763,22893.54570029763,nan,,nan,nan,nan,nan,nan,nan,nan,nan,-0.6085677676666417
9.084816535702625,inhale,22894.53470029783,22893.54670029763,22894.276700297778,,nan,nan,nan,nan,nan,nan,nan,nan,0.05455676347715599
nan,pause,22894.53570029783,22894.53470029783,nan,,nan,nan,nan,nan,nan,nan,nan,nan,-0.6436529913914286
-5.237819463299103,exhale,22896.14370029816,22894.53570029783,22895.94670029812,,nan,nan,nan,nan,nan,nan,nan,nan,-0.14286771505552465
nan,pause,22896.14470029816,22896.14370029816,nan,,nan,nan,nan,nan,nan,nan,nan,nan,-0.071343853656604
13.325268336109419,inhale,22897.03370029834,22896.14470029816,22896.44670029822,,nan,nan,nan,nan,nan,nan,nan,nan,-0.34376914872727926
nan,pause,22897.03470029834,22897.03370029834,nan,,nan,nan,nan,nan,nan,nan,nan,nan,-0.12244654003336053
-5.169578075606091,exhale,22898.64970029867,22897.03470029834,22897.116700298357,,nan,nan,nan,nan,nan,nan,nan,nan,-0.5999322584950946
nan,pause,22898.65070029867,22898.64970029867,nan,,nan,nan,nan,nan,nan,nan,nan,nan,-0.47076190160079645
11.23041519484468,inhale,22899.567700298856,22898.65070029867,22899.116700298764,,nan,nan,nan,nan,nan,nan,nan,nan,-0.40870720549044237
nan,pause,22899.568700298856,22899.567700298856,nan,,nan,nan,nan,nan,nan,nan,nan,nan,-0.18869388798486164
-8.165218075509891,exhale,22901.041700299156,22899.568700298856,22899.7867002989,,nan,nan,nan,nan,nan,nan,nan,nan,-0.115131554587524
nan,pause,22901.042700299156,22901.041700299156,nan,,nan,nan,nan,nan,nan,nan,nan,nan,0.22168301460671036
12.417716606150295,inhale,22901.94470029934,22901.042700299156,22901.45670029924,,nan,nan,nan,nan,nan,nan,nan,nan,-0.6465019433051149
nan,pause,22901.94570029934,22901.94470029934,nan,,nan,nan,nan,nan,nan,nan,nan,nan,-0.8895992397807913
-7.986231607878528,exhale,22903.76770029971,22901.94570029934,22902.116700299375,,nan,nan,nan,nan,nan,nan,nan,nan,-0.37079660224817124
nan,pause,22903.76870029971,22903.76770029971,nan,,nan,nan,nan,nan,nan,nan,nan,nan,-0.3778490328966251
10.353074515019554,inhale,22904.757700299913,22903.76870029971,22904.44670029985,,nan,nan,nan,nan,nan,nan,nan,nan,-0.6153027352101357
nan,pause,22904.758700299913,22904.757700299913,nan,,nan,nan,nan,nan,nan,nan,nan,nan,-0.6013185316115315
-7.902959846524694,exhale,22906.351700300238,22904.758700299913,22904.956700299954,,nan,nan,nan,nan,nan,nan,nan,nan,-1.3804416116676195
nan,pause,22906.35270030024,22906.351700300238,nan,,nan,nan,nan,nan,nan,nan,nan,nan,-0.8037852747904708
9.463771158726622,inhale,22907.508700300474,22906.35270030024,22906.616700300292,,nan,nan,nan,nan,nan,nan,nan,nan,4.375827991802874
nan,pause,22907.509700300474,22907.508700300474,nan,,nan,nan,nan,nan,nan,nan,nan,nan,1.6123748598323835
-8.104498364751523,exhale,22909.031700300784,22907.509700300474,22907.77670030053,,nan,nan,nan,nan,nan,nan,nan,nan,-0.7981852652120751
nan,pause,22909.032700300784,22909.031700300784,nan,,nan,nan,nan,nan,nan,nan,nan,nan,0.9584024027978699
8.54002015258156,inhale,22910.13470030101,22909.032700300784,22909.286700300836,,nan,nan,nan,nan,nan,nan,nan,nan,1.5260779429255862
nan,pause,22910.13570030101,22910.13470030101,nan,,nan,nan,nan,nan,nan,nan,nan,nan,0.5268733333542599
-8.55655471856631,exhale,22911.676700301323,22910.13570030101,22910.28670030104,,nan,nan,nan,nan,nan,nan,nan,nan,2.3834224527014314
nan,pause,22911.677700301323,22911.676700301323,nan,,nan,nan,nan,nan,nan,nan,nan,nan,0.22114146413341995
11.458000548945948,inhale,22912.825700301557,22911.677700301323,22911.95670030138,,nan,nan,nan,nan,nan,nan,nan,nan,4.468930697558662
nan,pause,22912.826700301557,22912.825700301557,nan,,nan,nan,nan,nan,nan,nan,nan,nan,1.5752401286820565
-6.80283444151591,exhale,22914.048700301806,22912.826700301557,22913.116700301616,,nan,nan,nan,nan,nan,nan,nan,nan,1.3336265033831127
nan,pause,22914.049700301806,22914.048700301806,nan,,nan,nan,nan,nan,nan,nan,nan,nan,-0.2973090866158188
0.7971556114702537,inhale,22914.21570030184,22914.049700301806,22914.11670030182,,nan,nan,nan,nan,nan,nan,nan,nan,3.6866388657710076
nan,pause,22914.772700301954,22914.21570030184,nan,,nan,nan,nan,nan,nan,nan,nan,nan,3.5516506623468356
1.779905430201584,inhale,22915.333700302068,22914.772700301954,22915.276700302056,,nan,nan,nan,nan,nan,nan,nan,nan,1.009056211475368
nan,pause,22915.334700302068,22915.333700302068,nan,,nan,nan,nan,nan,nan,nan,nan,nan,1.6901915329240667
-3.937335099780047,exhale,22915.601700302122,22915.334700302068,22915.44670030209,,nan,nan,nan,nan,nan,nan,nan,nan,2.0855377174402796
nan,pause,22915.602700302123,22915.601700302122,nan,,nan,nan,nan,nan,nan,nan,nan,nan,7.554619521038031
1.6614866998963398,inhale,22916.444700302294,22915.602700302123,22916.286700302262,,nan,nan,nan,nan,nan,nan,nan,nan,-0.08561206706296343
nan,pause,22916.81170030237,22916.444700302294,nan,,nan,nan,nan,nan,nan,nan,nan,nan,4.984399883619631
-0.3118219177294274,exhale,22917.038700302415,22916.81170030237,22916.946700302396,,nan,nan,nan,nan,nan,nan,nan,nan,-1.1993593252913257
nan,pause,22917.4577003025,22917.038700302415,nan,,nan,nan,nan,nan,nan,nan,nan,nan,1.8470691005704971
-2.9527854709470494,exhale,22917.721700302554,22917.4577003025,22917.616700302533,,nan,nan,nan,nan,nan,nan,nan,nan,3.2992417331560926
nan,pause,22917.722700302555,22917.721700302554,nan,,nan,nan,nan,nan,nan,nan,nan,nan,2.006472915580206
6.6257674051493805,inhale,22918.754700302765,22917.722700302555,22918.456700302704,,nan,nan,nan,nan,nan,nan,nan,nan,3.094247157303439
nan,pause,22918.755700302765,22918.754700302765,nan,,nan,nan,nan,nan,nan,nan,nan,nan,3.4295830153814517
-3.2622075477347443,exhale,22920.878700303198,22918.755700302765,22918.946700302804,,nan,nan,nan,nan,nan,nan,nan,nan,1.4482088949402963
nan,pause,22920.879700303198,22920.878700303198,nan,,nan,nan,nan,nan,nan,nan,nan,nan,2.907369754971448
9.198273069207794,inhale,22921.838700303393,22920.879700303198,22921.27670030328,,nan,nan,nan,nan,nan,nan,nan,nan,0.8764478427462983
nan,pause,22921.839700303393,22921.838700303393,nan,,nan,nan,nan,nan,nan,nan,nan,nan,2.6834238231515286
-4.165103370197812,exhale,22923.721700303777,22921.839700303393,22921.956700303417,,nan,nan,nan,nan,nan,nan,nan,nan,4.170557918661474
nan,pause,22923.722700303777,22923.721700303777,nan,,nan,nan,nan,nan,nan,nan,nan,nan,1.5263306792511484
8.547251951921162,inhale,22924.71170030398,22923.722700303777,22924.116700303857,,nan,nan,nan,nan,nan,nan,nan,nan,0.5492619980147451
nan,pause,22924.71270030398,22924.71170030398,nan,,nan,nan,nan,nan,nan,nan,nan,nan,1.4827518593437192
-4.419304518525471,exhale,22926.754700304395,22924.71270030398,22926.616700304367,,nan,nan,nan,nan,nan,nan,nan,nan,5.723217174168828
nan,pause,22926.755700304395,22926.754700304395,nan,,nan,nan,nan,nan,nan,nan,nan,nan,2.9006154021629413
6.530663584116718,inhale,22927.781700304604,22926.755700304395,22927.61670030457,,nan,nan,nan,nan,nan,nan,nan,nan,2.9058390677400565
nan,pause,22927.782700304604,22927.781700304604,nan,,nan,nan,nan,nan,nan,nan,nan,nan,0.19558211072890686
-5.802834762130066,exhale,22929.440700304942,22927.782700304604,22927.946700304637,,nan,nan,nan,nan,nan,nan,nan,nan,3.6809236776263883
nan,pause,22929.441700304942,22929.440700304942,nan,,nan,nan,nan,nan,nan,nan,nan,nan,3.6432483343184447
9.844247571870138,inhale,22930.351700305127,22929.441700304942,22929.786700305012,,nan,nan,nan,nan,nan,nan,nan,nan,2.727311269641813
nan,pause,22930.352700305128,22930.351700305127,nan,,nan,nan,nan,nan,nan,nan,nan,nan,6.850701389673964
-5.335975875957935,exhale,22932.013700305466,22930.352700305128,22930.61670030518,,nan,nan,nan,nan,nan,nan,nan,nan,3.18923549265104
nan,pause,22932.014700305466,22932.013700305466,nan,,nan,nan,nan,nan,nan,nan,nan,nan,-0.0573677221815414
7.505122288745275,inhale,22933.01170030567,22932.014700305466,22932.446700305554,,nan,nan,nan,nan,nan,nan,nan,nan,1.0293979494641086
nan,pause,22933.01270030567,22933.01170030567,nan,,nan,nan,nan,nan,nan,nan,nan,nan,-0.6795042897986382
-3.7526524280812232,exhale,22933.6607003058,22933.01270030567,22933.11670030569,,nan,nan,nan,nan,nan,nan,nan,nan,-1.9987355570651637
nan,pause,22935.390700306154,22933.6607003058,nan,,nan,nan,nan,nan,nan,nan,nan,nan,0.9900475985725279
2.064065693223716,inhale,22936.832700306448,22935.390700306154,22936.616700306404,,nan,nan,nan,nan,nan,nan,nan,nan,-0.12621231758605522
nan,pause,22936.833700306448,22936.832700306448,nan,,nan,nan,nan,nan,nan,nan,nan,nan,-1.1392649642624904
-2.5231972657335686,exhale,22938.17570030672,22936.833700306448,22936.956700306473,,nan,nan,nan,nan,nan,nan,nan,nan,-0.14962858450944183
nan,pause,22938.17670030672,22938.17570030672,nan,,nan,nan,nan,nan,nan,nan,nan,nan,-0.39639828219335493
6.594289214185267,inhale,22939.215700306933,22938.17670030672,22938.94670030688,,nan,nan,nan,nan,nan,nan,nan,nan,0.37193940428444816
nan,pause,22939.216700306933,22939.215700306933,nan,,nan,nan,nan,nan,nan,nan,nan,nan,-0.8074236374635233
-3.752589055821874,exhale,22940.86370030727,22939.216700306933,22940.61670030722,,nan,nan,nan,nan,nan,nan,nan,nan,-0.9856930161340802
nan,pause,22940.86470030727,22940.86370030727,nan,,nan,nan,nan,nan,nan,nan,nan,nan,-1.5387119995471108
11.142396140188978,inhale,22941.779700307456,22940.86470030727,22941.286700307355,,nan,nan,nan,nan,nan,nan,nan,nan,-0.6911746360400681
nan,pause,22941.780700307456,22941.779700307456,nan,,nan,nan,nan,nan,nan,nan,nan,nan,-0.9638091957490444
-5.535857872612106,exhale,22943.336700307773,22941.780700307456,22943.116700307728,,nan,nan,nan,nan,nan,nan,nan,nan,-0.3827557182238963
nan,pause,22943.337700307773,22943.336700307773,nan,,nan,nan,nan,nan,nan,nan,nan,nan,-0.16772166781329956
15.873299667113947,inhale,22944.24670030796,22943.337700307773,22943.786700307865,,nan,nan,nan,nan,nan,nan,nan,nan,-1.4374955820311273
nan,pause,22944.24770030796,22944.24670030796,nan,,nan,nan,nan,nan,nan,nan,nan,nan,-0.5905238575588281
-6.285833091888237,exhale,22945.894700308294,22944.24770030796,22945.616700308237,,nan,nan,nan,nan,nan,nan,nan,nan,-0.6968638200997037
nan,pause,22945.895700308294,22945.894700308294,nan,,nan,nan,nan,nan,nan,nan,nan,nan,-0.7653790419970241
9.092176610775926,inhale,22946.737700308466,22945.895700308294,22946.27670030837,,nan,nan,nan,nan,nan,nan,nan,nan,-0.24872016632259153
nan,pause,22946.738700308466,22946.737700308466,nan,,nan,nan,nan,nan,nan,nan,nan,nan,-0.38110663929024335
-6.003630608574757,exhale,22948.02770030873,22946.738700308466,22946.95670030851,,nan,nan,nan,nan,nan,nan,nan,nan,-0.8513246768608034
nan,pause,22948.02870030873,22948.02770030873,nan,,nan,nan,nan,nan,nan,nan,nan,nan,-0.26601870270661787
10.43087544889552,inhale,22948.92470030891,22948.02870030873,22948.61670030885,,nan,nan,nan,nan,nan,nan,nan,nan,0.06490557561938881
nan,pause,22948.92570030891,22948.92470030891,nan,,nan,nan,nan,nan,nan,nan,nan,nan,-0.2230792670033639
-4.653257712931121,exhale,22950.658700309265,22948.92570030891,22950.44670030922,,nan,nan,nan,nan,nan,nan,nan,nan,-0.38025479964421627
nan,pause,22950.659700309265,22950.658700309265,nan,,nan,nan,nan,nan,nan,nan,nan,nan,0.336561042829295
8.449247822496648,inhale,22951.66970030947,22950.659700309265,22951.286700309392,,nan,nan,nan,nan,nan,nan,nan,nan,-0.4110090841228706
nan,pause,22951.67070030947,22951.66970030947,nan,,nan,nan,nan,nan,nan,nan,nan,nan,-0.27770078399473475
-3.352469326537425,exhale,22953.620700309868,22951.67070030947,22953.116700309765,,nan,nan,nan,nan,nan,nan,nan,nan,-0.08583888821530183
nan,pause,22953.621700309868,22953.620700309868,nan,,nan,nan,nan,nan,nan,nan,nan,nan,-0.5223689950452677
13.564227266350917,inhale,22954.476700310042,22953.621700309868,22953.946700309934,,nan,nan,nan,nan,nan,nan,nan,nan,-0.3515034490053995
nan,pause,22954.477700310043,22954.476700310042,nan,,nan,nan,nan,nan,nan,nan,nan,nan,1.097505990642612
-6.7357333520689915,exhale,22956.47270031045,22954.477700310043,22956.116700310376,,nan,nan,nan,nan,nan,nan,nan,nan,-0.08101525986095082
nan,pause,22956.47370031045,22956.47270031045,nan,,nan,nan,nan,nan,nan,nan,nan,nan,0.027452273079205503
12.009568601080788,inhale,22957.75570031071,22956.47370031045,22957.286700310615,,nan,nan,nan,nan,nan,nan,nan,nan,-0.6999587693745377
nan,pause,22957.75670031071,22957.75570031071,nan,,nan,nan,nan,nan,nan,nan,nan,nan,-0.039354406749780524
-7.228696566584831,exhale,22959.81670031113,22957.75670031071,22957.94670031075,,nan,nan,nan,nan,nan,nan,nan,nan,-0.2672085742848691
nan,pause,22959.81770031113,22959.81670031113,nan,,nan,nan,nan,nan,nan,nan,nan,nan,-0.2323939318176097
9.299415666461359,inhale,22960.877700311346,22959.81770031113,22960.44670031126,,nan,nan,nan,nan,nan,nan,nan,nan,-0.19717387505316109
nan,pause,22960.878700311347,22960.877700311346,nan,,nan,nan,nan,nan,nan,nan,nan,nan,-0.21141294589629622
-3.886413414448151,exhale,22962.841700311747,22960.878700311347,22962.286700311633,,nan,nan,nan,nan,nan,nan,nan,nan,-0.22567391577699913
nan,pause,22962.842700311747,22962.841700311747,nan,,nan,nan,nan,nan,nan,nan,nan,nan,-0.7362610396930886
10.247602248544435,inhale,22963.878700311958,22962.842700311747,22963.116700311803,,nan,nan,nan,nan,nan,nan,nan,nan,-0.938409380064163
nan,pause,22963.879700311958,22963.878700311958,nan,,nan,nan,nan,nan,nan,nan,nan,nan,0.00980340736137797
-4.673302263843808,exhale,22965.95870031238,22963.879700311958,22965.776700312344,,nan,nan,nan,nan,nan,nan,nan,nan,-0.22688290666532018
nan,pause,22965.95970031238,22965.95870031238,nan,,nan,nan,nan,nan,nan,nan,nan,nan,0.13149718131267685
7.588407419650819,inhale,22966.87970031257,22965.95970031238,22966.44670031248,,nan,nan,nan,nan,nan,nan,nan,nan,0.13422006478638737
nan,pause,22966.88070031257,22966.87970031257,nan,,nan,nan,nan,nan,nan,nan,nan,nan,-0.11644200979937414
-3.718947069250714,exhale,22968.64270031293,22966.88070031257,22967.116700312617,,nan,nan,nan,nan,nan,nan,nan,nan,-0.25388535494228714
nan,pause,22968.64370031293,22968.64270031293,nan,,nan,nan,nan,nan,nan,nan,nan,nan,0.12953302986518378
9.231035822471728,inhale,22969.749700313154,22968.64370031293,22969.616700313127,,nan,nan,nan,nan,nan,nan,nan,nan,0.055561056890864324
nan,pause,22969.750700313154,22969.749700313154,nan,,nan,nan,nan,nan,nan,nan,nan,nan,-0.21741834529602344
-3.707246333920708,exhale,22970.534700313314,22969.750700313154,22969.946700313194,,nan,nan,nan,nan,nan,nan,nan,nan,-0.039509734556643195
nan,pause,22970.797700313367,22970.534700313314,nan,,nan,nan,nan,nan,nan,nan,nan,nan,0.009551677185686502
0.37283671981275873,inhale,22971.10170031343,22970.797700313367,22970.946700313398,,nan,nan,nan,nan,nan,nan,nan,nan,0.04354658158109703
nan,pause,22972.96270031381,22971.10170031343,nan,,nan,nan,nan,nan,nan,nan,nan,nan,-0.4218768317915458
2.2143995516536323,inhale,22973.435700313905,22972.96270031381,22973.11670031384,,nan,nan,nan,nan,nan,nan,nan,nan,-0.29463832384927624
nan,pause,22973.436700313905,22973.435700313905,nan,,nan,nan,nan,nan,nan,nan,nan,nan,-0.4966592736065609
-0.3188871135268416,exhale,22973.775700313974,22973.436700313905,22973.61670031394,,nan,nan,nan,nan,nan,nan,nan,nan,-0.7632258397853227
nan,pause,22974.950700314213,22973.775700313974,nan,,nan,nan,nan,nan,nan,nan,nan,nan,-0.1403668794830233
3.647719473267632,inhale,22976.26070031448,22974.950700314213,22976.11670031445,,nan,nan,nan,nan,nan,nan,nan,nan,-2.294798657492763
nan,pause,22976.26170031448,22976.26070031448,nan,,nan,nan,nan,nan,nan,nan,nan,nan,-0.5504063017726197
-0.9609424626024958,exhale,22978.26670031489,22976.26170031448,22976.44670031452,,nan,nan,nan,nan,nan,nan,nan,nan,-0.590105613743195
nan,pause,22976.26170031448,22978.26670031489,nan,,nan,nan,nan,nan,nan,nan,nan,nan,-0.11372139653457447
-1.2355416023007066,exhale,22978.26670031489,22976.26170031448,22978.11670031486,,nan,nan,nan,nan,nan,nan,nan,nan,-1.700162325487772
nan,pause,22978.26770031489,22978.26670031489,nan,,nan,nan,nan,nan,nan,nan,nan,nan,-2.853253127390706
2.7464222358645727,inhale,22979.180700315075,22978.26770031489,22978.95670031503,,nan,nan,nan,nan,nan,nan,nan,nan,-0.5698127043063841
nan,pause,22979.181700315075,22979.180700315075,nan,,nan,nan,nan,nan,nan,nan,nan,nan,0.5667143070087708
-4.242046978285556,exhale,22979.44070031513,22979.181700315075,22979.286700315097,,nan,nan,nan,nan,nan,nan,nan,nan,-1.0692755106421064
nan,pause,22980.393700315322,22979.44070031513,nan,,nan,nan,nan,nan,nan,nan,nan,nan,1.231936255851433
0.4477734764678734,inhale,22980.740700315393,22980.393700315322,22980.616700315368,,nan,nan,nan,nan,nan,nan,nan,nan,-1.9809785095691432
nan,pause,23005.95870032053,22980.740700315393,nan,,nan,nan,nan,nan,nan,nan,nan,nan,2.460129571061492
-4.601965897461427,exhale,23006.460700320633,23005.95870032053,23006.116700320563,,nan,nan,nan,nan,nan,nan,nan,nan,2.9006354096093045
nan,pause,23006.461700320633,23006.460700320633,nan,,nan,nan,nan,nan,nan,nan,nan,nan,3.6342914818807524
1.0249004682395384,inhale,23006.93670032073,23006.461700320633,23006.7867003207,,nan,nan,nan,nan,nan,nan,nan,nan,-2.9216445010861776
nan,pause,23042.67770032801,23006.93670032073,nan,,nan,nan,nan,nan,nan,nan,nan,nan,8.073305681800651
1.627674378824252,inhale,23043.987700328278,23042.67770032801,23043.286700328135,,nan,nan,nan,nan,nan,nan,nan,nan,5.715504784483998
nan,pause,23043.98870032828,23043.987700328278,nan,,nan,nan,nan,nan,nan,nan,nan,nan,5.0302485018591865
-1.018235823841036,exhale,23045.295700328545,23043.98870032828,23044.116700328304,,nan,nan,nan,nan,nan,nan,nan,nan,0.49182112275641643
nan,pause,23045.296700328545,23045.295700328545,nan,,nan,nan,nan,nan,nan,nan,nan,nan,5.697871767125573
1.8817743292232763,inhale,23046.230700328735,23045.296700328545,23045.61670032861,,nan,nan,nan,nan,nan,nan,nan,nan,2.201903752673948
nan,pause,23046.231700328735,23046.230700328735,nan,,nan,nan,nan,nan,nan,nan,nan,nan,1.082659667515805
-0.7642573009441974,exhale,23047.711700329037,23046.231700328735,23046.44670032878,,nan,nan,nan,nan,nan,nan,nan,nan,5.984640983522609
nan,pause,23047.712700329037,23047.711700329037,nan,,nan,nan,nan,nan,nan,nan,nan,nan,-2.2932381206498933
1.6317978012322627,inhale,23048.71070032924,23047.712700329037,23048.11670032912,,nan,nan,nan,nan,nan,nan,nan,nan,5.0162149666705
nan,pause,23048.71170032924,23048.71070032924,nan,,nan,nan,nan,nan,nan,nan,nan,nan,6.388733686252557
-0.3981903806360461,exhale,23049.579700329417,23048.71170032924,23049.286700329358,,nan,nan,nan,nan,nan,nan,nan,nan,5.187780839073065
nan,pause,23050.857700329678,23049.579700329417,nan,,nan,nan,nan,nan,nan,nan,nan,nan,5.191683204444088
0.30390517381178733,inhale,23051.10670032973,23050.857700329678,23050.946700329696,,nan,nan,nan,nan,nan,nan,nan,nan,5.653997740102053
nan,pause,23051.586700329826,23051.10670032973,nan,,nan,nan,nan,nan,nan,nan,nan,nan,3.2717020696897334
-0.41024579206260564,exhale,23052.04070032992,23051.586700329826,23051.9467003299,,nan,nan,nan,nan,nan,nan,nan,nan,3.922737822879504
nan,pause,23052.04170032992,23052.04070032992,nan,,nan,nan,nan,nan,nan,nan,nan,nan,1.86127623995357
0.34843278228649444,inhale,23052.261700329964,23052.04170032992,23052.116700329934,,nan,nan,nan,nan,nan,nan,nan,nan,3.7806104070553896
nan,pause,23089.34770033752,23052.261700329964,nan,,nan,nan,nan,nan,nan,nan,nan,nan,3.4676633517341315
0.48218463394388217,inhale,23090.346700337723,23089.34770033752,23090.116700337676,,nan,nan,nan,nan,nan,nan,nan,nan,4.203491969762446
nan,pause,23091.647700337988,23090.346700337723,nan,,nan,nan,nan,nan,nan,nan,nan,nan,4.668260648137879
0.6488036959199723,inhale,23092.518700338165,23091.647700337988,23092.116700338083,,nan,nan,nan,nan,nan,nan,nan,nan,3.825670517071944
nan,pause,23092.519700338165,23092.518700338165,nan,,nan,nan,nan,nan,nan,nan,nan,nan,1.7620198475435176
-0.41778954627256504,exhale,23093.76770033842,23092.519700338165,23092.616700338185,,nan,nan,nan,nan,nan,nan,nan,nan,4.059917025357422
nan,pause,23093.76870033842,23093.76770033842,nan,,nan,nan,nan,nan,nan,nan,nan,nan,3.551824046871925
0.682222441517443,inhale,23094.60970033859,23093.76870033842,23094.11670033849,,nan,nan,nan,nan,nan,nan,nan,nan,-2.9000581313312708
nan,pause,23094.61070033859,23094.60970033859,nan,,nan,nan,nan,nan,nan,nan,nan,nan,-0.4032508567551689
-0.3820906578641186,exhale,23095.659700338805,23094.61070033859,23094.786700338627,,nan,nan,nan,nan,nan,nan,nan,nan,-0.2714623220386223
nan,pause,23095.660700338805,23095.659700338805,nan,,nan,nan,nan,nan,nan,nan,nan,nan,0.07572731685504253
0.4642224494566218,inhale,23096.590700338995,23095.660700338805,23096.446700338965,,nan,nan,nan,nan,nan,nan,nan,nan,-3.184969185281955
nan,pause,23097.867700339255,23096.590700338995,nan,,nan,nan,nan,nan,nan,nan,nan,nan,-2.4481071844974376
0.8322602302169537,inhale,23098.752700339435,23097.867700339255,23098.616700339408,,nan,nan,nan,nan,nan,nan,nan,nan,-1.691486729295152
nan,pause,23098.753700339435,23098.752700339435,nan,,nan,nan,nan,nan,nan,nan,nan,nan,-0.6989343574130964
-0.5601442309918536,exhale,23100.040700339698,23098.753700339435,23098.946700339475,,nan,nan,nan,nan,nan,nan,nan,nan,-1.6558912663242018
nan,pause,23100.041700339698,23100.040700339698,nan,,nan,nan,nan,nan,nan,nan,nan,nan,-1.4591858747536164
1.082281870516462,inhale,23100.87970033987,23100.041700339698,23100.616700339815,,nan,nan,nan,nan,nan,nan,nan,nan,-1.8475093806521308
nan,pause,23100.88070033987,23100.87970033987,nan,,nan,nan,nan,nan,nan,nan,nan,nan,-1.3174080542194808
-1.0844098809244602,exhale,23102.187700340135,23100.88070033987,23101.116700339917,,nan,nan,nan,nan,nan,nan,nan,nan,-1.6134243712815244
nan,pause,23102.188700340135,23102.187700340135,nan,,nan,nan,nan,nan,nan,nan,nan,nan,-1.9068881109854607
1.5936206621616815,inhale,23103.0037003403,23102.188700340135,23102.776700340255,,nan,nan,nan,nan,nan,nan,nan,nan,-1.6692081326585229
nan,pause,23103.0047003403,23103.0037003403,nan,,nan,nan,nan,nan,nan,nan,nan,nan,-1.9819514933787206
-1.2343898172067955,exhale,23104.547700340616,23103.0047003403,23103.116700340324,,nan,nan,nan,nan,nan,nan,nan,nan,-1.125709866763823
nan,pause,23105.00970034071,23104.547700340616,nan,,nan,nan,nan,nan,nan,nan,nan,nan,-0.59567377242624
2.2958292187511153,inhale,23106.024700340917,23105.00970034071,23105.4467003408,,nan,nan,nan,nan,nan,nan,nan,nan,-2.3626434165739894
nan,pause,23106.025700340917,23106.024700340917,nan,,nan,nan,nan,nan,nan,nan,nan,nan,-0.13229177261257252
-0.8843629780526423,exhale,23107.917700341302,23106.025700340917,23106.116700340935,,nan,nan,nan,nan,nan,nan,nan,nan,-1.3184089463199549
nan,pause,23106.025700340917,23107.917700341302,nan,,nan,nan,nan,nan,nan,nan,nan,nan,-1.13883429270529
-0.975892356182215,exhale,23107.917700341302,23106.025700340917,23107.786700341276,,nan,nan,nan,nan,nan,nan,nan,nan,-1.0251366445429682
nan,pause,23107.918700341303,23107.917700341302,nan,,nan,nan,nan,nan,nan,nan,nan,nan,-1.376330111899461
2.923644926999573,inhale,23108.905700341504,23107.918700341303,23108.456700341412,,nan,nan,nan,nan,nan,nan,nan,nan,-0.9390178958200863
nan,pause,23108.906700341504,23108.905700341504,nan,,nan,nan,nan,nan,nan,nan,nan,nan,-0.6295367491152817
-3.005275944485406,exhale,23110.491700341827,23108.906700341504,23110.276700341783,,nan,nan,nan,nan,nan,nan,nan,nan,-0.5589829659251448
nan,pause,23110.492700341827,23110.491700341827,nan,,nan,nan,nan,nan,nan,nan,nan,nan,-0.8974802045468313
5.570585801153302,inhale,23111.44870034202,23110.492700341827,23111.276700341987,,nan,nan,nan,nan,nan,nan,nan,nan,-0.3341173573087215
nan,pause,23111.449700342022,23111.44870034202,nan,,nan,nan,nan,nan,nan,nan,nan,nan,-0.5532975547621207
-5.084291054306981,exhale,23113.330700342405,23111.449700342022,23113.11670034236,,nan,nan,nan,nan,nan,nan,nan,nan,-0.36008299419725287
nan,pause,23113.331700342405,23113.330700342405,nan,,nan,nan,nan,nan,nan,nan,nan,nan,-1.6438443053278462
9.437120767199337,inhale,23114.269700342596,23113.331700342405,23113.94670034253,,nan,nan,nan,nan,nan,nan,nan,nan,-0.33406123952041455
nan,pause,23114.270700342597,23114.269700342596,nan,,nan,nan,nan,nan,nan,nan,nan,nan,-0.8185874078018682
-3.9219889714218374,exhale,23116.286700343007,23114.270700342597,23114.456700342635,,nan,nan,nan,nan,nan,nan,nan,nan,-0.39918478015431225
nan,pause,23116.287700343008,23116.286700343007,nan,,nan,nan,nan,nan,nan,nan,nan,nan,-0.25604794376647155
15.632409272739608,inhale,23117.073700343168,23116.287700343008,23116.616700343075,,nan,nan,nan,nan,nan,nan,nan,nan,-0.47463360693530876
nan,pause,23117.074700343168,23117.073700343168,nan,,nan,nan,nan,nan,nan,nan,nan,nan,-0.772448805097238
-13.501022428062116,exhale,23118.41070034344,23117.074700343168,23117.28670034321,,nan,nan,nan,nan,nan,nan,nan,nan,-0.85358019065943
nan,pause,23118.41170034344,23118.41070034344,nan,,nan,nan,nan,nan,nan,nan,nan,nan,-0.8951486718127977
21.165712209579016,inhale,23119.1957003436,23118.41170034344,23118.616700343482,,nan,nan,nan,nan,nan,nan,nan,nan,-0.5041996946923846
nan,pause,23119.1967003436,23119.1957003436,nan,,nan,nan,nan,nan,nan,nan,nan,nan,-0.4557868084136758
-9.44760977249373,exhale,23120.649700343896,23119.1967003436,23119.44670034365,,nan,nan,nan,nan,nan,nan,nan,nan,-0.7822579385111417
nan,pause,23120.650700343896,23120.649700343896,nan,,nan,nan,nan,nan,nan,nan,nan,nan,-0.49733529210014993
21.93466210637374,inhale,23121.513700344072,23120.650700343896,23120.95670034396,,nan,nan,nan,nan,nan,nan,nan,nan,-0.6046570562323546
nan,pause,23121.514700344072,23121.513700344072,nan,,nan,nan,nan,nan,nan,nan,nan,nan,-0.7257113017443562
-9.520309091933546,exhale,23123.036700344383,23121.514700344072,23121.786700344128,,nan,nan,nan,nan,nan,nan,nan,nan,-0.23585177315103367
nan,pause,23123.037700344383,23123.036700344383,nan,,nan,nan,nan,nan,nan,nan,nan,nan,-0.9471012360294988
12.942815387100914,inhale,23124.00470034458,23123.037700344383,23123.286700344433,,nan,nan,nan,nan,nan,nan,nan,nan,-0.6018247416325035
nan,pause,23124.00570034458,23124.00470034458,nan,,nan,nan,nan,nan,nan,nan,nan,nan,-0.6235862161588407
-12.989660256122757,exhale,23125.72870034493,23124.00570034458,23125.446700344874,,nan,nan,nan,nan,nan,nan,nan,nan,-1.0682575006424944
nan,pause,23125.72970034493,23125.72870034493,nan,,nan,nan,nan,nan,nan,nan,nan,nan,-1.1893571402187098
19.071061469851298,inhale,23126.75070034514,23125.72970034493,23125.956700344977,,nan,nan,nan,nan,nan,nan,nan,nan,-0.8922622874498061
nan,pause,23126.75170034514,23126.75070034514,nan,,nan,nan,nan,nan,nan,nan,nan,nan,-0.45783591751832753
-8.156316466095326,exhale,23128.257700345446,23126.75170034514,23127.946700345383,,nan,nan,nan,nan,nan,nan,nan,nan,-0.6007760716875383
nan,pause,23128.258700345446,23128.257700345446,nan,,nan,nan,nan,nan,nan,nan,nan,nan,-0.44066552635497835
21.89911205032252,inhale,23129.176700345633,23128.258700345446,23128.61670034552,,nan,nan,nan,nan,nan,nan,nan,nan,-0.7698096294174606
nan,pause,23129.177700345634,23129.176700345633,nan,,nan,nan,nan,nan,nan,nan,nan,nan,-1.6319451567366725
-11.681134191086942,exhale,23130.78270034596,23129.177700345634,23129.286700345656,,nan,nan,nan,nan,nan,nan,nan,nan,-0.5833551754266111
nan,pause,23130.78370034596,23130.78270034596,nan,,nan,nan,nan,nan,nan,nan,nan,nan,-1.697650421732936
21.232534380460717,inhale,23131.67070034614,23130.78370034596,23131.11670034603,,nan,nan,nan,nan,nan,nan,nan,nan,-2.2778972812797553
nan,pause,23131.67170034614,23131.67070034614,nan,,nan,nan,nan,nan,nan,nan,nan,nan,-1.453564908430701
-11.135079871098647,exhale,23133.052700346423,23131.67170034614,23131.946700346198,,nan,nan,nan,nan,nan,nan,nan,nan,-1.7731069298986353
nan,pause,23133.053700346423,23133.052700346423,nan,,nan,nan,nan,nan,nan,nan,nan,nan,-0.6039216246226617
25.402495362163112,inhale,23133.87870034659,23133.053700346423,23133.446700346503,,nan,nan,nan,nan,nan,nan,nan,nan,-1.0598184582226198
nan,pause,23133.87970034659,23133.87870034659,nan,,nan,nan,nan,nan,nan,nan,nan,nan,-0.6303858812080945
-12.667376089496688,exhale,23135.408700346903,23133.87970034659,23134.11670034664,,nan,nan,nan,nan,nan,nan,nan,nan,-0.3668755680093083
nan,pause,23135.409700346903,23135.408700346903,nan,,nan,nan,nan,nan,nan,nan,nan,nan,-0.3271799720915829
21.096553804459287,inhale,23136.27170034708,23135.409700346903,23135.78670034698,,nan,nan,nan,nan,nan,nan,nan,nan,-0.9049235598183909
nan,pause,23136.27270034708,23136.27170034708,nan,,nan,nan,nan,nan,nan,nan,nan,nan,-1.2500798765484105
-10.28446663647003,exhale,23138.402700347513,23136.27270034708,23136.456700347117,,nan,nan,nan,nan,nan,nan,nan,nan,-0.8787969941420908
nan,pause,23138.403700347513,23138.402700347513,nan,,nan,nan,nan,nan,nan,nan,nan,nan,-2.11054142192192
17.699189989155155,inhale,23139.432700347723,23138.403700347513,23139.11670034766,,,,,,,,,,
nan,pause,23139.433700347723,23139.432700347723,nan,,,,,,,,,,
-13.267321483789118,exhale,23140.965700348035,23139.433700347723,23139.61670034776,,,,,,,,,,
nan,pause,23140.966700348035,23140.965700348035,nan,,,,,,,,,,
22.49458077103768,inhale,23141.843700348214,23140.966700348035,23141.2867003481,,,,,,,,,,
nan,pause,23141.844700348214,23141.843700348214,nan,,,,,,,,,,
-11.984007765955011,exhale,23143.2527003485,23141.844700348214,23142.11670034827,,,,,,,,,,
nan,pause,23143.2537003485,23143.2527003485,nan,,,,,,,,,,
22.982651808192163,inhale,23144.08270034867,23143.2537003485,23143.616700348575,,,,,,,,,,
nan,pause,23144.08370034867,23144.08270034867,nan,,,,,,,,,,
-12.806227315916,exhale,23145.619700348983,23144.08370034867,23144.28670034871,,,,,,,,,,
nan,pause,23145.620700348984,23145.619700348983,nan,,,,,,,,,,
23.311876066366338,inhale,23146.44570034915,23145.620700348984,23145.956700349052,,,,,,,,,,
nan,pause,23146.44670034915,23146.44570034915,nan,,,,,,,,,,
-8.050673085697802,exhale,23148.082700349485,23146.44670034915,23146.616700349186,,,,,,,,,,
nan,pause,23148.083700349485,23148.082700349485,nan,,,,,,,,,,
23.622481634154,inhale,23148.93370034966,23148.083700349485,23148.45670034956,,,,,,,,,,
nan,pause,23148.93470034966,23148.93370034966,nan,,,,,,,,,,
-12.767217353452203,exhale,23150.937700350067,23148.93470034966,23149.116700349696,,,,,,,,,,
nan,pause,23151.508700350183,23150.937700350067,nan,,,,,,,,,,
4.6952878632973,inhale,23152.749700350436,23151.508700350183,23151.956700350274,,,,,,,,,,
nan,pause,23152.97070035048,23152.749700350436,nan,,,,,,,,,,
1.466052309053516,inhale,23153.435700350576,23152.97070035048,23153.286700350545,,,,,,,,,,
nan,pause,23154.618700350817,23153.435700350576,nan,,,,,,,,,,
-2.215884163770271,exhale,23155.017700350898,23154.618700350817,23154.946700350883,,,,,,,,,,
nan,pause,23155.018700350898,23155.017700350898,nan,,,,,,,,,,
6.110651302944302,inhale,23156.069700351112,23155.018700350898,23155.786700351055,,,,,,,,,,
nan,pause,23156.070700351112,23156.069700351112,nan,,,,,,,,,,
-3.3920879761729457,exhale,23157.67570035144,23156.070700351112,23156.286700351156,,,,,,,,,,
nan,pause,23157.67670035144,23157.67570035144,nan,,,,,,,,,,
12.8449782142119,inhale,23158.547700351617,23157.67670035144,23158.276700351562,,,,,,,,,,
nan,pause,23158.548700351617,23158.547700351617,nan,,,,,,,,,,
-3.8332170074067764,exhale,23160.46770035201,23158.548700351617,23158.776700351664,,,,,,,,,,
nan,pause,23160.46870035201,23160.46770035201,nan,,,,,,,,,,
12.647100083736053,inhale,23161.383700352195,23160.46870035201,23160.786700352073,,,,,,,,,,
nan,pause,23161.384700352195,23161.383700352195,nan,,,,,,,,,,
-8.850535463484677,exhale,23162.82970035249,23161.384700352195,23161.616700352242,,,,,,,,,,
nan,pause,23162.83070035249,23162.82970035249,nan,,,,,,,,,,
17.635411129696596,inhale,23163.60970035265,23162.83070035249,23163.27670035258,,,,,,,,,,
nan,pause,23163.61070035265,23163.60970035265,nan,,,,,,,,,,
-8.691385957163822,exhale,23165.102700352953,23163.61070035265,23163.946700352717,,,,,,,,,,
nan,pause,23165.103700352953,23165.102700352953,nan,,,,,,,,,,
8.916179639700566,inhale,23166.035700353143,23165.103700352953,23165.616700353057,,,,,,,,,,
nan,pause,23166.036700353143,23166.035700353143,nan,,,,,,,,,,
-6.649761498927009,exhale,23167.629700353467,23166.036700353143,23166.27670035319,,,,,,,,,,
nan,pause,23167.630700353468,23167.629700353467,nan,,,,,,,,,,
11.516198307269486,inhale,23168.541700353653,23167.630700353468,23168.116700353567,,,,,,,,,,
nan,pause,23168.542700353653,23168.541700353653,nan,,,,,,,,,,
-7.198092079862814,exhale,23170.038700353958,23168.542700353653,23168.786700353703,,,,,,,,,,
nan,pause,23170.03970035396,23170.038700353958,nan,,,,,,,,,,
12.247949838453724,inhale,23170.92470035414,23170.03970035396,23170.44670035404,,,,,,,,,,
nan,pause,23170.92570035414,23170.92470035414,nan,,,,,,,,,,
-7.733745696950746,exhale,23172.45870035445,23170.92570035414,23171.116700354178,,,,,,,,,,
nan,pause,23172.45970035445,23172.45870035445,nan,,,,,,,,,,
10.563529174718111,inhale,23173.376700354638,23172.45970035445,23172.786700354518,,,,,,,,,,
nan,pause,23173.37770035464,23173.376700354638,nan,,,,,,,,,,
-6.017038058355095,exhale,23174.946700354958,23173.37770035464,23173.616700354687,,,,,,,,,,
nan,pause,23174.94770035496,23174.946700354958,nan,,,,,,,,,,
7.2893722647266035,inhale,23175.877700355148,23174.94770035496,23175.286700355027,,,,,,,,,,
nan,pause,23175.878700355148,23175.877700355148,nan,,,,,,,,,,
-4.933713026976625,exhale,23177.375700355453,23175.878700355148,23176.116700355196,,,,,,,,,,
nan,pause,23177.376700355453,23177.375700355453,nan,,,,,,,,,,
7.144504229416765,inhale,23178.30170035564,23177.376700355453,23177.776700355535,,,,,,,,,,
nan,pause,23178.30270035564,23178.30170035564,nan,,,,,,,,,,
-5.845515085094832,exhale,23179.799700355947,23178.30270035564,23178.456700355673,,,,,,,,,,
nan,pause,23179.800700355947,23179.799700355947,nan,,,,,,,,,,
11.368485731508809,inhale,23180.639700356118,23179.800700355947,23180.276700356044,,,,,,,,,,
nan,pause,23180.640700356118,23180.639700356118,nan,,,,,,,,,,
-6.343520221899746,exhale,23182.22870035644,23180.640700356118,23180.786700356148,,,,,,,,,,
nan,pause,23182.22970035644,23182.22870035644,nan,,,,,,,,,,
2.016339958063323,inhale,23183.34270035667,23182.22970035644,23183.116700356622,,,,,,,,,,
nan,pause,23183.34370035667,23183.34270035667,nan,,,,,,,,,,
-2.366948091284835,exhale,23184.454700356895,23183.34370035667,23183.616700356724,,,,,,,,,,
nan,pause,23184.455700356895,23184.454700356895,nan,,,,,,,,,,
4.116356597963311,inhale,23185.390700357086,23184.455700356895,23185.11670035703,,,,,,,,,,
nan,pause,23185.391700357086,23185.390700357086,nan,,,,,,,,,,
-2.5503216667993467,exhale,23186.912700357396,23185.391700357086,23186.616700357336,,,,,,,,,,
nan,pause,23186.913700357396,23186.912700357396,nan,,,,,,,,,,
4.120541060325908,inhale,23187.831700357583,23186.913700357396,23187.446700357505,,,,,,,,,,
nan,pause,23187.832700357583,23187.831700357583,nan,,,,,,,,,,
-3.316903313034488,exhale,23189.151700357852,23187.832700357583,23188.11670035764,,,,,,,,,,
nan,pause,23189.152700357852,23189.151700357852,nan,,,,,,,,,,
4.642313851178542,inhale,23190.07670035804,23189.152700357852,23189.446700357912,,,,,,,,,,
nan,pause,23190.07770035804,23190.07670035804,nan,,,,,,,,,,
-3.0884907011134164,exhale,23191.49970035833,23190.07770035804,23191.276700358285,,,,,,,,,,
nan,pause,23191.50070035833,23191.49970035833,nan,,,,,,,,,,
4.0664264907836865,inhale,23192.43470035852,23191.50070035833,23192.115700358456,,,,,,,,,,
nan,pause,23192.43570035852,23192.43470035852,nan,,,,,,,,,,
-3.6168611704224496,exhale,23193.86170035881,23192.43570035852,23192.616700358558,,,,,,,,,,
nan,pause,23193.86270035881,23193.86170035881,nan,,,,,,,,,,
3.283141173833774,inhale,23194.905700359024,23193.86270035881,23194.116700358863,,,,,,,,,,
nan,pause,23194.906700359024,23194.905700359024,nan,,,,,,,,,,
-2.616840783329536,exhale,23196.130700359274,23194.906700359024,23195.116700359067,,,,,,,,,,
nan,pause,23196.131700359274,23196.130700359274,nan,,,,,,,,,,
1.9811882456530256,inhale,23197.205700359493,23196.131700359274,23196.776700359405,,,,,,,,,,
nan,pause,23197.206700359493,23197.205700359493,nan,,,,,,,,,,
-2.1958009464793107,exhale,23198.307700359717,23197.206700359493,23197.78670035961,,,,,,,,,,
nan,pause,23198.308700359717,23198.307700359717,nan,,,,,,,,,,
2.8964414097875224,inhale,23199.326700359925,23198.308700359717,23198.95670035985,,,,,,,,,,
nan,pause,23199.327700359925,23199.326700359925,nan,,,,,,,,,,
-2.722786036844236,exhale,23200.498700360164,23199.327700359925,23199.45670035995,,,,,,,,,,
nan,pause,23200.499700360164,23200.498700360164,nan,,,,,,,,,,
4.996576151352933,inhale,23201.61870036039,23200.499700360164,23201.446700360357,,,,,,,,,,
nan,pause,23201.619700360392,23201.61870036039,nan,,,,,,,,,,
-1.884204462926381,exhale,23202.78570036063,23201.619700360392,23201.786700360426,,,,,,,,,,
nan,pause,23202.78670036063,23202.78570036063,nan,,,,,,,,,,
1.6665262595505952,inhale,23203.76670036083,23202.78670036063,23203.116700360697,,,,,,,,,,
nan,pause,23203.76770036083,23203.76670036083,nan,,,,,,,,,,
-1.8588390015555705,exhale,23204.958700361072,23203.76770036083,23204.446700360968,,,,,,,,,,
nan,pause,23204.959700361072,23204.958700361072,nan,,,,,,,,,,
1.2769801376965877,inhale,23206.0767003613,23204.959700361072,23205.946700361274,,,,,,,,,,
nan,pause,23206.0777003613,23206.0767003613,nan,,,,,,,,,,
-1.7001318161763799,exhale,23207.374700361564,23206.0777003613,23207.116700361512,,,,,,,,,,
nan,pause,23207.375700361565,23207.374700361564,nan,,,,,,,,,,
2.716569786874766,inhale,23208.371700361768,23207.375700361565,23208.116700361716,,,,,,,,,,
nan,pause,23208.372700361768,23208.371700361768,nan,,,,,,,,,,
-2.4501169929198756,exhale,23209.682700362035,23208.372700361768,23208.616700361817,,,,,,,,,,
nan,pause,23209.683700362035,23209.682700362035,nan,,,,,,,,,,
1.8965963255427203,inhale,23210.68770036224,23209.683700362035,23210.44670036219,,,,,,,,,,
nan,pause,23210.68870036224,23210.68770036224,nan,,,,,,,,,,
-1.9460217023164126,exhale,23211.998700362506,23210.68870036224,23210.78670036226,,,,,,,,,,
nan,pause,23211.999700362507,23211.998700362506,nan,,,,,,,,,,
2.096615979712398,inhale,23213.015700362714,23211.999700362507,23212.776700362665,,,,,,,,,,
nan,pause,23213.016700362714,23213.015700362714,nan,,,,,,,,,,
-1.9000743832019003,exhale,23214.487700363014,23213.016700362714,23213.116700362734,,,,,,,,,,
nan,pause,23214.488700363014,23214.487700363014,nan,,,,,,,,,,
2.015298670705439,inhale,23215.49370036322,23214.488700363014,23214.95670036311,,,,,,,,,,
nan,pause,23215.49470036322,23215.49370036322,nan,,,,,,,,,,
-2.466650004647285,exhale,23216.83470036349,23215.49470036322,23215.616700363244,,,,,,,,,,
nan,pause,23216.835700363492,23216.83470036349,nan,,,,,,,,,,
1.9166577067496968,inhale,23217.832700363695,23216.835700363492,23217.61670036365,,,,,,,,,,
nan,pause,23217.833700363695,23217.832700363695,nan,,,,,,,,,,
-2.261228418852699,exhale,23219.12770036396,23217.833700363695,23217.95670036372,,,,,,,,,,
nan,pause,23219.12870036396,23219.12770036396,nan,,,,,,,,,,
1.9160175731188682,inhale,23220.080700364153,23219.12870036396,23219.946700364126,,,,,,,,,,
nan,pause,23220.081700364153,23220.080700364153,nan,,,,,,,,,,
-1.9697142930213178,exhale,23221.363700364414,23220.081700364153,23220.286700364195,,,,,,,,,,
nan,pause,23221.364700364415,23221.363700364414,nan,,,,,,,,,,
1.8334004755983988,inhale,23222.352700364616,23221.364700364415,23222.116700364568,,,,,,,,,,
nan,pause,23222.353700364616,23222.352700364616,nan,,,,,,,,,,
-1.8832880506281948,exhale,23223.733700364897,23222.353700364616,23222.61670036467,,,,,,,,,,
nan,pause,23223.734700364897,23223.733700364897,nan,,,,,,,,,,
1.997053480918043,inhale,23224.715700365097,23223.734700364897,23224.446700365042,,,,,,,,,,
nan,pause,23224.716700365097,23224.715700365097,nan,,,,,,,,,,
-1.8818832737963773,exhale,23226.00470036536,23224.716700365097,23224.956700365146,,,,,,,,,,
nan,pause,23226.00570036536,23226.00470036536,nan,,,,,,,,,,
2.030801670700119,inhale,23226.975700365558,23226.00570036536,23226.776700365517,,,,,,,,,,
nan,pause,23226.976700365558,23226.975700365558,nan,,,,,,,,,,
-2.249944494592205,exhale,23228.21070036581,23226.976700365558,23227.116700365586,,,,,,,,,,
nan,pause,23228.21170036581,23228.21070036581,nan,,,,,,,,,,
1.9814248673007486,inhale,23229.205700366012,23228.21170036581,23228.786700365927,,,,,,,,,,
nan,pause,23229.206700366012,23229.205700366012,nan,,,,,,,,,,
-2.0383783524787877,exhale,23230.604700366297,23229.206700366012,23229.44670036606,,,,,,,,,,
nan,pause,23230.605700366297,23230.604700366297,nan,,,,,,,,,,
1.8500861574504848,inhale,23231.579700366496,23230.605700366297,23231.1157003664,,,,,,,,,,
nan,pause,23231.580700366496,23231.579700366496,nan,,,,,,,,,,
-2.279848143615818,exhale,23232.842700366753,23231.580700366496,23231.786700366538,,,,,,,,,,
nan,pause,23232.843700366753,23232.842700366753,nan,,,,,,,,,,
2.216800033063031,inhale,23233.776700366943,23232.843700366753,23233.61670036691,,,,,,,,,,
nan,pause,23233.777700366943,23233.776700366943,nan,,,,,,,,,,
-2.618925889087267,exhale,23235.451700367285,23233.777700366943,23233.95670036698,,,,,,,,,,
nan,pause,23235.452700367285,23235.451700367285,nan,,,,,,,,,,
1.5634826282431835,inhale,23236.5137003675,23235.452700367285,23235.956700367387,,,,,,,,,,
nan,pause,23236.5147003675,23236.5137003675,nan,,,,,,,,,,
-1.4386338133591898,exhale,23237.93670036779,23236.5147003675,23236.776700367554,,,,,,,,,,
nan,pause,23238.348700367875,23237.93670036779,nan,,,,,,,,,,
0.9661826151691808,inhale,23239.543700368118,23238.348700367875,23238.456700367897,,,,,,,,,,
nan,pause,23239.54470036812,23239.543700368118,nan,,,,,,,,,,
-0.9548762965510504,exhale,23240.115700368235,23239.54470036812,23239.786700368168,,,,,,,,,,
nan,pause,23241.209700368458,23240.115700368235,nan,,,,,,,,,,
1.1788282547834001,inhale,23242.516700368724,23241.209700368458,23242.286700368677,,,,,,,,,,
nan,pause,23242.517700368724,23242.516700368724,nan,,,,,,,,,,
-1.399803561676599,exhale,23244.102700369047,23242.517700368724,23242.616700368744,,,,,,,,,,
nan,pause,23244.103700369047,23244.102700369047,nan,,,,,,,,,,
1.9336091078522777,inhale,23245.19170036927,23244.103700369047,23244.61670036915,,,,,,,,,,
nan,pause,23245.19270036927,23245.19170036927,nan,,,,,,,,,,
-1.55912234717154,exhale,23246.633700369563,23245.19270036927,23245.44670036932,,,,,,,,,,
nan,pause,23246.634700369563,23246.633700369563,nan,,,,,,,,,,
1.900233387145098,inhale,23247.684700369777,23246.634700369563,23247.11670036966,,,,,,,,,,
nan,pause,23247.685700369777,23247.684700369777,nan,,,,,,,,,,
-1.924465438340113,exhale,23249.085700370062,23247.685700369777,23248.77670037,,,,,,,,,,
nan,pause,23249.086700370062,23249.085700370062,nan,,,,,,,,,,
2.1669551064579746,inhale,23250.06570037026,23249.086700370062,23249.61670037017,,,,,,,,,,
nan,pause,23250.066700370262,23250.06570037026,nan,,,,,,,,,,
-2.358218623691521,exhale,23251.48470037055,23250.066700370262,23250.286700370307,,,,,,,,,,
nan,pause,23251.48570037055,23251.48470037055,nan,,,,,,,,,,
2.0806170683985483,inhale,23252.51670037076,23251.48570037055,23251.786700370612,,,,,,,,,,
nan,pause,23252.51770037076,23252.51670037076,nan,,,,,,,,,,
-2.1003361205796964,exhale,23253.895700371042,23252.51770037076,23252.786700370816,,,,,,,,,,
nan,pause,23253.896700371042,23253.895700371042,nan,,,,,,,,,,
2.0670013118950075,inhale,23254.853700371237,23253.896700371042,23254.445700371154,,,,,,,,,,
nan,pause,23254.854700371237,23254.853700371237,nan,,,,,,,,,,
-2.2684704782474094,exhale,23256.312700371534,23254.854700371237,23255.446700371358,,,,,,,,,,
nan,pause,23256.313700371535,23256.312700371534,nan,,,,,,,,,,
2.2837196872046133,inhale,23257.261700371728,23256.313700371535,23256.616700371596,,,,,,,,,,
nan,pause,23257.262700371728,23257.261700371728,nan,,,,,,,,,,
-2.418854033169301,exhale,23258.516700371983,23257.262700371728,23257.456700371768,,,,,,,,,,
nan,pause,23258.517700371984,23258.516700371983,nan,,,,,,,,,,
2.2143222718194124,inhale,23259.47970037218,23258.517700371984,23258.78670037204,,,,,,,,,,
nan,pause,23259.48070037218,23259.47970037218,nan,,,,,,,,,,
-2.049644087509023,exhale,23261.069700372504,23259.48070037218,23259.616700372208,,,,,,,,,,
nan,pause,23261.070700372504,23261.069700372504,nan,,,,,,,,,,
2.116075384198947,inhale,23262.08270037271,23261.070700372504,23261.44670037258,,,,,,,,,,
nan,pause,23262.08370037271,23262.08270037271,nan,,,,,,,,,,
-2.311848961153699,exhale,23263.327700372964,23262.08370037271,23262.28670037275,,,,,,,,,,
nan,pause,23263.328700372964,23263.327700372964,nan,,,,,,,,,,
1.9670845670990305,inhale,23264.28370037316,23263.328700372964,23263.616700373022,,,,,,,,,,
nan,pause,23264.28470037316,23264.28370037316,nan,,,,,,,,,,
-2.206108891086511,exhale,23265.62570037343,23264.28470037316,23264.456700373194,,,,,,,,,,
nan,pause,23265.626700373432,23265.62570037343,nan,,,,,,,,,,
2.078525216729581,inhale,23266.569700373624,23265.626700373432,23266.276700373564,,,,,,,,,,
nan,pause,23266.570700373624,23266.569700373624,nan,,,,,,,,,,
-2.501226904185672,exhale,23267.941700373904,23266.570700373624,23266.78670037367,,,,,,,,,,
nan,pause,23267.942700373904,23267.941700373904,nan,,,,,,,,,,
2.0000903471468567,inhale,23268.882700374095,23267.942700373904,23268.286700373974,,,,,,,,,,
nan,pause,23268.883700374095,23268.882700374095,nan,,,,,,,,,,
-2.1995588320321025,exhale,23270.218700374367,23268.883700374095,23269.116700374143,,,,,,,,,,
nan,pause,23270.219700374368,23270.218700374367,nan,,,,,,,,,,
1.9838495482421121,inhale,23271.202700374568,23270.219700374368,23270.61670037445,,,,,,,,,,
nan,pause,23271.203700374568,23271.202700374568,nan,,,,,,,,,,
-2.131391642950256,exhale,23272.507700374834,23271.203700374568,23271.446700374618,,,,,,,,,,
nan,pause,23272.508700374834,23272.507700374834,nan,,,,,,,,,,
1.9838719230061808,inhale,23273.395700375015,23272.508700374834,23272.945700374923,,,,,,,,,,
nan,pause,23273.396700375015,23273.395700375015,nan,,,,,,,,,,
-2.082816591869247,exhale,23274.68970037528,23273.396700375015,23273.61670037506,,,,,,,,,,
nan,pause,23274.69070037528,23274.68970037528,nan,,,,,,,,,,
1.8491520015971852,inhale,23275.53370037545,23274.69070037528,23274.956700375333,,,,,,,,,,
nan,pause,23275.53470037545,23275.53370037545,nan,,,,,,,,,,
-1.6494911753194428,exhale,23276.85970037572,23275.53470037545,23276.61670037567,,,,,,,,,,
nan,pause,23276.86070037572,23276.85970037572,nan,,,,,,,,,,
1.6485309795870005,inhale,23277.906700375934,23276.86070037572,23277.276700375805,,,,,,,,,,
nan,pause,23277.907700375934,23277.906700375934,nan,,,,,,,,,,
-1.3494781087253498,exhale,23279.277700376213,23277.907700375934,23278.116700375977,,,,,,,,,,
nan,pause,23279.278700376213,23279.277700376213,nan,,,,,,,,,,
1.846455376574492,inhale,23280.28770037642,23279.278700376213,23279.786700376317,,,,,,,,,,
nan,pause,23280.28870037642,23280.28770037642,nan,,,,,,,,,,
-2.197922478520037,exhale,23281.51570037667,23280.28870037642,23280.456700376453,,,,,,,,,,
nan,pause,23281.51670037667,23281.51570037667,nan,,,,,,,,,,
1.8672556491946992,inhale,23282.45970037686,23281.51670037667,23282.11670037679,,,,,,,,,,
nan,pause,23282.46070037686,23282.45970037686,nan,,,,,,,,,,
-2.249430384093674,exhale,23283.713700377117,23282.46070037686,23282.616700376893,,,,,,,,,,
nan,pause,23283.714700377117,23283.713700377117,nan,,,,,,,,,,
1.8672747288468423,inhale,23284.628700377303,23283.714700377117,23284.1167003772,,,,,,,,,,
nan,pause,23284.629700377303,23284.628700377303,nan,,,,,,,,,,
-2.1834389390169577,exhale,23285.861700377554,23284.629700377303,23284.786700377335,,,,,,,,,,
nan,pause,23285.862700377555,23285.861700377554,nan,,,,,,,,,,
1.9646570638477066,inhale,23286.797700377745,23285.862700377555,23286.446700377674,,,,,,,,,,
nan,pause,23286.798700377745,23286.797700377745,nan,,,,,,,,,,
-2.209253571353566,exhale,23288.018700377994,23286.798700377745,23286.956700377777,,,,,,,,,,
nan,pause,23288.019700377994,23288.018700377994,nan,,,,,,,,,,
1.8669727513667602,inhale,23288.900700378173,23288.019700377994,23288.28670037805,,,,,,,,,,
nan,pause,23288.901700378174,23288.900700378173,nan,,,,,,,,,,
-2.182672676350524,exhale,23290.15270037843,23288.901700378174,23289.116700378218,,,,,,,,,,
nan,pause,23290.15370037843,23290.15270037843,nan,,,,,,,,,,
1.7968974681319234,inhale,23291.080700378618,23290.15370037843,23290.786700378558,,,,,,,,,,
nan,pause,23291.081700378618,23291.080700378618,nan,,,,,,,,,,
-2.080659909312562,exhale,23292.339700378874,23291.081700378618,23291.28670037866,,,,,,,,,,
nan,pause,23292.340700378874,23292.339700378874,nan,,,,,,,,,,
1.8673519829395644,inhale,23293.20770037905,23292.340700378874,23292.61670037893,,,,,,,,,,
nan,pause,23293.20870037905,23293.20770037905,nan,,,,,,,,,,
-1.900761029864506,exhale,23294.371700379288,23293.20870037905,23293.4467003791,,,,,,,,,,
nan,pause,23294.37270037929,23294.371700379288,nan,,,,,,,,,,
2.0330534357317385,inhale,23295.246700379466,23294.37270037929,23294.786700379373,,,,,,,,,,
nan,pause,23295.247700379467,23295.246700379466,nan,,,,,,,,,,
-2.3624744173883645,exhale,23296.49070037972,23295.247700379467,23295.45670037951,,,,,,,,,,
nan,pause,23296.49170037972,23296.49070037972,nan,,,,,,,,,,
1.9500125299780404,inhale,23297.3737003799,23296.49170037972,23296.78670037978,,,,,,,,,,
nan,pause,23297.3747003799,23297.3737003799,nan,,,,,,,,,,
-2.1658950374228603,exhale,23298.60570038015,23297.3747003799,23297.61670037995,,,,,,,,,,
nan,pause,23298.60670038015,23298.60570038015,nan,,,,,,,,,,
2.2154020901044564,inhale,23299.496700380332,23298.60670038015,23298.956700380222,,,,,,,,,,
nan,pause,23299.497700380332,23299.496700380332,nan,,,,,,,,,,
-1.749277612740721,exhale,23300.8067003806,23299.497700380332,23299.616700380357,,,,,,,,,,
nan,pause,23300.8077003806,23300.8067003806,nan,,,,,,,,,,
2.167431205572711,inhale,23301.670700380775,23300.8077003806,23301.116700380662,,,,,,,,,,
nan,pause,23301.671700380775,23301.670700380775,nan,,,,,,,,,,
-2.392744812979056,exhale,23303.009700381048,23301.671700380775,23301.7867003808,,,,,,,,,,
nan,pause,23303.010700381048,23303.009700381048,nan,,,,,,,,,,
2.3167930752012125,inhale,23303.90370038123,23303.010700381048,23303.446700381137,,,,,,,,,,
nan,pause,23303.90470038123,23303.90370038123,nan,,,,,,,,,,
-1.4825364220280228,exhale,23305.27970038151,23303.90470038123,23304.116700381273,,,,,,,,,,
nan,pause,23305.28070038151,23305.27970038151,nan,,,,,,,,,,
2.0304337582840932,inhale,23306.2057003817,23305.28070038151,23305.786700381614,,,,,,,,,,
nan,pause,23306.2067003817,23306.2057003817,nan,,,,,,,,,,
-1.1598703601343407,exhale,23307.747700382013,23306.2067003817,23307.44670038195,,,,,,,,,,
nan,pause,23307.748700382013,23307.747700382013,nan,,,,,,,,,,
1.7955210280856548,inhale,23308.81870038223,23307.748700382013,23308.446700382156,,,,,,,,,,
nan,pause,23308.81970038223,23308.81870038223,nan,,,,,,,,,,
-1.3952267238206524,exhale,23310.23870038252,23308.81970038223,23309.94670038246,,,,,,,,,,
nan,pause,23310.23970038252,23310.23870038252,nan,,,,,,,,,,
2.07416929365033,inhale,23311.229700382723,23310.23970038252,23310.456700382565,,,,,,,,,,
nan,pause,23311.230700382723,23311.229700382723,nan,,,,,,,,,,
-1.3157653184441502,exhale,23312.552700382992,23311.230700382723,23312.116700382903,,,,,,,,,,
nan,pause,23312.553700382992,23312.552700382992,nan,,,,,,,,,,
1.9124397909119917,inhale,23313.53170038319,23312.553700382992,23312.78670038304,,,,,,,,,,
nan,pause,23313.53270038319,23313.53170038319,nan,,,,,,,,,,
-1.0736128835671932,exhale,23314.722700383434,23313.53270038319,23313.786700383243,,,,,,,,,,
nan,pause,23314.723700383434,23314.722700383434,nan,,,,,,,,,,
1.3928205053771918,inhale,23315.670700383627,23314.723700383434,23314.95670038348,,,,,,,,,,
nan,pause,23315.671700383627,23315.670700383627,nan,,,,,,,,,,
-0.9297914922876613,exhale,23316.840700383866,23315.671700383627,23315.946700383683,,,,,,,,,,
nan,pause,23316.841700383866,23316.840700383866,nan,,,,,,,,,,
1.276356716457191,inhale,23317.74970038405,23316.841700383866,23317.276700383954,,,,,,,,,,
nan,pause,23317.75070038405,23317.74970038405,nan,,,,,,,,,,
-1.13240487398663,exhale,23318.864700384278,23317.75070038405,23318.616700384227,,,,,,,,,,
nan,pause,23318.865700384278,23318.864700384278,nan,,,,,,,,,,
1.6508955949213673,inhale,23319.80670038447,23318.865700384278,23319.11670038433,,,,,,,,,,
nan,pause,23319.80770038447,23319.80670038447,nan,,,,,,,,,,
-0.5970848176975169,exhale,23322.282700384974,23319.80770038447,23319.9567003845,,,,,,,,,,
nan,pause,23323.277700385177,23322.282700384974,nan,,,,,,,,,,
0.5590552287617235,inhale,23323.92870038531,23323.277700385177,23323.77670038528,,,,,,,,,,
nan,pause,23324.454700385417,23323.92870038531,nan,,,,,,,,,,
0.4843449193275547,inhale,23324.743700385476,23324.454700385417,23324.61670038545,,,,,,,,,,
nan,pause,23327.292700385995,23324.743700385476,nan,,,,,,,,,,
1.6211676938745083,inhale,23327.95670038613,23327.292700385995,23327.776700386094,,,,,,,,,,
nan,pause,23327.95770038613,23327.95670038613,nan,,,,,,,,,,
-0.3990171394342273,exhale,23329.112700386366,23327.95770038613,23328.116700386163,,,,,,,,,,
nan,pause,23329.96370038654,23329.112700386366,nan,,,,,,,,,,
1.1624221145661993,inhale,23331.026700386756,23329.96370038654,23330.446700386638,,,,,,,,,,
nan,pause,23331.027700386756,23331.026700386756,nan,,,,,,,,,,
-0.598989298987286,exhale,23332.841700387125,23331.027700386756,23331.116700386774,,,,,,,,,,
nan,pause,23331.027700386756,23332.841700387125,nan,,,,,,,,,,
-0.4489772576803094,exhale,23332.841700387125,23331.027700386756,23332.61670038708,,,,,,,,,,
nan,pause,23332.842700387126,23332.841700387125,nan,,,,,,,,,,
3.81262884020427,inhale,23333.765700387314,23332.842700387126,23333.286700387216,,,,,,,,,,
nan,pause,23333.766700387314,23333.765700387314,nan,,,,,,,,,,
-3.078151206175787,exhale,23335.486700387664,23333.766700387314,23333.94670038735,,,,,,,,,,
nan,pause,23335.487700387665,23335.486700387664,nan,,,,,,,,,,
5.438514650960285,inhale,23336.377700387846,23335.487700387665,23335.946700387758,,,,,,,,,,
nan,pause,23336.378700387846,23336.377700387846,nan,,,,,,,,,,
-4.215527979919811,exhale,23337.884700388153,23336.378700387846,23336.616700387895,,,,,,,,,,
nan,pause,23337.885700388153,23337.884700388153,nan,,,,,,,,,,
7.773908176060176,inhale,23338.720700388323,23337.885700388153,23338.446700388267,,,,,,,,,,
nan,pause,23338.721700388323,23338.720700388323,nan,,,,,,,,,,
-5.201400976375755,exhale,23340.23070038863,23338.721700388323,23338.94670038837,,,,,,,,,,
nan,pause,23340.23170038863,23340.23070038863,nan,,,,,,,,,,
8.66676425189709,inhale,23341.11770038881,23340.23170038863,23340.776700388742,,,,,,,,,,
nan,pause,23341.11870038881,23341.11770038881,nan,,,,,,,,,,
-5.5287809649310065,exhale,23342.789700389152,23341.11870038881,23341.286700388846,,,,,,,,,,
nan,pause,23342.790700389152,23342.789700389152,nan,,,,,,,,,,
8.711861124397078,inhale,23343.632700389324,23342.790700389152,23343.446700389286,,,,,,,,,,
nan,pause,23343.633700389324,23343.632700389324,nan,,,,,,,,,,
-7.592722343969302,exhale,23345.637700389732,23343.633700389324,23343.786700389355,,,,,,,,,,
nan,pause,23345.638700389733,23345.637700389732,nan,,,,,,,,,,
7.689924105874218,inhale,23346.672700389943,23345.638700389733,23346.276700389863,,,,,,,,,,
nan,pause,23346.673700389943,23346.672700389943,nan,,,,,,,,,,
-6.567288731700793,exhale,23348.27070039027,23346.673700389943,23346.94670039,,,,,,,,,,
nan,pause,23348.27170039027,23348.27070039027,nan,,,,,,,,,,
9.634563806248295,inhale,23349.196700390457,23348.27170039027,23348.61670039034,,,,,,,,,,
nan,pause,23349.197700390458,23349.196700390457,nan,,,,,,,,,,
-7.207567140563276,exhale,23350.657700390755,23349.197700390458,23349.44670039051,,,,,,,,,,
nan,pause,23350.658700390755,23350.657700390755,nan,,,,,,,,,,
11.451182649790738,inhale,23351.541700390935,23350.658700390755,23351.11670039085,,,,,,,,,,
nan,pause,23351.542700390935,23351.541700390935,nan,,,,,,,,,,
-7.630085408803097,exhale,23353.03970039124,23351.542700390935,23351.786700390985,,,,,,,,,,
nan,pause,23353.04070039124,23353.03970039124,nan,,,,,,,,,,
9.739330662700818,inhale,23353.92970039142,23353.04070039124,23353.446700391323,,,,,,,,,,
nan,pause,23353.930700391422,23353.92970039142,nan,,,,,,,,,,
-7.99875385780006,exhale,23355.405700391722,23353.930700391422,23354.11670039146,,,,,,,,,,
nan,pause,23355.406700391723,23355.405700391722,nan,,,,,,,,,,
13.570381346993434,inhale,23356.32470039191,23355.406700391723,23355.7867003918,,,,,,,,,,
nan,pause,23356.32570039191,23356.32470039191,nan,,,,,,,,,,
-6.80062268493852,exhale,23357.84770039222,23356.32570039191,23356.456700391936,,,,,,,,,,
nan,pause,23357.84870039222,23357.84770039222,nan,,,,,,,,,,
7.730367385660044,inhale,23358.812700392416,23357.84870039222,23358.446700392342,,,,,,,,,,
nan,pause,23358.813700392417,23358.812700392416,nan,,,,,,,,,,
-6.469256353224637,exhale,23360.373700392734,23358.813700392417,23358.956700392446,,,,,,,,,,
nan,pause,23360.374700392735,23360.373700392734,nan,,,,,,,,,,
8.370822786820739,inhale,23361.32570039293,23360.374700392735,23360.94670039285,,,,,,,,,,
nan,pause,23361.32670039293,23361.32570039293,nan,,,,,,,,,,
-5.910625151302991,exhale,23362.789700393227,23361.32670039293,23361.456700392955,,,,,,,,,,
nan,pause,23362.790700393227,23362.789700393227,nan,,,,,,,,,,
11.244041746661434,inhale,23363.658700393404,23362.790700393227,23363.276700393326,,,,,,,,,,
nan,pause,23363.659700393404,23363.658700393404,nan,,,,,,,,,,
-6.576590823547826,exhale,23365.16570039371,23363.659700393404,23363.78670039343,,,,,,,,,,
nan,pause,23365.16670039371,23365.16570039371,nan,,,,,,,,,,
10.501317953634588,inhale,23366.082700393898,23365.16670039371,23365.616700393803,,,,,,,,,,
nan,pause,23366.083700393898,23366.082700393898,nan,,,,,,,,,,
-7.342514745896215,exhale,23367.698700394227,23366.083700393898,23366.28670039394,,,,,,,,,,
nan,pause,23367.699700394227,23367.698700394227,nan,,,,,,,,,,
9.301343885891963,inhale,23368.63970039442,23367.699700394227,23368.116700394312,,,,,,,,,,
nan,pause,23368.64070039442,23368.63970039442,nan,,,,,,,,,,
-5.8598467456451955,exhale,23370.22070039474,23368.64070039442,23368.78670039445,,,,,,,,,,
nan,pause,23370.22170039474,23370.22070039474,nan,,,,,,,,,,
8.054868885228803,inhale,23371.15570039493,23370.22170039474,23370.776700394854,,,,,,,,,,
nan,pause,23371.15670039493,23371.15570039493,nan,,,,,,,,,,
-5.15880377227517,exhale,23372.800700395266,23371.15670039493,23371.286700394958,,,,,,,,,,
nan,pause,23372.801700395266,23372.800700395266,nan,,,,,,,,,,
9.03478785859687,inhale,23373.690700395447,23372.801700395266,23373.11670039533,,,,,,,,,,
nan,pause,23373.691700395448,23373.690700395447,nan,,,,,,,,,,
-7.443281703157976,exhale,23375.212700395758,23373.691700395448,23373.9467003955,,,,,,,,,,
nan,pause,23375.213700395758,23375.212700395758,nan,,,,,,,,,,
8.568114481481114,inhale,23376.131700395945,23375.213700395758,23375.61670039584,,,,,,,,,,
nan,pause,23376.132700395945,23376.131700395945,nan,,,,,,,,,,
-5.291435639655439,exhale,23377.67270039626,23376.132700395945,23376.286700395976,,,,,,,,,,
nan,pause,23377.67370039626,23377.67270039626,nan,,,,,,,,,,
8.434832086476348,inhale,23378.627700396453,23377.67370039626,23378.11670039635,,,,,,,,,,
nan,pause,23378.628700396453,23378.627700396453,nan,,,,,,,,,,
-6.101554481485062,exhale,23380.045700396742,23378.628700396453,23378.786700396486,,,,,,,,,,
nan,pause,23380.046700396742,23380.045700396742,nan,,,,,,,,,,
8.45364473800931,inhale,23380.981700396933,23380.046700396742,23380.446700396824,,,,,,,,,,
nan,pause,23380.982700396933,23380.981700396933,nan,,,,,,,,,,
-5.248511925908186,exhale,23382.625700397268,23380.982700396933,23381.11670039696,,,,,,,,,,
nan,pause,23382.626700397268,23382.625700397268,nan,,,,,,,,,,
7.234886905351112,inhale,23383.587700397464,23382.626700397268,23383.116700397368,,,,,,,,,,
nan,pause,23383.588700397464,23383.587700397464,nan,,,,,,,,,,
-5.423007994947889,exhale,23385.169700397786,23383.588700397464,23383.786700397504,,,,,,,,,,
nan,pause,23385.170700397786,23385.169700397786,nan,,,,,,,,,,
6.384249554000881,inhale,23386.154700397987,23385.170700397786,23385.77670039791,,,,,,,,,,
nan,pause,23386.155700397987,23386.154700397987,nan,,,,,,,,,,
-3.5650828211045504,exhale,23387.669700398295,23386.155700397987,23386.286700398014,,,,,,,,,,
nan,pause,23387.670700398296,23387.669700398295,nan,,,,,,,,,,
6.03492825484972,inhale,23388.62670039849,23387.670700398296,23388.116700398386,,,,,,,,,,
nan,pause,23388.62770039849,23388.62670039849,nan,,,,,,,,,,
-5.445383456686057,exhale,23390.077700398786,23388.62770039849,23388.786700398523,,,,,,,,,,
nan,pause,23390.078700398786,23390.077700398786,nan,,,,,,,,,,
7.1848106675589465,inhale,23391.014700398977,23390.078700398786,23390.456700398863,,,,,,,,,,
nan,pause,23391.015700398977,23391.014700398977,nan,,,,,,,,,,
-4.120512058800373,exhale,23392.632700399306,23391.015700398977,23391.27670039903,,,,,,,,,,
nan,pause,23392.633700399307,23392.632700399306,nan,,,,,,,,,,
6.235500948173846,inhale,23393.597700399503,23392.633700399307,23392.956700399372,,,,,,,,,,
nan,pause,23393.598700399503,23393.597700399503,nan,,,,,,,,,,
-4.668495442027219,exhale,23395.117700399813,23393.598700399503,23393.78670039954,,,,,,,,,,
nan,pause,23395.118700399813,23395.117700399813,nan,,,,,,,,,,
6.518298473454811,inhale,23396.0397004,23395.118700399813,23395.616700399914,,,,,,,,,,
nan,pause,23396.0407004,23396.0397004,nan,,,,,,,,,,
-4.188472782042188,exhale,23397.530700400304,23396.0407004,23396.28670040005,,,,,,,,,,
nan,pause,23397.531700400305,23397.530700400304,nan,,,,,,,,,,
6.05941220848009,inhale,23398.53670040051,23397.531700400305,23397.94670040039,,,,,,,,,,
nan,pause,23398.53770040051,23398.53670040051,nan,,,,,,,,,,
-3.1951586044543125,exhale,23399.9707004008,23398.53770040051,23398.77670040056,,,,,,,,,,
nan,pause,23399.9717004008,23399.9707004008,nan,,,,,,,,,,
5.999947109489566,inhale,23400.908700400993,23399.9717004008,23400.286700400866,,,,,,,,,,
nan,pause,23400.909700400993,23400.908700400993,nan,,,,,,,,,,
-3.548337750750243,exhale,23402.428700401302,23400.909700400993,23401.116700401035,,,,,,,,,,
nan,pause,23402.429700401302,23402.428700401302,nan,,,,,,,,,,
6.917390114173226,inhale,23403.29870040148,23402.429700401302,23402.786700401375,,,,,,,,,,
nan,pause,23403.29970040148,23403.29870040148,nan,,,,,,,,,,
-4.1814305068680735,exhale,23404.77970040178,23403.29970040148,23403.45670040151,,,,,,,,,,
nan,pause,23404.78070040178,23404.77970040178,nan,,,,,,,,,,
5.951688098475671,inhale,23405.744700401978,23404.78070040178,23405.11670040185,,,,,,,,,,
nan,pause,23405.745700401978,23405.744700401978,nan,,,,,,,,,,
-3.6500681720968116,exhale,23407.3287004023,23405.745700401978,23405.95670040202,,,,,,,,,,
nan,pause,23407.3297004023,23407.3287004023,nan,,,,,,,,,,
4.27454916760255,inhale,23408.394700402518,23407.3297004023,23407.77670040239,,,,,,,,,,
nan,pause,23408.395700402518,23408.394700402518,nan,,,,,,,,,,
-2.348271994059106,exhale,23409.82770040281,23408.395700402518,23408.616700402563,,,,,,,,,,
nan,pause,23409.82870040281,23409.82770040281,nan,,,,,,,,,,
3.1014096788425434,inhale,23410.85970040302,23409.82870040281,23410.446700402936,,,,,,,,,,
nan,pause,23410.86070040302,23410.85970040302,nan,,,,,,,,,,
-2.081549766808669,exhale,23412.27770040331,23410.86070040302,23411.116700403072,,,,,,,,,,
nan,pause,23412.27870040331,23412.27770040331,nan,,,,,,,,,,
2.2351583547766403,inhale,23413.36170040353,23412.27870040331,23412.616700403378,,,,,,,,,,
nan,pause,23413.36270040353,23413.36170040353,nan,,,,,,,,,,
-1.4801937803923284,exhale,23414.653700403793,23413.36270040353,23413.45670040355,,,,,,,,,,
nan,pause,23414.654700403793,23414.653700403793,nan,,,,,,,,,,
2.2517821067113815,inhale,23415.689700404004,23414.654700403793,23415.116700403887,,,,,,,,,,
nan,pause,23415.690700404004,23415.689700404004,nan,,,,,,,,,,
-1.3758996802891081,exhale,23417.018700404275,23415.690700404004,23415.946700404056,,,,,,,,,,
nan,pause,23417.019700404275,23417.018700404275,nan,,,,,,,,,,
1.8185038690353539,inhale,23418.142700404504,23417.019700404275,23417.616700404396,,,,,,,,,,
nan,pause,23418.143700404504,23418.142700404504,nan,,,,,,,,,,
-1.2263881231101326,exhale,23419.423700404765,23418.143700404504,23418.286700404533,,,,,,,,,,
nan,pause,23419.424700404765,23419.423700404765,nan,,,,,,,,,,
1.6678680357611668,inhale,23420.48270040498,23419.424700404765,23419.94670040487,,,,,,,,,,
nan,pause,23420.48370040498,23420.48270040498,nan,,,,,,,,,,
-1.0647623749082216,exhale,23421.795700405248,23420.48370040498,23420.616700405008,,,,,,,,,,
nan,pause,23421.796700405248,23421.795700405248,nan,,,,,,,,,,
1.5352522130066826,inhale,23422.87870040547,23421.796700405248,23422.615700405415,,,,,,,,,,
nan,pause,23422.87970040547,23422.87870040547,nan,,,,,,,,,,
-0.8814418397536282,exhale,23424.16170040573,23422.87970040547,23423.116700405517,,,,,,,,,,
nan,pause,23424.16270040573,23424.16170040573,nan,,,,,,,,,,
1.7305112582829065,inhale,23425.222700405946,23424.16270040573,23424.786700405857,,,,,,,,,,
nan,pause,23425.223700405946,23425.222700405946,nan,,,,,,,,,,
-0.9435000058422867,exhale,23426.597700406226,23425.223700405946,23425.44670040599,,,,,,,,,,
nan,pause,23426.598700406226,23426.597700406226,nan,,,,,,,,,,
1.2978774178322126,inhale,23427.720700406455,23426.598700406226,23427.4567004064,,,,,,,,,,
nan,pause,23427.721700406455,23427.720700406455,nan,,,,,,,,,,
-0.8290875914162407,exhale,23428.991700406714,23427.721700406455,23427.9467004065,,,,,,,,,,
nan,pause,23428.992700406714,23428.991700406714,nan,,,,,,,,,,
1.797298713018772,inhale,23430.127700406945,23428.992700406714,23429.776700406874,,,,,,,,,,
nan,pause,23430.128700406945,23430.127700406945,nan,,,,,,,,,,
-1.552099413195218,exhale,23431.400700407205,23430.128700406945,23430.286700406978,,,,,,,,,,
nan,pause,23431.401700407205,23431.400700407205,nan,,,,,,,,,,
1.8312571172004393,inhale,23432.527700407434,23431.401700407205,23431.786700407283,,,,,,,,,,
nan,pause,23432.528700407434,23432.527700407434,nan,,,,,,,,,,
-1.3106920720697703,exhale,23433.8247004077,23432.528700407434,23432.776700407485,,,,,,,,,,
nan,pause,23433.8257004077,23433.8247004077,nan,,,,,,,,,,
1.6999785389308135,inhale,23435.00770040794,23433.8257004077,23434.27670040779,,,,,,,,,,
nan,pause,23435.00870040794,23435.00770040794,nan,,,,,,,,,,
-1.4646262061643125,exhale,23436.42770040823,23435.00870040794,23435.11670040796,,,,,,,,,,
nan,pause,23436.42870040823,23436.42770040823,nan,,,,,,,,,,
1.8353843600317419,inhale,23437.540700408455,23436.42870040823,23437.11670040837,,,,,,,,,,
nan,pause,23437.541700408456,23437.540700408455,nan,,,,,,,,,,
-1.28129691666303,exhale,23438.863700408725,23437.541700408456,23438.616700408675,,,,,,,,,,
nan,pause,23438.864700408725,23438.863700408725,nan,,,,,,,,,,
1.7813262820339566,inhale,23440.01970040896,23438.864700408725,23439.28670040881,,,,,,,,,,
nan,pause,23440.02070040896,23440.01970040896,nan,,,,,,,,,,
-1.2132648689161225,exhale,23441.53970040927,23440.02070040896,23440.276700409013,,,,,,,,,,
nan,pause,23441.54070040927,23441.53970040927,nan,,,,,,,,,,
1.5489692557910888,inhale,23442.72370040951,23441.54070040927,23441.78670040932,,,,,,,,,,
nan,pause,23442.72470040951,23442.72370040951,nan,,,,,,,,,,
-0.8782898806237983,exhale,23444.304700409833,23442.72470040951,23442.946700409557,,,,,,,,,,
nan,pause,23444.305700409834,23444.304700409833,nan,,,,,,,,,,
1.24876000907512,inhale,23445.496700410076,23444.305700409834,23445.27670041003,,,,,,,,,,
nan,pause,23445.497700410077,23445.496700410076,nan,,,,,,,,,,
-1.0312317240651978,exhale,23446.863700410355,23445.497700410077,23445.6167004101,,,,,,,,,,
nan,pause,23446.864700410355,23446.863700410355,nan,,,,,,,,,,
1.4514218857749979,inhale,23447.997700410586,23446.864700410355,23447.27670041044,,,,,,,,,,
nan,pause,23447.998700410586,23447.997700410586,nan,,,,,,,,,,
-1.0312082646900156,exhale,23449.379700410867,23447.998700410586,23448.11670041061,,,,,,,,,,
nan,pause,23449.380700410868,23449.379700410867,nan,,,,,,,,,,
1.1354984103164893,inhale,23450.554700411107,23449.380700410868,23449.616700410916,,,,,,,,,,
nan,pause,23450.555700411107,23450.554700411107,nan,,,,,,,,,,
-0.709049777729729,exhale,23451.80270041136,23450.555700411107,23450.786700411154,,,,,,,,,,
nan,pause,23451.80370041136,23451.80270041136,nan,,,,,,,,,,
1.0688225151284956,inhale,23453.042700411614,23451.80370041136,23452.116700411425,,,,,,,,,,
nan,pause,23453.043700411614,23453.042700411614,nan,,,,,,,,,,
-0.41380721766353584,exhale,23454.48970041191,23453.043700411614,23453.27670041166,,,,,,,,,,
nan,pause,23453.043700411614,23454.48970041191,nan,,,,,,,,,,
-0.8478532706148694,exhale,23454.48970041191,23453.043700411614,23454.116700411832,,,,,,,,,,
nan,pause,23454.49070041191,23454.48970041191,nan,,,,,,,,,,
1.1335090619038968,inhale,23455.686700412152,23454.49070041191,23454.78670041197,,,,,,,,,,
nan,pause,23455.687700412152,23455.686700412152,nan,,,,,,,,,,
-1.0088309112573164,exhale,23456.989700412418,23455.687700412152,23455.946700412205,,,,,,,,,,
nan,pause,23456.990700412418,23456.989700412418,nan,,,,,,,,,,
1.9014926901134606,inhale,23458.043700412632,23456.990700412418,23457.28670041248,,,,,,,,,,
nan,pause,23458.044700412633,23458.043700412632,nan,,,,,,,,,,
-1.6981001039703443,exhale,23459.331700412895,23458.044700412633,23458.286700412682,,,,,,,,,,
nan,pause,23459.332700412895,23459.331700412895,nan,,,,,,,,,,
2.7688898809561175,inhale,23460.321700413097,23459.332700412895,23459.616700412953,,,,,,,,,,
nan,pause,23460.322700413097,23460.321700413097,nan,,,,,,,,,,
-2.4736821449705904,exhale,23461.61870041336,23460.322700413097,23460.456700413124,,,,,,,,,,
nan,pause,23461.61970041336,23461.61870041336,nan,,,,,,,,,,
3.115612774077464,inhale,23462.617700413564,23461.61970041336,23461.946700413428,,,,,,,,,,
nan,pause,23462.618700413565,23462.617700413564,nan,,,,,,,,,,
-2.8640793327868748,exhale,23464.01970041385,23462.618700413565,23462.7867004136,,,,,,,,,,
nan,pause,23464.02070041385,23464.01970041385,nan,,,,,,,,,,
2.867575938698909,inhale,23465.05070041406,23464.02070041385,23464.286700413904,,,,,,,,,,
nan,pause,23465.05170041406,23465.05070041406,nan,,,,,,,,,,
-2.1585753974200856,exhale,23466.354700414326,23465.05170041406,23465.286700414108,,,,,,,,,,
nan,pause,23466.355700414326,23466.354700414326,nan,,,,,,,,,,
3.25225258696292,inhale,23467.338700414526,23466.355700414326,23466.61670041438,,,,,,,,,,
nan,pause,23467.339700414526,23467.338700414526,nan,,,,,,,,,,
-1.5450054511696611,exhale,23468.765700414817,23467.339700414526,23468.28670041472,,,,,,,,,,
nan,pause,23468.766700414817,23468.765700414817,nan,,,,,,,,,,
3.230988887663775,inhale,23469.746700415017,23468.766700414817,23468.956700414856,,,,,,,,,,
nan,pause,23469.747700415017,23469.746700415017,nan,,,,,,,,,,
-2.3280147872253703,exhale,23471.04270041528,23469.747700415017,23469.946700415057,,,,,,,,,,
nan,pause,23471.04370041528,23471.04270041528,nan,,,,,,,,,,
3.4951616234778844,inhale,23472.040700415484,23471.04370041528,23471.28670041533,,,,,,,,,,
nan,pause,23472.041700415484,23472.040700415484,nan,,,,,,,,,,
-2.8755900687779055,exhale,23473.328700415746,23472.041700415484,23472.286700415534,,,,,,,,,,
nan,pause,23473.329700415747,23473.328700415746,nan,,,,,,,,,,
3.519016597622024,inhale,23474.339700415952,23473.329700415747,23473.616700415805,,,,,,,,,,
nan,pause,23474.340700415953,23474.339700415952,nan,,,,,,,,,,
-1.9896308063784989,exhale,23475.635700416216,23474.340700415953,23474.456700415976,,,,,,,,,,
nan,pause,23475.636700416217,23475.635700416216,nan,,,,,,,,,,
3.1666620724268544,inhale,23476.59470041641,23475.636700416217,23475.786700416247,,,,,,,,,,
nan,pause,23476.595700416412,23476.59470041641,nan,,,,,,,,,,
-2.419049812174914,exhale,23477.886700416675,23476.595700416412,23476.78670041645,,,,,,,,,,
nan,pause,23477.887700416675,23477.886700416675,nan,,,,,,,,,,
2.7690593265565364,inhale,23478.89570041688,23477.887700416675,23478.116700416722,,,,,,,,,,
nan,pause,23478.89670041688,23478.89570041688,nan,,,,,,,,,,
-2.3476200538453487,exhale,23480.290700417165,23478.89670041688,23479.116700416926,,,,,,,,,,
nan,pause,23480.291700417165,23480.290700417165,nan,,,,,,,,,,
2.4351143880087083,inhale,23481.287700417368,23480.291700417165,23480.4567004172,,,,,,,,,,
nan,pause,23481.288700417368,23481.287700417368,nan,,,,,,,,,,
-2.109518467536069,exhale,23482.61570041764,23481.288700417368,23481.456700417402,,,,,,,,,,
nan,pause,23482.61670041764,23482.61570041764,nan,,,,,,,,,,
2.514686784348155,inhale,23483.66170041785,23482.61670041764,23482.786700417673,,,,,,,,,,
nan,pause,23483.66270041785,23483.66170041785,nan,,,,,,,,,,
-2.3155848337514873,exhale,23485.009700418126,23483.66270041785,23483.786700417877,,,,,,,,,,
nan,pause,23485.010700418126,23485.009700418126,nan,,,,,,,,,,
2.244952114672389,inhale,23486.040700418336,23485.010700418126,23485.286700418183,,,,,,,,,,
nan,pause,23486.041700418336,23486.040700418336,nan,,,,,,,,,,
-2.0795406252575175,exhale,23487.454700418624,23486.041700418336,23486.286700418386,,,,,,,,,,
nan,pause,23487.455700418624,23487.454700418624,nan,,,,,,,,,,
2.033132083559862,inhale,23488.481700418833,23487.455700418624,23487.786700418692,,,,,,,,,,
nan,pause,23488.482700418834,23488.481700418833,nan,,,,,,,,,,
-2.0641390188819853,exhale,23489.723700419087,23488.482700418834,23488.626700418863,,,,,,,,,,
nan,pause,23489.724700419087,23489.723700419087,nan,,,,,,,,,,
1.9604631037449793,inhale,23490.702700419286,23489.724700419087,23489.956700419134,,,,,,,,,,
nan,pause,23490.703700419286,23490.702700419286,nan,,,,,,,,,,
-2.2570598254265017,exhale,23491.970700419544,23490.703700419286,23490.946700419336,,,,,,,,,,
nan,pause,23491.971700419545,23491.970700419544,nan,,,,,,,,,,
1.6154557007715664,inhale,23492.98870041975,23491.971700419545,23492.28670041961,,,,,,,,,,
nan,pause,23492.989700419752,23492.98870041975,nan,,,,,,,,,,
-2.100891102610631,exhale,23494.244700420008,23492.989700419752,23493.27670041981,,,,,,,,,,
nan,pause,23494.245700420008,23494.244700420008,nan,,,,,,,,,,
1.3031369541118136,inhale,23495.207700420204,23494.245700420008,23494.45670042005,,,,,,,,,,
nan,pause,23495.208700420204,23495.207700420204,nan,,,,,,,,,,
-1.4680464384563534,exhale,23496.487700420465,23495.208700420204,23495.456700420254,,,,,,,,,,
nan,pause,23496.488700420465,23496.487700420465,nan,,,,,,,,,,
1.8025343477312206,inhale,23497.375700420645,23496.488700420465,23497.116700420593,,,,,,,,,,
nan,pause,23497.376700420646,23497.375700420645,nan,,,,,,,,,,
-1.964052682428976,exhale,23498.6217004209,23497.376700420646,23497.616700420695,,,,,,,,,,
nan,pause,23498.6227004209,23498.6217004209,nan,,,,,,,,,,
1.752556946162555,inhale,23499.6067004211,23498.6227004209,23499.116700421,,,,,,,,,,
nan,pause,23499.6077004211,23499.6067004211,nan,,,,,,,,,,
-1.8940356777444949,exhale,23500.915700421367,23499.6077004211,23499.786700421137,,,,,,,,,,
nan,pause,23500.916700421367,23500.915700421367,nan,,,,,,,,,,
2.0525776330069463,inhale,23501.852700421558,23500.916700421367,23501.27570042144,,,,,,,,,,
nan,pause,23501.853700421558,23501.852700421558,nan,,,,,,,,,,
-2.564007113857648,exhale,23503.150700421822,23501.853700421558,23502.11670042161,,,,,,,,,,
nan,pause,23503.151700421822,23503.150700421822,nan,,,,,,,,,,
2.085998797269049,inhale,23504.12870042202,23503.151700421822,23503.616700421917,,,,,,,,,,
nan,pause,23504.12970042202,23504.12870042202,nan,,,,,,,,,,
-2.793936800406121,exhale,23505.458700422292,23504.12970042202,23504.286700422053,,,,,,,,,,
nan,pause,23505.459700422292,23505.458700422292,nan,,,,,,,,,,
2.3162594662812075,inhale,23506.412700422487,23505.459700422292,23505.78670042236,,,,,,,,,,
nan,pause,23506.413700422487,23506.412700422487,nan,,,,,,,,,,
-1.78066995188761,exhale,23507.821700422774,23506.413700422487,23506.616700422528,,,,,,,,,,
nan,pause,23507.822700422774,23507.821700422774,nan,,,,,,,,,,
2.0860385868521454,inhale,23508.89070042299,23507.822700422774,23508.116700422834,,,,,,,,,,
nan,pause,23508.89170042299,23508.89070042299,nan,,,,,,,,,,
-1.9639454898325057,exhale,23510.235700423265,23508.89170042299,23509.116700423037,,,,,,,,,,
nan,pause,23510.236700423266,23510.235700423265,nan,,,,,,,,,,
2.269362268352122,inhale,23511.201700423462,23510.236700423266,23510.616700423343,,,,,,,,,,
nan,pause,23511.202700423462,23511.201700423462,nan,,,,,,,,,,
-2.1454491138657543,exhale,23512.575700423742,23511.202700423462,23511.446700423512,,,,,,,,,,
nan,pause,23512.576700423742,23512.575700423742,nan,,,,,,,,,,
1.9860865817248075,inhale,23513.582700423947,23512.576700423742,23513.116700423852,,,,,,,,,,
nan,pause,23513.583700423947,23513.582700423947,nan,,,,,,,,,,
-1.8190471780831938,exhale,23515.150700424267,23513.583700423947,23513.78670042399,,,,,,,,,,
nan,pause,23515.151700424267,23515.150700424267,nan,,,,,,,,,,
1.6690708022799527,inhale,23516.183700424477,23515.151700424267,23515.786700424396,,,,,,,,,,
nan,pause,23516.184700424477,23516.183700424477,nan,,,,,,,,,,
-1.610251770311731,exhale,23517.654700424777,23516.184700424477,23516.44670042453,,,,,,,,,,
nan,pause,23517.655700424777,23517.654700424777,nan,,,,,,,,,,
1.8805204777021556,inhale,23518.678700424985,23517.655700424777,23517.946700424836,,,,,,,,,,
nan,pause,23518.679700424986,23518.678700424985,nan,,,,,,,,,,
-1.025609350602484,exhale,23519.987700425252,23518.679700424986,23518.94670042504,,,,,,,,,,
nan,pause,23519.988700425252,23519.987700425252,nan,,,,,,,,,,
1.1691123021881258,inhale,23521.079700425475,23519.988700425252,23520.286700425313,,,,,,,,,,
nan,pause,23521.080700425475,23521.079700425475,nan,,,,,,,,,,
-1.0761174719159792,exhale,23522.356700425735,23521.080700425475,23521.286700425517,,,,,,,,,,
nan,pause,23522.357700425735,23522.356700425735,nan,,,,,,,,,,
1.302772644389286,inhale,23523.389700425945,23522.357700425735,23522.616700425788,,,,,,,,,,
nan,pause,23523.390700425945,23523.389700425945,nan,,,,,,,,,,
-0.9972144737637146,exhale,23524.74470042622,23523.390700425945,23523.61670042599,,,,,,,,,,
nan,pause,23524.74570042622,23524.74470042622,nan,,,,,,,,,,
1.8361966258546998,inhale,23525.709700426418,23524.74570042622,23525.116700426297,,,,,,,,,,
nan,pause,23525.710700426418,23525.709700426418,nan,,,,,,,,,,
-1.3859748691547549,exhale,23527.061700426693,23525.710700426418,23525.946700426466,,,,,,,,,,
nan,pause,23527.062700426693,23527.061700426693,nan,,,,,,,,,,
1.9328668568943945,inhale,23528.03570042689,23527.062700426693,23527.456700426774,,,,,,,,,,
nan,pause,23528.036700426892,23528.03570042689,nan,,,,,,,,,,
-1.649834982821419,exhale,23529.35470042716,23528.036700426892,23528.286700426943,,,,,,,,,,
nan,pause,23529.35570042716,23529.35470042716,nan,,,,,,,,,,
2.1835194100460624,inhale,23530.32770042736,23529.35570042716,23529.78670042725,,,,,,,,,,
nan,pause,23530.32870042736,23530.32770042736,nan,,,,,,,,,,
-1.6797820047520984,exhale,23531.685700427635,23530.32870042736,23530.456700427385,,,,,,,,,,
nan,pause,23531.686700427636,23531.685700427635,nan,,,,,,,,,,
2.2028615394224675,inhale,23532.63470042783,23531.686700427636,23532.116700427723,,,,,,,,,,
nan,pause,23532.63570042783,23532.63470042783,nan,,,,,,,,,,
-1.8369325218159376,exhale,23534.06370042812,23532.63570042783,23532.78670042786,,,,,,,,,,
nan,pause,23534.06470042812,23534.06370042812,nan,,,,,,,,,,
2.01958405268636,inhale,23535.05270042832,23534.06470042812,23534.616700428232,,,,,,,,,,
nan,pause,23535.05370042832,23535.05270042832,nan,,,,,,,,,,
-1.786228155149346,exhale,23536.46570042861,23535.05370042832,23535.28670042837,,,,,,,,,,
nan,pause,23536.46670042861,23536.46570042861,nan,,,,,,,,,,
1.184265274105039,inhale,23537.44370042881,23536.46670042861,23536.786700428675,,,,,,,,,,
nan,pause,23537.44470042881,23537.44370042881,nan,,,,,,,,,,
-1.063681599973628,exhale,23538.541700429032,23537.44470042881,23538.116700428945,,,,,,,,,,
nan,pause,23538.542700429032,23538.541700429032,nan,,,,,,,,,,
1.3508837183050668,inhale,23539.572700429242,23538.542700429032,23538.786700429082,,,,,,,,,,
nan,pause,23539.573700429242,23539.572700429242,nan,,,,,,,,,,
-0.909042075554389,exhale,23540.8407004295,23539.573700429242,23540.44670042942,,,,,,,,,,
nan,pause,23540.8417004295,23540.8407004295,nan,,,,,,,,,,
1.102944270560093,inhale,23541.86770042971,23540.8417004295,23541.116700429557,,,,,,,,,,
nan,pause,23541.86870042971,23541.86770042971,nan,,,,,,,,,,
-1.0136423171887607,exhale,23543.226700429987,23541.86870042971,23542.11670042976,,,,,,,,,,
nan,pause,23543.227700429987,23543.226700429987,nan,,,,,,,,,,
1.1663702982401787,inhale,23544.214700430188,23543.227700429987,23543.946700430133,,,,,,,,,,
nan,pause,23544.215700430188,23544.214700430188,nan,,,,,,,,,,
-0.8263640501670777,exhale,23545.65270043048,23544.215700430188,23544.446700430235,,,,,,,,,,
nan,pause,23545.65370043048,23545.65270043048,nan,,,,,,,,,,
0.9183732593264846,inhale,23546.640700430682,23545.65370043048,23546.276700430608,,,,,,,,,,
nan,pause,23546.641700430682,23546.640700430682,nan,,,,,,,,,,
-0.8953014191558104,exhale,23548.015700430962,23546.641700430682,23546.78670043071,,,,,,,,,,
nan,pause,23548.016700430962,23548.015700430962,nan,,,,,,,,,,
0.7164123121114689,inhale,23548.99370043116,23548.016700430962,23548.44670043105,,,,,,,,,,
nan,pause,23548.99470043116,23548.99370043116,nan,,,,,,,,,,
-0.5135793591578222,exhale,23550.31770043143,23548.99470043116,23549.116700431186,,,,,,,,,,
nan,pause,23550.31870043143,23550.31770043143,nan,,,,,,,,,,
1.0530280694149998,inhale,23551.204700431612,23550.31870043143,23551.116700431594,,,,,,,,,,
nan,pause,23551.205700431612,23551.204700431612,nan,,,,,,,,,,
-1.289698683549535,exhale,23552.685700431914,23551.205700431612,23551.44670043166,,,,,,,,,,
nan,pause,23552.686700431914,23552.685700431914,nan,,,,,,,,,,
2.86994841423198,inhale,23553.55770043209,23552.686700431914,23553.276700432034,,,,,,,,,,
nan,pause,23553.55870043209,23553.55770043209,nan,,,,,,,,,,
-2.8775595114086676,exhale,23555.0747004324,23553.55870043209,23553.786700432138,,,,,,,,,,
nan,pause,23555.0757004324,23555.0747004324,nan,,,,,,,,,,
4.769775112557005,inhale,23555.95870043258,23555.0757004324,23555.61670043251,,,,,,,,,,
nan,pause,23555.95970043258,23555.95870043258,nan,,,,,,,,,,
-4.246903064895421,exhale,23557.900700432976,23555.95970043258,23556.116700432613,,,,,,,,,,
nan,pause,23557.901700432976,23557.900700432976,nan,,,,,,,,,,
8.161303338405501,inhale,23558.832700433166,23557.901700432976,23558.286700433055,,,,,,,,,,
nan,pause,23558.833700433166,23558.832700433166,nan,,,,,,,,,,
-4.401382978675336,exhale,23560.800700433567,23558.833700433166,23558.95670043319,,,,,,,,,,
nan,pause,23560.801700433567,23560.800700433567,nan,,,,,,,,,,
9.563556335388062,inhale,23561.772700433765,23560.801700433567,23561.4467004337,,,,,,,,,,
nan,pause,23561.773700433765,23561.772700433765,nan,,,,,,,,,,
-5.412697374013477,exhale,23563.848700434188,23561.773700433765,23561.956700433802,,,,,,,,,,
nan,pause,23563.849700434188,23563.848700434188,nan,,,,,,,,,,
10.572787336475717,inhale,23564.901700434402,23563.849700434188,23564.276700434275,,,,,,,,,,
nan,pause,23564.902700434403,23564.901700434402,nan,,,,,,,,,,
-5.930119162413646,exhale,23567.117700434854,23564.902700434403,23565.116700434446,,,,,,,,,,
nan,pause,23567.118700434854,23567.117700434854,nan,,,,,,,,,,
11.636584708101893,inhale,23568.17770043507,23567.118700434854,23567.616700434955,,,,,,,,,,
nan,pause,23568.17870043507,23568.17770043507,nan,,,,,,,,,,
-6.440628589315018,exhale,23570.24770043549,23568.17870043507,23568.446700435125,,,,,,,,,,
nan,pause,23570.24870043549,23570.24770043549,nan,,,,,,,,,,
11.397139636083732,inhale,23571.291700435704,23570.24870043549,23570.7867004356,,,,,,,,,,
nan,pause,23571.292700435704,23571.291700435704,nan,,,,,,,,,,
-9.513350956150362,exhale,23573.2387004361,23571.292700435704,23571.61670043577,,,,,,,,,,
nan,pause,23573.2397004361,23573.2387004361,nan,,,,,,,,,,
10.792478347115054,inhale,23574.26970043631,23573.2397004361,23573.456700436145,,,,,,,,,,
nan,pause,23574.27070043631,23574.26970043631,nan,,,,,,,,,,
-10.03984355508692,exhale,23575.970700436657,23574.27070043631,23574.45670043635,,,,,,,,,,
nan,pause,23575.971700436658,23575.970700436657,nan,,,,,,,,,,
11.486656817837032,inhale,23576.940700436855,23575.971700436658,23576.61670043679,,,,,,,,,,
nan,pause,23576.941700436855,23576.940700436855,nan,,,,,,,,,,
-8.713301967921423,exhale,23578.53370043718,23576.941700436855,23577.11670043689,,,,,,,,,,
nan,pause,23578.53470043718,23578.53370043718,nan,,,,,,,,,,
10.45945252915313,inhale,23579.542700437385,23578.53470043718,23578.78670043723,,,,,,,,,,
nan,pause,23579.543700437385,23579.542700437385,nan,,,,,,,,,,
-6.718462030690179,exhale,23581.19370043772,23579.543700437385,23579.786700437435,,,,,,,,,,
nan,pause,23581.19470043772,23581.19370043772,nan,,,,,,,,,,
12.68670568006267,inhale,23582.17370043792,23581.19470043772,23581.616700437808,,,,,,,,,,
nan,pause,23582.17470043792,23582.17370043792,nan,,,,,,,,,,
-7.8404953863465146,exhale,23583.79570043825,23582.17470043792,23582.446700437977,,,,,,,,,,
nan,pause,23583.79670043825,23583.79570043825,nan,,,,,,,,,,
13.170022074818108,inhale,23584.76270043845,23583.79670043825,23584.116700438317,,,,,,,,,,
nan,pause,23584.76370043845,23584.76270043845,nan,,,,,,,,,,
-7.517026861408118,exhale,23586.423700438787,23584.76370043845,23584.956700438488,,,,,,,,,,
nan,pause,23586.424700438787,23586.423700438787,nan,,,,,,,,,,
13.920413476953598,inhale,23587.449700438996,23586.424700438787,23586.78670043886,,,,,,,,,,
nan,pause,23587.450700438996,23587.449700438996,nan,,,,,,,,,,
-8.61319609152808,exhale,23589.03170043932,23587.450700438996,23587.61670043903,,,,,,,,,,
nan,pause,23589.03270043932,23589.03170043932,nan,,,,,,,,,,
12.164471152975862,inhale,23590.031700439522,23589.03270043932,23589.446700439403,,,,,,,,,,
nan,pause,23590.032700439522,23590.031700439522,nan,,,,,,,,,,
-6.2234817624316126,exhale,23591.621700439846,23590.032700439522,23590.286700439574,,,,,,,,,,
nan,pause,23591.622700439846,23591.621700439846,nan,,,,,,,,,,
13.63508309238723,inhale,23592.600700440045,23591.622700439846,23591.956700439914,,,,,,,,,,
nan,pause,23592.601700440046,23592.600700440045,nan,,,,,,,,,,
-8.818301598472306,exhale,23594.19570044037,23592.601700440046,23592.786700440083,,,,,,,,,,
nan,pause,23594.19670044037,23594.19570044037,nan,,,,,,,,,,
10.4085065831716,inhale,23595.22970044058,23594.19670044037,23594.456700440423,,,,,,,,,,
nan,pause,23595.23070044058,23595.22970044058,nan,,,,,,,,,,
-7.264822099403624,exhale,23596.8007004409,23595.23070044058,23595.456700440627,,,,,,,,,,
nan,pause,23596.8017004409,23596.8007004409,nan,,,,,,,,,,
11.736840092399559,inhale,23597.763700441097,23596.8017004409,23597.116700440965,,,,,,,,,,
nan,pause,23597.764700441097,23597.763700441097,nan,,,,,,,,,,
-8.787155025892215,exhale,23599.19470044139,23597.764700441097,23597.946700441134,,,,,,,,,,
nan,pause,23599.19570044139,23599.19470044139,nan,,,,,,,,,,
12.14448457150904,inhale,23600.13670044158,23599.19570044139,23599.456700441442,,,,,,,,,,
nan,pause,23600.13770044158,23600.13670044158,nan,,,,,,,,,,
-6.057330350679178,exhale,23601.768700441913,23600.13770044158,23600.28670044161,,,,,,,,,,
nan,pause,23601.769700441913,23601.768700441913,nan,,,,,,,,,,
11.286885368034744,inhale,23602.79270044212,23601.769700441913,23602.116700441984,,,,,,,,,,
nan,pause,23602.793700442122,23602.79270044212,nan,,,,,,,,,,
-7.701882223111256,exhale,23604.34670044244,23602.793700442122,23602.956700442155,,,,,,,,,,
nan,pause,23604.34770044244,23604.34670044244,nan,,,,,,,,,,
12.553912330964522,inhale,23605.351700442643,23604.34770044244,23604.776700442526,,,,,,,,,,
nan,pause,23605.352700442643,23605.351700442643,nan,,,,,,,,,,
-7.2297421120041445,exhale,23606.993700442978,23605.352700442643,23605.616700442697,,,,,,,,,,
nan,pause,23606.994700442978,23606.993700442978,nan,,,,,,,,,,
9.461399587652734,inhale,23608.0917004432,23606.994700442978,23607.286700443037,,,,,,,,,,
nan,pause,23608.0927004432,23608.0917004432,nan,,,,,,,,,,
-7.103937086750731,exhale,23609.61170044351,23608.0927004432,23608.28670044324,,,,,,,,,,
nan,pause,23609.61270044351,23609.61170044351,nan,,,,,,,,,,
9.883521565817414,inhale,23610.614700443715,23609.61270044351,23609.94670044358,,,,,,,,,,
nan,pause,23610.615700443715,23610.614700443715,nan,,,,,,,,,,
-7.479056631571966,exhale,23612.186700444036,23610.615700443715,23610.78670044375,,,,,,,,,,
nan,pause,23612.187700444036,23612.186700444036,nan,,,,,,,,,,
10.353592547450535,inhale,23613.18770044424,23612.187700444036,23612.616700444123,,,,,,,,,,
nan,pause,23613.18870044424,23613.18770044424,nan,,,,,,,,,,
-6.239757208506121,exhale,23614.636700444535,23613.18870044424,23613.446700444292,,,,,,,,,,
nan,pause,23614.637700444535,23614.636700444535,nan,,,,,,,,,,
10.68387256275659,inhale,23615.58770044473,23614.637700444535,23614.946700444598,,,,,,,,,,
nan,pause,23615.58870044473,23615.58770044473,nan,,,,,,,,,,
-6.729730250741545,exhale,23617.001700445016,23615.58870044473,23615.78670044477,,,,,,,,,,
nan,pause,23617.002700445017,23617.001700445016,nan,,,,,,,,,,
9.960810471688216,inhale,23618.010700445222,23617.002700445017,23617.286700445075,,,,,,,,,,
nan,pause,23618.011700445222,23618.010700445222,nan,,,,,,,,,,
-5.009170311529911,exhale,23619.52570044553,23618.011700445222,23618.276700445276,,,,,,,,,,
nan,pause,23619.52670044553,23619.52570044553,nan,,,,,,,,,,
8.331454660811586,inhale,23620.576700445745,23619.52670044553,23619.946700445616,,,,,,,,,,
nan,pause,23620.577700445745,23620.576700445745,nan,,,,,,,,,,
-5.382662974012273,exhale,23622.088700446053,23620.577700445745,23620.786700445788,,,,,,,,,,
nan,pause,23622.089700446053,23622.088700446053,nan,,,,,,,,,,
8.000589994472858,inhale,23623.095700446258,23622.089700446053,23622.446700446126,,,,,,,,,,
nan,pause,23623.09670044626,23623.095700446258,nan,,,,,,,,,,
-4.477938416177086,exhale,23624.650700446575,23623.09670044626,23623.286700446297,,,,,,,,,,
nan,pause,23624.651700446575,23624.650700446575,nan,,,,,,,,,,
7.03228244468705,inhale,23625.723700446793,23624.651700446575,23624.956700446637,,,,,,,,,,
nan,pause,23625.724700446794,23625.723700446793,nan,,,,,,,,,,
-4.9181951411692815,exhale,23627.17670044709,23625.724700446794,23625.94670044684,,,,,,,,,,
nan,pause,23627.17770044709,23627.17670044709,nan,,,,,,,,,,
8.306178980048374,inhale,23628.230700447304,23627.17770044709,23627.456700447146,,,,,,,,,,
nan,pause,23628.231700447304,23628.230700447304,nan,,,,,,,,,,
-3.8060548303801363,exhale,23629.78970044762,23628.231700447304,23628.45670044735,,,,,,,,,,
nan,pause,23629.790700447622,23629.78970044762,nan,,,,,,,,,,
5.67045701580772,inhale,23630.836700447835,23629.790700447622,23630.11670044769,,,,,,,,,,
nan,pause,23630.837700447835,23630.836700447835,nan,,,,,,,,,,
-3.5333516844504453,exhale,23632.546700448183,23630.837700447835,23630.95670044786,,,,,,,,,,
nan,pause,23632.547700448184,23632.546700448183,nan,,,,,,,,,,
6.5596118781334285,inhale,23633.50670044838,23632.547700448184,23632.786700448232,,,,,,,,,,
nan,pause,23633.50770044838,23633.50670044838,nan,,,,,,,,,,
-5.745448440792278,exhale,23634.910700448665,23633.50770044838,23633.776700448434,,,,,,,,,,
nan,pause,23634.911700448665,23634.910700448665,nan,,,,,,,,,,
2.6191575358307437,inhale,23636.096700448907,23634.911700448665,23635.786700448843,,,,,,,,,,
nan,pause,23636.097700448907,23636.096700448907,nan,,,,,,,,,,
-2.2322368527718663,exhale,23637.569700449207,23636.097700448907,23636.286700448945,,,,,,,,,,
nan,pause,23637.570700449207,23637.569700449207,nan,,,,,,,,,,
2.081631768837042,inhale,23638.71970044944,23637.570700449207,23638.446700449385,,,,,,,,,,
nan,pause,23638.72070044944,23638.71970044944,nan,,,,,,,,,,
-2.273711161596621,exhale,23640.012700449704,23638.72070044944,23638.946700449487,,,,,,,,,,
nan,pause,23640.013700449705,23640.012700449704,nan,,,,,,,,,,
2.001220978712894,inhale,23641.100700449926,23640.013700449705,23640.446700449793,,,,,,,,,,
nan,pause,23641.101700449926,23641.100700449926,nan,,,,,,,,,,
-1.9832106684880046,exhale,23642.58770045023,23641.101700449926,23641.286700449964,,,,,,,,,,
nan,pause,23642.58870045023,23642.58770045023,nan,,,,,,,,,,
1.3342228856116183,inhale,23643.488700450413,23642.58870045023,23642.78670045027,,,,,,,,,,
nan,pause,23643.744700450465,23643.488700450413,nan,,,,,,,,,,
0.804423145853388,inhale,23644.12070045054,23643.744700450465,23643.946700450506,,,,,,,,,,
nan,pause,23644.12170045054,23644.12070045054,nan,,,,,,,,,,
-2.9148071660010246,exhale,23644.439700450606,23644.12170045054,23644.286700450575,,,,,,,,,,
nan,pause,23644.825700450685,23644.439700450606,nan,,,,,,,,,,
0.6705993588193264,inhale,23645.271700450776,23644.825700450685,23645.116700450744,,,,,,,,,,
nan,pause,23647.182700451165,23645.271700450776,nan,,,,,,,,,,
1.1539246777842775,inhale,23648.267700451386,23647.182700451165,23648.116700451355,,,,,,,,,,
nan,pause,23649.967700451733,23648.267700451386,nan,,,,,,,,,,
1.3347107447109798,inhale,23651.063700451956,23649.967700451733,23650.946700451932,,,,,,,,,,
nan,pause,23651.064700451956,23651.063700451956,nan,,,,,,,,,,
-1.2638268536557742,exhale,23652.348700452218,23651.064700451956,23651.446700452034,,,,,,,,,,
nan,pause,23652.665700452282,23652.348700452218,nan,,,,,,,,,,
1.1206855896741248,inhale,23654.37170045263,23652.665700452282,23653.945700452543,,,,,,,,,,
nan,pause,23654.37270045263,23654.37170045263,nan,,,,,,,,,,
-0.9293054762337188,exhale,23655.974700452956,23654.37270045263,23654.61670045268,,,,,,,,,,
nan,pause,23655.975700452957,23655.974700452956,nan,,,,,,,,,,
1.4316262047747828,inhale,23657.097700453185,23655.975700452957,23656.28670045302,,,,,,,,,,
nan,pause,23657.098700453185,23657.097700453185,nan,,,,,,,,,,
-0.8743317868006824,exhale,23657.771700453322,23657.098700453185,23657.446700453256,,,,,,,,,,
nan,pause,23659.639700453703,23657.771700453322,nan,,,,,,,,,,
1.4854645140403133,inhale,23660.90570045396,23659.639700453703,23660.776700453935,,,,,,,,,,
nan,pause,23660.90670045396,23660.90570045396,nan,,,,,,,,,,
-1.6625418791693232,exhale,23662.537700454293,23660.90670045396,23661.116700454004,,,,,,,,,,
nan,pause,23662.538700454294,23662.537700454293,nan,,,,,,,,,,
1.5534091012763498,inhale,23663.687700454528,23662.538700454294,23662.946700454377,,,,,,,,,,
nan,pause,23663.688700454528,23663.687700454528,nan,,,,,,,,,,
-1.3288890747592512,exhale,23665.12070045482,23663.688700454528,23663.94670045458,,,,,,,,,,
nan,pause,23665.12170045482,23665.12070045482,nan,,,,,,,,,,
1.4851096565119228,inhale,23666.09970045502,23665.12170045482,23665.286700454853,,,,,,,,,,
nan,pause,23666.10070045502,23666.09970045502,nan,,,,,,,,,,
-0.49259696522733776,exhale,23666.579700455117,23666.10070045502,23666.44670045509,,,,,,,,,,
nan,pause,23668.438700455496,23666.579700455117,nan,,,,,,,,,,
1.5208145764509977,inhale,23669.73470045576,23668.438700455496,23668.616700455532,,,,,,,,,,
nan,pause,23669.73570045576,23669.73470045576,nan,,,,,,,,,,
-1.5567293666737831,exhale,23671.123700456043,23669.73570045576,23669.946700455803,,,,,,,,,,
nan,pause,23671.124700456043,23671.123700456043,nan,,,,,,,,,,
1.7827844657493623,inhale,23672.24270045627,23671.124700456043,23671.286700456076,,,,,,,,,,
nan,pause,23672.24370045627,23672.24270045627,nan,,,,,,,,,,
-1.291985911653883,exhale,23673.650700456557,23672.24370045627,23672.446700456312,,,,,,,,,,
nan,pause,23673.651700456558,23673.650700456557,nan,,,,,,,,,,
1.662290492552002,inhale,23674.74870045678,23673.651700456558,23673.946700456618,,,,,,,,,,
nan,pause,23674.74970045678,23674.74870045678,nan,,,,,,,,,,
-1.045675529362968,exhale,23676.150700457067,23674.74970045678,23674.956700456823,,,,,,,,,,
nan,pause,23676.151700457067,23676.150700457067,nan,,,,,,,,,,
1.578683599224445,inhale,23677.260700457293,23676.151700457067,23676.446700457127,,,,,,,,,,
nan,pause,23677.261700457293,23677.260700457293,nan,,,,,,,,,,
-1.2030201619705558,exhale,23678.61770045757,23677.261700457293,23677.456700457333,,,,,,,,,,
nan,pause,23678.61870045757,23678.61770045757,nan,,,,,,,,,,
1.7202354033221559,inhale,23679.677700457785,23678.61870045757,23678.786700457604,,,,,,,,,,
nan,pause,23679.678700457785,23679.677700457785,nan,,,,,,,,,,
-1.0094033291106472,exhale,23681.147700458085,23679.678700457785,23679.94670045784,,,,,,,,,,
nan,pause,23681.148700458085,23681.147700458085,nan,,,,,,,,,,
1.633016824810672,inhale,23682.230700458305,23681.148700458085,23681.446700458146,,,,,,,,,,
nan,pause,23682.231700458306,23682.230700458305,nan,,,,,,,,,,
-1.0655233033122364,exhale,23683.62870045859,23682.231700458306,23682.44670045835,,,,,,,,,,
nan,pause,23683.62970045859,23683.62870045859,nan,,,,,,,,,,
1.495556182950509,inhale,23684.70470045881,23683.62970045859,23683.956700458657,,,,,,,,,,
nan,pause,23684.70570045881,23684.70470045881,nan,,,,,,,,,,
-1.2211079038133879,exhale,23685.958700459065,23684.70570045881,23684.94670045886,,,,,,,,,,
nan,pause,23685.959700459065,23685.958700459065,nan,,,,,,,,,,
1.4672447684246228,inhale,23687.01770045928,23685.959700459065,23686.28670045913,,,,,,,,,,
nan,pause,23687.01870045928,23687.01770045928,nan,,,,,,,,,,
-1.26910219067412,exhale,23688.359700459554,23687.01870045928,23687.276700459333,,,,,,,,,,
nan,pause,23688.360700459554,23688.359700459554,nan,,,,,,,,,,
1.6877019356898018,inhale,23689.408700459768,23688.360700459554,23688.616700459606,,,,,,,,,,
nan,pause,23689.409700459768,23689.408700459768,nan,,,,,,,,,,
-1.0456836905003004,exhale,23690.779700460047,23689.409700459768,23689.61670045981,,,,,,,,,,
nan,pause,23690.780700460047,23690.779700460047,nan,,,,,,,,,,
1.7210263440372493,inhale,23691.688700460232,23690.780700460047,23691.116700460116,,,,,,,,,,
nan,pause,23691.689700460232,23691.688700460232,nan,,,,,,,,,,
-0.889884445797718,exhale,23692.376700460372,23691.689700460232,23691.786700460252,,,,,,,,,,
nan,pause,23692.5157004604,23692.376700460372,nan,,,,,,,,,,
-0.9082950873074646,exhale,23693.29870046056,23692.5157004604,23692.94670046049,,,,,,,,,,
nan,pause,23693.29970046056,23693.29870046056,nan,,,,,,,,,,
1.5543503484908179,inhale,23694.403700460785,23693.29970046056,23693.616700460625,,,,,,,,,,
nan,pause,23694.404700460786,23694.403700460785,nan,,,,,,,,,,
-1.3122347643639822,exhale,23695.9467004611,23694.404700460786,23694.61670046083,,,,,,,,,,
nan,pause,23695.9477004611,23695.9467004611,nan,,,,,,,,,,
1.1374453956393928,inhale,23696.801700461274,23695.9477004611,23696.4467004612,,,,,,,,,,
nan,pause,23696.802700461274,23696.801700461274,nan,,,,,,,,,,
-0.47297172032579426,exhale,23697.437700461403,23696.802700461274,23697.27670046137,,,,,,,,,,
nan,pause,23697.488700461414,23697.437700461403,nan,,,,,,,,,,
-0.4955997430360175,exhale,23698.809700461683,23697.488700461414,23698.616700461644,,,,,,,,,,
nan,pause,23698.810700461683,23698.809700461683,nan,,,,,,,,,,
1.0282361739056052,inhale,23700.093700461945,23698.810700461683,23699.946700461915,,,,,,,,,,
nan,pause,23700.094700461945,23700.093700461945,nan,,,,,,,,,,
-0.8929044868461408,exhale,23701.25070046218,23700.094700461945,23700.45670046202,,,,,,,,,,
nan,pause,23701.69270046227,23701.25070046218,nan,,,,,,,,,,
1.3804566433875696,inhale,23702.836700462503,23701.69270046227,23701.956700462324,,,,,,,,,,
nan,pause,23702.837700462504,23702.836700462503,nan,,,,,,,,,,
-0.8375234727492329,exhale,23704.307700462803,23702.837700462504,23702.956700462528,,,,,,,,,,
nan,pause,23704.308700462803,23704.307700462803,nan,,,,,,,,,,
1.1878509281920697,inhale,23705.430700463032,23704.308700462803,23704.616700462866,,,,,,,,,,
nan,pause,23705.431700463032,23705.430700463032,nan,,,,,,,,,,
-1.0455343628149425,exhale,23706.89270046333,23705.431700463032,23705.61670046307,,,,,,,,,,
nan,pause,23706.89370046333,23706.89270046333,nan,,,,,,,,,,
1.2544733833363455,inhale,23707.962700463548,23706.89370046333,23707.116700463375,,,,,,,,,,
nan,pause,23707.963700463548,23707.962700463548,nan,,,,,,,,,,
-0.995511141115566,exhale,23709.45470046385,23707.963700463548,23708.11670046358,,,,,,,,,,
nan,pause,23709.455700463852,23709.45470046385,nan,,,,,,,,,,
1.368820039054327,inhale,23710.53470046407,23709.455700463852,23709.78670046392,,,,,,,,,,
nan,pause,23710.535700464072,23710.53470046407,nan,,,,,,,,,,
-1.008010468991979,exhale,23711.913700464353,23710.535700464072,23710.786700464123,,,,,,,,,,
nan,pause,23711.914700464353,23711.913700464353,nan,,,,,,,,,,
1.3839614358101897,inhale,23712.98670046457,23711.914700464353,23712.276700464427,,,,,,,,,,
nan,pause,23712.98770046457,23712.98670046457,nan,,,,,,,,,,
-1.0620644022859747,exhale,23714.711700464923,23712.98770046457,23713.116700464598,,,,,,,,,,
nan,pause,23714.712700464923,23714.711700464923,nan,,,,,,,,,,
1.167900023925932,inhale,23715.87170046516,23714.712700464923,23714.956700464973,,,,,,,,,,
nan,pause,23715.87270046516,23715.87170046516,nan,,,,,,,,,,
-0.7787384763218488,exhale,23717.414700465473,23715.87270046516,23716.11670046521,,,,,,,,,,
nan,pause,23717.415700465473,23717.414700465473,nan,,,,,,,,,,
1.0692933180695032,inhale,23718.511700465697,23717.415700465473,23717.776700465547,,,,,,,,,,
nan,pause,23718.512700465697,23718.511700465697,nan,,,,,,,,,,
-0.9954142749834904,exhale,23719.992700466,23718.512700465697,23718.616700465718,,,,,,,,,,
nan,pause,23719.993700466,23719.992700466,nan,,,,,,,,,,
1.00394389080137,inhale,23721.02670046621,23719.993700466,23720.77670046616,,,,,,,,,,
nan,pause,23721.02770046621,23721.02670046621,nan,,,,,,,,,,
-0.9907698901874494,exhale,23722.4477004665,23721.02770046621,23721.27670046626,,,,,,,,,,
nan,pause,23722.4487004665,23722.4477004665,nan,,,,,,,,,,
1.181418818174304,inhale,23723.424700466698,23722.4487004665,23723.276700466668,,,,,,,,,,
nan,pause,23723.425700466698,23723.424700466698,nan,,,,,,,,,,
-1.6119648907587019,exhale,23724.797700466977,23723.425700466698,23723.616700466737,,,,,,,,,,
nan,pause,23724.798700466978,23724.797700466977,nan,,,,,,,,,,
1.38803954905065,inhale,23725.78870046718,23724.798700466978,23725.616700467144,,,,,,,,,,
nan,pause,23725.78970046718,23725.78870046718,nan,,,,,,,,,,
-1.3819493744554339,exhale,23727.16070046746,23725.78970046718,23725.956700467214,,,,,,,,,,
nan,pause,23727.16170046746,23727.16070046746,nan,,,,,,,,,,
1.1213646861537963,inhale,23728.180700467667,23727.16170046746,23727.61670046755,,,,,,,,,,
nan,pause,23728.181700467667,23728.180700467667,nan,,,,,,,,,,
-1.1756571854405717,exhale,23729.634700467963,23728.181700467667,23728.44670046772,,,,,,,,,,
nan,pause,23729.635700467963,23729.634700467963,nan,,,,,,,,,,
1.2367654390666567,inhale,23730.70570046818,23729.635700467963,23729.946700468026,,,,,,,,,,
nan,pause,23730.70670046818,23730.70570046818,nan,,,,,,,,,,
-0.9890337568633636,exhale,23731.963700468437,23730.70670046818,23730.94670046823,,,,,,,,,,
nan,pause,23731.964700468438,23731.963700468437,nan,,,,,,,,,,
1.38436694046923,inhale,23732.96570046864,23731.964700468438,23732.286700468503,,,,,,,,,,
nan,pause,23732.96670046864,23732.96570046864,nan,,,,,,,,,,
-1.6452769159290253,exhale,23734.354700468924,23732.96670046864,23733.116700468672,,,,,,,,,,
nan,pause,23734.355700468925,23734.354700468924,nan,,,,,,,,,,
1.2214341574521748,inhale,23735.373700469132,23734.355700468925,23735.11570046908,,,,,,,,,,
nan,pause,23735.374700469132,23735.373700469132,nan,,,,,,,,,,
-1.295258181949182,exhale,23736.671700469396,23735.374700469132,23735.61670046918,,,,,,,,,,
nan,pause,23736.672700469397,23736.671700469396,nan,,,,,,,,,,
1.270779882774572,inhale,23737.702700469606,23736.672700469397,23736.956700469455,,,,,,,,,,
nan,pause,23737.703700469607,23737.702700469606,nan,,,,,,,,,,
-1.3952396422144824,exhale,23738.863700469843,23737.703700469607,23737.95670046966,,,,,,,,,,
nan,pause,23738.864700469843,23738.863700469843,nan,,,,,,,,,,
1.47147565745219,inhale,23739.865700470047,23738.864700469843,23739.615700469996,,,,,,,,,,
nan,pause,23739.866700470047,23739.865700470047,nan,,,,,,,,,,
-1.4618162362843692,exhale,23741.186700470316,23739.866700470047,23740.1167004701,,,,,,,,,,
nan,pause,23741.187700470316,23741.186700470316,nan,,,,,,,,,,
1.551056589325368,inhale,23742.18170047052,23741.187700470316,23741.78670047044,,,,,,,,,,
nan,pause,23742.18270047052,23742.18170047052,nan,,,,,,,,,,
-1.5242059482433075,exhale,23743.473700470782,23742.18270047052,23742.446700470573,,,,,,,,,,
nan,pause,23743.474700470782,23743.473700470782,nan,,,,,,,,,,
1.5178864885727068,inhale,23744.461700470983,23743.474700470782,23743.94670047088,,,,,,,,,,
nan,pause,23744.462700470984,23744.461700470983,nan,,,,,,,,,,
-1.678472590527416,exhale,23745.731700471242,23744.462700470984,23744.616700471015,,,,,,,,,,
nan,pause,23745.732700471242,23745.731700471242,nan,,,,,,,,,,
1.7382328910522082,inhale,23746.691700471438,23745.732700471242,23746.11670047132,,,,,,,,,,
nan,pause,23746.692700471438,23746.691700471438,nan,,,,,,,,,,
-2.373374951578428,exhale,23748.006700471706,23746.692700471438,23746.94670047149,,,,,,,,,,
nan,pause,23748.007700471706,23748.006700471706,nan,,,,,,,,,,
1.620895855435929,inhale,23748.9517004719,23748.007700471706,23748.776700471863,,,,,,,,,,
nan,pause,23748.9527004719,23748.9517004719,nan,,,,,,,,,,
-2.211727249811405,exhale,23750.398700472193,23748.9527004719,23749.116700471932,,,,,,,,,,
nan,pause,23750.399700472193,23750.398700472193,nan,,,,,,,,,,
1.6848782066237888,inhale,23751.395700472396,23750.399700472193,23750.786700472272,,,,,,,,,,
nan,pause,23751.396700472396,23751.395700472396,nan,,,,,,,,,,
-1.278410687162714,exhale,23752.828700472688,23751.396700472396,23751.61670047244,,,,,,,,,,
nan,pause,23752.82970047269,23752.828700472688,nan,,,,,,,,,,
1.7882968272966993,inhale,23753.878700472902,23752.82970047269,23753.116700472747,,,,,,,,,,
nan,pause,23753.879700472902,23753.878700472902,nan,,,,,,,,,,
-1.4783856071652095,exhale,23755.203700473172,23753.879700472902,23754.11670047295,,,,,,,,,,
nan,pause,23755.204700473172,23755.203700473172,nan,,,,,,,,,,
1.370950493508172,inhale,23756.22470047338,23755.204700473172,23755.456700473223,,,,,,,,,,
nan,pause,23756.22570047338,23756.22470047338,nan,,,,,,,,,,
-1.574608600339854,exhale,23757.510700473642,23756.22570047338,23756.446700473425,,,,,,,,,,
nan,pause,23757.511700473642,23757.510700473642,nan,,,,,,,,,,
1.6998435438419175,inhale,23758.510700473846,23757.511700473642,23757.786700473698,,,,,,,,,,
nan,pause,23758.511700473846,23758.510700473846,nan,,,,,,,,,,
-1.195044143024854,exhale,23759.826700474114,23758.511700473846,23758.616700473867,,,,,,,,,,
nan,pause,23759.827700474114,23759.826700474114,nan,,,,,,,,,,
1.7383622865045236,inhale,23760.718700474295,23759.827700474114,23760.116700474173,,,,,,,,,,
nan,pause,23760.719700474296,23760.718700474295,nan,,,,,,,,,,
-1.157544734426211,exhale,23761.949700474546,23760.719700474296,23761.28670047441,,,,,,,,,,
nan,pause,23761.950700474546,23761.949700474546,nan,,,,,,,,,,
1.3716799032946847,inhale,23762.935700474747,23761.950700474546,23762.11670047458,,,,,,,,,,
nan,pause,23762.936700474747,23762.935700474747,nan,,,,,,,,,,
-1.0116035721680696,exhale,23764.236700475012,23762.936700474747,23763.116700474784,,,,,,,,,,
nan,pause,23764.237700475012,23764.236700475012,nan,,,,,,,,,,
1.2330427588369524,inhale,23765.224700475213,23764.237700475012,23764.456700475057,,,,,,,,,,
nan,pause,23765.225700475214,23765.224700475213,nan,,,,,,,,,,
-0.8867355721363456,exhale,23766.605700475495,23765.225700475214,23765.44670047526,,,,,,,,,,
nan,pause,23766.606700475495,23766.605700475495,nan,,,,,,,,,,
0.8877495265100755,inhale,23767.625700475703,23766.606700475495,23767.286700475634,,,,,,,,,,
nan,pause,23767.626700475703,23767.625700475703,nan,,,,,,,,,,
-0.9398648496598686,exhale,23768.872700475957,23767.626700475703,23767.786700475735,,,,,,,,,,
nan,pause,23768.873700475957,23768.872700475957,nan,,,,,,,,,,
0.9527418555436201,inhale,23769.851700476156,23768.873700475957,23769.446700476074,,,,,,,,,,
nan,pause,23769.852700476156,23769.851700476156,nan,,,,,,,,,,
-0.7282419599874189,exhale,23771.233700476438,23769.852700476156,23770.11670047621,,,,,,,,,,
nan,pause,23771.234700476438,23771.233700476438,nan,,,,,,,,,,
0.8704529095387122,inhale,23772.214700476638,23771.234700476438,23771.77670047655,,,,,,,,,,
nan,pause,23772.215700476638,23772.214700476638,nan,,,,,,,,,,
-0.9360115001269311,exhale,23773.571700476914,23772.215700476638,23772.446700476685,,,,,,,,,,
nan,pause,23773.572700476914,23773.571700476914,nan,,,,,,,,,,
0.8194148631888228,inhale,23774.545700477112,23773.572700476914,23774.28670047706,,,,,,,,,,
nan,pause,23774.546700477113,23774.545700477112,nan,,,,,,,,,,
-0.8680005961612572,exhale,23775.827700477374,23774.546700477113,23774.78670047716,,,,,,,,,,
nan,pause,23775.828700477374,23775.827700477374,nan,,,,,,,,,,
0.8051110536767879,inhale,23776.722700477556,23775.828700477374,23776.116700477432,,,,,,,,,,
nan,pause,23776.723700477556,23776.722700477556,nan,,,,,,,,,,
-0.9182801664012584,exhale,23777.96270047781,23776.723700477556,23776.9467004776,,,,,,,,,,
nan,pause,23777.96370047781,23777.96270047781,nan,,,,,,,,,,
1.1215028765766728,inhale,23778.882700477996,23777.96370047781,23778.446700477907,,,,,,,,,,
nan,pause,23778.883700477996,23778.882700477996,nan,,,,,,,,,,
-1.0114561553382733,exhale,23780.335700478292,23778.883700477996,23779.116700478044,,,,,,,,,,
nan,pause,23780.336700478292,23780.335700478292,nan,,,,,,,,,,
2.421842960682362,inhale,23781.26170047848,23780.336700478292,23781.11670047845,,,,,,,,,,
nan,pause,23781.26270047848,23781.26170047848,nan,,,,,,,,,,
-2.4646923514337713,exhale,23782.993700478833,23781.26270047848,23781.45670047852,,,,,,,,,,
nan,pause,23782.994700478834,23782.993700478833,nan,,,,,,,,,,
6.037908715159027,inhale,23783.888700479016,23782.994700478834,23783.456700478928,,,,,,,,,,
nan,pause,23783.889700479016,23783.888700479016,nan,,,,,,,,,,
-4.6780942653073,exhale,23785.72370047939,23783.889700479016,23784.116700479062,,,,,,,,,,
nan,pause,23785.72470047939,23785.72370047939,nan,,,,,,,,,,
10.771886533214495,inhale,23786.60870047957,23785.72470047939,23786.11670047947,,,,,,,,,,
nan,pause,23786.60970047957,23786.60870047957,nan,,,,,,,,,,
-9.2152166527788,exhale,23789.001700480057,23786.60970047957,23786.786700479606,,,,,,,,,,
nan,pause,23789.002700480058,23789.001700480057,nan,,,,,,,,,,
121.69912792695435,pause,23791.299700480526,23789.002700480058,23790.78670048042,,,,,,,,,,
nan,pause,23791.300700480526,23791.299700480526,nan,,,,,,,,,,
-174.9821909665502,pause,23794.90070048126,23791.300700480526,23791.776700480623,,,,,,,,,,
nan,pause,23791.300700480526,23794.90070048126,nan,,,,,,,,,,
-0.7232967952827773,exhale,23794.90070048126,23791.300700480526,23794.786700481236,,,,,,,,,,
nan,pause,23795.521700481386,23794.90070048126,nan,,,,,,,,,,
-0.746125886505127,exhale,23796.101700481504,23795.521700481386,23795.946700481472,,,,,,,,,,
nan,pause,23796.358700481556,23796.101700481504,nan,,,,,,,,,,
0.4871521786444382,inhale,23796.593700481604,23796.358700481556,23796.446700481574,,,,,,,,,,
nan,pause,23796.87170048166,23796.593700481604,nan,,,,,,,,,,
-0.3112906384095239,exhale,23797.20770048173,23796.87170048166,23797.11670048171,,,,,,,,,,
nan,pause,23798.322700481956,23797.20770048173,nan,,,,,,,,,,
0.41129833495430906,inhale,23798.67570048203,23798.322700481956,23798.456700481984,,,,,,,,,,
nan,pause,23799.41370048218,23798.67570048203,nan,,,,,,,,,,
0.363530382087672,inhale,23799.931700482284,23799.41370048218,23799.786700482255,,,,,,,,,,
nan,pause,23800.239700482347,23799.931700482284,nan,,,,,,,,,,
-0.46971202137480256,exhale,23800.582700482417,23800.239700482347,23800.44670048239,,,,,,,,,,
nan,pause,23801.261700482555,23800.582700482417,nan,,,,,,,,,,
-0.38706294861922436,exhale,23801.67770048264,23801.261700482555,23801.446700482593,,,,,,,,,,
nan,pause,23801.67870048264,23801.67770048264,nan,,,,,,,,,,
0.36842528303739663,inhale,23802.943700482898,23801.67870048264,23802.446700482797,,,,,,,,,,
nan,pause,23803.416700482994,23802.943700482898,nan,,,,,,,,,,
-0.5946292727235712,exhale,23803.757700483064,23803.416700482994,23803.616700483035,,,,,,,,,,
nan,pause,23804.406700483196,23803.757700483064,nan,,,,,,,,,,
0.4220708334870246,inhale,23804.72470048326,23804.406700483196,23804.61670048324,,,,,,,,,,
nan,pause,23805.487700483416,23804.72470048326,nan,,,,,,,,,,
-0.7316934855943292,exhale,23806.62770048365,23805.487700483416,23805.786700483477,,,,,,,,,,
nan,pause,23806.83970048369,23806.62770048365,nan,,,,,,,,,,
-0.6876676033299239,exhale,23807.96170048392,23806.83970048369,23807.446700483815,,,,,,,,,,
nan,pause,23807.96270048392,23807.96170048392,nan,,,,,,,,,,
4.316708870581631,inhale,23808.55270048404,23807.96270048392,23808.286700483986,,,,,,,,,,
nan,pause,23808.55370048404,23808.55270048404,nan,,,,,,,,,,
-2.0111734777464,exhale,23809.947700484325,23808.55370048404,23808.616700484054,,,,,,,,,,
nan,pause,23809.948700484325,23809.947700484325,nan,,,,,,,,,,
8.122084885930835,inhale,23810.773700484493,23809.948700484325,23810.61670048446,,,,,,,,,,
nan,pause,23810.774700484493,23810.773700484493,nan,,,,,,,,,,
-4.235467424702857,exhale,23811.68870048468,23810.774700484493,23810.95670048453,,,,,,,,,,
nan,pause,23813.339700485016,23811.68870048468,nan,,,,,,,,,,
10.088814657909433,inhale,23814.314700485214,23813.339700485016,23814.116700485174,,,,,,,,,,
nan,pause,23814.315700485215,23814.314700485214,nan,,,,,,,,,,
-6.898539295902317,exhale,23814.949700485344,23814.315700485215,23814.456700485243,,,,,,,,,,
nan,pause,23816.35570048563,23814.949700485344,nan,,,,,,,,,,
11.772130461175113,inhale,23817.296700485822,23816.35570048563,23817.116700485785,,,,,,,,,,
nan,pause,23817.297700485822,23817.296700485822,nan,,,,,,,,,,
-7.961046944424009,exhale,23819.175700486205,23817.297700485822,23817.456700485855,,,,,,,,,,
nan,pause,23819.176700486205,23819.175700486205,nan,,,,,,,,,,
13.338889321414989,inhale,23819.98670048637,23819.176700486205,23819.616700486295,,,,,,,,,,
nan,pause,23819.98770048637,23819.98670048637,nan,,,,,,,,,,
-10.711038628967314,exhale,23821.46570048667,23819.98770048637,23820.116700486396,,,,,,,,,,
nan,pause,23821.46670048667,23821.46570048667,nan,,,,,,,,,,
12.814646191329762,inhale,23822.28770048684,23821.46670048667,23821.94670048677,,,,,,,,,,
nan,pause,23822.28870048684,23822.28770048684,nan,,,,,,,,,,
-10.973448065950084,exhale,23823.936700487175,23822.28870048684,23822.456700486873,,,,,,,,,,
nan,pause,23823.937700487175,23823.936700487175,nan,,,,,,,,,,
12.126033962599726,inhale,23824.876700487366,23823.937700487175,23824.45670048728,,,,,,,,,,
nan,pause,23824.877700487366,23824.876700487366,nan,,,,,,,,,,
-8.711007464974223,exhale,23826.531700487703,23824.877700487366,23825.116700487415,,,,,,,,,,
nan,pause,23826.532700487704,23826.531700487703,nan,,,,,,,,,,
13.998835457534257,inhale,23827.383700487877,23826.532700487704,23826.95670048779,,,,,,,,,,
nan,pause,23827.384700487877,23827.383700487877,nan,,,,,,,,,,
-10.860964867363364,exhale,23828.87370048818,23827.384700487877,23827.616700487924,,,,,,,,,,
nan,pause,23828.87470048818,23828.87370048818,nan,,,,,,,,,,
15.443043831581596,inhale,23829.71270048835,23828.87470048818,23829.446700488297,,,,,,,,,,
nan,pause,23829.71370048835,23829.71270048835,nan,,,,,,,,,,
-10.18607816152756,exhale,23831.303700488676,23829.71370048835,23829.9467004884,,,,,,,,,,
nan,pause,23831.304700488676,23831.303700488676,nan,,,,,,,,,,
13.722305442791587,inhale,23832.195700488857,23831.304700488676,23831.61670048874,,,,,,,,,,
nan,pause,23832.196700488857,23832.195700488857,nan,,,,,,,,,,
-10.049150312144825,exhale,23833.63270048915,23832.196700488857,23832.44670048891,,,,,,,,,,
nan,pause,23833.63370048915,23833.63270048915,nan,,,,,,,,,,
16.927410837112852,inhale,23834.443700489315,23833.63370048915,23833.956700489216,,,,,,,,,,
nan,pause,23834.444700489315,23834.443700489315,nan,,,,,,,,,,
-11.577609569455058,exhale,23835.89270048961,23834.444700489315,23834.61670048935,,,,,,,,,,
nan,pause,23835.89370048961,23835.89270048961,nan,,,,,,,,,,
16.688012325202223,inhale,23836.714700489778,23835.89370048961,23836.28670048969,,,,,,,,,,
nan,pause,23836.715700489778,23836.714700489778,nan,,,,,,,,,,
-16.62269787597636,exhale,23838.262700490093,23836.715700489778,23836.946700489825,,,,,,,,,,
nan,pause,23838.263700490093,23838.262700490093,nan,,,,,,,,,,
9.61829705129395,inhale,23839.209700490286,23838.263700490093,23838.946700490233,,,,,,,,,,
nan,pause,23839.210700490286,23839.209700490286,nan,,,,,,,,,,
-8.16074011993542,exhale,23840.722700490594,23839.210700490286,23839.446700490334,,,,,,,,,,
nan,pause,23840.723700490595,23840.722700490594,nan,,,,,,,,,,
17.805681718508808,inhale,23841.58570049077,23840.723700490595,23841.116700490675,,,,,,,,,,
nan,pause,23841.58670049077,23841.58570049077,nan,,,,,,,,,,
-9.925564992878051,exhale,23843.166700491092,23841.58670049077,23841.78670049081,,,,,,,,,,
nan,pause,23843.167700491093,23843.166700491092,nan,,,,,,,,,,
15.470801958761074,inhale,23844.03670049127,23843.167700491093,23843.45670049115,,,,,,,,,,
nan,pause,23844.03770049127,23844.03670049127,nan,,,,,,,,,,
-9.042188079291872,exhale,23845.737700491616,23844.03770049127,23844.27670049132,,,,,,,,,,
nan,pause,23845.738700491616,23845.737700491616,nan,,,,,,,,,,
14.822426375062012,inhale,23846.59770049179,23845.738700491616,23846.116700491693,,,,,,,,,,
nan,pause,23846.59870049179,23846.59770049179,nan,,,,,,,,,,
-8.901358116346266,exhale,23848.16070049211,23846.59870049179,23846.78670049183,,,,,,,,,,
nan,pause,23848.16170049211,23848.16070049211,nan,,,,,,,,,,
11.880274753606093,inhale,23849.069700492295,23848.16170049211,23848.45670049217,,,,,,,,,,
nan,pause,23849.070700492295,23849.069700492295,nan,,,,,,,,,,
-8.678555633978132,exhale,23850.5727004926,23849.070700492295,23849.28670049234,,,,,,,,,,
nan,pause,23850.5737004926,23850.5727004926,nan,,,,,,,,,,
11.021226293179305,inhale,23851.438700492778,23850.5737004926,23850.946700492677,,,,,,,,,,
nan,pause,23851.439700492778,23851.438700492778,nan,,,,,,,,,,
-6.260769494108981,exhale,23852.938700493083,23851.439700492778,23851.616700492814,,,,,,,,,,
nan,pause,23852.939700493083,23852.938700493083,nan,,,,,,,,,,
6.668751575181402,inhale,23853.80270049326,23852.939700493083,23853.276700493152,,,,,,,,,,
nan,pause,23853.80370049326,23853.80270049326,nan,,,,,,,,,,
-5.822111881499633,exhale,23855.109700493525,23853.80370049326,23853.95670049329,,,,,,,,,,
nan,pause,23855.110700493526,23855.109700493525,nan,,,,,,,,,,
5.636599051476468,inhale,23856.01370049371,23855.110700493526,23855.446700493594,,,,,,,,,,
nan,pause,23856.01470049371,23856.01370049371,nan,,,,,,,,,,
-5.2818868197203654,exhale,23857.380700493988,23856.01470049371,23856.276700493763,,,,,,,,,,
nan,pause,23857.38170049399,23857.380700493988,nan,,,,,,,,,,
4.705854267117362,inhale,23858.341700494184,23857.38170049399,23857.616700494036,,,,,,,,,,
nan,pause,23858.342700494184,23858.341700494184,nan,,,,,,,,,,
-3.750679632872592,exhale,23859.69370049446,23858.342700494184,23858.456700494207,,,,,,,,,,
nan,pause,23859.69470049446,23859.69370049446,nan,,,,,,,,,,
4.752438778318763,inhale,23860.654700494655,23859.69470049446,23859.956700494513,,,,,,,,,,
nan,pause,23860.655700494655,23860.654700494655,nan,,,,,,,,,,
-3.240143294982303,exhale,23862.075700494945,23860.655700494655,23860.946700494715,,,,,,,,,,
nan,pause,23862.076700494945,23862.075700494945,nan,,,,,,,,,,
3.9292597916667775,inhale,23863.064700495146,23862.076700494945,23862.456700495022,,,,,,,,,,
nan,pause,23863.065700495146,23863.064700495146,nan,,,,,,,,,,
-3.3773721654476794,exhale,23864.468700495432,23863.065700495146,23864.11670049536,,,,,,,,,,
nan,pause,23864.469700495432,23864.468700495432,nan,,,,,,,,,,
4.2392722760369015,inhale,23865.426700495627,23864.469700495432,23864.786700495497,,,,,,,,,,
nan,pause,23865.427700495628,23865.426700495627,nan,,,,,,,,,,
-5.9606416896224985,exhale,23866.986700495945,23865.427700495628,23865.616700495666,,,,,,,,,,
nan,pause,23866.987700495945,23866.986700495945,nan,,,,,,,,,,
2.5529840410455344,inhale,23868.104700496173,23866.987700495945,23867.44670049604,,,,,,,,,,
nan,pause,23868.105700496173,23868.104700496173,nan,,,,,,,,,,
-1.819857434283999,exhale,23869.446700496446,23868.105700496173,23868.28670049621,,,,,,,,,,
nan,pause,23869.447700496446,23869.446700496446,nan,,,,,,,,,,
3.9046175566469112,inhale,23870.378700496636,23869.447700496446,23869.786700496516,,,,,,,,,,
nan,pause,23870.379700496636,23870.378700496636,nan,,,,,,,,,,
-3.4273058046998135,exhale,23871.81470049693,23870.379700496636,23870.616700496685,,,,,,,,,,
nan,pause,23871.81570049693,23871.81470049693,nan,,,,,,,,,,
3.505992136583817,inhale,23872.85170049714,23871.81570049693,23872.11670049699,,,,,,,,,,
nan,pause,23872.85270049714,23872.85170049714,nan,,,,,,,,,,
-2.5919774017289283,exhale,23873.615700497296,23872.85270049714,23873.44670049726,,,,,,,,,,
nan,pause,23874.1297004974,23873.615700497296,nan,,,,,,,,,,
0.9019780568131698,inhale,23874.433700497462,23874.1297004974,23874.286700497432,,,,,,,,,,
nan,pause,23875.488700497677,23874.433700497462,nan,,,,,,,,,,
-0.7439632201796782,exhale,23875.759700497732,23875.488700497677,23875.616700497703,,,,,,,,,,
nan,pause,23882.249700499055,23875.759700497732,nan,,,,,,,,,,
-2.8938826521617367,exhale,23882.77470049916,23882.249700499055,23882.61670049913,,,,,,,,,,
nan,pause,23882.77570049916,23882.77470049916,nan,,,,,,,,,,
0.9701216533154583,inhale,23884.04570049942,23882.77570049916,23883.286700499266,,,,,,,,,,
nan,pause,23885.722700499762,23884.04570049942,nan,,,,,,,,,,
3.172811492210433,inhale,23886.431700499907,23885.722700499762,23886.116700499842,,,,,,,,,,
nan,pause,23888.731700500375,23886.431700499907,nan,,,,,,,,,,
-1.023384013730076,exhale,23889.066700500443,23888.731700500375,23888.94670050042,,,,,,,,,,
nan,pause,23889.067700500444,23889.066700500443,nan,,,,,,,,,,
0.43954820816677487,inhale,23889.262700500483,23889.067700500444,23889.116700500454,,,,,,,,,,
nan,pause,23892.279700501098,23889.262700500483,nan,,,,,,,,,,
1.7728813558568333,inhale,23892.949700501234,23892.279700501098,23892.616700501167,,,,,,,,,,
nan,pause,23895.04070050166,23892.949700501234,nan,,,,,,,,,,
1.7871729681890927,inhale,23895.57470050177,23895.04070050166,23895.28670050171,,,,,,,,,,
nan,pause,23897.44870050215,23895.57470050177,nan,,,,,,,,,,
1.8219414838340162,inhale,23898.213700502307,23897.44870050215,23897.946700502252,,,,,,,,,,
nan,pause,23898.214700502307,23898.213700502307,nan,,,,,,,,,,
-0.4025421318658604,exhale,23898.751700502416,23898.214700502307,23898.28670050232,,,,,,,,,,
nan,pause,23899.720700502614,23898.751700502416,nan,,,,,,,,,,
1.9525182760419113,inhale,23900.568700502787,23899.720700502614,23900.28670050273,,,,,,,,,,
nan,pause,23900.569700502787,23900.568700502787,nan,,,,,,,,,,
-0.7103318748320028,exhale,23901.386700502953,23900.569700502787,23900.616700502796,,,,,,,,,,
nan,pause,23902.434700503167,23901.386700502953,nan,,,,,,,,,,
0.9542405627101371,inhale,23903.0877005033,23902.434700503167,23902.78670050324,,,,,,,,,,
nan,pause,23906.637700504023,23903.0877005033,nan,,,,,,,,,,
1.6063157769913923,inhale,23907.55570050421,23906.637700504023,23907.11670050412,,,,,,,,,,
nan,pause,23907.55670050421,23907.55570050421,nan,,,,,,,,,,
-0.6936694540537844,exhale,23908.964700504497,23907.55670050421,23907.616700504223,,,,,,,,,,
nan,pause,23908.965700504497,23908.964700504497,nan,,,,,,,,,,
0.8871015502535394,inhale,23910.024700504713,23908.965700504497,23909.776700504663,,,,,,,,,,
nan,pause,23910.025700504713,23910.024700504713,nan,,,,,,,,,,
-0.3769494172106948,exhale,23911.28570050497,23910.025700504713,23910.116700504732,,,,,,,,,,
nan,pause,23911.28670050497,23911.28570050497,nan,,,,,,,,,,
0.9894339659131528,inhale,23912.244700505165,23911.28670050497,23911.946700505105,,,,,,,,,,
nan,pause,23912.245700505166,23912.244700505165,nan,,,,,,,,,,
-0.3092398395303857,exhale,23913.626700505447,23912.245700505166,23912.446700505207,,,,,,,,,,
nan,pause,23913.627700505447,23913.626700505447,nan,,,,,,,,,,
0.9043466168602974,inhale,23914.698700505665,23913.627700505447,23914.28670050558,,,,,,,,,,
nan,pause,23914.699700505666,23914.698700505665,nan,,,,,,,,,,
-0.35783035858536594,exhale,23915.101700505747,23914.699700505666,23914.786700505683,,,,,,,,,,
nan,pause,23917.783700506294,23915.101700505747,nan,,,,,,,,,,
-3.831639979548022,exhale,23918.11370050636,23917.783700506294,23917.946700506327,,,,,,,,,,
nan,pause,23918.295700506398,23918.11370050636,nan,,,,,,,,,,
1.3064168996109033,inhale,23918.780700506497,23918.295700506398,23918.616700506464,,,,,,,,,,
nan,pause,23921.05270050696,23918.780700506497,nan,,,,,,,,,,
1.0721591333197682,inhale,23921.705700507093,23921.05270050696,23921.44670050704,,,,,,,,,,
nan,pause,23923.142700507386,23921.705700507093,nan,,,,,,,,,,
0.5895334606209749,inhale,23924.10070050758,23923.142700507386,23923.786700507517,,,,,,,,,,
nan,pause,23924.475700507657,23924.10070050758,nan,,,,,,,,,,
1.8008845013204964,inhale,23926.389700508047,23924.475700507657,23925.946700507957,,,,,,,,,,
nan,pause,23926.390700508047,23926.389700508047,nan,,,,,,,,,,
-1.0267957778091379,exhale,23927.83270050834,23926.390700508047,23926.616700508093,,,,,,,,,,
nan,pause,23927.83370050834,23927.83270050834,nan,,,,,,,,,,
1.5565107988726157,inhale,23928.874700508553,23927.83370050834,23928.1167005084,,,,,,,,,,
nan,pause,23928.875700508554,23928.874700508553,nan,,,,,,,,,,
-0.8100751525541291,exhale,23930.317700508847,23928.875700508554,23929.116700508603,,,,,,,,,,
nan,pause,23930.318700508848,23930.317700508847,nan,,,,,,,,,,
1.5899349296819003,inhale,23931.400700509068,23930.318700508848,23930.61670050891,,,,,,,,,,
nan,pause,23931.401700509068,23931.400700509068,nan,,,,,,,,,,
-1.2767495243622002,exhale,23932.745700509342,23931.401700509068,23931.616700509112,,,,,,,,,,
nan,pause,23932.746700509342,23932.745700509342,nan,,,,,,,,,,
1.3373187888421387,inhale,23933.799700509557,23932.746700509342,23933.27670050945,,,,,,,,,,
nan,pause,23933.800700509557,23933.799700509557,nan,,,,,,,,,,
-1.251325845645836,exhale,23935.126700509827,23933.800700509557,23933.95670050959,,,,,,,,,,
nan,pause,23935.127700509827,23935.126700509827,nan,,,,,,,,,,
1.3232816452306244,inhale,23936.193700510044,23935.127700509827,23935.445700509892,,,,,,,,,,
nan,pause,23936.194700510045,23936.193700510044,nan,,,,,,,,,,
-0.8579707008215718,exhale,23937.55070051032,23936.194700510045,23936.286700510063,,,,,,,,,,
nan,pause,23937.98870051041,23937.55070051032,nan,,,,,,,,,,
1.173307602548797,inhale,23938.987700510614,23937.98870051041,23938.616700510538,,,,,,,,,,
nan,pause,23939.95170051081,23938.987700510614,nan,,,,,,,,,,
-3.5266445269585143,exhale,23940.261700510873,23939.95170051081,23940.116700510844,,,,,,,,,,
nan,pause,23940.262700510873,23940.261700510873,nan,,,,,,,,,,
0.4960881741106966,inhale,23940.44670051091,23940.262700510873,23940.28670051088,,,,,,,,,,
nan,pause,23940.462700510914,23940.44670051091,nan,,,,,,,,,,
0.795741167130857,inhale,23941.110700511046,23940.462700510914,23940.946700511013,,,,,,,,,,
nan,pause,23944.992700511837,23941.110700511046,nan,,,,,,,,,,
-0.3099279789742382,exhale,23945.361700511912,23944.992700511837,23945.116700511862,,,,,,,,,,
nan,pause,23945.73670051199,23945.361700511912,nan,,,,,,,,,,
0.5733764295284248,inhale,23946.270700512097,23945.73670051199,23946.116700512066,,,,,,,,,,
nan,pause,23947.16670051228,23946.270700512097,nan,,,,,,,,,,
0.5733972551891982,inhale,23952.360700513338,23947.16670051228,23948.116700512473,,,,,,,,,,
nan,pause,23947.16670051228,23952.360700513338,nan,,,,,,,,,,
0.8901208735451184,inhale,23952.360700513338,23947.16670051228,23950.616700512983,,,,,,,,,,
nan,pause,23952.455700513357,23952.360700513338,nan,,,,,,,,,,
0.8894815280543148,inhale,23953.417700513553,23952.455700513357,23952.946700513457,,,,,,,,,,
nan,pause,23954.81670051384,23953.417700513553,nan,,,,,,,,,,
0.9234609855573995,inhale,23955.922700514064,23954.81670051384,23955.1167005139,,,,,,,,,,
nan,pause,23957.205700514325,23955.922700514064,nan,,,,,,,,,,
0.8734818741403532,inhale,23958.21870051453,23957.205700514325,23957.61670051441,,,,,,,,,,
nan,pause,23958.21970051453,23958.21870051453,nan,,,,,,,,,,
-0.3833468297777757,exhale,23958.418700514572,23958.21970051453,23958.286700514545,,,,,,,,,,
nan,pause,23959.466700514786,23958.418700514572,nan,,,,,,,,,,
1.1207869354009463,inhale,23960.523700515,23959.466700514786,23959.78670051485,,,,,,,,,,
nan,pause,23960.524700515,23960.523700515,nan,,,,,,,,,,
-0.34318343694458076,exhale,23961.70270051524,23960.524700515,23960.61670051502,,,,,,,,,,
nan,pause,23961.70370051524,23961.70270051524,nan,,,,,,,,,,
0.988905269788504,inhale,23962.601700515424,23961.70370051524,23962.27670051536,,,,,,,,,,
nan,pause,23963.17270051554,23962.601700515424,nan,,,,,,,,,,
0.3503800734181947,inhale,23963.4657005156,23963.17270051554,23963.286700515564,,,,,,,,,,
nan,pause,23963.4667005156,23963.4657005156,nan,,,,,,,,,,
-0.376453858313632,exhale,23963.71070051565,23963.4667005156,23963.61670051563,,,,,,,,,,
nan,pause,23967.399700516402,23963.71070051565,nan,,,,,,,,,,
0.8463417678599024,inhale,23968.592700516645,23967.399700516402,23967.78670051648,,,,,,,,,,
nan,pause,23969.45470051682,23968.592700516645,nan,,,,,,,,,,
-0.7930967085313314,exhale,23969.778700516887,23969.45470051682,23969.616700516854,,,,,,,,,,
nan,pause,23969.955700516923,23969.778700516887,nan,,,,,,,,,,
0.38501755137606986,inhale,23970.865700517108,23969.955700516923,23970.276700516988,,,,,,,,,,
nan,pause,23972.462700517433,23970.865700517108,nan,,,,,,,,,,
-0.5096686679507948,exhale,23972.700700517482,23972.462700517433,23972.616700517465,,,,,,,,,,
nan,pause,23972.701700517482,23972.700700517482,nan,,,,,,,,,,
0.4787658846519653,inhale,23972.926700517528,23972.701700517482,23972.7867005175,,,,,,,,,,
nan,pause,23973.121700517568,23972.926700517528,nan,,,,,,,,,,
1.023625401066156,inhale,23973.7797005177,23973.121700517568,23973.61670051767,,,,,,,,,,
nan,pause,23976.649700518286,23973.7797005177,nan,,,,,,,,,,
0.540374870018116,inhale,23979.300700518826,23976.649700518286,23978.116700518585,,,,,,,,,,
nan,pause,23979.599700518887,23979.300700518826,nan,,,,,,,,,,
0.3189314732121765,inhale,23980.024700518974,23979.599700518887,23979.786700518925,,,,,,,,,,
nan,pause,23980.6407005191,23980.024700518974,nan,,,,,,,,,,
-0.5212405593854224,exhale,23980.867700519146,23980.6407005191,23980.78670051913,,,,,,,,,,
nan,pause,23980.868700519146,23980.867700519146,nan,,,,,,,,,,
0.5029325620356836,inhale,23981.119700519197,23980.868700519146,23980.956700519164,,,,,,,,,,
nan,pause,23981.120700519197,23981.119700519197,nan,,,,,,,,,,
-4.126258832431589,exhale,23981.77570051933,23981.120700519197,23981.6167005193,,,,,,,,,,
nan,pause,23981.981700519373,23981.77570051933,nan,,,,,,,,,,
0.6115040176816149,inhale,23982.6057005195,23981.981700519373,23982.446700519467,,,,,,,,,,
nan,pause,23986.810700520356,23982.6057005195,nan,,,,,,,,,,
0.2997978384998673,inhale,23987.095700520415,23986.810700520356,23986.946700520384,,,,,,,,,,
nan,pause,23987.635700520525,23987.095700520415,nan,,,,,,,,,,
0.5968648238000736,inhale,23988.10270052062,23987.635700520525,23987.786700520555,,,,,,,,,,
nan,pause,23989.212700520846,23988.10270052062,nan,,,,,,,,,,
0.3011397859971699,inhale,23990.36370052108,23989.212700520846,23989.446700520894,,,,,,,,,,
nan,pause,23992.782700521573,23990.36370052108,nan,,,,,,,,,,
-2.198004632493205,exhale,23993.084700521635,23992.782700521573,23992.946700521607,,,,,,,,,,
nan,pause,23993.085700521635,23993.084700521635,nan,,,,,,,,,,
0.5238035297730129,inhale,23993.269700521672,23993.085700521635,23993.11670052164,,,,,,,,,,
nan,pause,24001.94870052344,23993.269700521672,nan,,,,,,,,,,
-2.7927799994123554,exhale,24002.273700523507,24001.94870052344,24002.116700523475,,,,,,,,,,
nan,pause,24006.914700524452,24002.273700523507,nan,,,,,,,,,,
0.3072399958719554,inhale,24007.269700524525,24006.914700524452,24007.116700524493,,,,,,,,,,
nan,pause,24007.462700524564,24007.269700524525,nan,,,,,,,,,,
-3.0927254192029845,exhale,24007.767700524626,24007.462700524564,24007.616700524595,,,,,,,,,,
nan,pause,24007.768700524626,24007.767700524626,nan,,,,,,,,,,
0.3011290696175101,inhale,24008.584700524792,24007.768700524626,24007.78670052463,,,,,,,,,,
nan,pause,24007.768700524626,24008.584700524792,nan,,,,,,,,,,
0.46537478760831164,inhale,24008.584700524792,24007.768700524626,24008.446700524764,,,,,,,,,,
nan,pause,24012.289700525547,24008.584700524792,nan,,,,,,,,,,
0.546416074912359,inhale,24013.364700525766,24012.289700525547,24012.78670052565,,,,,,,,,,
nan,pause,24014.299700525957,24013.364700525766,nan,,,,,,,,,,
1.2073035599615447,inhale,24014.924700526084,24014.299700525957,24014.61670052602,,,,,,,,,,
nan,pause,24016.33570052637,24014.924700526084,nan,,,,,,,,,,
0.7339307370802448,inhale,24017.189700526545,24016.33570052637,24016.786700526463,,,,,,,,,,
nan,pause,24018.376700526787,24017.189700526545,nan,,,,,,,,,,
0.9908529463196967,inhale,24019.46170052701,24018.376700526787,24018.946700526903,,,,,,,,,,
nan,pause,24020.50770052722,24019.46170052701,nan,,,,,,,,,,
1.3608092743899016,inhale,24021.884700527502,24020.50770052722,24020.78670052728,,,,,,,,,,
nan,pause,24022.136700527553,24021.884700527502,nan,,,,,,,,,,
-0.8038191582398756,exhale,24022.40970052761,24022.136700527553,24022.286700527584,,,,,,,,,,
nan,pause,24023.39870052781,24022.40970052761,nan,,,,,,,,,,
0.44079024044669685,inhale,24023.73170052788,24023.39870052781,24023.616700527855,,,,,,,,,,
nan,pause,24024.62470052806,24023.73170052788,nan,,,,,,,,,,
3.957396397101941,inhale,24025.45170052823,24024.62470052806,24025.11670052816,,,,,,,,,,
nan,pause,24026.82970052851,24025.45170052823,nan,,,,,,,,,,
3.6100618946424423,inhale,24028.092700528767,24026.82970052851,24027.456700528637,,,,,,,,,,
nan,pause,24028.65370052888,24028.092700528767,nan,,,,,,,,,,
8.631273520467605,inhale,24030.242700529205,24028.65370052888,24029.786700529112,,,,,,,,,,
nan,pause,24030.243700529205,24030.242700529205,nan,,,,,,,,,,
-1.703192809893955,exhale,24031.667700529495,24030.243700529205,24031.44670052945,,,,,,,,,,
nan,pause,24031.668700529495,24031.667700529495,nan,,,,,,,,,,
8.874163954146708,inhale,24032.52670052967,24031.668700529495,24032.116700529587,,,,,,,,,,
nan,pause,24032.52770052967,24032.52670052967,nan,,,,,,,,,,
-3.4258051630899606,exhale,24033.94170052996,24032.52770052967,24032.61670052969,,,,,,,,,,
nan,pause,24034.462700530064,24033.94170052996,nan,,,,,,,,,,
6.350753531482188,inhale,24035.412700530258,24034.462700530064,24034.956700530165,,,,,,,,,,
nan,pause,24035.41370053026,24035.412700530258,nan,,,,,,,,,,
-4.342476236341962,exhale,24036.98570053058,24035.41370053026,24035.6167005303,,,,,,,,,,
nan,pause,24036.98670053058,24036.98570053058,nan,,,,,,,,,,
8.590912283763487,inhale,24037.92370053077,24036.98670053058,24037.616700530707,,,,,,,,,,
nan,pause,24037.92470053077,24037.92370053077,nan,,,,,,,,,,
-5.9924330858582815,exhale,24039.715700531135,24037.92470053077,24038.11670053081,,,,,,,,,,
nan,pause,24039.716700531135,24039.715700531135,nan,,,,,,,,,,
4.729408865249364,inhale,24040.344700531263,24039.716700531135,24039.956700531184,,,,,,,,,,
nan,pause,24040.57670053131,24040.344700531263,nan,,,,,,,,,,
0.9349254187262043,inhale,24041.728700531545,24040.57670053131,24040.956700531387,,,,,,,,,,
nan,pause,24041.729700531545,24041.728700531545,nan,,,,,,,,,,
-9.492355178187102,exhale,24042.267700531655,24041.729700531545,24042.116700531624,,,,,,,,,,
nan,pause,24042.268700531655,24042.267700531655,nan,,,,,,,,,,
9.474256468441926,inhale,24043.193700531843,24042.268700531655,24042.616700531726,,,,,,,,,,
nan,pause,24043.194700531843,24043.193700531843,nan,,,,,,,,,,
-3.611785108313078,exhale,24044.579700532126,24043.194700531843,24043.286700531862,,,,,,,,,,
nan,pause,24044.580700532126,24044.579700532126,nan,,,,,,,,,,
9.959552016971129,inhale,24045.4387005323,24044.580700532126,24044.956700532202,,,,,,,,,,
nan,pause,24045.4397005323,24045.4387005323,nan,,,,,,,,,,
-3.1589887089495448,exhale,24046.984700532616,24045.4397005323,24045.616700532337,,,,,,,,,,
nan,pause,24046.985700532616,24046.984700532616,nan,,,,,,,,,,
8.990653963000554,inhale,24047.768700532775,24046.985700532616,24047.44670053271,,,,,,,,,,
nan,pause,24047.769700532775,24047.768700532775,nan,,,,,,,,,,
-2.541708969895212,exhale,24049.07170053304,24047.769700532775,24048.446700532913,,,,,,,,,,
nan,pause,24049.07270053304,24049.07170053304,nan,,,,,,,,,,
5.307625882254061,inhale,24050.09770053325,24049.07270053304,24049.61670053315,,,,,,,,,,
nan,pause,24050.09870053325,24050.09770053325,nan,,,,,,,,,,
-4.197779788365228,exhale,24051.357700533506,24050.09870053325,24050.28670053329,,,,,,,,,,
nan,pause,24051.358700533507,24051.357700533506,nan,,,,,,,,,,
10.660483566571344,inhale,24052.235700533685,24051.358700533507,24051.946700533626,,,,,,,,,,
nan,pause,24052.236700533686,24052.235700533685,nan,,,,,,,,,,
-2.6603414793363442,exhale,24053.91970053403,24052.236700533686,24052.286700533696,,,,,,,,,,
nan,pause,24053.92070053403,24053.91970053403,nan,,,,,,,,,,
17.144437788693644,inhale,24054.695700534186,24053.92070053403,24054.446700534136,,,,,,,,,,
nan,pause,24054.696700534187,24054.695700534186,nan,,,,,,,,,,
-5.95827850894832,exhale,24056.195700534492,24054.696700534187,24054.786700534205,,,,,,,,,,
nan,pause,24056.196700534492,24056.195700534492,nan,,,,,,,,,,
13.50765851370043,inhale,24056.931700534642,24056.196700534492,24056.616700534578,,,,,,,,,,
nan,pause,24056.932700534642,24056.931700534642,nan,,,,,,,,,,
-6.375575159174408,exhale,24058.168700534894,24056.932700534642,24057.11670053468,,,,,,,,,,
nan,pause,24058.169700534894,24058.168700534894,nan,,,,,,,,,,
9.424413576708709,inhale,24059.03870053507,24058.169700534894,24058.616700534985,,,,,,,,,,
nan,pause,24059.03970053507,24059.03870053507,nan,,,,,,,,,,
-6.325542485394697,exhale,24060.822700535435,24059.03970053507,24059.116700535087,,,,,,,,,,
nan,pause,24060.823700535435,24060.822700535435,nan,,,,,,,,,,
11.174407724562766,inhale,24061.92670053566,24060.823700535435,24061.116700535495,,,,,,,,,,
nan,pause,24061.92770053566,24061.92670053566,nan,,,,,,,,,,
-4.042231309743294,exhale,24063.672700536015,24061.92770053566,24062.6167005358,,,,,,,,,,
nan,pause,24063.673700536016,24063.672700536015,nan,,,,,,,,,,
10.930728725226672,inhale,24064.72270053623,24063.673700536016,24063.956700536073,,,,,,,,,,
nan,pause,24064.72370053623,24064.72270053623,nan,,,,,,,,,,
-6.281631162179891,exhale,24066.330700536557,24064.72370053623,24064.946700536275,,,,,,,,,,
nan,pause,24066.331700536557,24066.330700536557,nan,,,,,,,,,,
9.452337787361122,inhale,24067.37370053677,24066.331700536557,24066.956700536684,,,,,,,,,,
nan,pause,24067.37470053677,24067.37370053677,nan,,,,,,,,,,
-5.845230606336343,exhale,24069.306700537163,24067.37470053677,24068.786700537057,,,,,,,,,,
nan,pause,24069.307700537163,24069.306700537163,nan,,,,,,,,,,
8.441209997863805,inhale,24070.359700537378,24069.307700537163,24069.616700537226,,,,,,,,,,
nan,pause,24070.360700537378,24070.359700537378,nan,,,,,,,,,,
-5.050451415432028,exhale,24070.596700537426,24070.360700537378,24070.446700537395,,,,,,,,,,
nan,pause,24070.86770053748,24070.596700537426,nan,,,,,,,,,,
1.3884552128238674,inhale,24071.861700537684,24070.86770053748,24071.286700537567,,,,,,,,,,
nan,pause,24072.448700537803,24071.861700537684,nan,,,,,,,,,,
-4.625433476150561,exhale,24073.006700537917,24072.448700537803,24072.616700537837,,,,,,,,,,
nan,pause,24073.007700537917,24073.006700537917,nan,,,,,,,,,,
8.27880162658207,inhale,24074.040700538128,24073.007700537917,24073.776700538074,,,,,,,,,,
nan,pause,24074.041700538128,24074.040700538128,nan,,,,,,,,,,
-4.2254075920943786,exhale,24075.694700538465,24074.041700538128,24074.116700538143,,,,,,,,,,
nan,pause,24075.695700538465,24075.694700538465,nan,,,,,,,,,,
11.90786633965739,inhale,24076.577700538644,24075.695700538465,24076.11670053855,,,,,,,,,,
nan,pause,24076.578700538645,24076.577700538644,nan,,,,,,,,,,
-4.581857352744239,exhale,24078.151700538965,24076.578700538645,24076.786700538687,,,,,,,,,,
nan,pause,24078.152700538965,24078.151700538965,nan,,,,,,,,,,
8.774596386639256,inhale,24079.01170053914,24078.152700538965,24078.61670053906,,,,,,,,,,
nan,pause,24079.01270053914,24079.01170053914,nan,,,,,,,,,,
-5.842060083452133,exhale,24080.48670053944,24079.01270053914,24079.11670053916,,,,,,,,,,
nan,pause,24080.48770053944,24080.48670053944,nan,,,,,,,,,,
9.132481017507153,inhale,24081.379700539623,24080.48770053944,24080.786700539502,,,,,,,,,,
nan,pause,24081.380700539623,24081.379700539623,nan,,,,,,,,,,
-5.2920532131266995,exhale,24082.801700539912,24081.380700539623,24081.61670053967,,,,,,,,,,
nan,pause,24082.802700539913,24082.801700539912,nan,,,,,,,,,,
8.18420536170259,inhale,24083.66470054009,24082.802700539913,24083.28670054001,,,,,,,,,,
nan,pause,24083.66570054009,24083.66470054009,nan,,,,,,,,,,
-5.520290536222131,exhale,24085.14770054039,24083.66570054009,24083.786700540113,,,,,,,,,,
nan,pause,24085.14870054039,24085.14770054039,nan,,,,,,,,,,
7.557963185785514,inhale,24086.013700540567,24085.14870054039,24085.616700540486,,,,,,,,,,
nan,pause,24086.014700540567,24086.013700540567,nan,,,,,,,,,,
-5.691998765873077,exhale,24087.364700540842,24086.014700540567,24086.116700540588,,,,,,,,,,
nan,pause,24087.365700540842,24087.364700540842,nan,,,,,,,,,,
9.466566902831119,inhale,24088.264700541025,24087.365700540842,24087.786700540928,,,,,,,,,,
nan,pause,24088.265700541026,24088.264700541025,nan,,,,,,,,,,
-5.680897858970871,exhale,24089.781700541334,24088.265700541026,24088.456700541064,,,,,,,,,,
nan,pause,24089.782700541335,24089.781700541334,nan,,,,,,,,,,
11.644491535113625,inhale,24090.6027005415,24089.782700541335,24090.286700541437,,,,,,,,,,
nan,pause,24090.603700541502,24090.6027005415,nan,,,,,,,,,,
-6.307307177556238,exhale,24092.079700541803,24090.603700541502,24090.78670054154,,,,,,,,,,
nan,pause,24092.080700541803,24092.079700541803,nan,,,,,,,,,,
11.86170645162734,inhale,24092.917700541973,24092.080700541803,24092.45670054188,,,,,,,,,,
nan,pause,24092.918700541974,24092.917700541973,nan,,,,,,,,,,
-4.458539251015418,exhale,24094.497700542295,24092.918700541974,24094.116700542218,,,,,,,,,,
nan,pause,24094.498700542295,24094.497700542295,nan,,,,,,,,,,
11.008024690157264,inhale,24095.45170054249,24094.498700542295,24095.11670054242,,,,,,,,,,
nan,pause,24098.34470054308,24095.45170054249,nan,,,,,,,,,,
2.5914682817387797,inhale,24099.546700543324,24098.34470054308,24098.616700543134,,,,,,,,,,
nan,pause,24099.547700543324,24099.546700543324,nan,,,,,,,,,,
-0.33794104359074617,exhale,24101.19970054366,24099.547700543324,24099.946700543405,,,,,,,,,,
nan,pause,24101.44970054371,24101.19970054366,nan,,,,,,,,,,
3.339475760612909,inhale,24102.107700543846,24101.44970054371,24101.78670054378,,,,,,,,,,
nan,pause,24102.108700543846,24102.107700543846,nan,,,,,,,,,,
-2.7177393162839376,exhale,24103.562700544142,24102.108700543846,24102.286700543882,,,,,,,,,,
nan,pause,24103.563700544142,24103.562700544142,nan,,,,,,,,,,
1.1531857009889876,inhale,24104.59070054435,24103.563700544142,24104.446700544322,,,,,,,,,,
nan,pause,24104.59170054435,24104.59070054435,nan,,,,,,,,,,
-0.6173376462439895,exhale,24105.491700544535,24104.59170054435,24104.78670054439,,,,,,,,,,
nan,pause,24106.20170054468,24105.491700544535,nan,,,,,,,,,,
1.3202404637264753,inhale,24107.14270054487,24106.20170054468,24106.94670054483,,,,,,,,,,
nan,pause,24107.14370054487,24107.14270054487,nan,,,,,,,,,,
-1.2812933376285562,exhale,24108.36670054512,24107.14370054487,24107.2867005449,,,,,,,,,,
nan,pause,24108.36770054512,24108.36670054512,nan,,,,,,,,,,
0.7248825219482082,inhale,24109.39670054533,24108.36770054512,24109.116700545273,,,,,,,,,,
nan,pause,24110.36770054553,24109.39670054533,nan,,,,,,,,,,
1.3430173473765787,inhale,24111.50570054576,24110.36770054553,24111.276700545714,,,,,,,,,,
nan,pause,24111.50670054576,24111.50570054576,nan,,,,,,,,,,
-1.2684877152318288,exhale,24112.899700546044,24111.50670054576,24111.776700545815,,,,,,,,,,
nan,pause,24112.900700546044,24112.899700546044,nan,,,,,,,,,,
2.00821607485347,inhale,24113.820700546232,24112.900700546044,24113.61670054619,,,,,,,,,,
nan,pause,24113.821700546232,24113.820700546232,nan,,,,,,,,,,
-1.8717238232901505,exhale,24115.23070054652,24113.821700546232,24113.95670054626,,,,,,,,,,
nan,pause,24115.23170054652,24115.23070054652,nan,,,,,,,,,,
1.5379035767365214,inhale,24116.21370054672,24115.23170054652,24115.786700546632,,,,,,,,,,
nan,pause,24116.21470054672,24116.21370054672,nan,,,,,,,,,,
-1.7608580269927554,exhale,24117.307700546942,24116.21470054672,24116.446700546767,,,,,,,,,,
nan,pause,24117.308700546942,24117.307700546942,nan,,,,,,,,,,
1.7249554931223943,inhale,24118.297700547144,24117.308700546942,24118.116700547107,,,,,,,,,,
nan,pause,24118.298700547144,24118.297700547144,nan,,,,,,,,,,
-2.0502421796796995,exhale,24119.099700547307,24118.298700547144,24118.456700547176,,,,,,,,,,
nan,pause,24119.621700547414,24119.099700547307,nan,,,,,,,,,,
0.5556062433028578,inhale,24120.403700547573,24119.621700547414,24119.956700547482,,,,,,,,,,
nan,pause,24120.404700547573,24120.403700547573,nan,,,,,,,,,,
-0.35830916082070813,exhale,24121.32470054776,24120.404700547573,24120.616700547616,,,,,,,,,,
nan,pause,24121.32570054776,24121.32470054776,nan,,,,,,,,,,
0.5250026148107954,inhale,24122.377700547975,24121.32570054776,24122.116700547922,,,,,,,,,,
nan,pause,24122.378700547975,24122.377700547975,nan,,,,,,,,,,
-0.3549454335359136,exhale,24123.4847005482,24122.378700547975,24122.45670054799,,,,,,,,,,
nan,pause,24123.4857005482,24123.4847005482,nan,,,,,,,,,,
1.1417208004231187,inhale,24124.4547005484,24123.4857005482,24124.11670054833,,,,,,,,,,
nan,pause,24124.4557005484,24124.4547005484,nan,,,,,,,,,,
-0.8416693820894173,exhale,24125.572700548626,24124.4557005484,24124.61670054843,,,,,,,,,,
nan,pause,24125.573700548626,24125.572700548626,nan,,,,,,,,,,
0.8563604705780529,inhale,24126.544700548824,24125.573700548626,24126.27670054877,,,,,,,,,,
nan,pause,24126.545700548824,24126.544700548824,nan,,,,,,,,,,
-0.5890112005817904,exhale,24127.719700549063,24126.545700548824,24126.77670054887,,,,,,,,,,
nan,pause,24127.720700549064,24127.719700549063,nan,,,,,,,,,,
0.8083575708149864,inhale,24128.707700549265,24127.720700549064,24128.116700549144,,,,,,,,,,
nan,pause,24128.708700549265,24128.707700549265,nan,,,,,,,,,,
-0.6065842559482462,exhale,24129.81070054949,24128.708700549265,24128.946700549313,,,,,,,,,,
nan,pause,24129.81170054949,24129.81070054949,nan,,,,,,,,,,
0.955410024636446,inhale,24130.821700549695,24129.81170054949,24130.44670054962,,,,,,,,,,
nan,pause,24130.822700549696,24130.821700549695,nan,,,,,,,,,,
-0.8749119481952491,exhale,24131.939700549923,24130.822700549696,24131.116700549755,,,,,,,,,,
nan,pause,24131.940700549923,24131.939700549923,nan,,,,,,,,,,
1.2713577796270092,inhale,24132.85570055011,24131.940700549923,24132.286700549994,,,,,,,,,,
nan,pause,24132.85670055011,24132.85570055011,nan,,,,,,,,,,
-0.991593961533929,exhale,24133.897700550322,24132.85670055011,24133.116700550163,,,,,,,,,,
nan,pause,24133.898700550322,24133.897700550322,nan,,,,,,,,,,
1.306375478863362,inhale,24134.87470055052,24133.898700550322,24134.2867005504,,,,,,,,,,
nan,pause,24134.87570055052,24134.87470055052,nan,,,,,,,,,,
-1.0248748794799385,exhale,24136.007700550752,24134.87570055052,24135.11670055057,,,,,,,,,,
nan,pause,24136.008700550752,24136.007700550752,nan,,,,,,,,,,
1.306785136927844,inhale,24137.016700550957,24136.008700550752,24136.44670055084,,,,,,,,,,
nan,pause,24137.017700550958,24137.016700550957,nan,,,,,,,,,,
-0.8889142993367137,exhale,24138.144700551187,24137.017700550958,24137.27670055101,,,,,,,,,,
nan,pause,24138.145700551187,24138.144700551187,nan,,,,,,,,,,
1.1251549748527874,inhale,24139.14070055139,24138.145700551187,24138.616700551283,,,,,,,,,,
nan,pause,24139.14170055139,24139.14070055139,nan,,,,,,,,,,
-0.9060985649008159,exhale,24140.31270055163,24139.14170055139,24139.28670055142,,,,,,,,,,
nan,pause,24140.31370055163,24140.31270055163,nan,,,,,,,,,,
1.4418752441202016,inhale,24141.267700551824,24140.31370055163,24140.775700551723,,,,,,,,,,
nan,pause,24141.268700551824,24141.267700551824,nan,,,,,,,,,,
-1.0507506821680053,exhale,24142.48170055207,24141.268700551824,24141.456700551862,,,,,,,,,,
nan,pause,24142.48270055207,24142.48170055207,nan,,,,,,,,,,
1.3721339050656718,inhale,24143.477700552274,24142.48270055207,24142.786700552133,,,,,,,,,,
nan,pause,24143.478700552274,24143.477700552274,nan,,,,,,,,,,
-1.2080930053912624,exhale,24144.624700552507,24143.478700552274,24143.616700552302,,,,,,,,,,
nan,pause,24144.625700552508,24144.624700552507,nan,,,,,,,,,,
1.275214721202886,inhale,24145.598700552706,24144.625700552508,24145.116700552608,,,,,,,,,,
nan,pause,24145.599700552706,24145.598700552706,nan,,,,,,,,,,
-1.420358028748126,exhale,24146.674700552925,24145.599700552706,24145.786700552744,,,,,,,,,,
nan,pause,24146.675700552925,24146.674700552925,nan,,,,,,,,,,
1.698483426966921,inhale,24147.63670055312,24146.675700552925,24146.956700552983,,,,,,,,,,
nan,pause,24147.63770055312,24147.63670055312,nan,,,,,,,,,,
-1.3516016997912408,exhale,24148.793700553357,24147.63770055312,24147.78670055315,,,,,,,,,,
nan,pause,24148.794700553357,24148.793700553357,nan,,,,,,,,,,
1.8252536330091191,inhale,24149.708700553543,24148.794700553357,24149.275700553455,,,,,,,,,,
nan,pause,24149.709700553543,24149.708700553543,nan,,,,,,,,,,
-1.5295603753317237,exhale,24150.986700553804,24149.709700553543,24149.94670055359,,,,,,,,,,
nan,pause,24150.987700553804,24150.986700553804,nan,,,,,,,,,,
1.8038130354258224,inhale,24151.953700554,24150.987700553804,24151.286700553865,,,,,,,,,,
nan,pause,24151.954700554,24151.953700554,nan,,,,,,,,,,
-1.2369980825822475,exhale,24153.07370055423,24151.954700554,24152.28670055407,,,,,,,,,,
nan,pause,24153.07470055423,24153.07370055423,nan,,,,,,,,,,
1.6239299936483802,inhale,24154.05670055443,24153.07470055423,24153.286700554272,,,,,,,,,,
nan,pause,24154.05770055443,24154.05670055443,nan,,,,,,,,,,
-0.7563008971593329,exhale,24155.29670055468,24154.05770055443,24154.286700554476,,,,,,,,,,
nan,pause,24155.29770055468,24155.29670055468,nan,,,,,,,,,,
1.842008900362165,inhale,24156.237700554873,24155.29770055468,24155.616700554747,,,,,,,,,,
nan,pause,24156.238700554874,24156.237700554873,nan,,,,,,,,,,
-1.422621000162148,exhale,24157.360700555102,24156.238700554874,24156.456700554918,,,,,,,,,,
nan,pause,24157.361700555102,24157.360700555102,nan,,,,,,,,,,
1.858626813329015,inhale,24158.317700555297,24157.361700555102,24157.616700555154,,,,,,,,,,
nan,pause,24158.318700555297,24158.317700555297,nan,,,,,,,,,,
-1.4666226391906743,exhale,24159.45970055553,24158.318700555297,24158.456700555325,,,,,,,,,,
nan,pause,24159.46070055553,24159.45970055553,nan,,,,,,,,,,
1.8896699748763903,inhale,24160.39470055572,24159.46070055553,24159.786700555596,,,,,,,,,,
nan,pause,24160.39570055572,24160.39470055572,nan,,,,,,,,,,
-1.4413379067302758,exhale,24161.653700555977,24160.39570055572,24160.616700555765,,,,,,,,,,
nan,pause,24161.654700555977,24161.653700555977,nan,,,,,,,,,,
1.8820217557173677,inhale,24162.662700556182,24161.654700555977,24161.95670055604,,,,,,,,,,
nan,pause,24162.663700556182,24162.662700556182,nan,,,,,,,,,,
-1.4379212093380613,exhale,24163.890700556432,24162.663700556182,24162.786700556208,,,,,,,,,,
nan,pause,24163.891700556433,24163.890700556432,nan,,,,,,,,,,
1.9067110125709597,inhale,24164.841700556626,24163.891700556433,24164.27670055651,,,,,,,,,,
nan,pause,24164.842700556626,24164.841700556626,nan,,,,,,,,,,
-1.624597266773805,exhale,24165.98870055686,24164.842700556626,24165.116700556682,,,,,,,,,,
nan,pause,24165.98970055686,24165.98870055686,nan,,,,,,,,,,
1.97269129065,inhale,24166.92970055705,24165.98970055686,24166.28670055692,,,,,,,,,,
nan,pause,24166.93070055705,24166.92970055705,nan,,,,,,,,,,
-1.1578785554565445,exhale,24168.24470055732,24166.93070055705,24167.11670055709,,,,,,,,,,
nan,pause,24168.24570055732,24168.24470055732,nan,,,,,,,,,,
1.5394908140101249,inhale,24169.22270055752,24168.24570055732,24168.776700557428,,,,,,,,,,
nan,pause,24169.22370055752,24169.22270055752,nan,,,,,,,,,,
-1.4910313519774874,exhale,24170.423700557763,24169.22370055752,24169.446700557564,,,,,,,,,,
nan,pause,24170.424700557764,24170.423700557763,nan,,,,,,,,,,
2.0028088941089126,inhale,24171.34170055795,24170.424700557764,24170.776700557835,,,,,,,,,,
nan,pause,24171.34270055795,24171.34170055795,nan,,,,,,,,,,
-1.6078366379746145,exhale,24172.500700558187,24171.34270055795,24171.616700558006,,,,,,,,,,
nan,pause,24172.501700558187,24172.500700558187,nan,,,,,,,,,,
1.9084318288001785,inhale,24173.440700558378,24172.501700558187,24172.786700558245,,,,,,,,,,
nan,pause,24173.44170055838,24173.440700558378,nan,,,,,,,,,,
-1.4745175619785929,exhale,24174.692700558633,24173.44170055838,24173.616700558414,,,,,,,,,,
nan,pause,24174.693700558633,24174.692700558633,nan,,,,,,,,,,
1.949412902362435,inhale,24175.684700558835,24174.693700558633,24174.956700558687,,,,,,,,,,
nan,pause,24175.685700558835,24175.684700558835,nan,,,,,,,,,,
-1.2185599205504547,exhale,24176.849700559073,24175.685700558835,24175.94670055889,,,,,,,,,,
nan,pause,24176.850700559073,24176.849700559073,nan,,,,,,,,,,
1.9588061767594396,inhale,24177.791700559264,24176.850700559073,24177.116700559127,,,,,,,,,,
nan,pause,24177.792700559265,24177.791700559264,nan,,,,,,,,,,
-1.886345702027899,exhale,24178.875700559485,24177.792700559265,24177.956700559298,,,,,,,,,,
nan,pause,24178.876700559485,24178.875700559485,nan,,,,,,,,,,
1.907131141299298,inhale,24179.793700559672,24178.876700559485,24179.28670055957,,,,,,,,,,
nan,pause,24179.794700559672,24179.793700559672,nan,,,,,,,,,,
-1.485134122115987,exhale,24180.95470055991,24179.794700559672,24179.956700559705,,,,,,,,,,
nan,pause,24180.95570055991,24180.95470055991,nan,,,,,,,,,,
1.9368083575867407,inhale,24181.859700560093,24180.95570055991,24181.286700559976,,,,,,,,,,
nan,pause,24181.860700560093,24181.859700560093,nan,,,,,,,,,,
-1.574438773875506,exhale,24183.02670056033,24181.860700560093,24182.116700560146,,,,,,,,,,
nan,pause,24183.02770056033,24183.02670056033,nan,,,,,,,,,,
1.8075501041883169,inhale,24183.931700560515,24183.02770056033,24183.446700560417,,,,,,,,,,
nan,pause,24183.932700560516,24183.931700560515,nan,,,,,,,,,,
-1.6077183212027288,exhale,24185.049700560743,24183.932700560516,24184.116700560553,,,,,,,,,,
nan,pause,24185.050700560743,24185.049700560743,nan,,,,,,,,,,
1.7572379435415781,inhale,24185.892700560915,24185.050700560743,24185.446700560824,,,,,,,,,,
nan,pause,24185.893700560915,24185.892700560915,nan,,,,,,,,,,
-1.4577030253787315,exhale,24186.95670056113,24185.893700560915,24186.11670056096,,,,,,,,,,
nan,pause,24186.95770056113,24186.95670056113,nan,,,,,,,,,,
1.5072049182626843,inhale,24187.93670056133,24186.95770056113,24187.2867005612,,,,,,,,,,
nan,pause,24187.93770056133,24187.93670056133,nan,,,,,,,,,,
-1.191083752227881,exhale,24189.15070056158,24187.93770056133,24188.116700561368,,,,,,,,,,
nan,pause,24189.15170056158,24189.15070056158,nan,,,,,,,,,,
1.7369621339949293,inhale,24190.067700561765,24189.15170056158,24189.45670056164,,,,,,,,,,
nan,pause,24190.068700561766,24190.067700561765,nan,,,,,,,,,,
-1.5954285798311667,exhale,24191.251700562007,24190.068700561766,24190.28670056181,,,,,,,,,,
nan,pause,24191.252700562007,24191.251700562007,nan,,,,,,,,,,
1.7364021803746785,inhale,24192.162700562192,24191.252700562007,24191.776700562114,,,,,,,,,,
nan,pause,24192.163700562192,24192.162700562192,nan,,,,,,,,,,
-1.54002974531819,exhale,24193.270700562418,24192.163700562192,24192.286700562217,,,,,,,,,,
nan,pause,24193.271700562418,24193.270700562418,nan,,,,,,,,,,
1.8089625463426011,inhale,24194.20470056261,24193.271700562418,24193.61570056249,,,,,,,,,,
nan,pause,24194.20570056261,24194.20470056261,nan,,,,,,,,,,
-1.0370697761463483,exhale,24195.450700562862,24194.20570056261,24194.446700562657,,,,,,,,,,
nan,pause,24195.451700562862,24195.450700562862,nan,,,,,,,,,,
1.9217204769671474,inhale,24196.344700563044,24195.451700562862,24195.77670056293,,,,,,,,,,
nan,pause,24196.345700563044,24196.344700563044,nan,,,,,,,,,,
-1.1410091417274915,exhale,24197.476700563275,24196.345700563044,24196.6167005631,,,,,,,,,,
nan,pause,24197.477700563275,24197.476700563275,nan,,,,,,,,,,
1.6893411172056176,inhale,24198.371700563457,24197.477700563275,24197.786700563338,,,,,,,,,,
nan,pause,24198.372700563457,24198.371700563457,nan,,,,,,,,,,
-0.8409894327008387,exhale,24200.09670056381,24198.372700563457,24198.616700563507,,,,,,,,,,
nan,pause,24200.09770056381,24200.09670056381,nan,,,,,,,,,,
0.9924264179440093,inhale,24201.14170056402,24200.09770056381,24200.616700563914,,,,,,,,,,
nan,pause,24201.14270056402,24201.14170056402,nan,,,,,,,,,,
-0.8726141447673663,exhale,24202.544700564307,24201.14270056402,24201.446700564084,,,,,,,,,,
nan,pause,24202.545700564307,24202.544700564307,nan,,,,,,,,,,
0.9740478611292449,inhale,24203.609700564524,24202.545700564307,24202.786700564357,,,,,,,,,,
nan,pause,24203.610700564524,24203.609700564524,nan,,,,,,,,,,
-0.3909436544351425,exhale,24205.032700564814,24203.610700564524,24203.78670056456,,,,,,,,,,
nan,pause,24205.033700564814,24205.032700564814,nan,,,,,,,,,,
0.6090726736513012,inhale,24206.14770056504,24205.033700564814,24205.616700564933,,,,,,,,,,
nan,pause,24207.52270056532,24206.14770056504,nan,,,,,,,,,,
0.5918235398300165,inhale,24208.568700565535,24207.52270056532,24207.95670056541,,,,,,,,,,
nan,pause,24209.692700565764,24208.568700565535,nan,,,,,,,,,,
0.5091183346318803,inhale,24211.078700566046,24209.692700565764,24210.61670056595,,,,,,,,,,
nan,pause,24212.191700566273,24211.078700566046,nan,,,,,,,,,,
0.4922098770713149,inhale,24213.36270056651,24212.191700566273,24212.946700566426,,,,,,,,,,
nan,pause,24214.843700566813,24213.36270056651,nan,,,,,,,,,,
0.40882377238256207,inhale,24215.780700567004,24214.843700566813,24215.286700566903,,,,,,,,,,
nan,pause,24217.024700567257,24215.780700567004,nan,,,,,,,,,,
0.5758869230093494,inhale,24218.136700567484,24217.024700567257,24217.945700567445,,,,,,,,,,
nan,pause,24218.137700567484,24218.136700567484,nan,,,,,,,,,,
-0.30740993221287166,exhale,24219.474700567756,24218.137700567484,24218.286700567514,,,,,,,,,,
nan,pause,24219.475700567757,24219.474700567756,nan,,,,,,,,,,
0.7738639684145531,inhale,24220.37670056794,24219.475700567757,24219.78670056782,,,,,,,,,,
nan,pause,24220.37770056794,24220.37670056794,nan,,,,,,,,,,
-0.45738715026702587,exhale,24221.541700568177,24220.37770056794,24220.61670056799,,,,,,,,,,
nan,pause,24221.542700568178,24221.541700568177,nan,,,,,,,,,,
0.888992696660057,inhale,24222.499700568373,24221.542700568178,24221.94670056826,,,,,,,,,,
nan,pause,24222.500700568373,24222.499700568373,nan,,,,,,,,,,
-0.44076759229725465,exhale,24223.65670056861,24222.500700568373,24222.616700568396,,,,,,,,,,
nan,pause,24223.65770056861,24223.65670056861,nan,,,,,,,,,,
0.6926452996760374,inhale,24224.571700568795,24223.65770056861,24224.275700568734,,,,,,,,,,
nan,pause,24224.572700568795,24224.571700568795,nan,,,,,,,,,,
-0.30565072331536774,exhale,24225.67370056902,24224.572700568795,24224.78670056884,,,,,,,,,,
nan,pause,24225.67470056902,24225.67370056902,nan,,,,,,,,,,
0.5759617045837706,inhale,24226.5607005692,24225.67470056902,24226.11670056911,,,,,,,,,,
nan,pause,24227.419700569375,24226.5607005692,nan,,,,,,,,,,
0.5259821885649397,inhale,24228.559700569607,24227.419700569375,24228.27570056955,,,,,,,,,,
nan,pause,24229.820700569864,24228.559700569607,nan,,,,,,,,,,
0.42566006547764956,inhale,24230.77370057006,24229.820700569864,24230.28670056996,,,,,,,,,,
nan,pause,24231.86470057028,24230.77370057006,nan,,,,,,,,,,
0.49101787374749806,inhale,24232.74570057046,24231.86470057028,24232.286700570367,,,,,,,,,,
nan,pause,24256.286700575256,24232.74570057046,nan,,,,,,,,,,
0.33601155341732913,inhale,24256.59870057532,24256.286700575256,24256.44670057529,,,,,,,,,,
nan,pause,24259.818700575976,24256.59870057532,nan,,,,,,,,,,
1.8868621990819416,inhale,24261.05970057623,24259.818700575976,24260.786700576173,,,,,,,,,,
nan,pause,24261.06070057623,24261.05970057623,nan,,,,,,,,,,
-2.8162727529959053,exhale,24262.568700576536,24261.06070057623,24261.286700576275,,,,,,,,,,
nan,pause,24262.569700576536,24262.568700576536,nan,,,,,,,,,,
3.742999368491661,inhale,24263.361700576697,24262.569700576536,24263.116700576647,,,,,,,,,,
nan,pause,24263.362700576698,24263.361700576697,nan,,,,,,,,,,
-4.623671902875835,exhale,24264.93970057702,24263.362700576698,24263.61670057675,,,,,,,,,,
nan,pause,24264.94070057702,24264.93970057702,nan,,,,,,,,,,
6.463120163542189,inhale,24265.72770057718,24264.94070057702,24265.446700577122,,,,,,,,,,
nan,pause,24265.72870057718,24265.72770057718,nan,,,,,,,,,,
-6.900937292028714,exhale,24267.318700577503,24265.72870057718,24265.946700577224,,,,,,,,,,
nan,pause,24267.319700577504,24267.318700577503,nan,,,,,,,,,,
6.94128712063864,inhale,24268.18470057768,24267.319700577504,24267.7867005776,,,,,,,,,,
nan,pause,24268.18570057768,24268.18470057768,nan,,,,,,,,,,
-4.936479093324996,exhale,24269.779700578005,24268.18570057768,24268.446700577733,,,,,,,,,,
nan,pause,24269.780700578005,24269.779700578005,nan,,,,,,,,,,
8.20965417126607,inhale,24270.565700578165,24269.780700578005,24270.116700578074,,,,,,,,,,
nan,pause,24270.566700578165,24270.565700578165,nan,,,,,,,,,,
-6.702188084003687,exhale,24272.125700578483,24270.566700578165,24270.78670057821,,,,,,,,,,
nan,pause,24272.126700578483,24272.125700578483,nan,,,,,,,,,,
10.344282726398594,inhale,24272.94870057865,24272.126700578483,24272.45670057855,,,,,,,,,,
nan,pause,24272.94970057865,24272.94870057865,nan,,,,,,,,,,
-7.190273968893296,exhale,24274.527700578972,24272.94970057865,24273.116700578685,,,,,,,,,,
nan,pause,24274.528700578972,24274.527700578972,nan,,,,,,,,,,
9.576939351321446,inhale,24275.416700579153,24274.528700578972,24274.946700579058,,,,,,,,,,
nan,pause,24275.417700579153,24275.416700579153,nan,,,,,,,,,,
-7.823533503120152,exhale,24276.960700579468,24275.417700579153,24275.616700579194,,,,,,,,,,
nan,pause,24276.961700579468,24276.960700579468,nan,,,,,,,,,,
9.400825812050444,inhale,24277.817700579642,24276.961700579468,24277.446700579567,,,,,,,,,,
nan,pause,24277.818700579643,24277.817700579642,nan,,,,,,,,,,
-7.432448640783956,exhale,24279.337700579952,24277.818700579643,24277.95670057967,,,,,,,,,,
nan,pause,24279.338700579952,24279.337700579952,nan,,,,,,,,,,
10.78289938390563,inhale,24280.195700580127,24279.338700579952,24279.786700580044,,,,,,,,,,
nan,pause,24280.196700580127,24280.195700580127,nan,,,,,,,,,,
-6.880963937125668,exhale,24281.721700580438,24280.196700580127,24280.446700580178,,,,,,,,,,
nan,pause,24281.722700580438,24281.721700580438,nan,,,,,,,,,,
11.559755610012909,inhale,24282.56670058061,24281.722700580438,24282.11670058052,,,,,,,,,,
nan,pause,24282.56770058061,24282.56670058061,nan,,,,,,,,,,
-8.9109562464716,exhale,24283.953700580892,24282.56770058061,24282.786700580655,,,,,,,,,,
nan,pause,24283.954700580893,24283.953700580892,nan,,,,,,,,,,
11.349939701589484,inhale,24284.82870058107,24283.954700580893,24284.28670058096,,,,,,,,,,
nan,pause,24284.82970058107,24284.82870058107,nan,,,,,,,,,,
-7.277991028987549,exhale,24286.24770058136,24284.82970058107,24284.956700581097,,,,,,,,,,
nan,pause,24286.24870058136,24286.24770058136,nan,,,,,,,,,,
12.393195662557055,inhale,24287.109700581535,24286.24870058136,24286.616700581435,,,,,,,,,,
nan,pause,24287.110700581536,24287.109700581535,nan,,,,,,,,,,
-7.994274927387312,exhale,24288.712700581862,24287.110700581536,24287.28670058157,,,,,,,,,,
nan,pause,24288.713700581862,24288.712700581862,nan,,,,,,,,,,
14.009804834154032,inhale,24289.660700582055,24288.713700581862,24289.116700581944,,,,,,,,,,
nan,pause,24289.661700582055,24289.660700582055,nan,,,,,,,,,,
-7.7383910719771825,exhale,24291.421700582414,24289.661700582055,24289.78670058208,,,,,,,,,,
nan,pause,24291.422700582414,24291.421700582414,nan,,,,,,,,,,
14.039129855779331,inhale,24292.419700582617,24291.422700582414,24291.78670058249,,,,,,,,,,
nan,pause,24292.420700582617,24292.419700582617,nan,,,,,,,,,,
-6.523402507881814,exhale,24294.34070058301,24292.420700582617,24292.616700582657,,,,,,,,,,
nan,pause,24294.34170058301,24294.34070058301,nan,,,,,,,,,,
16.761636674041572,inhale,24295.301700583204,24294.34170058301,24294.7867005831,,,,,,,,,,
nan,pause,24295.302700583205,24295.301700583204,nan,,,,,,,,,,
-10.279610185759715,exhale,24297.130700583577,24295.302700583205,24295.456700583236,,,,,,,,,,
nan,pause,24297.131700583577,24297.130700583577,nan,,,,,,,,,,
17.865616401736713,inhale,24298.093700583773,24297.131700583577,24297.44670058364,,,,,,,,,,
nan,pause,24298.094700583773,24298.093700583773,nan,,,,,,,,,,
-7.286954072167588,exhale,24299.84570058413,24298.094700583773,24298.286700583812,,,,,,,,,,
nan,pause,24299.84670058413,24299.84570058413,nan,,,,,,,,,,
15.777647879711246,inhale,24300.83270058433,24299.84670058413,24300.28670058422,,,,,,,,,,
nan,pause,24300.83370058433,24300.83270058433,nan,,,,,,,,,,
-7.945881968472119,exhale,24302.577700584687,24300.83370058433,24300.956700584356,,,,,,,,,,
nan,pause,24302.578700584687,24302.577700584687,nan,,,,,,,,,,
13.4185823673112,inhale,24303.494700584873,24302.578700584687,24302.956700584764,,,,,,,,,,
nan,pause,24303.495700584874,24303.494700584873,nan,,,,,,,,,,
-7.35657766461524,exhale,24305.20370058522,24303.495700584874,24303.6167005849,,,,,,,,,,
nan,pause,24305.204700585222,24305.20370058522,nan,,,,,,,,,,
15.776658453066348,inhale,24305.943700585372,24305.204700585222,24305.616700585306,,,,,,,,,,
nan,pause,24305.944700585373,24305.943700585372,nan,,,,,,,,,,
-8.856564827568752,exhale,24307.290700585647,24305.944700585373,24306.116700585408,,,,,,,,,,
nan,pause,24307.291700585647,24307.290700585647,nan,,,,,,,,,,
16.826687639069952,inhale,24308.14370058582,24307.291700585647,24307.616700585713,,,,,,,,,,
nan,pause,24308.14470058582,24308.14370058582,nan,,,,,,,,,,
-7.303559798188834,exhale,24309.731700586144,24308.14470058582,24308.28670058585,,,,,,,,,,
nan,pause,24309.732700586144,24309.731700586144,nan,,,,,,,,,,
15.460007648915848,inhale,24310.557700586312,24309.732700586144,24310.116700586223,,,,,,,,,,
nan,pause,24310.558700586313,24310.557700586312,nan,,,,,,,,,,
-9.57093741720842,exhale,24311.987700586604,24310.558700586313,24310.78670058636,,,,,,,,,,
nan,pause,24311.988700586604,24311.987700586604,nan,,,,,,,,,,
18.26585015940514,inhale,24312.773700586764,24311.988700586604,24312.446700586697,,,,,,,,,,
nan,pause,24312.774700586764,24312.773700586764,nan,,,,,,,,,,
-10.112748746968391,exhale,24314.339700587083,24312.774700586764,24312.9567005868,,,,,,,,,,
nan,pause,24314.340700587083,24314.339700587083,nan,,,,,,,,,,
16.160029010677718,inhale,24315.225700587263,24314.340700587083,24314.61670058714,,,,,,,,,,
nan,pause,24315.226700587264,24315.225700587263,nan,,,,,,,,,,
-11.643168518434535,exhale,24316.645700587553,24315.226700587264,24315.44670058731,,,,,,,,,,
nan,pause,24316.646700587553,24316.645700587553,nan,,,,,,,,,,
14.391913136957811,inhale,24317.46870058772,24316.646700587553,24316.956700587616,,,,,,,,,,
nan,pause,24317.46970058772,24317.46870058772,nan,,,,,,,,,,
-7.08986685285694,exhale,24319.04370058804,24317.46970058772,24317.61670058775,,,,,,,,,,
nan,pause,24319.04470058804,24319.04370058804,nan,,,,,,,,,,
13.111305161958517,inhale,24319.882700588212,24319.04470058804,24319.446700588123,,,,,,,,,,
nan,pause,24319.883700588212,24319.882700588212,nan,,,,,,,,,,
-6.273141103649335,exhale,24321.3017005885,24319.883700588212,24320.11670058826,,,,,,,,,,
nan,pause,24321.3027005885,24321.3017005885,nan,,,,,,,,,,
14.86010149072728,inhale,24322.055700588655,24321.3027005885,24321.616700588565,,,,,,,,,,
nan,pause,24322.056700588655,24322.055700588655,nan,,,,,,,,,,
-8.266373025442252,exhale,24323.45770058894,24322.056700588655,24322.286700588702,,,,,,,,,,
nan,pause,24323.45870058894,24323.45770058894,nan,,,,,,,,,,
15.20206433366621,inhale,24324.2417005891,24323.45870058894,24323.786700589008,,,,,,,,,,
nan,pause,24324.2427005891,24324.2417005891,nan,,,,,,,,,,
-8.122410081016323,exhale,24325.786700589415,24324.2427005891,24324.456700589144,,,,,,,,,,
nan,pause,24325.787700589415,24325.786700589415,nan,,,,,,,,,,
10.143560423577087,inhale,24326.73770058961,24325.787700589415,24326.116700589482,,,,,,,,,,
nan,pause,24326.73870058961,24326.73770058961,nan,,,,,,,,,,
-7.002459398404539,exhale,24328.104700589887,24326.73870058961,24326.94670058965,,,,,,,,,,
nan,pause,24328.105700589887,24328.104700589887,nan,,,,,,,,,,
9.918494750335958,inhale,24328.940700590058,24328.105700589887,24328.446700589957,,,,,,,,,,
nan,pause,24328.941700590058,24328.940700590058,nan,,,,,,,,,,
-6.006362482353309,exhale,24330.485700590372,24328.941700590058,24329.116700590093,,,,,,,,,,
nan,pause,24330.486700590372,24330.485700590372,nan,,,,,,,,,,
9.108948481173599,inhale,24331.446700590568,24330.486700590372,24330.786700590434,,,,,,,,,,
nan,pause,24331.44770059057,24331.446700590568,nan,,,,,,,,,,
-10.123015796775148,exhale,24333.02470059089,24331.44770059057,24331.616700590603,,,,,,,,,,
nan,pause,24333.02570059089,24333.02470059089,nan,,,,,,,,,,
4.349030917169924,inhale,24334.091700591107,24333.02570059089,24333.286700590943,,,,,,,,,,
nan,pause,24334.092700591107,24334.091700591107,nan,,,,,,,,,,
-2.96114114533858,exhale,24335.48970059139,24334.092700591107,24334.286700591147,,,,,,,,,,
nan,pause,24335.490700591392,24335.48970059139,nan,,,,,,,,,,
3.224593060886797,inhale,24336.45570059159,24335.490700591392,24335.786700591452,,,,,,,,,,
nan,pause,24336.45670059159,24336.45570059159,nan,,,,,,,,,,
-2.823007000372838,exhale,24337.728700591848,24336.45670059159,24336.61670059162,,,,,,,,,,
nan,pause,24337.729700591848,24337.728700591848,nan,,,,,,,,,,
1.7065575112586049,inhale,24338.71270059205,24337.729700591848,24338.28670059196,,,,,,,,,,
nan,pause,24338.71370059205,24338.71270059205,nan,,,,,,,,,,
-1.6949096976875206,exhale,24340.00470059231,24338.71370059205,24338.956700592098,,,,,,,,,,
nan,pause,24340.00570059231,24340.00470059231,nan,,,,,,,,,,
1.9270165545951974,inhale,24341.03070059252,24340.00570059231,24340.616700592436,,,,,,,,,,
nan,pause,24341.03170059252,24341.03070059252,nan,,,,,,,,,,
-1.3330709914338157,exhale,24342.29970059278,24341.03170059252,24341.27670059257,,,,,,,,,,
nan,pause,24342.30070059278,24342.29970059278,nan,,,,,,,,,,
1.2437378412304054,inhale,24343.347700592993,24342.30070059278,24343.116700592946,,,,,,,,,,
nan,pause,24343.348700592993,24343.347700592993,nan,,,,,,,,,,
-1.1222843214899085,exhale,24344.534700593234,24343.348700592993,24343.456700593015,,,,,,,,,,
nan,pause,24344.535700593235,24344.534700593234,nan,,,,,,,,,,
1.160358298319285,inhale,24345.561700593444,24344.535700593235,24345.116700593353,,,,,,,,,,
nan,pause,24345.562700593444,24345.561700593444,nan,,,,,,,,,,
-1.2777330416369848,exhale,24346.857700593708,24345.562700593444,24345.78670059349,,,,,,,,,,
nan,pause,24346.858700593708,24346.857700593708,nan,,,,,,,,,,
1.2427905914030837,inhale,24347.867700593913,24346.858700593708,24347.446700593828,,,,,,,,,,
nan,pause,24347.868700593914,24347.867700593913,nan,,,,,,,,,,
-1.3062095226144474,exhale,24349.095700594164,24347.868700593914,24348.116700593964,,,,,,,,,,
nan,pause,24349.096700594164,24349.095700594164,nan,,,,,,,,,,
1.4937989970264813,inhale,24350.043700594357,24349.096700594164,24349.61670059427,,,,,,,,,,
nan,pause,24350.044700594357,24350.043700594357,nan,,,,,,,,,,
-1.1790521841811215,exhale,24351.506700594655,24350.044700594357,24350.286700594406,,,,,,,,,,
nan,pause,24351.507700594655,24351.506700594655,nan,,,,,,,,,,
1.109761259223491,inhale,24352.56470059487,24351.507700594655,24352.446700594846,,,,,,,,,,
nan,pause,24352.56570059487,24352.56470059487,nan,,,,,,,,,,
-1.2776684810905266,exhale,24353.967700595156,24352.56570059487,24352.786700594916,,,,,,,,,,
nan,pause,24353.968700595156,24353.967700595156,nan,,,,,,,,,,
1.160446295994649,inhale,24354.837700595333,24353.968700595156,24354.61670059529,,,,,,,,,,
nan,pause,24354.838700595334,24354.837700595333,nan,,,,,,,,,,
-2.0114697536149104,exhale,24355.097700595386,24354.838700595334,24354.946700595356,,,,,,,,,,
nan,pause,24355.79970059553,24355.097700595386,nan,,,,,,,,,,
0.5319788463045014,inhale,24356.09270059559,24355.79970059553,24355.94670059556,,,,,,,,,,
nan,pause,24357.498700595876,24356.09270059559,nan,,,,,,,,,,
-0.356121254356165,exhale,24357.778700595933,24357.498700595876,24357.6167005959,,,,,,,,,,
nan,pause,24358.64870059611,24357.778700595933,nan,,,,,,,,,,
-0.5414959304877579,exhale,24358.911700596163,24358.64870059611,24358.786700596138,,,,,,,,,,
nan,pause,24359.273700596237,24358.911700596163,nan,,,,,,,,,,
-0.3981875718832866,exhale,24359.605700596305,24359.273700596237,24359.446700596272,,,,,,,,,,
nan,pause,24370.19270059846,24359.605700596305,nan,,,,,,,,,,
2.0772859323825528,inhale,24371.01770059863,24370.19270059846,24370.616700598548,,,,,,,,,,
nan,pause,24371.01870059863,24371.01770059863,nan,,,,,,,,,,
-1.231577759231129,exhale,24372.361700598904,24371.01870059863,24371.286700598685,,,,,,,,,,
nan,pause,24372.362700598904,24372.361700598904,nan,,,,,,,,,,
2.403685437758151,inhale,24373.3327005991,24372.362700598904,24372.946700599023,,,,,,,,,,
nan,pause,24373.3337005991,24373.3327005991,nan,,,,,,,,,,
-1.839374610386675,exhale,24374.65770059937,24373.3337005991,24373.61670059916,,,,,,,,,,
nan,pause,24374.65870059937,24374.65770059937,nan,,,,,,,,,,
2.054035776863401,inhale,24375.659700599575,24374.65870059937,24374.94670059943,,,,,,,,,,
nan,pause,24375.660700599576,24375.659700599575,nan,,,,,,,,,,
-1.6801776492431566,exhale,24376.91570059983,24375.660700599576,24375.7867005996,,,,,,,,,,
nan,pause,24376.91670059983,24376.91570059983,nan,,,,,,,,,,
2.4599770971202304,inhale,24377.901700600032,24376.91670059983,24377.286700599907,,,,,,,,,,
nan,pause,24377.902700600032,24377.901700600032,nan,,,,,,,,,,
-2.2059283619995673,exhale,24379.183700600293,24377.902700600032,24378.116700600076,,,,,,,,,,
nan,pause,24379.184700600294,24379.183700600293,nan,,,,,,,,,,
3.3026373007477234,inhale,24380.110700600482,24379.184700600294,24379.45670060035,,,,,,,,,,
nan,pause,24380.111700600482,24380.110700600482,nan,,,,,,,,,,
-3.1668764566826173,exhale,24381.32370060073,24380.111700600482,24380.286700600518,,,,,,,,,,
nan,pause,24381.32470060073,24381.32370060073,nan,,,,,,,,,,
3.394092028118213,inhale,24382.243700600917,24381.32470060073,24381.61670060079,,,,,,,,,,
nan,pause,24382.244700600917,24382.243700600917,nan,,,,,,,,,,
-3.2037590524118342,exhale,24383.473700601167,24382.244700600917,24382.446700600958,,,,,,,,,,
nan,pause,24383.474700601168,24383.473700601167,nan,,,,,,,,,,
3.4876558152105708,inhale,24384.455700601367,24383.474700601168,24383.78670060123,,,,,,,,,,
nan,pause,24384.456700601368,24384.455700601367,nan,,,,,,,,,,
-3.0225659377281993,exhale,24385.704700601622,24384.456700601368,24384.6167006014,,,,,,,,,,
nan,pause,24385.705700601622,24385.704700601622,nan,,,,,,,,,,
3.5227455346611793,inhale,24386.645700601814,24385.705700601622,24385.956700601673,,,,,,,,,,
nan,pause,24386.646700601814,24386.645700601814,nan,,,,,,,,,,
-3.3116769178041885,exhale,24387.86070060206,24386.646700601814,24386.786700601842,,,,,,,,,,
nan,pause,24387.86170060206,24387.86070060206,nan,,,,,,,,,,
3.327449362539168,inhale,24388.802700602253,24387.86170060206,24388.116700602113,,,,,,,,,,
nan,pause,24388.803700602253,24388.802700602253,nan,,,,,,,,,,
-2.8372261968162524,exhale,24389.988700602495,24388.803700602253,24388.956700602284,,,,,,,,,,
nan,pause,24389.989700602495,24389.988700602495,nan,,,,,,,,,,
3.43465582682475,inhale,24390.859700602672,24389.989700602495,24390.286700602555,,,,,,,,,,
nan,pause,24390.860700602672,24390.859700602672,nan,,,,,,,,,,
-3.5725021639706402,exhale,24392.101700602925,24390.860700602672,24391.116700602724,,,,,,,,,,
nan,pause,24392.102700602925,24392.101700602925,nan,,,,,,,,,,
3.7717155453746107,inhale,24392.982700603105,24392.102700602925,24392.286700602963,,,,,,,,,,
nan,pause,24392.983700603105,24392.982700603105,nan,,,,,,,,,,
-3.524003316157717,exhale,24394.19270060335,24392.983700603105,24393.276700603164,,,,,,,,,,
nan,pause,24394.19370060335,24394.19270060335,nan,,,,,,,,,,
3.732823318933566,inhale,24395.059700603528,24394.19370060335,24394.456700603405,,,,,,,,,,
nan,pause,24395.060700603528,24395.059700603528,nan,,,,,,,,,,
-3.3204773391486992,exhale,24396.327700603786,24395.060700603528,24395.286700603574,,,,,,,,,,
nan,pause,24396.328700603786,24396.327700603786,nan,,,,,,,,,,
2.8108326573991254,inhale,24397.167700603957,24396.328700603786,24396.616700603845,,,,,,,,,,
nan,pause,24397.168700603957,24397.167700603957,nan,,,,,,,,,,
-1.8504685419890872,exhale,24398.534700604236,24397.168700603957,24398.276700604183,,,,,,,,,,
nan,pause,24398.535700604236,24398.534700604236,nan,,,,,,,,,,
2.2939140064836843,inhale,24399.571700604447,24398.535700604236,24398.786700604287,,,,,,,,,,
nan,pause,24399.572700604447,24399.571700604447,nan,,,,,,,,,,
-1.896556302710885,exhale,24400.928700604723,24399.572700604447,24399.78670060449,,,,,,,,,,
nan,pause,24400.929700604724,24400.928700604723,nan,,,,,,,,,,
2.4942692523340653,inhale,24401.927700604927,24400.929700604724,24401.11670060476,,,,,,,,,,
nan,pause,24401.928700604927,24401.927700604927,nan,,,,,,,,,,
-2.422406609361688,exhale,24403.147700605175,24401.928700604927,24402.116700604965,,,,,,,,,,
nan,pause,24403.148700605176,24403.147700605175,nan,,,,,,,,,,
2.5715684078303935,inhale,24404.073700605364,24403.148700605176,24403.45670060524,,,,,,,,,,
nan,pause,24404.074700605364,24404.073700605364,nan,,,,,,,,,,
-2.349574733117027,exhale,24405.289700605612,24404.074700605364,24404.286700605408,,,,,,,,,,
nan,pause,24405.290700605612,24405.289700605612,nan,,,,,,,,,,
3.618238558865323,inhale,24406.196700605797,24405.290700605612,24405.456700605646,,,,,,,,,,
nan,pause,24406.197700605797,24406.196700605797,nan,,,,,,,,,,
-2.665972442771014,exhale,24407.476700606057,24406.197700605797,24406.446700605848,,,,,,,,,,
nan,pause,24407.477700606058,24407.476700606057,nan,,,,,,,,,,
3.425656093299127,inhale,24408.351700606236,24407.477700606058,24407.77670060612,,,,,,,,,,
nan,pause,24408.352700606236,24408.351700606236,nan,,,,,,,,,,
-3.0390464182260812,exhale,24409.522700606474,24408.352700606236,24408.61670060629,,,,,,,,,,
nan,pause,24409.523700606474,24409.522700606474,nan,,,,,,,,,,
4.039256233528011,inhale,24410.419700606657,24409.523700606474,24409.786700606528,,,,,,,,,,
nan,pause,24410.420700606657,24410.419700606657,nan,,,,,,,,,,
-3.6056211335170865,exhale,24411.682700606914,24410.420700606657,24410.616700606697,,,,,,,,,,
nan,pause,24411.683700606914,24411.682700606914,nan,,,,,,,,,,
3.8475789411868826,inhale,24412.5857006071,24411.683700606914,24411.95670060697,,,,,,,,,,
nan,pause,24412.5867006071,24412.5857006071,nan,,,,,,,,,,
-3.448137730220734,exhale,24413.787700607343,24412.5867006071,24412.78670060714,,,,,,,,,,
nan,pause,24413.788700607343,24413.787700607343,nan,,,,,,,,,,
4.2276951919360695,inhale,24414.673700607524,24413.788700607343,24414.11670060741,,,,,,,,,,
nan,pause,24414.674700607524,24414.673700607524,nan,,,,,,,,,,
-3.908425624558138,exhale,24415.93170060778,24414.674700607524,24414.94670060758,,,,,,,,,,
nan,pause,24415.93270060778,24415.93170060778,nan,,,,,,,,,,
5.11099950849323,inhale,24416.793700607956,24415.93270060778,24416.116700607818,,,,,,,,,,
nan,pause,24416.794700607956,24416.793700607956,nan,,,,,,,,,,
-5.014470386401661,exhale,24417.965700608194,24416.794700607956,24416.95670060799,,,,,,,,,,
nan,pause,24417.966700608195,24417.965700608194,nan,,,,,,,,,,
5.471273968524325,inhale,24418.854700608375,24417.966700608195,24418.28670060826,,,,,,,,,,
nan,pause,24418.855700608376,24418.854700608375,nan,,,,,,,,,,
-4.67223989869741,exhale,24420.05770060862,24418.855700608376,24419.11670060843,,,,,,,,,,
nan,pause,24420.05870060862,24420.05770060862,nan,,,,,,,,,,
4.590155228196934,inhale,24420.825700608777,24420.05870060862,24420.4467006087,,,,,,,,,,
nan,pause,24420.826700608777,24420.825700608777,nan,,,,,,,,,,
-2.824726906975568,exhale,24421.96570060901,24420.826700608777,24420.956700608804,,,,,,,,,,
nan,pause,24421.96670060901,24421.96570060901,nan,,,,,,,,,,
2.8944592948740127,inhale,24422.929700609206,24421.96670060901,24422.11670060904,,,,,,,,,,
nan,pause,24422.930700609206,24422.929700609206,nan,,,,,,,,,,
-2.0555090422163556,exhale,24424.52670060953,24422.930700609206,24423.116700609244,,,,,,,,,,
nan,pause,24424.52770060953,24424.52670060953,nan,,,,,,,,,,
1.3591170340174048,inhale,24426.101700609852,24424.52770060953,24425.276700609684,,,,,,,,,,
nan,pause,24426.714700609977,24426.101700609852,nan,,,,,,,,,,
-0.8233726830581081,exhale,24427.096700610055,24426.714700609977,24426.946700610024,,,,,,,,,,
nan,pause,24428.018700610242,24427.096700610055,nan,,,,,,,,,,
2.1080667971739366,inhale,24429.104700610464,24428.018700610242,24428.286700610297,,,,,,,,,,
nan,pause,24429.105700610464,24429.104700610464,nan,,,,,,,,,,
-1.14662490396928,exhale,24430.541700610756,24429.105700610464,24429.2867006105,,,,,,,,,,
nan,pause,24430.542700610757,24430.541700610756,nan,,,,,,,,,,
1.9421691584492329,inhale,24431.54970061096,24430.542700610757,24430.786700610806,,,,,,,,,,
nan,pause,24431.550700610962,24431.54970061096,nan,,,,,,,,,,
-0.9721310666048918,exhale,24432.835700611224,24431.550700610962,24432.61670061118,,,,,,,,,,
nan,pause,24432.836700611224,24432.835700611224,nan,,,,,,,,,,
2.44456447840172,inhale,24433.761700611412,24432.836700611224,24433.11670061128,,,,,,,,,,
nan,pause,24433.762700611413,24433.761700611412,nan,,,,,,,,,,
-1.3281008011357351,exhale,24434.989700611663,24433.762700611413,24433.956700611452,,,,,,,,,,
nan,pause,24434.990700611663,24434.989700611663,nan,,,,,,,,,,
2.491190678286192,inhale,24435.887700611846,24434.990700611663,24435.286700611723,,,,,,,,,,
nan,pause,24435.888700611846,24435.887700611846,nan,,,,,,,,,,
-2.122091732108807,exhale,24437.077700612088,24435.888700611846,24436.116700611892,,,,,,,,,,
nan,pause,24437.078700612088,24437.077700612088,nan,,,,,,,,,,
2.838009944228333,inhale,24438.006700612277,24437.078700612088,24437.446700612163,,,,,,,,,,
nan,pause,24438.007700612277,24438.006700612277,nan,,,,,,,,,,
-1.9775529273307766,exhale,24439.25470061253,24438.007700612277,24438.276700612332,,,,,,,,,,
nan,pause,24439.25570061253,24439.25470061253,nan,,,,,,,,,,
2.477208957902392,inhale,24440.099700612704,24439.25570061253,24439.456700612573,,,,,,,,,,
nan,pause,24440.100700612704,24440.099700612704,nan,,,,,,,,,,
-1.4584621878683657,exhale,24441.15770061292,24440.100700612704,24440.28670061274,,,,,,,,,,
nan,pause,24441.15870061292,24441.15770061292,nan,,,,,,,,,,
2.1099096763508776,inhale,24442.08670061311,24441.15870061292,24441.45670061298,,,,,,,,,,
nan,pause,24442.08770061311,24442.08670061311,nan,,,,,,,,,,
-1.9553425866565644,exhale,24443.17570061333,24442.08770061311,24442.456700613184,,,,,,,,,,
nan,pause,24443.17670061333,24443.17570061333,nan,,,,,,,,,,
2.921236412471821,inhale,24444.092700613517,24443.17670061333,24443.446700613385,,,,,,,,,,
nan,pause,24444.093700613517,24444.092700613517,nan,,,,,,,,,,
-1.6114852359339655,exhale,24445.33870061377,24444.093700613517,24444.286700613557,,,,,,,,,,
nan,pause,24445.33970061377,24445.33870061377,nan,,,,,,,,,,
2.877982658837714,inhale,24446.206700613948,24445.33970061377,24445.616700613828,,,,,,,,,,
nan,pause,24446.207700613948,24446.206700613948,nan,,,,,,,,,,
-2.6308847861990756,exhale,24447.33870061418,24446.207700613948,24446.446700613997,,,,,,,,,,
nan,pause,24447.33970061418,24447.33870061418,nan,,,,,,,,,,
3.261297779567675,inhale,24448.240700614362,24447.33970061418,24447.616700614235,,,,,,,,,,
nan,pause,24448.241700614362,24448.240700614362,nan,,,,,,,,,,
-2.157336812537696,exhale,24449.472700614613,24448.241700614362,24448.446700614404,,,,,,,,,,
nan,pause,24449.473700614613,24449.472700614613,nan,,,,,,,,,,
3.367484534703351,inhale,24450.358700614794,24449.473700614613,24449.786700614677,,,,,,,,,,
nan,pause,24450.359700614794,24450.358700614794,nan,,,,,,,,,,
-2.0672779765531946,exhale,24451.51070061503,24450.359700614794,24450.456700614814,,,,,,,,,,
nan,pause,24451.51170061503,24451.51070061503,nan,,,,,,,,,,
3.824983515088277,inhale,24452.265700615182,24451.51170061503,24451.786700615085,,,,,,,,,,
nan,pause,24452.266700615182,24452.265700615182,nan,,,,,,,,,,
-2.8304874763760655,exhale,24453.318700615397,24452.266700615182,24452.78670061529,,,,,,,,,,
nan,pause,24453.319700615397,24453.318700615397,nan,,,,,,,,,,
4.0280506030364585,inhale,24454.195700615575,24453.319700615397,24453.616700615457,,,,,,,,,,
nan,pause,24454.196700615576,24454.195700615575,nan,,,,,,,,,,
-2.59949044672958,exhale,24455.321700615805,24454.196700615576,24454.446700615626,,,,,,,,,,
nan,pause,24455.322700615805,24455.321700615805,nan,,,,,,,,,,
3.3280724384255365,inhale,24456.204700615985,24455.322700615805,24455.616700615865,,,,,,,,,,
nan,pause,24456.205700615985,24456.204700615985,nan,,,,,,,,,,
-2.1965070962217763,exhale,24457.31970061621,24456.205700615985,24456.456700616036,,,,,,,,,,
nan,pause,24457.320700616212,24457.31970061621,nan,,,,,,,,,,
3.41139006867984,inhale,24458.14370061638,24457.320700616212,24457.616700616272,,,,,,,,,,
nan,pause,24458.14470061638,24458.14370061638,nan,,,,,,,,,,
-2.386556637025342,exhale,24459.235700616602,24458.14470061638,24458.28670061641,,,,,,,,,,
nan,pause,24459.236700616602,24459.235700616602,nan,,,,,,,,,,
3.1614139310920906,inhale,24460.087700616776,24459.236700616602,24459.61670061668,,,,,,,,,,
nan,pause,24460.088700616776,24460.087700616776,nan,,,,,,,,,,
-2.1092977081770607,exhale,24461.318700617026,24460.088700616776,24460.286700616816,,,,,,,,,,
nan,pause,24461.319700617027,24461.318700617026,nan,,,,,,,,,,
3.061428693532545,inhale,24462.150700617196,24461.319700617027,24461.616700617087,,,,,,,,,,
nan,pause,24462.151700617196,24462.150700617196,nan,,,,,,,,,,
-2.686120741449726,exhale,24463.40170061745,24462.151700617196,24462.286700617224,,,,,,,,,,
nan,pause,24463.40270061745,24463.40170061745,nan,,,,,,,,,,
2.506833194228523,inhale,24464.307700617635,24463.40270061745,24463.776700617527,,,,,,,,,,
nan,pause,24464.308700617636,24464.307700617635,nan,,,,,,,,,,
-1.5385350837914074,exhale,24465.468700617872,24464.308700617636,24464.6167006177,,,,,,,,,,
nan,pause,24465.469700617872,24465.468700617872,nan,,,,,,,,,,
2.1220526794780223,inhale,24466.38370061806,24465.469700617872,24465.786700617937,,,,,,,,,,
nan,pause,24466.38470061806,24466.38370061806,nan,,,,,,,,,,
-1.0551143233600098,exhale,24467.46370061828,24466.38470061806,24467.116700618208,,,,,,,,,,
nan,pause,24467.46470061828,24467.46370061828,nan,,,,,,,,,,
1.8529094678987756,inhale,24468.34770061846,24467.46470061828,24467.776700618342,,,,,,,,,,
nan,pause,24468.34870061846,24468.34770061846,nan,,,,,,,,,,
-1.3050971315157627,exhale,24469.48870061869,24468.34870061846,24468.616700618513,,,,,,,,,,
nan,pause,24469.48970061869,24469.48870061869,nan,,,,,,,,,,
1.6278687828126366,inhale,24470.402700618877,24469.48970061869,24469.78670061875,,,,,,,,,,
nan,pause,24470.403700618877,24470.402700618877,nan,,,,,,,,,,
-1.1050788706283814,exhale,24471.627700619127,24470.403700618877,24470.61670061892,,,,,,,,,,
nan,pause,24471.628700619127,24471.627700619127,nan,,,,,,,,,,
1.2782299268316022,inhale,24472.559700619317,24471.628700619127,24472.116700619226,,,,,,,,,,
nan,pause,24472.560700619317,24472.559700619317,nan,,,,,,,,,,
-0.9648267346071228,exhale,24473.737700619557,24472.560700619317,24473.446700619497,,,,,,,,,,
nan,pause,24473.738700619557,24473.737700619557,nan,,,,,,,,,,
1.1585803967508728,inhale,24474.674700619747,24473.738700619557,24474.4467006197,,,,,,,,,,
nan,pause,24474.675700619748,24474.674700619747,nan,,,,,,,,,,
-1.0979045586674196,exhale,24475.837700619984,24474.675700619748,24474.78670061977,,,,,,,,,,
nan,pause,24475.838700619985,24475.837700619984,nan,,,,,,,,,,
1.1943074099787108,inhale,24476.728700620166,24475.838700619985,24476.276700620074,,,,,,,,,,
nan,pause,24476.729700620166,24476.728700620166,nan,,,,,,,,,,
-1.061165410554064,exhale,24477.8737006204,24476.729700620166,24476.94670062021,,,,,,,,,,
nan,pause,24477.8747006204,24477.8737006204,nan,,,,,,,,,,
1.0933369344013322,inhale,24478.698700620567,24477.8747006204,24478.446700620516,,,,,,,,,,
nan,pause,24478.699700620567,24478.698700620567,nan,,,,,,,,,,
-0.80466890923956,exhale,24479.99270062083,24478.699700620567,24478.786700620585,,,,,,,,,,
nan,pause,24479.99370062083,24479.99270062083,nan,,,,,,,,,,
0.8446656159317073,inhale,24480.849700621005,24479.99370062083,24480.28670062089,,,,,,,,,,
nan,pause,24480.850700621006,24480.849700621005,nan,,,,,,,,,,
-0.9210162631276069,exhale,24482.040700621248,24480.850700621006,24480.956700621027,,,,,,,,,,
nan,pause,24482.04170062125,24482.040700621248,nan,,,,,,,,,,
1.6783228143098594,inhale,24482.852700621414,24482.04170062125,24482.616700621365,,,,,,,,,,
nan,pause,24482.853700621414,24482.852700621414,nan,,,,,,,,,,
-1.6549615990500621,exhale,24484.339700621716,24482.853700621414,24483.116700621467,,,,,,,,,,
nan,pause,24484.340700621717,24484.339700621716,nan,,,,,,,,,,
3.1616386870971924,inhale,24485.178700621887,24484.340700621717,24484.616700621773,,,,,,,,,,
nan,pause,24485.83770062202,24485.178700621887,nan,,,,,,,,,,
-3.653318720916148,exhale,24487.374700622335,24485.83770062202,24487.276700622315,,,,,,,,,,
nan,pause,24487.375700622335,24487.374700622335,nan,,,,,,,,,,
6.7362342463791975,inhale,24488.254700622514,24487.375700622335,24487.78670062242,,,,,,,,,,
nan,pause,24488.255700622514,24488.254700622514,nan,,,,,,,,,,
-7.542585958608814,exhale,24489.716700622812,24488.255700622514,24488.446700622553,,,,,,,,,,
nan,pause,24489.717700622812,24489.716700622812,nan,,,,,,,,,,
12.93815022351227,inhale,24490.627700622998,24489.717700622812,24489.95670062286,,,,,,,,,,
nan,pause,24490.628700622998,24490.627700622998,nan,,,,,,,,,,
-5.951897364304413,exhale,24492.6107006234,24490.628700622998,24490.78670062303,,,,,,,,,,
nan,pause,24492.6117006234,24492.6107006234,nan,,,,,,,,,,
11.90162466125062,inhale,24493.49470062358,24492.6117006234,24492.956700623472,,,,,,,,,,
nan,pause,24493.49570062358,24493.49470062358,nan,,,,,,,,,,
-7.821523427907531,exhale,24495.323700623954,24493.49570062358,24493.616700623606,,,,,,,,,,
nan,pause,24495.324700623954,24495.323700623954,nan,,,,,,,,,,
13.362786348440029,inhale,24496.197700624132,24495.324700623954,24495.776700624046,,,,,,,,,,
nan,pause,24496.198700624132,24496.197700624132,nan,,,,,,,,,,
-9.821896810384905,exhale,24497.770700624453,24496.198700624132,24496.446700624183,,,,,,,,,,
nan,pause,24497.771700624453,24497.770700624453,nan,,,,,,,,,,
13.178455453199891,inhale,24498.660700624634,24497.771700624453,24498.116700624523,,,,,,,,,,
nan,pause,24498.661700624634,24498.660700624634,nan,,,,,,,,,,
-7.676984503669511,exhale,24500.373700624983,24498.661700624634,24498.78670062466,,,,,,,,,,
nan,pause,24500.374700624983,24500.373700624983,nan,,,,,,,,,,
13.640454869816294,inhale,24501.276700625167,24500.374700624983,24500.786700625067,,,,,,,,,,
nan,pause,24501.277700625167,24501.276700625167,nan,,,,,,,,,,
-8.48599360306878,exhale,24502.81870062548,24501.277700625167,24501.456700625204,,,,,,,,,,
nan,pause,24502.81970062548,24502.81870062548,nan,,,,,,,,,,
15.09518667778829,inhale,24503.668700625654,24502.81970062548,24503.116700625542,,,,,,,,,,
nan,pause,24503.669700625655,24503.668700625654,nan,,,,,,,,,,
-8.05990477616652,exhale,24505.363700626,24503.669700625655,24503.94670062571,,,,,,,,,,
nan,pause,24505.364700626,24505.363700626,nan,,,,,,,,,,
12.706423695267683,inhale,24506.325700626196,24505.364700626,24505.786700626086,,,,,,,,,,
nan,pause,24506.326700626196,24506.325700626196,nan,,,,,,,,,,
-7.069393022756583,exhale,24507.902700626517,24506.326700626196,24506.456700626222,,,,,,,,,,
nan,pause,24507.903700626517,24507.902700626517,nan,,,,,,,,,,
15.924544942825477,inhale,24508.74570062669,24507.903700626517,24508.286700626595,,,,,,,,,,
nan,pause,24508.74670062669,24508.74570062669,nan,,,,,,,,,,
-8.369651045298623,exhale,24510.197700626984,24508.74670062669,24508.95670062673,,,,,,,,,,
nan,pause,24510.198700626985,24510.197700626984,nan,,,,,,,,,,
17.26186452348773,inhale,24511.05970062716,24510.198700626985,24510.61670062707,,,,,,,,,,
nan,pause,24511.06070062716,24511.05970062716,nan,,,,,,,,,,
-10.045249683414173,exhale,24512.62670062748,24511.06070062716,24511.286700627206,,,,,,,,,,
nan,pause,24512.62770062748,24512.62670062748,nan,,,,,,,,,,
16.532809105924585,inhale,24513.488700627655,24512.62770062748,24512.956700627547,,,,,,,,,,
nan,pause,24513.489700627655,24513.488700627655,nan,,,,,,,,,,
-12.5045912744951,exhale,24515.13170062799,24513.489700627655,24513.61670062768,,,,,,,,,,
nan,pause,24515.13270062799,24515.13170062799,nan,,,,,,,,,,
10.371213198054697,inhale,24516.085700628184,24515.13270062799,24515.456700628056,,,,,,,,,,
nan,pause,24516.086700628184,24516.085700628184,nan,,,,,,,,,,
-6.363241407876393,exhale,24517.757700628525,24516.086700628184,24516.286700628225,,,,,,,,,,
nan,pause,24517.758700628525,24517.757700628525,nan,,,,,,,,,,
14.161932937235324,inhale,24518.605700628697,24517.758700628525,24518.116700628598,,,,,,,,,,
nan,pause,24518.606700628698,24518.605700628697,nan,,,,,,,,,,
-11.501958946585725,exhale,24520.227700629028,24518.606700628698,24518.786700628734,,,,,,,,,,
nan,pause,24520.228700629028,24520.227700629028,nan,,,,,,,,,,
6.07939866901302,inhale,24521.02670062919,24520.228700629028,24520.78670062914,,,,,,,,,,
nan,pause,24521.02770062919,24521.02670062919,nan,,,,,,,,,,
-10.108878550788454,exhale,24522.30670062945,24521.02770062919,24521.27670062924,,,,,,,,,,
nan,pause,24522.30770062945,24522.30670062945,nan,,,,,,,,,,
6.4273612841454995,inhale,24523.353700629665,24522.30770062945,24522.956700629584,,,,,,,,,,
nan,pause,24523.354700629665,24523.353700629665,nan,,,,,,,,,,
-5.304565802591413,exhale,24524.963700629993,24523.354700629665,24523.61670062972,,,,,,,,,,
nan,pause,24524.964700629993,24524.963700629993,nan,,,,,,,,,,
11.9949265739988,inhale,24525.868700630177,24524.964700629993,24525.44670063009,,,,,,,,,,
nan,pause,24525.869700630177,24525.868700630177,nan,,,,,,,,,,
-5.454552230490799,exhale,24527.527700630515,24525.869700630177,24526.116700630228,,,,,,,,,,
nan,pause,24527.528700630515,24527.527700630515,nan,,,,,,,,,,
13.770706764451365,inhale,24528.37870063069,24527.528700630515,24527.956700630602,,,,,,,,,,
nan,pause,24528.37970063069,24528.37870063069,nan,,,,,,,,,,
-9.621216758911716,exhale,24529.941700631007,24528.37970063069,24528.616700630737,,,,,,,,,,
nan,pause,24529.942700631007,24529.941700631007,nan,,,,,,,,,,
16.73252738633835,inhale,24530.75070063117,24529.942700631007,24530.286700631077,,,,,,,,,,
nan,pause,24530.751700631172,24530.75070063117,nan,,,,,,,,,,
-8.650978464441934,exhale,24532.30870063149,24530.751700631172,24530.94670063121,,,,,,,,,,
nan,pause,24532.30970063149,24532.30870063149,nan,,,,,,,,,,
23.81201939434406,inhale,24533.158700631662,24532.30970063149,24532.61670063155,,,,,,,,,,
nan,pause,24533.159700631662,24533.158700631662,nan,,,,,,,,,,
-9.469844271541966,exhale,24534.809700632,24533.159700631662,24533.28670063169,,,,,,,,,,
nan,pause,24534.810700632,24534.809700632,nan,,,,,,,,,,
23.578725722226352,inhale,24535.713700632183,24534.810700632,24535.11670063206,,,,,,,,,,
nan,pause,24535.714700632183,24535.713700632183,nan,,,,,,,,,,
-8.63784390980614,exhale,24537.390700632524,24535.714700632183,24537.11670063247,,,,,,,,,,
nan,pause,24537.391700632525,24537.390700632524,nan,,,,,,,,,,
24.528258899112405,inhale,24538.233700632696,24537.391700632525,24537.786700632605,,,,,,,,,,
nan,pause,24538.234700632696,24538.233700632696,nan,,,,,,,,,,
-9.70169348056386,exhale,24539.87770063303,24538.234700632696,24538.44670063274,,,,,,,,,,
nan,pause,24539.87870063303,24539.87770063303,nan,,,,,,,,,,
23.628790276645645,inhale,24540.723700633203,24539.87870063303,24540.11670063308,,,,,,,,,,
nan,pause,24540.724700633204,24540.723700633203,nan,,,,,,,,,,
-10.648041337969602,exhale,24542.265700633518,24540.724700633204,24540.94670063325,,,,,,,,,,
nan,pause,24542.266700633518,24542.265700633518,nan,,,,,,,,,,
21.695517826373827,inhale,24543.098700633687,24542.266700633518,24542.61670063359,,,,,,,,,,
nan,pause,24543.099700633687,24543.098700633687,nan,,,,,,,,,,
-12.616093686263076,exhale,24544.668700634007,24543.099700633687,24543.286700633726,,,,,,,,,,
nan,pause,24544.669700634007,24544.668700634007,nan,,,,,,,,,,
20.663055816586056,inhale,24545.56570063419,24544.669700634007,24544.956700634066,,,,,,,,,,
nan,pause,24545.56670063419,24545.56570063419,nan,,,,,,,,,,
-8.349971073897388,exhale,24547.271700634537,24545.56670063419,24545.786700634235,,,,,,,,,,
nan,pause,24547.272700634538,24547.271700634537,nan,,,,,,,,,,
17.962185687872275,inhale,24548.147700634716,24547.272700634538,24547.616700634608,,,,,,,,,,
nan,pause,24548.148700634716,24548.147700634716,nan,,,,,,,,,,
-8.616685519421324,exhale,24549.750700635042,24548.148700634716,24548.286700634744,,,,,,,,,,
nan,pause,24549.751700635043,24549.750700635042,nan,,,,,,,,,,
17.028881571349643,inhale,24550.598700635215,24549.751700635043,24550.116700635117,,,,,,,,,,
nan,pause,24550.599700635215,24550.598700635215,nan,,,,,,,,,,
-11.153364872003431,exhale,24552.04470063551,24550.599700635215,24550.786700635254,,,,,,,,,,
nan,pause,24552.04570063551,24552.04470063551,nan,,,,,,,,,,
16.147394980567213,inhale,24552.898700635684,24552.04570063551,24552.44670063559,,,,,,,,,,
nan,pause,24552.899700635684,24552.898700635684,nan,,,,,,,,,,
-8.704280298051414,exhale,24554.40970063599,24552.899700635684,24553.11670063573,,,,,,,,,,
nan,pause,24554.41070063599,24554.40970063599,nan,,,,,,,,,,
12.791817248094834,inhale,24555.258700636165,24554.41070063599,24554.776700636066,,,,,,,,,,
nan,pause,24555.259700636165,24555.258700636165,nan,,,,,,,,,,
-7.09845293315334,exhale,24556.721700636463,24555.259700636165,24555.456700636205,,,,,,,,,,
nan,pause,24556.722700636463,24556.721700636463,nan,,,,,,,,,,
11.194370818739499,inhale,24557.582700636638,24556.722700636463,24556.95670063651,,,,,,,,,,
nan,pause,24557.58370063664,24557.582700636638,nan,,,,,,,,,,
-5.9964804040442115,exhale,24558.986700636924,24557.58370063664,24557.78670063668,,,,,,,,,,
nan,pause,24558.987700636924,24558.986700636924,nan,,,,,,,,,,
8.835175400335551,inhale,24559.866700637103,24558.987700636924,24559.286700636985,,,,,,,,,,
nan,pause,24559.867700637104,24559.866700637103,nan,,,,,,,,,,
-5.970926536650774,exhale,24561.22970063738,24559.867700637104,24560.116700637154,,,,,,,,,,
nan,pause,24561.23070063738,24561.22970063738,nan,,,,,,,,,,
8.576324215124613,inhale,24562.215700637582,24561.23070063738,24561.456700637427,,,,,,,,,,
nan,pause,24562.216700637582,24562.215700637582,nan,,,,,,,,,,
-5.850967873254058,exhale,24563.67170063788,24562.216700637582,24562.44670063763,,,,,,,,,,
nan,pause,24563.67270063788,24563.67170063788,nan,,,,,,,,,,
5.7209891706018,inhale,24564.71170063809,24563.67270063788,24563.956700637937,,,,,,,,,,
nan,pause,24564.71270063809,24564.71170063809,nan,,,,,,,,,,
-2.500240481941296,exhale,24566.19070063839,24564.71270063809,24565.946700638342,,,,,,,,,,
nan,pause,24566.191700638392,24566.19070063839,nan,,,,,,,,,,
3.3884290607358714,inhale,24567.2047006386,24566.191700638392,24566.456700638446,,,,,,,,,,
nan,pause,24567.2057006386,24567.2047006386,nan,,,,,,,,,,
-2.303726367987341,exhale,24568.63170063889,24567.2057006386,24567.446700638648,,,,,,,,,,
nan,pause,24568.63270063889,24568.63170063889,nan,,,,,,,,,,
2.645823015788781,inhale,24569.601700639087,24568.63270063889,24569.116700638988,,,,,,,,,,
nan,pause,24569.602700639087,24569.601700639087,nan,,,,,,,,,,
-2.007608480480649,exhale,24571.060700639384,24569.602700639087,24569.786700639124,,,,,,,,,,
nan,pause,24571.061700639384,24571.060700639384,nan,,,,,,,,,,
1.8958445619434532,inhale,24572.090700639594,24571.061700639384,24571.616700639497,,,,,,,,,,
nan,pause,24572.091700639594,24572.090700639594,nan,,,,,,,,,,
-1.329044686446761,exhale,24573.379700639856,24572.091700639594,24572.286700639634,,,,,,,,,,
nan,pause,24573.380700639857,24573.379700639856,nan,,,,,,,,,,
1.5578504563655486,inhale,24574.406700640066,24573.380700639857,24573.946700639972,,,,,,,,,,
nan,pause,24574.407700640066,24574.406700640066,nan,,,,,,,,,,
-1.6708177423450157,exhale,24575.678700640325,24574.407700640066,24574.61670064011,,,,,,,,,,
nan,pause,24575.679700640325,24575.678700640325,nan,,,,,,,,,,
1.160510581108606,inhale,24576.918700640577,24575.679700640325,24576.276700640447,,,,,,,,,,
nan,pause,24577.47770064069,24576.918700640577,nan,,,,,,,,,,
0.5291994583652,inhale,24577.87270064077,24577.47770064069,24577.61670064072,,,,,,,,,,
nan,pause,24584.824700642188,24577.87270064077,nan,,,,,,,,,,
0.3272981526771275,inhale,24586.26270064248,24584.824700642188,24585.776700642382,,,,,,,,,,
nan,pause,24586.293700642487,24586.26270064248,nan,,,,,,,,,,
1.3741741692955118,inhale,24587.407700642714,24586.293700642487,24587.28670064269,,,,,,,,,,
nan,pause,24587.408700642714,24587.407700642714,nan,,,,,,,,,,
-1.1706977500310896,exhale,24588.040700642843,24587.408700642714,24587.616700642757,,,,,,,,,,
nan,pause,24589.64070064317,24588.040700642843,nan,,,,,,,,,,
0.3269354691063619,inhale,24590.008700643244,24589.64070064317,24589.7867006432,,,,,,,,,,
nan,pause,24590.009700643244,24590.008700643244,nan,,,,,,,,,,
-0.38737476249235586,exhale,24590.220700643287,24590.009700643244,24590.116700643266,,,,,,,,,,
nan,pause,24590.221700643287,24590.220700643287,nan,,,,,,,,,,
0.3437100768425836,inhale,24590.593700643363,24590.221700643287,24590.446700643333,,,,,,,,,,
nan,pause,24590.68470064338,24590.593700643363,nan,,,,,,,,,,
0.8626203994407041,inhale,24591.2727006435,24590.68470064338,24591.11670064347,,,,,,,,,,
nan,pause,24597.817700644835,24591.2727006435,nan,,,,,,,,,,
0.9961125982301091,inhale,24601.22470064553,24597.817700644835,24600.616700645405,,,,,,,,,,
nan,pause,24601.22570064553,24601.22470064553,nan,,,,,,,,,,
-0.3144578831115067,exhale,24601.51770064559,24601.22570064553,24601.28670064554,,,,,,,,,,
nan,pause,24602.620700645813,24601.51770064559,nan,,,,,,,,,,
0.9947950390842146,inhale,24603.543700646,24602.620700645813,24602.956700645882,,,,,,,,,,
nan,pause,24603.544700646,24603.543700646,nan,,,,,,,,,,
-0.3705516682425565,exhale,24603.88370064607,24603.544700646,24603.616700646016,,,,,,,,,,
nan,pause,24603.88470064607,24603.88370064607,nan,,,,,,,,,,
1.1794529071551003,inhale,24605.88370064648,24603.88470064607,24605.116700646322,,,,,,,,,,
nan,pause,24605.88470064648,24605.88370064648,nan,,,,,,,,,,
-0.43976620939727407,exhale,24606.37570064658,24605.88470064648,24605.956700646493,,,,,,,,,,
nan,pause,24606.37670064658,24606.37570064658,nan,,,,,,,,,,
1.1627811873397067,inhale,24608.363700646983,24606.37670064658,24608.116700646933,,,,,,,,,,
nan,pause,24608.364700646984,24608.363700646983,nan,,,,,,,,,,
-0.6331921134829015,exhale,24609.702700647256,24608.364700646984,24608.456700647002,,,,,,,,,,
nan,pause,24609.703700647256,24609.702700647256,nan,,,,,,,,,,
1.196202256192244,inhale,24610.80070064748,24609.703700647256,24610.11670064734,,,,,,,,,,
nan,pause,24610.80170064748,24610.80070064748,nan,,,,,,,,,,
-0.7784782024055744,exhale,24612.004700647725,24610.80170064748,24610.95670064751,,,,,,,,,,
nan,pause,24612.005700647725,24612.004700647725,nan,,,,,,,,,,
1.34588294657145,inhale,24613.037700647936,24612.005700647725,24612.286700647783,,,,,,,,,,
nan,pause,24613.038700647936,24613.037700647936,nan,,,,,,,,,,
-0.7537686299893254,exhale,24614.22870064818,24613.038700647936,24613.126700647954,,,,,,,,,,
nan,pause,24614.22970064818,24614.22870064818,nan,,,,,,,,,,
1.5128428934155318,inhale,24615.21170064838,24614.22970064818,24614.616700648257,,,,,,,,,,
nan,pause,24615.21270064838,24615.21170064838,nan,,,,,,,,,,
-0.9828554054949098,exhale,24616.384700648618,24615.21270064838,24615.446700648426,,,,,,,,,,
nan,pause,24616.385700648618,24616.384700648618,nan,,,,,,,,,,
1.476845828372512,inhale,24617.401700648825,24616.385700648618,24616.7867006487,,,,,,,,,,
nan,pause,24617.402700648825,24617.401700648825,nan,,,,,,,,,,
-0.8871238149741798,exhale,24618.679700649085,24617.402700648825,24617.61670064887,,,,,,,,,,
nan,pause,24618.680700649085,24618.679700649085,nan,,,,,,,,,,
1.512884723855975,inhale,24619.719700649297,24618.680700649085,24619.116700649174,,,,,,,,,,
nan,pause,24619.720700649297,24619.719700649297,nan,,,,,,,,,,
-0.9783952000220504,exhale,24621.00870064956,24619.720700649297,24619.956700649345,,,,,,,,,,
nan,pause,24621.00970064956,24621.00870064956,nan,,,,,,,,,,
1.37892730941333,inhale,24622.057700649773,24621.00970064956,24621.286700649616,,,,,,,,,,
nan,pause,24622.058700649774,24622.057700649773,nan,,,,,,,,,,
-0.9669835046129386,exhale,24623.335700650034,24622.058700649774,24622.28670064982,,,,,,,,,,
nan,pause,24623.336700650034,24623.335700650034,nan,,,,,,,,,,
1.8129233894634338,inhale,24624.323700650235,24623.336700650034,24623.61670065009,,,,,,,,,,
nan,pause,24624.324700650235,24624.323700650235,nan,,,,,,,,,,
-1.0020095383601477,exhale,24625.515700650478,24624.324700650235,24624.946700650362,,,,,,,,,,
nan,pause,24625.516700650478,24625.515700650478,nan,,,,,,,,,,
2.137847517000602,inhale,24626.543700650687,24625.516700650478,24625.786700650533,,,,,,,,,,
nan,pause,24626.544700650687,24626.543700650687,nan,,,,,,,,,,
-1.1135433929410279,exhale,24627.906700650965,24626.544700650687,24626.786700650737,,,,,,,,,,
nan,pause,24627.907700650965,24627.906700650965,nan,,,,,,,,,,
1.8296633210581092,inhale,24628.92070065117,24627.907700650965,24628.116700651008,,,,,,,,,,
nan,pause,24628.92170065117,24628.92070065117,nan,,,,,,,,,,
-1.0310783018100897,exhale,24630.559700651505,24628.92170065117,24629.44670065128,,,,,,,,,,
nan,pause,24630.560700651506,24630.559700651505,nan,,,,,,,,,,
0.64605355730505,inhale,24631.75670065175,24630.560700651506,24630.78670065155,,,,,,,,,,
nan,pause,24631.75770065175,24631.75670065175,nan,,,,,,,,,,
-0.5117160970147763,exhale,24632.583700651918,24631.75770065175,24631.946700651788,,,,,,,,,,
nan,pause,24633.997700652206,24632.583700651918,nan,,,,,,,,,,
-0.37026845711000567,exhale,24634.202700652248,24633.997700652206,24634.11670065223,,,,,,,,,,
nan,pause,24634.203700652248,24634.202700652248,nan,,,,,,,,,,
0.6797313145242624,inhale,24635.4487006525,24634.203700652248,24635.116700652434,,,,,,,,,,
nan,pause,24636.96770065281,24635.4487006525,nan,,,,,,,,,,
1.1797463440072908,inhale,24638.18270065306,24636.96770065281,24637.11670065284,,,,,,,,,,
nan,pause,24638.18370065306,24638.18270065306,nan,,,,,,,,,,
-2.1555782300103195,exhale,24638.610700653146,24638.18370065306,24638.446700653112,,,,,,,,,,
nan,pause,24639.12570065325,24638.610700653146,nan,,,,,,,,,,
0.6671920421782936,inhale,24639.673700653362,24639.12570065325,24639.286700653283,,,,,,,,,,
nan,pause,24641.117700653656,24639.673700653362,nan,,,,,,,,,,
0.7121025465791968,inhale,24642.086700653854,24641.117700653656,24641.446700653723,,,,,,,,,,
nan,pause,24642.087700653854,24642.086700653854,nan,,,,,,,,,,
-0.30180040303372946,exhale,24643.39670065412,24642.087700653854,24642.286700653895,,,,,,,,,,
nan,pause,24643.39770065412,24643.39670065412,nan,,,,,,,,,,
1.463107538295622,inhale,24644.400700654325,24643.39770065412,24643.616700654165,,,,,,,,,,
nan,pause,24644.401700654325,24644.400700654325,nan,,,,,,,,,,
-0.7177913811695181,exhale,24645.714700654593,24644.401700654325,24645.286700654506,,,,,,,,,,
nan,pause,24645.715700654593,24645.714700654593,nan,,,,,,,,,,
2.047055780097724,inhale,24646.7317006548,24645.715700654593,24645.956700654642,,,,,,,,,,
nan,pause,24646.7327006548,24646.7317006548,nan,,,,,,,,,,
-1.0274749215102545,exhale,24648.138700655087,24646.7327006548,24646.956700654846,,,,,,,,,,
nan,pause,24648.139700655087,24648.138700655087,nan,,,,,,,,,,
1.805236493229506,inhale,24649.1837006553,24648.139700655087,24648.44670065515,,,,,,,,,,
nan,pause,24649.1847006553,24649.1837006553,nan,,,,,,,,,,
-1.0868262732337424,exhale,24650.495700655567,24649.1847006553,24650.11670065549,,,,,,,,,,
nan,pause,24650.496700655567,24650.495700655567,nan,,,,,,,,,,
2.0856973968873946,inhale,24651.511700655774,24650.496700655567,24650.786700655626,,,,,,,,,,
nan,pause,24651.512700655774,24651.511700655774,nan,,,,,,,,,,
-0.9851107509699634,exhale,24652.876700656052,24651.512700655774,24651.78670065583,,,,,,,,,,
nan,pause,24652.877700656052,24652.876700656052,nan,,,,,,,,,,
2.0631922756205374,inhale,24653.89770065626,24652.877700656052,24653.1167006561,,,,,,,,,,
nan,pause,24653.89870065626,24653.89770065626,nan,,,,,,,,,,
-1.15338456817983,exhale,24655.294700656545,24653.89870065626,24654.116700656305,,,,,,,,,,
nan,pause,24655.295700656545,24655.294700656545,nan,,,,,,,,,,
1.7966187990427582,inhale,24656.171700656723,24655.295700656545,24655.61670065661,,,,,,,,,,
nan,pause,24656.172700656723,24656.171700656723,nan,,,,,,,,,,
-0.5765706686215846,exhale,24656.93670065688,24656.172700656723,24656.286700656747,,,,,,,,,,
nan,pause,24657.614700657017,24656.93670065688,nan,,,,,,,,,,
-0.5417982035394056,exhale,24657.945700657085,24657.614700657017,24657.786700657052,,,,,,,,,,
nan,pause,24658.40570065718,24657.945700657085,nan,,,,,,,,,,
1.2796512103797055,inhale,24659.114700657323,24658.40570065718,24658.786700657256,,,,,,,,,,
nan,pause,24659.773700657457,24659.114700657323,nan,,,,,,,,,,
-0.8033283258331207,exhale,24660.949700657697,24659.773700657457,24660.116700657527,,,,,,,,,,
nan,pause,24659.773700657457,24660.949700657697,nan,,,,,,,,,,
-1.0315706017891284,exhale,24660.949700657697,24659.773700657457,24660.786700657663,,,,,,,,,,
nan,pause,24661.338700657776,24660.949700657697,nan,,,,,,,,,,
1.0132742421987937,inhale,24662.63770065804,24661.338700657776,24661.616700657833,,,,,,,,,,
nan,pause,24662.63870065804,24662.63770065804,nan,,,,,,,,,,
-0.8785507070509124,exhale,24664.09970065834,24662.63870065804,24662.78670065807,,,,,,,,,,
nan,pause,24662.63870065804,24664.09970065834,nan,,,,,,,,,,
-0.4033019469811961,exhale,24664.09970065834,24662.63870065804,24663.61670065824,,,,,,,,,,
nan,pause,24666.691700658866,24664.09970065834,nan,,,,,,,,,,
-1.639277450852182,exhale,24667.083700658946,24666.691700658866,24666.94670065892,,,,,,,,,,
nan,pause,24667.084700658947,24667.083700658946,nan,,,,,,,,,,
0.3967197986581424,inhale,24667.268700658984,24667.084700658947,24667.116700658953,,,,,,,,,,
nan,pause,24667.375700659006,24667.268700658984,nan,,,,,,,,,,
0.4280535297295838,inhale,24667.93670065912,24667.375700659006,24667.776700659088,,,,,,,,,,
nan,pause,24669.833700659507,24667.93670065912,nan,,,,,,,,,,
0.35312636887067106,inhale,24670.09470065956,24669.833700659507,24669.94670065953,,,,,,,,,,
nan,pause,24670.25070065959,24670.09470065956,nan,,,,,,,,,,
0.4528245462486931,inhale,24670.93270065973,24670.25070065959,24670.7867006597,,,,,,,,,,
nan,pause,24685.029700662602,24670.93270065973,nan,,,,,,,,,,
-1.153181964381697,exhale,24685.40370066268,24685.029700662602,24685.286700662655,,,,,,,,,,
nan,pause,24685.40470066268,24685.40370066268,nan,,,,,,,,,,
0.42813896957195346,inhale,24685.60870066272,24685.40470066268,24685.45670066269,,,,,,,,,,
nan,pause,24685.682700662735,24685.60870066272,nan,,,,,,,,,,
0.5468983204239046,inhale,24686.256700662852,24685.682700662735,24686.116700662824,,,,,,,,,,
nan,pause,24691.54170066393,24686.256700662852,nan,,,,,,,,,,
-2.9507242151306055,exhale,24691.93170066401,24691.54170066393,24691.78670066398,,,,,,,,,,
nan,pause,24691.93270066401,24691.93170066401,nan,,,,,,,,,,
0.35016104935724723,inhale,24692.441700664112,24691.93270066401,24691.956700664014,,,,,,,,,,
nan,pause,24692.447700664114,24692.441700664112,nan,,,,,,,,,,
0.7135562697710559,inhale,24692.758700664177,24692.447700664114,24692.616700664148,,,,,,,,,,
nan,pause,24696.798700665,24692.758700664177,nan,,,,,,,,,,
1.575024899203307,inhale,24697.602700665164,24696.798700665,24697.276700665097,,,,,,,,,,
nan,pause,24699.174700665484,24697.602700665164,nan,,,,,,,,,,
4.241872019862949,inhale,24700.08070066567,24699.174700665484,24699.78670066561,,,,,,,,,,
nan,pause,24700.08170066567,24700.08070066567,nan,,,,,,,,,,
-0.8696523230584312,exhale,24700.87470066583,24700.08170066567,24700.116700665676,,,,,,,,,,
nan,pause,24701.95370066605,24700.87470066583,nan,,,,,,,,,,
-1.0818671426982462,exhale,24702.629700666188,24701.95370066605,24702.286700666118,,,,,,,,,,
nan,pause,24702.63070066619,24702.629700666188,nan,,,,,,,,,,
3.9115553032138557,inhale,24703.744700666415,24702.63070066619,24703.456700666356,,,,,,,,,,
nan,pause,24703.745700666415,24703.744700666415,nan,,,,,,,,,,
-1.0340167921479235,exhale,24704.567700666583,24703.745700666415,24703.946700666456,,,,,,,,,,
nan,pause,24704.568700666583,24704.567700666583,nan,,,,,,,,,,
0.33036857370589084,inhale,24704.74870066662,24704.568700666583,24704.616700666593,,,,,,,,,,
nan,pause,24704.906700666652,24704.74870066662,nan,,,,,,,,,,
0.894301365634141,inhale,24705.44270066676,24704.906700666652,24705.28670066673,,,,,,,,,,
nan,pause,24706.784700667034,24705.44270066676,nan,,,,,,,,,,
5.411913340563348,inhale,24707.74170066723,24706.784700667034,24707.44670066717,,,,,,,,,,
nan,pause,24707.74270066723,24707.74170066723,nan,,,,,,,,,,
-0.9988156697430588,exhale,24709.424700667572,24707.74270066723,24707.78670066724,,,,,,,,,,
nan,pause,24707.74270066723,24709.424700667572,nan,,,,,,,,,,
-0.4682463387768081,exhale,24709.424700667572,24707.74270066723,24708.956700667477,,,,,,,,,,
nan,pause,24709.425700667573,24709.424700667572,nan,,,,,,,,,,
5.043592182759125,inhale,24710.28970066775,24709.425700667573,24709.94670066768,,,,,,,,,,
nan,pause,24710.29070066775,24710.28970066775,nan,,,,,,,,,,
-1.0255507665683798,exhale,24711.831700668063,24710.29070066775,24710.456700667783,,,,,,,,,,
nan,pause,24711.832700668063,24711.831700668063,nan,,,,,,,,,,
6.467865209382178,inhale,24712.679700668235,24711.832700668063,24712.286700668155,,,,,,,,,,
nan,pause,24712.680700668236,24712.679700668235,nan,,,,,,,,,,
-1.6760495785410496,exhale,24714.164700668538,24712.680700668236,24712.786700668257,,,,,,,,,,
nan,pause,24714.16570066854,24714.164700668538,nan,,,,,,,,,,
7.630446151281095,inhale,24715.05270066872,24714.16570066854,24714.61670066863,,,,,,,,,,
nan,pause,24715.05370066872,24715.05270066872,nan,,,,,,,,,,
-2.486207054236666,exhale,24716.520700669018,24715.05370066872,24715.116700668732,,,,,,,,,,
nan,pause,24716.521700669018,24716.520700669018,nan,,,,,,,,,,
9.735806406844096,inhale,24717.37170066919,24716.521700669018,24716.946700669105,,,,,,,,,,
nan,pause,24717.37270066919,24717.37170066919,nan,,,,,,,,,,
-3.486628758680925,exhale,24719.056700669535,24717.37270066919,24717.45670066921,,,,,,,,,,
nan,pause,24719.057700669535,24719.056700669535,nan,,,,,,,,,,
8.347183753651443,inhale,24719.903700669707,24719.057700669535,24719.61670066965,,,,,,,,,,
nan,pause,24719.904700669707,24719.903700669707,nan,,,,,,,,,,
-3.969454402635365,exhale,24721.368700670006,24719.904700669707,24720.11670066975,,,,,,,,,,
nan,pause,24721.891700670112,24721.368700670006,nan,,,,,,,,,,
4.983367611672198,inhale,24723.15270067037,24721.891700670112,24722.946700670327,,,,,,,,,,
nan,pause,24723.15370067037,24723.15270067037,nan,,,,,,,,,,
-3.941912787756013,exhale,24724.73070067069,24723.15370067037,24723.286700670396,,,,,,,,,,
nan,pause,24724.73170067069,24724.73070067069,nan,,,,,,,,,,
6.757260662019699,inhale,24725.71570067089,24724.73170067069,24725.446700670836,,,,,,,,,,
nan,pause,24725.71670067089,24725.71570067089,nan,,,,,,,,,,
-4.121266591981341,exhale,24727.2227006712,24725.71670067089,24725.94670067094,,,,,,,,,,
nan,pause,24727.2237006712,24727.2227006712,nan,,,,,,,,,,
9.8195552504213,inhale,24728.124700671382,24727.2237006712,24727.77670067131,,,,,,,,,,
nan,pause,24728.125700671382,24728.124700671382,nan,,,,,,,,,,
-6.4404867559364956,exhale,24729.797700671723,24728.125700671382,24728.286700671415,,,,,,,,,,
nan,pause,24729.798700671723,24729.797700671723,nan,,,,,,,,,,
10.884390516635156,inhale,24730.692700671905,24729.798700671723,24730.286700671822,,,,,,,,,,
nan,pause,24730.693700671905,24730.692700671905,nan,,,,,,,,,,
-6.539462934368265,exhale,24732.648700672304,24730.693700671905,24730.786700671924,,,,,,,,,,
nan,pause,24732.649700672304,24732.648700672304,nan,,,,,,,,,,
10.148718260401674,inhale,24733.586700672495,24732.649700672304,24733.286700672434,,,,,,,,,,
nan,pause,24733.587700672495,24733.586700672495,nan,,,,,,,,,,
-3.9074959393377937,exhale,24735.38670067286,24733.587700672495,24733.786700672536,,,,,,,,,,
nan,pause,24735.38770067286,24735.38670067286,nan,,,,,,,,,,
10.96392676765968,inhale,24736.385700673065,24735.38770067286,24736.11670067301,,,,,,,,,,
nan,pause,24736.386700673065,24736.385700673065,nan,,,,,,,,,,
-6.186001122069242,exhale,24738.28170067345,24736.386700673065,24736.616700673112,,,,,,,,,,
nan,pause,24738.28270067345,24738.28170067345,nan,,,,,,,,,,
10.058551604762943,inhale,24739.26170067365,24738.28270067345,24738.786700673554,,,,,,,,,,
nan,pause,24739.26270067365,24739.26170067365,nan,,,,,,,,,,
-5.079583527715802,exhale,24741.02970067401,24739.26270067365,24739.45670067369,,,,,,,,,,
nan,pause,24741.03070067401,24741.02970067401,nan,,,,,,,,,,
11.146849495927794,inhale,24742.00370067421,24741.03070067401,24741.776700674163,,,,,,,,,,
nan,pause,24742.00470067421,24742.00370067421,nan,,,,,,,,,,
-9.185918965039274,exhale,24743.714700674558,24742.00470067421,24742.116700674233,,,,,,,,,,
nan,pause,24743.71570067456,24743.714700674558,nan,,,,,,,,,,
11.547430587055036,inhale,24744.643700674747,24743.71570067456,24744.11670067464,,,,,,,,,,
nan,pause,24744.644700674748,24744.643700674747,nan,,,,,,,,,,
-6.901895190012207,exhale,24746.286700675082,24744.644700674748,24744.786700674777,,,,,,,,,,
nan,pause,24746.287700675082,24746.286700675082,nan,,,,,,,,,,
12.380740073130044,inhale,24747.183700675265,24746.287700675082,24746.61670067515,,,,,,,,,,
nan,pause,24747.184700675265,24747.183700675265,nan,,,,,,,,,,
-8.436211735803619,exhale,24748.789700675592,24747.184700675265,24747.44670067532,,,,,,,,,,
nan,pause,24748.790700675592,24748.789700675592,nan,,,,,,,,,,
17.014032869673,inhale,24749.776700675793,24748.790700675592,24749.11670067566,,,,,,,,,,
nan,pause,24750.119700675863,24749.776700675793,nan,,,,,,,,,,
1.4474858795504428,inhale,24751.002700676043,24750.119700675863,24750.616700675964,,,,,,,,,,
nan,pause,24751.003700676043,24751.002700676043,nan,,,,,,,,,,
-7.669711992873373,exhale,24752.198700676287,24751.003700676043,24751.946700676235,,,,,,,,,,
nan,pause,24752.199700676287,24752.198700676287,nan,,,,,,,,,,
15.894870792781356,inhale,24753.112700676473,24752.199700676287,24752.45670067634,,,,,,,,,,
nan,pause,24753.113700676473,24753.112700676473,nan,,,,,,,,,,
-6.126316801503963,exhale,24754.778700676812,24753.113700676473,24753.28670067651,,,,,,,,,,
nan,pause,24754.779700676812,24754.778700676812,nan,,,,,,,,,,
12.020463521566725,inhale,24755.60870067698,24754.779700676812,24755.276700676914,,,,,,,,,,
nan,pause,24755.60970067698,24755.60870067698,nan,,,,,,,,,,
-5.691953691614619,exhale,24757.297700677325,24755.60970067698,24755.786700677018,,,,,,,,,,
nan,pause,24757.298700677326,24757.297700677325,nan,,,,,,,,,,
8.55162032762379,inhale,24758.193700677508,24757.298700677326,24757.776700677423,,,,,,,,,,
nan,pause,24758.194700677508,24758.193700677508,nan,,,,,,,,,,
-4.6184563361411195,exhale,24759.67970067781,24758.194700677508,24758.44670067756,,,,,,,,,,
nan,pause,24759.68070067781,24759.67970067781,nan,,,,,,,,,,
9.165034985794007,inhale,24760.545700677987,24759.68070067781,24760.276700677932,,,,,,,,,,
nan,pause,24760.546700677987,24760.545700677987,nan,,,,,,,,,,
-5.348823952461267,exhale,24761.98470067828,24760.546700677987,24760.776700678034,,,,,,,,,,
nan,pause,24761.98570067828,24761.98470067828,nan,,,,,,,,,,
9.771766289272243,inhale,24762.86270067846,24761.98570067828,24762.28670067834,,,,,,,,,,
nan,pause,24762.86370067846,24762.86270067846,nan,,,,,,,,,,
-6.0523609855146585,exhale,24764.33870067876,24762.86370067846,24763.11670067851,,,,,,,,,,
nan,pause,24764.33970067876,24764.33870067876,nan,,,,,,,,,,
2.8809248670464207,inhale,24765.348700678966,24764.33970067876,24765.11670067892,,,,,,,,,,
nan,pause,24765.349700678966,24765.348700678966,nan,,,,,,,,,,
-2.786285394991921,exhale,24766.69370067924,24765.349700678966,24765.456700678988,,,,,,,,,,
nan,pause,24766.69470067924,24766.69370067924,nan,,,,,,,,,,
4.697648879917866,inhale,24767.57170067942,24766.69470067924,24767.116700679326,,,,,,,,,,
nan,pause,24767.57270067942,24767.57170067942,nan,,,,,,,,,,
-3.7224236858239026,exhale,24768.979700679705,24767.57270067942,24767.786700679462,,,,,,,,,,
nan,pause,24768.980700679705,24768.979700679705,nan,,,,,,,,,,
4.573831512719175,inhale,24769.871700679887,24768.980700679705,24769.286700679768,,,,,,,,,,
nan,pause,24769.872700679887,24769.871700679887,nan,,,,,,,,,,
-2.9857097706782265,exhale,24771.247700680167,24769.872700679887,24770.116700679937,,,,,,,,,,
nan,pause,24771.248700680168,24771.247700680167,nan,,,,,,,,,,
4.997682130610116,inhale,24772.071700680335,24771.248700680168,24771.616700680243,,,,,,,,,,
nan,pause,24772.072700680335,24772.071700680335,nan,,,,,,,,,,
-2.982920818935348,exhale,24773.392700680604,24772.072700680335,24772.28670068038,,,,,,,,,,
nan,pause,24773.393700680605,24773.392700680604,nan,,,,,,,,,,
4.130333692096517,inhale,24774.243700680778,24773.393700680605,24773.786700680685,,,,,,,,,,
nan,pause,24774.244700680778,24774.243700680778,nan,,,,,,,,,,
-3.7087364325562335,exhale,24775.645700681063,24774.244700680778,24774.45670068082,,,,,,,,,,
nan,pause,24775.646700681064,24775.645700681063,nan,,,,,,,,,,
3.531028942440717,inhale,24776.549700681247,24775.646700681064,24776.11670068116,,,,,,,,,,
nan,pause,24776.550700681248,24776.549700681247,nan,,,,,,,,,,
-2.218319314488585,exhale,24777.89170068152,24776.550700681248,24776.786700681296,,,,,,,,,,
nan,pause,24777.89270068152,24777.89170068152,nan,,,,,,,,,,
2.797073151912437,inhale,24778.831700681712,24777.89270068152,24778.2867006816,,,,,,,,,,
nan,pause,24778.832700681713,24778.831700681712,nan,,,,,,,,,,
-1.6968811752509614,exhale,24780.09670068197,24778.832700681713,24778.956700681738,,,,,,,,,,
nan,pause,24780.09770068197,24780.09670068197,nan,,,,,,,,,,
1.8143741190248879,inhale,24781.008700682156,24780.09770068197,24780.616700682076,,,,,,,,,,
nan,pause,24781.009700682156,24781.008700682156,nan,,,,,,,,,,
-1.4022104203991106,exhale,24782.2157006824,24781.009700682156,24781.116700682178,,,,,,,,,,
nan,pause,24782.216700682402,24782.2157006824,nan,,,,,,,,,,
1.7643918606419122,inhale,24783.08570068258,24782.216700682402,24782.616700682483,,,,,,,,,,
nan,pause,24783.08670068258,24783.08570068258,nan,,,,,,,,,,
-1.3770986901041642,exhale,24784.31270068283,24783.08670068258,24783.28670068262,,,,,,,,,,
nan,pause,24784.31370068283,24784.31270068283,nan,,,,,,,,,,
3.087095735641549,inhale,24785.408700683052,24784.31370068283,24784.95670068296,,,,,,,,,,
nan,pause,24785.409700683053,24785.408700683052,nan,,,,,,,,,,
-1.2355709979981038,exhale,24786.557700683286,24785.409700683053,24785.616700683095,,,,,,,,,,
nan,pause,24786.558700683287,24786.557700683286,nan,,,,,,,,,,
1.0748625906611236,inhale,24787.70470068352,24786.558700683287,24786.946700683366,,,,,,,,,,
nan,pause,24787.70570068352,24787.70470068352,nan,,,,,,,,,,
-0.48147787241114953,exhale,24788.704700683724,24787.70570068352,24787.786700683537,,,,,,,,,,
nan,pause,24788.705700683724,24788.704700683724,nan,,,,,,,,,,
0.6644520270565856,inhale,24789.738700683934,24788.705700683724,24789.61670068391,,,,,,,,,,
nan,pause,24789.739700683935,24789.738700683934,nan,,,,,,,,,,
-0.6438894452804667,exhale,24790.781700684147,24789.739700683935,24789.946700683977,,,,,,,,,,
nan,pause,24790.782700684147,24790.781700684147,nan,,,,,,,,,,
1.0278744326174978,inhale,24791.73370068434,24790.782700684147,24791.446700684282,,,,,,,,,,
nan,pause,24791.73470068434,24791.73370068434,nan,,,,,,,,,,
-0.808919533305157,exhale,24792.769700684552,24791.73470068434,24791.946700684384,,,,,,,,,,
nan,pause,24792.770700684552,24792.769700684552,nan,,,,,,,,,,
0.6311936830534474,inhale,24793.88970068478,24792.770700684552,24793.616700684724,,,,,,,,,,
nan,pause,24800.451700686117,24793.88970068478,nan,,,,,,,,,,
1.0312554554497697,inhale,24801.373700686305,24800.451700686117,24800.61670068615,,,,,,,,,,
nan,pause,24801.374700686305,24801.373700686305,nan,,,,,,,,,,
-0.3267213186209851,exhale,24802.456700686525,24801.374700686305,24801.45670068632,,,,,,,,,,
nan,pause,24802.457700686526,24802.456700686525,nan,,,,,,,,,,
0.6645829702260856,inhale,24803.66370068677,24802.457700686526,24803.11670068666,,,,,,,,,,
nan,pause,24804.83070068701,24803.66370068677,nan,,,,,,,,,,
0.6803148987214047,inhale,24805.892700687225,24804.83070068701,24805.446700687135,,,,,,,,,,
nan,pause,24805.893700687226,24805.892700687225,nan,,,,,,,,,,
-0.5019877490342136,exhale,24807.023700687456,24805.893700687226,24806.11670068727,,,,,,,,,,
nan,pause,24807.024700687456,24807.023700687456,nan,,,,,,,,,,
0.8947220232516592,inhale,24808.040700687663,24807.024700687456,24807.77670068761,,,,,,,,,,
nan,pause,24808.041700687663,24808.040700687663,nan,,,,,,,,,,
-0.6173081380132616,exhale,24809.2127006879,24808.041700687663,24808.286700687713,,,,,,,,,,
nan,pause,24809.213700687902,24809.2127006879,nan,,,,,,,,,,
1.0146419268428075,inhale,24810.421700688148,24809.213700687902,24809.616700687984,,,,,,,,,,
nan,pause,24813.23470068872,24810.421700688148,nan,,,,,,,,,,
0.9813763196151442,inhale,24814.122700688902,24813.23470068872,24813.6167006888,,,,,,,,,,
nan,pause,24814.123700688902,24814.122700688902,nan,,,,,,,,,,
-0.38327348240569165,exhale,24815.420700689167,24814.123700688902,24814.286700688936,,,,,,,,,,
nan,pause,24865.619700699393,24815.420700689167,nan,,,,,,,,,,
1.1917600578216294,inhale,24866.03770069948,24865.619700699393,24865.786700699427,,,,,,,,,,
nan,pause,24866.03870069948,24866.03770069948,nan,,,,,,,,,,
-0.9121910033993716,exhale,24867.203700699716,24866.03870069948,24866.276700699527,,,,,,,,,,
nan,pause,24867.204700699716,24867.203700699716,nan,,,,,,,,,,
1.014184836736629,inhale,24868.076700699894,24867.204700699716,24867.946700699868,,,,,,,,,,
nan,pause,24868.077700699894,24868.076700699894,nan,,,,,,,,,,
-0.8952954518857499,exhale,24869.305700700144,24868.077700699894,24868.286700699937,,,,,,,,,,
nan,pause,24869.306700700145,24869.305700700144,nan,,,,,,,,,,
1.1485998119004246,inhale,24870.16670070032,24869.306700700145,24869.945700700275,,,,,,,,,,
nan,pause,24870.16770070032,24870.16670070032,nan,,,,,,,,,,
-1.2766369945034397,exhale,24871.318700700554,24870.16770070032,24870.286700700344,,,,,,,,,,
nan,pause,24871.319700700555,24871.318700700554,nan,,,,,,,,,,
1.263517459692416,inhale,24872.162700700726,24871.319700700555,24871.78670070065,,,,,,,,,,
nan,pause,24872.163700700727,24872.162700700726,nan,,,,,,,,,,
-1.150019950586303,exhale,24873.232700700944,24872.163700700727,24872.28670070075,,,,,,,,,,
nan,pause,24873.233700700945,24873.232700700944,nan,,,,,,,,,,
1.3312727767032078,inhale,24874.03970070111,24873.233700700945,24873.776700701055,,,,,,,,,,
nan,pause,24874.04070070111,24874.03970070111,nan,,,,,,,,,,
-1.3664000401919723,exhale,24875.22370070135,24874.04070070111,24874.28670070116,,,,,,,,,,
nan,pause,24875.22470070135,24875.22370070135,nan,,,,,,,,,,
1.4446908476341325,inhale,24876.026700701514,24875.22470070135,24875.776700701463,,,,,,,,,,
nan,pause,24876.027700701514,24876.026700701514,nan,,,,,,,,,,
-1.3109016647059362,exhale,24877.13570070174,24876.027700701514,24876.286700701567,,,,,,,,,,
nan,pause,24877.13670070174,24877.13570070174,nan,,,,,,,,,,
1.6473265278804048,inhale,24877.894700701894,24877.13670070174,24877.456700701805,,,,,,,,,,
nan,pause,24877.895700701894,24877.894700701894,nan,,,,,,,,,,
-1.3513192879979208,exhale,24878.976700702115,24877.895700701894,24878.11670070194,,,,,,,,,,
nan,pause,24878.977700702115,24878.976700702115,nan,,,,,,,,,,
1.6293472498885924,inhale,24879.822700702287,24878.977700702115,24879.44670070221,,,,,,,,,,
nan,pause,24879.823700702287,24879.822700702287,nan,,,,,,,,,,
-1.2359006706907603,exhale,24881.093700702546,24879.823700702287,24879.956700702314,,,,,,,,,,
nan,pause,24881.094700702546,24881.093700702546,nan,,,,,,,,,,
1.8237549247325735,inhale,24881.867700702704,24881.094700702546,24881.446700702618,,,,,,,,,,
nan,pause,24881.868700702704,24881.867700702704,nan,,,,,,,,,,
-1.084683074180242,exhale,24883.356700703007,24881.868700702704,24882.116700702754,,,,,,,,,,
nan,pause,24883.357700703007,24883.356700703007,nan,,,,,,,,,,
0.8153233229151851,inhale,24884.366700703213,24883.357700703007,24883.61670070306,,,,,,,,,,
nan,pause,24884.367700703213,24884.366700703213,nan,,,,,,,,,,
-0.5992565554255443,exhale,24885.73670070349,24884.367700703213,24884.45670070323,,,,,,,,,,
nan,pause,24900.11670070642,24885.73670070349,nan,,,,,,,,,,
-0.5818773219005194,exhale,24901.14770070663,24900.11670070642,24900.44670070649,,,,,,,,,,
nan,pause,24901.14870070663,24901.14770070663,nan,,,,,,,,,,
0.5154933552338647,inhale,24901.92970070679,24901.14870070663,24901.77570070676,,,,,,,,,,
nan,pause,24901.93070070679,24901.92970070679,nan,,,,,,,,,,
-0.5678000670002001,exhale,24903.223700707054,24901.93070070679,24902.11670070683,,,,,,,,,,
nan,pause,24901.93070070679,24903.223700707054,nan,,,,,,,,,,
-0.36449519935623914,exhale,24903.223700707054,24901.93070070679,24902.946700706998,,,,,,,,,,
nan,pause,24903.224700707055,24903.223700707054,nan,,,,,,,,,,
0.6284725512472812,inhale,24904.03270070722,24903.224700707055,24903.78670070717,,,,,,,,,,
nan,pause,24904.03370070722,24904.03270070722,nan,,,,,,,,,,
-0.6946247959710472,exhale,24905.101700707437,24904.03370070722,24904.28670070727,,,,,,,,,,
nan,pause,24905.102700707437,24905.101700707437,nan,,,,,,,,,,
0.7155275047617399,inhale,24905.85570070759,24905.102700707437,24905.616700707542,,,,,,,,,,
nan,pause,24905.85670070759,24905.85570070759,nan,,,,,,,,,,
-0.7630771893655839,exhale,24907.339700707893,24905.85670070759,24905.95670070761,,,,,,,,,,
nan,pause,24907.340700707893,24907.339700707893,nan,,,,,,,,,,
0.6302405473461384,inhale,24908.322700708093,24907.340700707893,24907.95670070802,,,,,,,,,,
nan,pause,24908.323700708093,24908.322700708093,nan,,,,,,,,,,
-0.36707375440117845,exhale,24909.808700708396,24908.323700708093,24908.45670070812,,,,,,,,,,
nan,pause,24909.809700708396,24909.808700708396,nan,,,,,,,,,,
0.5822733119005604,inhale,24910.70670070858,24909.809700708396,24910.445700708526,,,,,,,,,,
nan,pause,24910.70770070858,24910.70670070858,nan,,,,,,,,,,
-0.49772255253152975,exhale,24912.118700708867,24910.70770070858,24910.946700708628,,,,,,,,,,
nan,pause,24912.87770070902,24912.118700708867,nan,,,,,,,,,,
-0.46770038903410804,exhale,24914.174700709285,24912.87770070902,24913.11670070907,,,,,,,,,,
nan,pause,24914.175700709286,24914.174700709285,nan,,,,,,,,,,
3.0200497209730455,inhale,24914.972700709448,24914.175700709286,24914.776700709408,,,,,,,,,,
nan,pause,24914.973700709448,24914.972700709448,nan,,,,,,,,,,
-1.6676706833836181,exhale,24915.7247007096,24914.973700709448,24915.116700709477,,,,,,,,,,
nan,pause,24915.86070070963,24915.7247007096,nan,,,,,,,,,,
-1.5112660947594267,exhale,24916.60770070978,24915.86070070963,24916.44670070975,,,,,,,,,,
nan,pause,24918.063700710078,24916.60770070978,nan,,,,,,,,,,
0.6421136896656995,inhale,24918.57170071018,24918.063700710078,24918.446700710156,,,,,,,,,,
nan,pause,24920.27770071053,24918.57170071018,nan,,,,,,,,,,
10.74824861164631,inhale,24920.860700710648,24920.27770071053,24920.456700710565,,,,,,,,,,
nan,pause,24920.861700710648,24920.860700710648,nan,,,,,,,,,,
-3.266762962281095,exhale,24921.881700710856,24920.861700710648,24920.956700710667,,,,,,,,,,
nan,pause,24922.724700711027,24921.881700710856,nan,,,,,,,,,,
12.44906016988233,inhale,24923.47070071118,24922.724700711027,24923.116700711107,,,,,,,,,,
nan,pause,24923.47170071118,24923.47070071118,nan,,,,,,,,,,
-5.434272696671456,exhale,24924.99170071149,24923.47170071118,24923.61670071121,,,,,,,,,,
nan,pause,24924.99270071149,24924.99170071149,nan,,,,,,,,,,
12.850599087839779,inhale,24925.753700711644,24924.99270071149,24925.44670071158,,,,,,,,,,
nan,pause,24925.754700711645,24925.753700711644,nan,,,,,,,,,,
-7.447918172352262,exhale,24927.31170071196,24925.754700711645,24925.946700711684,,,,,,,,,,
nan,pause,24927.312700711962,24927.31170071196,nan,,,,,,,,,,
13.910164902175046,inhale,24928.066700712116,24927.312700711962,24927.776700712056,,,,,,,,,,
nan,pause,24928.067700712116,24928.066700712116,nan,,,,,,,,,,
-8.062160477628277,exhale,24929.744700712457,24928.067700712116,24928.28670071216,,,,,,,,,,
nan,pause,24929.745700712458,24929.744700712457,nan,,,,,,,,,,
14.365733935305139,inhale,24930.554700712622,24929.745700712458,24930.116700712533,,,,,,,,,,
nan,pause,24930.555700712623,24930.554700712622,nan,,,,,,,,,,
-7.147459946065579,exhale,24931.96470071291,24930.555700712623,24930.78670071267,,,,,,,,,,
nan,pause,24931.96570071291,24931.96470071291,nan,,,,,,,,,,
14.987273259049687,inhale,24932.715700713063,24931.96570071291,24932.286700712975,,,,,,,,,,
nan,pause,24932.716700713063,24932.715700713063,nan,,,,,,,,,,
-7.415695698818099,exhale,24934.12970071335,24932.716700713063,24932.94670071311,,,,,,,,,,
nan,pause,24934.13070071335,24934.12970071335,nan,,,,,,,,,,
15.365127489073634,inhale,24934.928700713514,24934.13070071335,24934.456700713417,,,,,,,,,,
nan,pause,24934.929700713514,24934.928700713514,nan,,,,,,,,,,
-8.384149272425503,exhale,24936.413700713816,24934.929700713514,24935.116700713552,,,,,,,,,,
nan,pause,24936.414700713816,24936.413700713816,nan,,,,,,,,,,
16.33493609213456,inhale,24937.17570071397,24936.414700713816,24936.786700713892,,,,,,,,,,
nan,pause,24937.17670071397,24937.17570071397,nan,,,,,,,,,,
-8.836878848541142,exhale,24938.628700714267,24937.17670071397,24937.286700713994,,,,,,,,,,
nan,pause,24938.629700714268,24938.628700714267,nan,,,,,,,,,,
14.824447221306684,inhale,24939.446700714434,24938.629700714268,24938.956700714334,,,,,,,,,,
nan,pause,24939.447700714434,24939.446700714434,nan,,,,,,,,,,
-9.73408893693622,exhale,24940.930700714736,24939.447700714434,24939.61670071447,,,,,,,,,,
nan,pause,24940.931700714737,24940.930700714736,nan,,,,,,,,,,
14.680897546521676,inhale,24941.715700714896,24940.931700714737,24941.28670071481,,,,,,,,,,
nan,pause,24941.716700714896,24941.715700714896,nan,,,,,,,,,,
-8.23098526052804,exhale,24943.10770071518,24941.716700714896,24941.946700714943,,,,,,,,,,
nan,pause,24943.10870071518,24943.10770071518,nan,,,,,,,,,,
16.70070451848468,inhale,24943.90270071534,24943.10870071518,24943.44670071525,,,,,,,,,,
nan,pause,24943.903700715342,24943.90270071534,nan,,,,,,,,,,
-10.26735752011998,exhale,24945.305700715628,24943.903700715342,24944.116700715385,,,,,,,,,,
nan,pause,24945.306700715628,24945.305700715628,nan,,,,,,,,,,
18.33255445211795,inhale,24946.087700715787,24945.306700715628,24945.61670071569,,,,,,,,,,
nan,pause,24946.088700715787,24946.087700715787,nan,,,,,,,,,,
-10.16371541293539,exhale,24947.467700716068,24946.088700715787,24946.286700715827,,,,,,,,,,
nan,pause,24947.46870071607,24947.467700716068,nan,,,,,,,,,,
17.503755629693316,inhale,24948.274700716232,24947.46870071607,24947.786700716133,,,,,,,,,,
nan,pause,24948.275700716233,24948.274700716232,nan,,,,,,,,,,
-10.919321263786522,exhale,24949.705700716524,24948.275700716233,24948.45670071627,,,,,,,,,,
nan,pause,24949.706700716524,24949.705700716524,nan,,,,,,,,,,
12.29931684088445,inhale,24950.62570071671,24949.706700716524,24950.116700716608,,,,,,,,,,
nan,pause,24950.62670071671,24950.62570071671,nan,,,,,,,,,,
-6.22893491930385,exhale,24952.157700717024,24950.62670071671,24950.786700716744,,,,,,,,,,
nan,pause,24952.158700717024,24952.157700717024,nan,,,,,,,,,,
15.61592229990519,inhale,24952.959700717187,24952.158700717024,24952.616700717117,,,,,,,,,,
nan,pause,24952.960700717187,24952.959700717187,nan,,,,,,,,,,
-8.333990071976803,exhale,24954.34970071747,24952.960700717187,24953.11670071722,,,,,,,,,,
nan,pause,24954.35070071747,24954.34970071747,nan,,,,,,,,,,
15.67938362252064,inhale,24955.13170071763,24954.35070071747,24954.776700717557,,,,,,,,,,
nan,pause,24955.13270071763,24955.13170071763,nan,,,,,,,,,,
-8.315633262094817,exhale,24956.4667007179,24955.13270071763,24955.28670071766,,,,,,,,,,
nan,pause,24956.4677007179,24956.4667007179,nan,,,,,,,,,,
15.646181479838813,inhale,24957.266700718064,24956.4677007179,24956.946700718,,,,,,,,,,
nan,pause,24957.267700718065,24957.266700718064,nan,,,,,,,,,,
-7.107620230424842,exhale,24958.66170071835,24957.267700718065,24957.456700718103,,,,,,,,,,
nan,pause,24958.66270071835,24958.66170071835,nan,,,,,,,,,,
15.199388714733919,inhale,24959.421700718503,24958.66270071835,24959.11670071844,,,,,,,,,,
nan,pause,24959.422700718504,24959.421700718503,nan,,,,,,,,,,
-7.617229547339829,exhale,24960.78770071878,24959.422700718504,24959.616700718543,,,,,,,,,,
nan,pause,24960.788700718782,24960.78770071878,nan,,,,,,,,,,
17.249386050508313,inhale,24961.541700718935,24960.788700718782,24961.11670071885,,,,,,,,,,
nan,pause,24961.542700718936,24961.541700718935,nan,,,,,,,,,,
-7.8098030966799685,exhale,24962.952700719223,24961.542700718936,24961.776700718983,,,,,,,,,,
nan,pause,24962.953700719223,24962.952700719223,nan,,,,,,,,,,
16.181399645178885,inhale,24963.745700719384,24962.953700719223,24963.28670071929,,,,,,,,,,
nan,pause,24963.746700719385,24963.745700719384,nan,,,,,,,,,,
-6.483492293257309,exhale,24965.126700719666,24963.746700719385,24963.956700719427,,,,,,,,,,
nan,pause,24965.127700719666,24965.126700719666,nan,,,,,,,,,,
15.189853475094475,inhale,24965.93470071983,24965.127700719666,24965.456700719733,,,,,,,,,,
nan,pause,24965.93570071983,24965.93470071983,nan,,,,,,,,,,
-8.3504686736536,exhale,24967.284700720105,24965.93570071983,24966.116700719867,,,,,,,,,,
nan,pause,24967.285700720106,24967.284700720105,nan,,,,,,,,,,
14.599468414835327,inhale,24968.09170072027,24967.285700720106,24967.616700720173,,,,,,,,,,
nan,pause,24968.09270072027,24968.09170072027,nan,,,,,,,,,,
-5.486894464350941,exhale,24969.500700720557,24968.09270072027,24968.28670072031,,,,,,,,,,
nan,pause,24969.501700720557,24969.500700720557,nan,,,,,,,,,,
13.504227446366242,inhale,24970.316700720723,24969.501700720557,24969.946700720648,,,,,,,,,,
nan,pause,24970.317700720723,24970.316700720723,nan,,,,,,,,,,
-6.2979727259382186,exhale,24971.702700721005,24970.317700720723,24970.45670072075,,,,,,,,,,
nan,pause,24971.703700721006,24971.702700721005,nan,,,,,,,,,,
14.019393364700749,inhale,24972.538700721176,24971.703700721006,24971.956700721057,,,,,,,,,,
nan,pause,24972.539700721176,24972.538700721176,nan,,,,,,,,,,
-5.605261135770354,exhale,24973.97570072147,24972.539700721176,24972.776700721224,,,,,,,,,,
nan,pause,24973.97670072147,24973.97570072147,nan,,,,,,,,,,
13.097141904853991,inhale,24974.81070072164,24973.97670072147,24974.28670072153,,,,,,,,,,
nan,pause,24974.81170072164,24974.81070072164,nan,,,,,,,,,,
-6.254777708307641,exhale,24976.29170072194,24974.81170072164,24974.95670072167,,,,,,,,,,
nan,pause,24976.29270072194,24976.29170072194,nan,,,,,,,,,,
11.166163390582389,inhale,24977.146700722114,24976.29270072194,24976.616700722006,,,,,,,,,,
nan,pause,24977.147700722115,24977.146700722114,nan,,,,,,,,,,
-5.248789151540695,exhale,24978.616700722414,24977.147700722115,24977.286700722143,,,,,,,,,,
nan,pause,24978.617700722414,24978.616700722414,nan,,,,,,,,,,
11.531938691493275,inhale,24979.42870072258,24978.617700722414,24978.956700722483,,,,,,,,,,
nan,pause,24979.42970072258,24979.42870072258,nan,,,,,,,,,,
-5.550359538065099,exhale,24980.918700722883,24979.42970072258,24979.616700722618,,,,,,,,,,
nan,pause,24980.919700722883,24980.918700722883,nan,,,,,,,,,,
10.475949573913887,inhale,24981.74370072305,24980.919700722883,24981.276700722956,,,,,,,,,,
nan,pause,24981.74470072305,24981.74370072305,nan,,,,,,,,,,
-4.254141453567796,exhale,24982.76670072326,24981.74470072305,24981.956700723094,,,,,,,,,,
nan,pause,24983.50070072341,24982.76670072326,nan,,,,,,,,,,
8.405370219839572,inhale,24984.402700723593,24983.50070072341,24983.786700723467,,,,,,,,,,
nan,pause,24984.403700723593,24984.402700723593,nan,,,,,,,,,,
-4.900319442901635,exhale,24985.735700723864,24984.403700723593,24984.616700723636,,,,,,,,,,
nan,pause,24985.736700723864,24985.735700723864,nan,,,,,,,,,,
9.066255284936311,inhale,24986.54870072403,24985.736700723864,24986.116700723942,,,,,,,,,,
nan,pause,24986.54970072403,24986.54870072403,nan,,,,,,,,,,
-4.439141613046344,exhale,24987.902700724306,24986.54970072403,24986.78670072408,,,,,,,,,,
nan,pause,24987.903700724306,24987.902700724306,nan,,,,,,,,,,
7.891810859394061,inhale,24988.74970072448,24987.903700724306,24988.286700724384,,,,,,,,,,
nan,pause,24988.75070072448,24988.74970072448,nan,,,,,,,,,,
-3.797525965138551,exhale,24990.095700724753,24988.75070072448,24988.95670072452,,,,,,,,,,
nan,pause,24990.096700724753,24990.095700724753,nan,,,,,,,,,,
7.362241757905887,inhale,24990.877700724912,24990.096700724753,24990.456700724826,,,,,,,,,,
nan,pause,24990.878700724912,24990.877700724912,nan,,,,,,,,,,
-3.900270281525306,exhale,24992.19170072518,24990.878700724912,24991.11670072496,,,,,,,,,,
nan,pause,24992.19270072518,24992.19170072518,nan,,,,,,,,,,
9.136328185101728,inhale,24993.02670072535,24992.19270072518,24992.456700725234,,,,,,,,,,
nan,pause,24993.02770072535,24993.02670072535,nan,,,,,,,,,,
-4.319792615563462,exhale,24994.35970072562,24993.02770072535,24993.2767007254,,,,,,,,,,
nan,pause,24994.36070072562,24994.35970072562,nan,,,,,,,,,,
8.020499244534202,inhale,24995.18570072579,24994.36070072562,24994.776700725706,,,,,,,,,,
nan,pause,24995.18670072579,24995.18570072579,nan,,,,,,,,,,
-3.816264936392411,exhale,24996.51070072606,24995.18670072579,24995.28670072581,,,,,,,,,,
nan,pause,24996.51170072606,24996.51070072606,nan,,,,,,,,,,
7.244815999962065,inhale,24997.368700726234,24996.51170072606,24996.94670072615,,,,,,,,,,
nan,pause,24997.369700726234,24997.368700726234,nan,,,,,,,,,,
-3.7669104601826398,exhale,24998.686700726503,24997.369700726234,24997.616700726285,,,,,,,,,,
nan,pause,24998.687700726503,24998.686700726503,nan,,,,,,,,,,
6.433080002785828,inhale,24999.524700726673,24998.687700726503,24999.11670072659,,,,,,,,,,
nan,pause,24999.525700726674,24999.524700726673,nan,,,,,,,,,,
-3.0668827454569434,exhale,25000.865700726947,24999.525700726674,24999.616700726692,,,,,,,,,,
nan,pause,25000.866700726947,25000.865700726947,nan,,,,,,,,,,
6.466390067831186,inhale,25001.71970072712,25000.866700726947,25001.116700726998,,,,,,,,,,
nan,pause,25001.72070072712,25001.71970072712,nan,,,,,,,,,,
-3.3457602767524017,exhale,25003.118700727406,25001.72070072712,25001.946700727167,,,,,,,,,,
nan,pause,25003.119700727406,25003.118700727406,nan,,,,,,,,,,
5.0464287847934886,inhale,25003.92070072757,25003.119700727406,25003.28670072744,,,,,,,,,,
nan,pause,25003.92170072757,25003.92070072757,nan,,,,,,,,,,
-3.933540203889705,exhale,25005.223700727835,25003.92170072757,25004.11670072761,,,,,,,,,,
nan,pause,25005.224700727835,25005.223700727835,nan,,,,,,,,,,
4.725060448965017,inhale,25006.08070072801,25005.224700727835,25005.456700727882,,,,,,,,,,
nan,pause,25006.08170072801,25006.08070072801,nan,,,,,,,,,,
-3.5056617471427463,exhale,25007.30970072826,25006.08170072801,25006.28670072805,,,,,,,,,,
nan,pause,25007.31070072826,25007.30970072826,nan,,,,,,,,,,
3.949864242990648,inhale,25008.19170072844,25007.31070072826,25007.616700728322,,,,,,,,,,
nan,pause,25008.19270072844,25008.19170072844,nan,,,,,,,,,,
-2.5118712364800726,exhale,25009.457700728697,25008.19270072844,25008.44670072849,,,,,,,,,,
nan,pause,25009.458700728697,25009.457700728697,nan,,,,,,,,,,
3.4648387997406265,inhale,25010.370700728883,25009.458700728697,25009.946700728797,,,,,,,,,,
nan,pause,25010.371700728883,25010.370700728883,nan,,,,,,,,,,
-2.7667931931913974,exhale,25011.661700729146,25010.371700728883,25010.616700728933,,,,,,,,,,
nan,pause,25011.662700729146,25011.661700729146,nan,,,,,,,,,,
3.2165098663159086,inhale,25012.594700729336,25011.662700729146,25012.11670072924,,,,,,,,,,
nan,pause,25012.595700729336,25012.594700729336,nan,,,,,,,,,,
-2.8443425508374163,exhale,25013.954700729613,25012.595700729336,25012.786700729375,,,,,,,,,,
nan,pause,25013.955700729613,25013.954700729613,nan,,,,,,,,,,
2.1499294841531658,inhale,25015.01070072983,25013.955700729613,25014.616700729748,,,,,,,,,,
nan,pause,25015.01170072983,25015.01070072983,nan,,,,,,,,,,
-1.3167535715608392,exhale,25016.107700730052,25015.01170072983,25015.11670072985,,,,,,,,,,
nan,pause,25016.108700730052,25016.107700730052,nan,,,,,,,,,,
1.797312485034871,inhale,25017.240700730283,25016.108700730052,25016.946700730223,,,,,,,,,,
nan,pause,25017.241700730283,25017.240700730283,nan,,,,,,,,,,
-1.3267390785508015,exhale,25018.326700730504,25017.241700730283,25017.456700730327,,,,,,,,,,
nan,pause,25018.327700730504,25018.326700730504,nan,,,,,,,,,,
1.747932426325683,inhale,25019.257700730694,25018.327700730504,25018.786700730598,,,,,,,,,,
nan,pause,25019.258700730694,25019.257700730694,nan,,,,,,,,,,
-1.2339428263795926,exhale,25020.36570073092,25019.258700730694,25019.456700730734,,,,,,,,,,
nan,pause,25020.36670073092,25020.36570073092,nan,,,,,,,,,,
1.2999928416478845,inhale,25021.390700731128,25020.36670073092,25021.116700731072,,,,,,,,,,
nan,pause,25021.39170073113,25021.390700731128,nan,,,,,,,,,,
-0.8333987960891255,exhale,25022.653700731385,25021.39170073113,25021.616700731174,,,,,,,,,,
nan,pause,25022.654700731386,25022.653700731385,nan,,,,,,,,,,
1.4354854571583116,inhale,25023.55870073157,25022.654700731386,25023.276700731512,,,,,,,,,,
nan,pause,25023.55970073157,25023.55870073157,nan,,,,,,,,,,
-0.5448813547999787,exhale,25024.615700731785,25023.55970073157,25023.786700731616,,,,,,,,,,
nan,pause,25025.008700731865,25024.615700731785,nan,,,,,,,,,,
1.0152954303638704,inhale,25026.25470073212,25025.008700731865,25025.456700731957,,,,,,,,,,
nan,pause,25028.259700732528,25026.25470073212,nan,,,,,,,,,,
1.3500600700753753,inhale,25029.25670073273,25028.259700732528,25028.6167007326,,,,,,,,,,
nan,pause,25029.476700732775,25029.25670073273,nan,,,,,,,,,,
0.3973524988389225,inhale,25030.33870073295,25029.476700732775,25029.78670073284,,,,,,,,,,
nan,pause,25085.383700744165,25030.33870073295,nan,,,,,,,,,,
-1.8720795732009567,exhale,25086.357700744364,25085.383700744165,25085.94670074428,,,,,,,,,,
nan,pause,25086.358700744364,25086.357700744364,nan,,,,,,,,,,
2.9333892975432194,inhale,25087.32870074456,25086.358700744364,25086.616700744416,,,,,,,,,,
nan,pause,25087.32970074456,25087.32870074456,nan,,,,,,,,,,
-1.3286090768248608,exhale,25088.64070074483,25087.32970074456,25087.456700744588,,,,,,,,,,
nan,pause,25088.64170074483,25088.64070074483,nan,,,,,,,,,,
2.6079934532470297,inhale,25089.563700745017,25088.64170074483,25088.956700744893,,,,,,,,,,
nan,pause,25089.564700745017,25089.563700745017,nan,,,,,,,,,,
-1.869019726789679,exhale,25090.837700745276,25089.564700745017,25089.786700745062,,,,,,,,,,
nan,pause,25090.838700745277,25090.837700745276,nan,,,,,,,,,,
3.2833857371230692,inhale,25091.761700745465,25090.838700745277,25091.116700745333,,,,,,,,,,
nan,pause,25091.762700745465,25091.761700745465,nan,,,,,,,,,,
-2.522383922890969,exhale,25093.02270074572,25091.762700745465,25091.956700745504,,,,,,,,,,
nan,pause,25093.02370074572,25093.02270074572,nan,,,,,,,,,,
3.0622812745344383,inhale,25093.889700745898,25093.02370074572,25093.286700745775,,,,,,,,,,
nan,pause,25093.8907007459,25093.889700745898,nan,,,,,,,,,,
-2.3332901098201706,exhale,25095.12670074615,25093.8907007459,25094.116700745944,,,,,,,,,,
nan,pause,25095.12770074615,25095.12670074615,nan,,,,,,,,,,
2.966696230885208,inhale,25095.994700746327,25095.12770074615,25095.61670074625,,,,,,,,,,
nan,pause,25095.995700746327,25095.994700746327,nan,,,,,,,,,,
-1.8998905885116215,exhale,25097.208700746574,25095.995700746327,25096.116700746352,,,,,,,,,,
nan,pause,25097.209700746575,25097.208700746574,nan,,,,,,,,,,
2.8179927043727893,inhale,25098.084700746753,25097.209700746575,25097.456700746625,,,,,,,,,,
nan,pause,25098.085700746753,25098.084700746753,nan,,,,,,,,,,
-2.807458812447945,exhale,25099.24470074699,25098.085700746753,25098.286700746794,,,,,,,,,,
nan,pause,25099.24570074699,25099.24470074699,nan,,,,,,,,,,
2.353973806177435,inhale,25100.12770074717,25099.24570074699,25099.456700747032,,,,,,,,,,
nan,pause,25100.12870074717,25100.12770074717,nan,,,,,,,,,,
-2.6743994960841513,exhale,25101.443700747437,25100.12870074717,25100.2867007472,,,,,,,,,,
nan,pause,25101.444700747437,25101.443700747437,nan,,,,,,,,,,
1.6500921683294734,inhale,25102.33570074762,25101.444700747437,25101.616700747472,,,,,,,,,,
nan,pause,25102.33670074762,25102.33570074762,nan,,,,,,,,,,
-1.7165940924316714,exhale,25103.51770074786,25102.33670074762,25102.616700747676,,,,,,,,,,
nan,pause,25103.51870074786,25103.51770074786,nan,,,,,,,,,,
1.0974569236574054,inhale,25104.35770074803,25103.51870074786,25103.776700747912,,,,,,,,,,
nan,pause,25104.35870074803,25104.35770074803,nan,,,,,,,,,,
-2.2832873718762388,exhale,25105.541700748272,25104.35870074803,25104.616700748084,,,,,,,,,,
nan,pause,25105.542700748272,25105.541700748272,nan,,,,,,,,,,
2.350092099825021,inhale,25106.403700748448,25105.542700748272,25106.11670074839,,,,,,,,,,
nan,pause,25106.404700748448,25106.403700748448,nan,,,,,,,,,,
-2.799885533347541,exhale,25108.09170074879,25106.404700748448,25106.61670074849,,,,,,,,,,
nan,pause,25108.09270074879,25108.09170074879,nan,,,,,,,,,,
2.3973785849178615,inhale,25109.05870074899,25108.09270074879,25108.28670074883,,,,,,,,,,
nan,pause,25109.05970074899,25109.05870074899,nan,,,,,,,,,,
-2.2040190646049624,exhale,25111.18570074942,25109.05970074899,25109.286700749035,,,,,,,,,,
nan,pause,25109.05970074899,25111.18570074942,nan,,,,,,,,,,
-1.1998733257593066,exhale,25111.18570074942,25109.05970074899,25111.116700749408,,,,,,,,,,
nan,pause,25111.186700749422,25111.18570074942,nan,,,,,,,,,,
1.9444850693473117,inhale,25112.314700749652,25111.186700749422,25111.446700749475,,,,,,,,,,
nan,pause,25112.315700749652,25112.314700749652,nan,,,,,,,,,,
-1.049896556512964,exhale,25114.17070075003,25112.315700749652,25112.616700749713,,,,,,,,,,
nan,pause,25114.17170075003,25114.17070075003,nan,,,,,,,,,,
1.559331988655976,inhale,25115.386700750278,25114.17170075003,25114.45670075009,,,,,,,,,,
nan,pause,25115.387700750278,25115.386700750278,nan,,,,,,,,,,
-1.0132993276114168,exhale,25116.854700750577,25115.387700750278,25116.27670075046,,,,,,,,,,
nan,pause,25116.855700750577,25116.854700750577,nan,,,,,,,,,,
1.8166946931267562,inhale,25117.869700750784,25116.855700750577,25117.11670075063,,,,,,,,,,
nan,pause,25117.870700750784,25117.869700750784,nan,,,,,,,,,,
-1.062969247238194,exhale,25119.33070075108,25117.870700750784,25118.946700751003,,,,,,,,,,
nan,pause,25119.33170075108,25119.33070075108,nan,,,,,,,,,,
1.96669648123741,inhale,25120.30170075128,25119.33170075108,25119.61670075114,,,,,,,,,,
nan,pause,25120.30270075128,25120.30170075128,nan,,,,,,,,,,
-1.1896997856014357,exhale,25121.615700751547,25120.30270075128,25121.28670075148,,,,,,,,,,
nan,pause,25121.616700751547,25121.615700751547,nan,,,,,,,,,,
2.3991093446051934,inhale,25122.52370075173,25121.616700751547,25121.946700751614,,,,,,,,,,
nan,pause,25122.524700751732,25122.52370075173,nan,,,,,,,,,,
-1.6437798708109077,exhale,25124.148700752063,25122.524700751732,25122.786700751785,,,,,,,,,,
nan,pause,25124.149700752063,25124.148700752063,nan,,,,,,,,,,
2.379109106225207,inhale,25125.054700752247,25124.149700752063,25124.446700752123,,,,,,,,,,
nan,pause,25125.055700752248,25125.054700752247,nan,,,,,,,,,,
-2.2588194795772916,exhale,25126.310700752503,25125.055700752248,25125.286700752295,,,,,,,,,,
nan,pause,25126.311700752503,25126.310700752503,nan,,,,,,,,,,
2.5666951733975165,inhale,25127.248700752694,25126.311700752503,25126.616700752566,,,,,,,,,,
nan,pause,25127.249700752694,25127.248700752694,nan,,,,,,,,,,
-1.8478901761439661,exhale,25128.486700752946,25127.249700752694,25127.456700752737,,,,,,,,,,
nan,pause,25128.487700752947,25128.486700752946,nan,,,,,,,,,,
2.9490799781018535,inhale,25129.369700753126,25128.487700752947,25128.786700753008,,,,,,,,,,
nan,pause,25129.370700753127,25129.369700753126,nan,,,,,,,,,,
-2.3498911931086632,exhale,25130.546700753366,25129.370700753127,25129.616700753177,,,,,,,,,,
nan,pause,25130.547700753366,25130.546700753366,nan,,,,,,,,,,
2.909900533212274,inhale,25131.383700753537,25130.547700753366,25130.786700753415,,,,,,,,,,
nan,pause,25131.384700753537,25131.383700753537,nan,,,,,,,,,,
-3.0332794989491108,exhale,25132.666700753798,25131.384700753537,25131.616700753584,,,,,,,,,,
nan,pause,25132.6677007538,25132.666700753798,nan,,,,,,,,,,
3.051190270977865,inhale,25133.585700753985,25132.6677007538,25132.946700753855,,,,,,,,,,
nan,pause,25133.586700753985,25133.585700753985,nan,,,,,,,,,,
-3.3917787796956747,exhale,25134.728700754218,25133.586700753985,25133.786700754026,,,,,,,,,,
nan,pause,25134.72970075422,25134.728700754218,nan,,,,,,,,,,
2.8947377887293855,inhale,25135.585700754393,25134.72970075422,25134.956700754265,,,,,,,,,,
nan,pause,25135.586700754393,25135.585700754393,nan,,,,,,,,,,
-2.2818802855908147,exhale,25136.80270075464,25135.586700754393,25135.786700754434,,,,,,,,,,
nan,pause,25136.80370075464,25136.80270075464,nan,,,,,,,,,,
2.8166977632134746,inhale,25137.63170075481,25136.80370075464,25137.116700754705,,,,,,,,,,
nan,pause,25137.63270075481,25137.63170075481,nan,,,,,,,,,,
-3.6165799467102913,exhale,25139.16270075512,25137.63270075481,25137.78670075484,,,,,,,,,,
nan,pause,25139.16370075512,25139.16270075512,nan,,,,,,,,,,
2.1101003282823103,inhale,25140.073700755307,25139.16370075512,25139.44670075518,,,,,,,,,,
nan,pause,25140.074700755307,25140.073700755307,nan,,,,,,,,,,
-1.412305306783177,exhale,25141.473700755592,25140.074700755307,25140.446700755383,,,,,,,,,,
nan,pause,25141.474700755592,25141.473700755592,nan,,,,,,,,,,
1.7666921014036092,inhale,25142.39870075578,25141.474700755592,25141.61670075562,,,,,,,,,,
nan,pause,25142.39970075578,25142.39870075578,nan,,,,,,,,,,
-1.3498963736606786,exhale,25143.62570075603,25142.39970075578,25142.616700755825,,,,,,,,,,
nan,pause,25143.62670075603,25143.62570075603,nan,,,,,,,,,,
1.9789792211209325,inhale,25144.529700756215,25143.62670075603,25143.786700756064,,,,,,,,,,
nan,pause,25144.530700756215,25144.529700756215,nan,,,,,,,,,,
-1.1299953610044002,exhale,25145.762700756466,25144.530700756215,25144.776700756265,,,,,,,,,,
nan,pause,25145.763700756466,25145.762700756466,nan,,,,,,,,,,
1.9833965783157073,inhale,25146.57570075663,25145.763700756466,25146.11670075654,,,,,,,,,,
nan,pause,25146.576700756632,25146.57570075663,nan,,,,,,,,,,
-1.6873210763879878,exhale,25147.726700756866,25146.576700756632,25146.786700756675,,,,,,,,,,
nan,pause,25147.727700756866,25147.726700756866,nan,,,,,,,,,,
1.7810192661086122,inhale,25148.570700757038,25147.727700756866,25148.28670075698,,,,,,,,,,
nan,pause,25148.57170075704,25148.570700757038,nan,,,,,,,,,,
-1.9363010517606074,exhale,25149.80070075729,25148.57170075704,25148.786700757082,,,,,,,,,,
nan,pause,25149.80170075729,25149.80070075729,nan,,,,,,,,,,
1.7447377862839306,inhale,25150.670700757466,25149.80170075729,25149.95670075732,,,,,,,,,,
nan,pause,25150.671700757466,25150.670700757466,nan,,,,,,,,,,
-1.295278294858243,exhale,25151.72570075768,25150.671700757466,25151.446700757624,,,,,,,,,,
nan,pause,25151.72670075768,25151.72570075768,nan,,,,,,,,,,
1.4813901746468798,inhale,25152.643700757868,25151.72670075768,25151.956700757728,,,,,,,,,,
nan,pause,25152.644700757868,25152.643700757868,nan,,,,,,,,,,
-0.9142192654668115,exhale,25153.797700758103,25152.644700757868,25152.786700757897,,,,,,,,,,
nan,pause,25153.798700758103,25153.797700758103,nan,,,,,,,,,,
1.2974550079218157,inhale,25154.66670075828,25153.798700758103,25154.446700758235,,,,,,,,,,
nan,pause,25154.66770075828,25154.66670075828,nan,,,,,,,,,,
-1.244799882565491,exhale,25155.78870075851,25154.66770075828,25154.786700758305,,,,,,,,,,
nan,pause,25155.78970075851,25155.78870075851,nan,,,,,,,,,,
1.28141902090362,inhale,25156.7347007587,25155.78970075851,25156.276700758608,,,,,,,,,,
nan,pause,25156.7357007587,25156.7347007587,nan,,,,,,,,,,
-1.0710895060946457,exhale,25158.00870075896,25156.7357007587,25156.946700758745,,,,,,,,,,
nan,pause,25158.00970075896,25158.00870075896,nan,,,,,,,,,,
1.3000980474124106,inhale,25158.874700759137,25158.00970075896,25158.616700759085,,,,,,,,,,
nan,pause,25158.875700759138,25158.874700759137,nan,,,,,,,,,,
-1.683293730335203,exhale,25160.06970075938,25158.875700759138,25159.116700759187,,,,,,,,,,
nan,pause,25160.07070075938,25160.06970075938,nan,,,,,,,,,,
4.533383347326193,inhale,25160.85170075954,25160.07070075938,25160.616700759492,,,,,,,,,,
nan,pause,25160.85270075954,25160.85170075954,nan,,,,,,,,,,
-5.283264539310856,exhale,25162.254700759826,25160.85270075954,25161.116700759594,,,,,,,,,,
nan,pause,25162.255700759826,25162.254700759826,nan,,,,,,,,,,
11.350071424475617,inhale,25162.996700759977,25162.255700759826,25162.6167007599,,,,,,,,,,
nan,pause,25162.997700759977,25162.996700759977,nan,,,,,,,,,,
-6.883264122071985,exhale,25164.519700760287,25162.997700759977,25163.11670076,,,,,,,,,,
nan,pause,25164.520700760288,25164.519700760287,nan,,,,,,,,,,
17.212899625377577,inhale,25165.27770076044,25164.520700760288,25164.946700760374,,,,,,,,,,
nan,pause,25165.278700760442,25165.27770076044,nan,,,,,,,,,,
-9.072333932714969,exhale,25166.862700760765,25165.278700760442,25165.45670076048,,,,,,,,,,
nan,pause,25166.863700760765,25166.862700760765,nan,,,,,,,,,,
16.651324346864996,inhale,25167.563700760908,25166.863700760765,25167.27670076085,,,,,,,,,,
nan,pause,25167.564700760908,25167.563700760908,nan,,,,,,,,,,
-8.91421796037274,exhale,25169.34670076127,25167.564700760908,25167.786700760953,,,,,,,,,,
nan,pause,25169.34770076127,25169.34670076127,nan,,,,,,,,,,
14.480417527389278,inhale,25170.314700761468,25169.34770076127,25169.946700761393,,,,,,,,,,
nan,pause,25170.315700761468,25170.314700761468,nan,,,,,,,,,,
-5.227546246591078,exhale,25172.446700761902,25170.315700761468,25170.456700761497,,,,,,,,,,
nan,pause,25172.447700761903,25172.446700761902,nan,,,,,,,,,,
17.38170063903838,inhale,25173.301700762077,25172.447700761903,25172.78670076197,,,,,,,,,,
nan,pause,25173.302700762077,25173.301700762077,nan,,,,,,,,,,
-7.849852067806761,exhale,25174.613700762344,25173.302700762077,25173.61670076214,,,,,,,,,,
nan,pause,25175.43570076251,25174.613700762344,nan,,,,,,,,,,
17.05003777769424,inhale,25176.436700762715,25175.43570076251,25176.11670076265,,,,,,,,,,
nan,pause,25176.437700762715,25176.436700762715,nan,,,,,,,,,,
-7.383274890568075,exhale,25178.301700763095,25176.437700762715,25176.616700762752,,,,,,,,,,
nan,pause,25178.302700763095,25178.301700763095,nan,,,,,,,,,,
16.684458937363942,inhale,25179.10970076326,25178.302700763095,25178.786700763194,,,,,,,,,,
nan,pause,25179.11070076326,25179.10970076326,nan,,,,,,,,,,
-15.77583655220885,exhale,25180.53070076355,25179.11070076326,25179.286700763296,,,,,,,,,,
nan,pause,25180.53170076355,25180.53070076355,nan,,,,,,,,,,
14.271697491454525,inhale,25181.356700763718,25180.53170076355,25180.946700763634,,,,,,,,,,
nan,pause,25181.357700763718,25181.356700763718,nan,,,,,,,,,,
-16.39978311349694,exhale,25182.853700764023,25181.357700763718,25181.61670076377,,,,,,,,,,
nan,pause,25182.854700764023,25182.853700764023,nan,,,,,,,,,,
14.366648085943567,inhale,25183.76670076421,25182.854700764023,25183.116700764076,,,,,,,,,,
nan,pause,25183.76770076421,25183.76670076421,nan,,,,,,,,,,
-10.900904911844373,exhale,25185.284700764518,25183.76770076421,25183.946700764245,,,,,,,,,,
nan,pause,25185.285700764518,25185.284700764518,nan,,,,,,,,,,
14.36537997084922,inhale,25186.104700764685,25185.285700764518,25185.776700764618,,,,,,,,,,
nan,pause,25186.105700764685,25186.104700764685,nan,,,,,,,,,,
-12.655397080021205,exhale,25187.59970076499,25186.105700764685,25186.286700764722,,,,,,,,,,
nan,pause,25187.60070076499,25187.59970076499,nan,,,,,,,,,,
18.22625776011802,inhale,25188.43170076516,25187.60070076499,25187.956700765062,,,,,,,,,,
nan,pause,25188.43270076516,25188.43170076516,nan,,,,,,,,,,
-11.899811237712639,exhale,25189.941700765467,25188.43270076516,25188.616700765197,,,,,,,,,,
nan,pause,25189.942700765467,25189.941700765467,nan,,,,,,,,,,
18.060998336496848,inhale,25190.83670076565,25189.942700765467,25190.286700765537,,,,,,,,,,
nan,pause,25190.83770076565,25190.83670076565,nan,,,,,,,,,,
-9.040897828486386,exhale,25192.442700765976,25190.83770076565,25190.956700765673,,,,,,,,,,
nan,pause,25192.443700765976,25192.442700765976,nan,,,,,,,,,,
22.6320580209337,inhale,25193.270700766145,25192.443700765976,25192.786700766046,,,,,,,,,,
nan,pause,25193.271700766145,25193.270700766145,nan,,,,,,,,,,
-10.565487228661366,exhale,25194.81070076646,25193.271700766145,25193.456700766183,,,,,,,,,,
nan,pause,25194.81170076646,25194.81070076646,nan,,,,,,,,,,
21.2666365035326,inhale,25195.624700766624,25194.81170076646,25195.11670076652,,,,,,,,,,
nan,pause,25195.625700766625,25195.624700766624,nan,,,,,,,,,,
-11.599918726380242,exhale,25197.005700766906,25195.625700766625,25195.786700766657,,,,,,,,,,
nan,pause,25197.006700766906,25197.005700766906,nan,,,,,,,,,,
22.225781832648764,inhale,25197.788700767065,25197.006700766906,25197.446700766995,,,,,,,,,,
nan,pause,25197.789700767065,25197.788700767065,nan,,,,,,,,,,
-9.884426827602272,exhale,25199.32870076738,25197.789700767065,25197.9567007671,,,,,,,,,,
nan,pause,25199.32970076738,25199.32870076738,nan,,,,,,,,,,
22.54623006975618,inhale,25200.185700767553,25199.32970076738,25199.77670076747,,,,,,,,,,
nan,pause,25200.186700767554,25200.185700767553,nan,,,,,,,,,,
-9.59393374033461,exhale,25201.78070076788,25200.186700767554,25200.446700767607,,,,,,,,,,
nan,pause,25201.78170076788,25201.78070076788,nan,,,,,,,,,,
24.316628384373093,inhale,25202.595700768044,25201.78170076788,25202.116700767947,,,,,,,,,,
nan,pause,25202.596700768045,25202.595700768044,nan,,,,,,,,,,
-11.279238599741022,exhale,25204.130700768357,25202.596700768045,25202.786700768083,,,,,,,,,,
nan,pause,25204.131700768357,25204.130700768357,nan,,,,,,,,,,
19.165261631720522,inhale,25204.863700768507,25204.131700768357,25204.456700768424,,,,,,,,,,
nan,pause,25204.864700768507,25204.863700768507,nan,,,,,,,,,,
-10.283260768499616,exhale,25206.485700768837,25204.864700768507,25205.116700768558,,,,,,,,,,
nan,pause,25206.486700768837,25206.485700768837,nan,,,,,,,,,,
19.096717924545086,inhale,25207.417700769027,25206.486700768837,25206.7867007689,,,,,,,,,,
nan,pause,25207.418700769027,25207.417700769027,nan,,,,,,,,,,
-12.583203229481597,exhale,25209.29070076941,25207.418700769027,25207.616700769067,,,,,,,,,,
nan,pause,25209.29170076941,25209.29070076941,nan,,,,,,,,,,
27.61663007796715,inhale,25210.2307007696,25209.29170076941,25209.616700769475,,,,,,,,,,
nan,pause,25210.2317007696,25210.2307007696,nan,,,,,,,,,,
-10.952617962800021,exhale,25211.95670076995,25210.2317007696,25210.446700769644,,,,,,,,,,
nan,pause,25211.95770076995,25211.95670076995,nan,,,,,,,,,,
24.504517231944423,inhale,25212.82970077013,25211.95770076995,25212.28670077002,,,,,,,,,,
nan,pause,25212.83070077013,25212.82970077013,nan,,,,,,,,,,
-10.566552335627772,exhale,25214.40470077045,25212.83070077013,25213.116700770188,,,,,,,,,,
nan,pause,25214.40570077045,25214.40470077045,nan,,,,,,,,,,
20.886978376621816,inhale,25215.075700770587,25214.40570077045,25214.776700770526,,,,,,,,,,
nan,pause,25215.076700770587,25215.075700770587,nan,,,,,,,,,,
-13.731930221781985,exhale,25216.156700770807,25215.076700770587,25215.946700770764,,,,,,,,,,
nan,pause,25216.157700770807,25216.156700770807,nan,,,,,,,,,,
20.39148806195604,inhale,25216.96370077097,25216.157700770807,25216.446700770866,,,,,,,,,,
nan,pause,25216.964700770972,25216.96370077097,nan,,,,,,,,,,
-8.835856488749762,exhale,25218.149700771213,25216.964700770972,25217.946700771172,,,,,,,,,,
nan,pause,25218.150700771213,25218.149700771213,nan,,,,,,,,,,
17.587223841775256,inhale,25218.97270077138,25218.150700771213,25218.456700771276,,,,,,,,,,
nan,pause,25218.97370077138,25218.97270077138,nan,,,,,,,,,,
-8.849841317985613,exhale,25220.508700771694,25218.97370077138,25219.11670077141,,,,,,,,,,
nan,pause,25220.509700771694,25220.508700771694,nan,,,,,,,,,,
22.004819010478634,inhale,25221.265700771848,25220.509700771694,25220.78670077175,,,,,,,,,,
nan,pause,25221.26670077185,25221.265700771848,nan,,,,,,,,,,
-9.714574153374274,exhale,25222.626700772125,25221.26670077185,25221.456700771887,,,,,,,,,,
nan,pause,25222.627700772126,25222.626700772125,nan,,,,,,,,,,
22.566063856383742,inhale,25223.38670077228,25222.627700772126,25222.94670077219,,,,,,,,,,
nan,pause,25223.38770077228,25223.38670077228,nan,,,,,,,,,,
-9.866547569155738,exhale,25224.75970077256,25223.38770077228,25223.616700772327,,,,,,,,,,
nan,pause,25224.76070077256,25224.75970077256,nan,,,,,,,,,,
22.483322875874926,inhale,25225.563700772724,25224.76070077256,25225.116700772633,,,,,,,,,,
nan,pause,25225.564700772724,25225.563700772724,nan,,,,,,,,,,
-6.471398314620076,exhale,25227.176700773052,25225.564700772724,25226.786700772973,,,,,,,,,,
nan,pause,25227.177700773052,25227.176700773052,nan,,,,,,,,,,
20.190947821535808,inhale,25228.023700773225,25227.177700773052,25227.45670077311,,,,,,,,,,
nan,pause,25228.024700773225,25228.023700773225,nan,,,,,,,,,,
-10.557116316990117,exhale,25229.42370077351,25228.024700773225,25228.28670077328,,,,,,,,,,
nan,pause,25229.42470077351,25229.42370077351,nan,,,,,,,,,,
15.812716235313133,inhale,25230.192700773667,25229.42470077351,25229.786700773584,,,,,,,,,,
nan,pause,25230.193700773667,25230.192700773667,nan,,,,,,,,,,
-7.96887286151001,exhale,25231.62470077396,25230.193700773667,25230.44670077372,,,,,,,,,,
nan,pause,25231.62570077396,25231.62470077396,nan,,,,,,,,,,
15.053738155285908,inhale,25232.524700774142,25231.62570077396,25231.946700774024,,,,,,,,,,
nan,pause,25232.525700774142,25232.524700774142,nan,,,,,,,,,,
-5.770845024749362,exhale,25234.005700774444,25232.525700774142,25232.776700774193,,,,,,,,,,
nan,pause,25234.006700774444,25234.005700774444,nan,,,,,,,,,,
10.756238781173,inhale,25234.87270077462,25234.006700774444,25234.2867007745,,,,,,,,,,
nan,pause,25234.87370077462,25234.87270077462,nan,,,,,,,,,,
-5.266580061591705,exhale,25236.262700774903,25234.87370077462,25235.11670077467,,,,,,,,,,
nan,pause,25236.263700774904,25236.262700774903,nan,,,,,,,,,,
7.623105084503042,inhale,25237.070700775068,25236.263700774904,25236.456700774943,,,,,,,,,,
nan,pause,25237.071700775068,25237.070700775068,nan,,,,,,,,,,
-5.437659657662418,exhale,25238.484700775356,25237.071700775068,25237.286700775112,,,,,,,,,,
nan,pause,25238.485700775356,25238.484700775356,nan,,,,,,,,,,
4.331417040203727,inhale,25239.365700775536,25238.485700775356,25238.776700775416,,,,,,,,,,
nan,pause,25239.366700775536,25239.365700775536,nan,,,,,,,,,,
-3.583288194125714,exhale,25240.56570077578,25239.366700775536,25239.616700775587,,,,,,,,,,
nan,pause,25240.56670077578,25240.56570077578,nan,,,,,,,,,,
3.901740258469803,inhale,25241.482700775967,25240.56670077578,25240.786700775825,,,,,,,,,,
nan,pause,25241.483700775967,25241.482700775967,nan,,,,,,,,,,
-3.0498908581311412,exhale,25242.939700776264,25241.483700775967,25242.616700776198,,,,,,,,,,
nan,pause,25242.940700776264,25242.939700776264,nan,,,,,,,,,,
3.3666849647767547,inhale,25243.875700776454,25242.940700776264,25243.1167007763,,,,,,,,,,
nan,pause,25243.876700776455,25243.875700776454,nan,,,,,,,,,,
-3.2832803873965806,exhale,25245.32470077675,25243.876700776455,25245.116700776707,,,,,,,,,,
nan,pause,25245.32570077675,25245.32470077675,nan,,,,,,,,,,
3.184021351467861,inhale,25246.21170077693,25245.32570077675,25245.456700776776,,,,,,,,,,
nan,pause,25246.21270077693,25246.21170077693,nan,,,,,,,,,,
-3.5866396211905296,exhale,25247.607700777215,25246.21270077693,25247.28670077715,,,,,,,,,,
nan,pause,25247.608700777215,25247.607700777215,nan,,,,,,,,,,
2.849759310257309,inhale,25248.56270077741,25247.608700777215,25247.78670077725,,,,,,,,,,
nan,pause,25248.56370077741,25248.56270077741,nan,,,,,,,,,,
-4.159498637927378,exhale,25249.829700777667,25248.56370077741,25248.786700777455,,,,,,,,,,
nan,pause,25249.830700777668,25249.829700777667,nan,,,,,,,,,,
3.3140229046531333,inhale,25250.758700777857,25249.830700777668,25249.956700777693,,,,,,,,,,
nan,pause,25250.759700777857,25250.758700777857,nan,,,,,,,,,,
-3.4924320882595326,exhale,25252.015700778113,25250.759700777857,25250.956700777897,,,,,,,,,,
nan,pause,25252.016700778113,25252.015700778113,nan,,,,,,,,,,
3.462281232445481,inhale,25253.007700778315,25252.016700778113,25252.286700778168,,,,,,,,,,
nan,pause,25253.008700778315,25253.007700778315,nan,,,,,,,,,,
-4.257353869493719,exhale,25254.26170077857,25253.008700778315,25253.946700778506,,,,,,,,,,
nan,pause,25254.26270077857,25254.26170077857,nan,,,,,,,,,,
4.09272793763079,inhale,25255.226700778767,25254.26270077857,25254.45670077861,,,,,,,,,,
nan,pause,25255.227700778767,25255.226700778767,nan,,,,,,,,,,
-3.7710950923969775,exhale,25256.47670077902,25255.227700778767,25255.456700778814,,,,,,,,,,
nan,pause,25256.47770077902,25256.47670077902,nan,,,,,,,,,,
3.350093063398113,inhale,25257.474700779225,25256.47770077902,25257.116700779152,,,,,,,,,,
nan,pause,25257.475700779225,25257.474700779225,nan,,,,,,,,,,
-3.990375183623686,exhale,25258.736700779482,25257.475700779225,25257.776700779286,,,,,,,,,,
nan,pause,25258.737700779482,25258.736700779482,nan,,,,,,,,,,
3.1573221243945144,inhale,25259.747700779688,25258.737700779482,25258.956700779527,,,,,,,,,,
nan,pause,25259.748700779688,25259.747700779688,nan,,,,,,,,,,
-2.707839448825065,exhale,25260.961700779935,25259.748700779688,25259.95670077973,,,,,,,,,,
nan,pause,25260.962700779935,25260.961700779935,nan,,,,,,,,,,
2.750086865652607,inhale,25261.92370078013,25260.962700779935,25261.116700779967,,,,,,,,,,
nan,pause,25261.92470078013,25261.92370078013,nan,,,,,,,,,,
-2.6165876520991347,exhale,25263.156700780382,25261.92470078013,25262.11670078017,,,,,,,,,,
nan,pause,25263.157700780383,25263.156700780382,nan,,,,,,,,,,
2.6446591593565496,inhale,25264.12270078058,25263.157700780383,25263.28670078041,,,,,,,,,,
nan,pause,25264.12370078058,25264.12270078058,nan,,,,,,,,,,
-2.2053796680421205,exhale,25265.316700780822,25264.12370078058,25264.286700780613,,,,,,,,,,
nan,pause,25265.317700780823,25265.316700780822,nan,,,,,,,,,,
2.1929597881124705,inhale,25266.24270078101,25265.317700780823,25265.78670078092,,,,,,,,,,
nan,pause,25266.24370078101,25266.24270078101,nan,,,,,,,,,,
-7.0691980206851035,exhale,25266.609700781086,25266.24370078101,25266.446700781053,,,,,,,,,,
nan,pause,25266.88370078114,25266.609700781086,nan,,,,,,,,,,
0.6744879099677009,inhale,25267.71170078131,25266.88370078114,25267.446700781256,,,,,,,,,,
nan,pause,25269.005700781574,25267.71170078131,nan,,,,,,,,,,
132.9789563805558,pause,25271.5827007821,25269.005700781574,25271.276700782037,,,,,,,,,,
nan,pause,25271.5837007821,25271.5827007821,nan,,,,,,,,,,
-172.5190488573027,pause,25275.66370078293,25271.5837007821,25271.78670078214,,,,,,,,,,
nan,pause,25271.5837007821,25275.66370078293,nan,,,,,,,,,,
-0.31659672826220747,exhale,25275.66370078293,25271.5837007821,25274.616700782717,,,,,,,,,,
nan,pause,25278.9577007836,25275.66370078293,nan,,,,,,,,,,
0.47877504885738714,inhale,25279.39770078369,25278.9577007836,25279.276700783666,,,,,,,,,,
nan,pause,25280.350700783885,25279.39770078369,nan,,,,,,,,,,
0.5327206592299708,inhale,25281.047700784027,25280.350700783885,25280.786700783974,,,,,,,,,,
nan,pause,25281.048700784027,25281.047700784027,nan,,,,,,,,,,
-0.34989601896707356,exhale,25282.73470078437,25281.048700784027,25281.11670078404,,,,,,,,,,
nan,pause,25282.73570078437,25282.73470078437,nan,,,,,,,,,,
1.0114182642522132,inhale,25283.535700784534,25282.73570078437,25283.27670078448,,,,,,,,,,
nan,pause,25283.536700784534,25283.535700784534,nan,,,,,,,,,,
-0.646599630462378,exhale,25284.69970078477,25283.536700784534,25283.776700784583,,,,,,,,,,
nan,pause,25284.70070078477,25284.69970078477,nan,,,,,,,,,,
1.2262597797715258,inhale,25285.542700784943,25284.70070078477,25285.28670078489,,,,,,,,,,
nan,pause,25285.543700784943,25285.542700784943,nan,,,,,,,,,,
-0.8439568528538266,exhale,25286.686700785176,25285.543700784943,25285.77670078499,,,,,,,,,,
nan,pause,25286.687700785176,25286.686700785176,nan,,,,,,,,,,
0.9166991031965079,inhale,25287.53570078535,25286.687700785176,25287.116700785264,,,,,,,,,,
nan,pause,25287.53670078535,25287.53570078535,nan,,,,,,,,,,
-0.5805785556539098,exhale,25288.678700785582,25287.53670078535,25287.7867007854,,,,,,,,,,
nan,pause,25288.679700785582,25288.678700785582,nan,,,,,,,,,,
0.8000974453823628,inhale,25289.50970078575,25288.679700785582,25289.11670078567,,,,,,,,,,
nan,pause,25289.51070078575,25289.50970078575,nan,,,,,,,,,,
-0.5652806156769282,exhale,25290.405700785934,25289.51070078575,25289.776700785806,,,,,,,,,,
nan,pause,25290.406700785934,25290.405700785934,nan,,,,,,,,,,
1.1626198728108308,inhale,25291.261700786108,25290.406700785934,25290.78670078601,,,,,,,,,,
nan,pause,25291.26270078611,25291.261700786108,nan,,,,,,,,,,
-0.7418606644904543,exhale,25292.29670078632,25291.26270078611,25291.456700786148,,,,,,,,,,
nan,pause,25292.29770078632,25292.29670078632,nan,,,,,,,,,,
1.0640608968836016,inhale,25293.112700786485,25292.29770078632,25292.776700786417,,,,,,,,,,
nan,pause,25293.113700786485,25293.112700786485,nan,,,,,,,,,,
-0.5611591495783895,exhale,25294.149700786696,25293.113700786485,25293.28670078652,,,,,,,,,,
nan,pause,25294.150700786697,25294.149700786696,nan,,,,,,,,,,
0.8140229010311467,inhale,25295.038700786878,25294.150700786697,25294.45670078676,,,,,,,,,,
nan,pause,25295.039700786878,25295.038700786878,nan,,,,,,,,,,
-0.7937798075663812,exhale,25296.07470078709,25295.039700786878,25295.286700786928,,,,,,,,,,
nan,pause,25296.07570078709,25296.07470078709,nan,,,,,,,,,,
1.1640588416199127,inhale,25296.975700787272,25296.07570078709,25296.77670078723,,,,,,,,,,
nan,pause,25296.976700787272,25296.975700787272,nan,,,,,,,,,,
-0.8998930892075478,exhale,25298.206700787523,25296.976700787272,25297.1167007873,,,,,,,,,,
nan,pause,25298.207700787523,25298.206700787523,nan,,,,,,,,,,
1.383398334513122,inhale,25299.02970078769,25298.207700787523,25298.616700787607,,,,,,,,,,
nan,pause,25299.03070078769,25299.02970078769,nan,,,,,,,,,,
-1.1978599353666117,exhale,25299.987700787886,25299.03070078769,25299.286700787743,,,,,,,,,,
nan,pause,25299.988700787886,25299.987700787886,nan,,,,,,,,,,
1.1639805936807928,inhale,25300.865700788065,25299.988700787886,25300.286700787947,,,,,,,,,,
nan,pause,25300.866700788065,25300.865700788065,nan,,,,,,,,,,
-1.0498960814744038,exhale,25301.992700788294,25300.866700788065,25301.116700788116,,,,,,,,,,
nan,pause,25301.993700788295,25301.992700788294,nan,,,,,,,,,,
1.3500951045365892,inhale,25302.86370078847,25301.993700788295,25302.61670078842,,,,,,,,,,
nan,pause,25302.864700788472,25302.86370078847,nan,,,,,,,,,,
-0.8665975436784449,exhale,25303.9797007887,25302.864700788472,25303.116700788523,,,,,,,,,,
nan,pause,25303.9807007887,25303.9797007887,nan,,,,,,,,,,
1.4317006256513818,inhale,25304.82570078887,25303.9807007887,25304.28670078876,,,,,,,,,,
nan,pause,25304.82670078887,25304.82570078887,nan,,,,,,,,,,
-0.9132516153859414,exhale,25305.9537007891,25304.82670078887,25304.956700788898,,,,,,,,,,
nan,pause,25305.9547007891,25305.9537007891,nan,,,,,,,,,,
1.2966992108300623,inhale,25306.850700789284,25305.9547007891,25306.28670078917,,,,,,,,,,
nan,pause,25306.851700789284,25306.850700789284,nan,,,,,,,,,,
-1.145880330350945,exhale,25308.029700789524,25306.851700789284,25306.956700789306,,,,,,,,,,
nan,pause,25308.030700789524,25308.029700789524,nan,,,,,,,,,,
2.3797690432553376,inhale,25308.881700789698,25308.030700789524,25308.44670078961,,,,,,,,,,
nan,pause,25308.882700789698,25308.881700789698,nan,,,,,,,,,,
-1.4832943811316213,exhale,25310.11970078995,25308.882700789698,25309.116700789746,,,,,,,,,,
nan,pause,25310.12070078995,25310.11970078995,nan,,,,,,,,,,
2.600096725781079,inhale,25310.967700790123,25310.12070078995,25310.61670079005,,,,,,,,,,
nan,pause,25310.968700790123,25310.967700790123,nan,,,,,,,,,,
-1.916589171299699,exhale,25312.162700790366,25310.968700790123,25311.116700790153,,,,,,,,,,
nan,pause,25312.163700790366,25312.162700790366,nan,,,,,,,,,,
3.44942871505636,inhale,25312.993700790536,25312.163700790366,25312.456700790426,,,,,,,,,,
nan,pause,25312.994700790536,25312.993700790536,nan,,,,,,,,,,
-2.8665851255376467,exhale,25314.127700790767,25312.994700790536,25313.11670079056,,,,,,,,,,
nan,pause,25314.128700790767,25314.127700790767,nan,,,,,,,,,,
2.4497684444779213,inhale,25315.02370079095,25314.128700790767,25314.44670079083,,,,,,,,,,
nan,pause,25315.02470079095,25315.02370079095,nan,,,,,,,,,,
-2.2390203248820786,exhale,25316.228700791195,25315.02470079095,25315.286700791003,,,,,,,,,,
nan,pause,25316.229700791195,25316.228700791195,nan,,,,,,,,,,
3.216693114944366,inhale,25317.14370079138,25316.229700791195,25316.616700791274,,,,,,,,,,
nan,pause,25317.14470079138,25317.14370079138,nan,,,,,,,,,,
-4.087359722079817,exhale,25318.151700791586,25317.14470079138,25317.28670079141,,,,,,,,,,
nan,pause,25318.152700791587,25318.151700791586,nan,,,,,,,,,,
4.058778749079021,inhale,25319.00270079176,25318.152700791587,25318.446700791646,,,,,,,,,,
nan,pause,25319.00370079176,25319.00270079176,nan,,,,,,,,,,
-2.9998999999999967,exhale,25320.149700791993,25319.00370079176,25319.126700791785,,,,,,,,,,
nan,pause,25320.150700791994,25320.149700791993,nan,,,,,,,,,,
5.650086411054942,inhale,25320.92370079215,25320.150700791994,25320.61670079209,,,,,,,,,,
nan,pause,25320.92470079215,25320.92370079215,nan,,,,,,,,,,
-4.4332802257118225,exhale,25322.014700792373,25320.92470079215,25321.11670079219,,,,,,,,,,
nan,pause,25322.015700792374,25322.014700792373,nan,,,,,,,,,,
5.746699207570433,inhale,25322.83070079254,25322.015700792374,25322.28670079243,,,,,,,,,,
nan,pause,25322.83170079254,25322.83070079254,nan,,,,,,,,,,
-4.917075361678155,exhale,25324.032700792784,25322.83170079254,25322.956700792565,,,,,,,,,,
nan,pause,25324.033700792785,25324.032700792784,nan,,,,,,,,,,
6.252836617859198,inhale,25324.866700792954,25324.033700792785,25324.44670079287,,,,,,,,,,
nan,pause,25324.867700792955,25324.866700792954,nan,,,,,,,,,,
-4.933285055705773,exhale,25326.02770079319,25324.867700792955,25325.116700793005,,,,,,,,,,
nan,pause,25326.02870079319,25326.02770079319,nan,,,,,,,,,,
6.475580419612433,inhale,25326.877700793364,25326.02870079319,25326.286700793244,,,,,,,,,,
nan,pause,25326.878700793364,25326.877700793364,nan,,,,,,,,,,
-4.066585019084359,exhale,25328.002700793593,25326.878700793364,25327.116700793413,,,,,,,,,,
nan,pause,25328.003700793593,25328.002700793593,nan,,,,,,,,,,
7.303820004628264,inhale,25328.81970079376,25328.003700793593,25328.446700793684,,,,,,,,,,
nan,pause,25328.82070079376,25328.81970079376,nan,,,,,,,,,,
-5.699869854898122,exhale,25329.889700793978,25328.82070079376,25329.11670079382,,,,,,,,,,
nan,pause,25329.890700793978,25329.889700793978,nan,,,,,,,,,,
6.816674762289567,inhale,25330.716700794146,25329.890700793978,25330.116700794024,,,,,,,,,,
nan,pause,25330.717700794146,25330.716700794146,nan,,,,,,,,,,
-6.9054070158510115,exhale,25331.941700794396,25330.717700794146,25330.946700794193,,,,,,,,,,
nan,pause,25331.942700794396,25331.941700794396,nan,,,,,,,,,,
6.995679171199981,inhale,25332.69370079455,25331.942700794396,25332.286700794466,,,,,,,,,,
nan,pause,25332.69470079455,25332.69370079455,nan,,,,,,,,,,
-5.933593449278849,exhale,25333.814700794777,25332.69470079455,25332.9467007946,,,,,,,,,,
nan,pause,25333.815700794778,25333.814700794777,nan,,,,,,,,,,
6.7000766572682595,inhale,25334.65570079495,25333.815700794778,25334.11670079484,,,,,,,,,,
nan,pause,25334.65670079495,25334.65570079495,nan,,,,,,,,,,
-5.331306418876889,exhale,25335.79470079518,25334.65670079495,25334.946700795008,,,,,,,,,,
nan,pause,25335.79570079518,25335.79470079518,nan,,,,,,,,,,
7.016684693658172,inhale,25336.641700795353,25335.79570079518,25336.116700795246,,,,,,,,,,
nan,pause,25336.642700795353,25336.641700795353,nan,,,,,,,,,,
-4.938340967820317,exhale,25337.80070079559,25336.642700795353,25336.786700795383,,,,,,,,,,
nan,pause,25337.80170079559,25337.80070079559,nan,,,,,,,,,,
6.683381452659894,inhale,25338.54270079574,25337.80170079559,25338.116700795654,,,,,,,,,,
nan,pause,25338.54370079574,25338.54270079574,nan,,,,,,,,,,
-4.076818645515466,exhale,25339.842700796005,25338.54370079574,25338.78670079579,,,,,,,,,,
nan,pause,25339.843700796006,25339.842700796005,nan,,,,,,,,,,
3.983386736497054,inhale,25340.832700796207,25339.843700796006,25340.11670079606,,,,,,,,,,
nan,pause,25340.833700796207,25340.832700796207,nan,,,,,,,,,,
-2.8165926793531253,exhale,25342.07470079646,25340.833700796207,25341.116700796265,,,,,,,,,,
nan,pause,25342.07570079646,25342.07470079646,nan,,,,,,,,,,
2.8650006217828943,inhale,25343.087700796666,25342.07570079646,25342.286700796503,,,,,,,,,,
nan,pause,25343.088700796667,25343.087700796666,nan,,,,,,,,,,
-3.1121791682868154,exhale,25344.224700796898,25343.088700796667,25343.286700796707,,,,,,,,,,
nan,pause,25344.2257007969,25344.224700796898,nan,,,,,,,,,,
4.215311465956056,inhale,25345.11070079708,25344.2257007969,25344.456700796945,,,,,,,,,,
nan,pause,25345.11170079708,25345.11070079708,nan,,,,,,,,,,
-4.785697000667008,exhale,25346.318700797325,25345.11170079708,25345.286700797114,,,,,,,,,,
nan,pause,25346.319700797325,25346.318700797325,nan,,,,,,,,,,
6.514054402278595,inhale,25347.149700797494,25346.319700797325,25346.776700797418,,,,,,,,,,
nan,pause,25347.150700797494,25347.149700797494,nan,,,,,,,,,,
-4.98998710588076,exhale,25348.330700797735,25347.150700797494,25347.446700797555,,,,,,,,,,
nan,pause,25348.331700797735,25348.330700797735,nan,,,,,,,,,,
4.842278369001912,inhale,25349.257700797923,25348.331700797735,25348.786700797828,,,,,,,,,,
nan,pause,25349.258700797924,25349.257700797923,nan,,,,,,,,,,
-4.659035985545584,exhale,25350.434700798163,25349.258700797924,25349.456700797964,,,,,,,,,,
nan,pause,25350.435700798163,25350.434700798163,nan,,,,,,,,,,
6.168210348198704,inhale,25351.233700798326,25350.435700798163,25350.776700798233,,,,,,,,,,
nan,pause,25351.234700798326,25351.233700798326,nan,,,,,,,,,,
-5.067025347146229,exhale,25352.367700798557,25351.234700798326,25351.45670079837,,,,,,,,,,
nan,pause,25352.368700798557,25352.367700798557,nan,,,,,,,,,,
5.983376850771593,inhale,25353.21370079873,25352.368700798557,25352.616700798608,,,,,,,,,,
nan,pause,25353.21470079873,25353.21370079873,nan,,,,,,,,,,
-3.211859051779678,exhale,25354.325700798956,25353.21470079873,25353.45670079878,,,,,,,,,,
nan,pause,25354.326700798956,25354.325700798956,nan,,,,,,,,,,
5.746134821229077,inhale,25355.208700799136,25354.326700798956,25354.776700799048,,,,,,,,,,
nan,pause,25355.209700799136,25355.208700799136,nan,,,,,,,,,,
-4.405680996088605,exhale,25356.289700799356,25355.209700799136,25355.446700799184,,,,,,,,,,
nan,pause,25356.290700799356,25356.289700799356,nan,,,,,,,,,,
6.450085157560316,inhale,25357.074700799516,25356.290700799356,25356.616700799423,,,,,,,,,,
nan,pause,25357.075700799516,25357.074700799516,nan,,,,,,,,,,
-5.948898206958482,exhale,25358.110700799727,25357.075700799516,25357.28670079956,,,,,,,,,,
nan,pause,25358.111700799727,25358.110700799727,nan,,,,,,,,,,
5.354490406467456,inhale,25358.9617007999,25358.111700799727,25358.446700799796,,,,,,,,,,
nan,pause,25358.9627007999,25358.9617007999,nan,,,,,,,,,,
-3.083286352913688,exhale,25360.324700800178,25358.9627007999,25359.116700799932,,,,,,,,,,
nan,pause,25360.32570080018,25360.324700800178,nan,,,,,,,,,,
4.250086464545883,inhale,25361.30870080038,25360.32570080018,25360.616700800238,,,,,,,,,,
nan,pause,25361.30970080038,25361.30870080038,nan,,,,,,,,,,
-3.2165884365772914,exhale,25362.580700800638,25361.30970080038,25361.61670080044,,,,,,,,,,
nan,pause,25362.581700800638,25362.580700800638,nan,,,,,,,,,,
2.9585397104247044,inhale,25363.562700800838,25362.581700800638,25362.78670080068,,,,,,,,,,
nan,pause,25363.563700800838,25363.562700800838,nan,,,,,,,,,,
-2.2635398912259426,exhale,25364.688700801067,25363.563700800838,25363.786700800883,,,,,,,,,,
nan,pause,25364.689700801067,25364.688700801067,nan,,,,,,,,,,
3.4905721012073765,inhale,25365.561700801245,25364.689700801067,25364.95670080112,,,,,,,,,,
nan,pause,25365.562700801245,25365.561700801245,nan,,,,,,,,,,
-2.4605185074839446,exhale,25366.699700801477,25365.562700801245,25365.78670080129,,,,,,,,,,
nan,pause,25366.700700801477,25366.699700801477,nan,,,,,,,,,,
3.8334000000000032,inhale,25367.519700801644,25366.700700801477,25366.95670080153,,,,,,,,,,
nan,pause,25367.520700801644,25367.519700801644,nan,,,,,,,,,,
-2.280325657203582,exhale,25368.653700801875,25367.520700801644,25367.94670080173,,,,,,,,,,
nan,pause,25368.654700801875,25368.653700801875,nan,,,,,,,,,,
3.5492063213530853,inhale,25369.395700802026,25368.654700801875,25368.946700801935,,,,,,,,,,
nan,pause,25369.396700802026,25369.395700802026,nan,,,,,,,,,,
-2.016595226528302,exhale,25370.44470080224,25369.396700802026,25370.116700802173,,,,,,,,,,
nan,pause,25370.44570080224,25370.44470080224,nan,,,,,,,,,,
2.5333894647789,inhale,25371.358700802426,25370.44570080224,25370.616700802275,,,,,,,,,,
nan,pause,25371.359700802426,25371.358700802426,nan,,,,,,,,,,
-1.7383409432383004,exhale,25372.80070080272,25371.359700802426,25372.286700802615,,,,,,,,,,
nan,pause,25372.80170080272,25372.80070080272,nan,,,,,,,,,,
2.6166939757873333,inhale,25373.73670080291,25372.80170080272,25373.116700802784,,,,,,,,,,
nan,pause,25373.73770080291,25373.73670080291,nan,,,,,,,,,,
-0.6101390864712671,exhale,25374.41870080305,25373.73770080291,25373.78670080292,,,,,,,,,,
nan,pause,25375.474700803265,25374.41870080305,nan,,,,,,,,,,
-0.599891753777245,exhale,25375.769700803325,25375.474700803265,25375.616700803293,,,,,,,,,,
nan,pause,25375.770700803325,25375.769700803325,nan,,,,,,,,,,
1.5833944510990299,inhale,25376.890700803553,25375.770700803325,25376.116700803395,,,,,,,,,,
nan,pause,25376.891700803553,25376.890700803553,nan,,,,,,,,,,
-0.9319392704905882,exhale,25378.14470080381,25376.891700803553,25377.786700803736,,,,,,,,,,
nan,pause,25378.14570080381,25378.14470080381,nan,,,,,,,,,,
1.5501000000000031,inhale,25379.104700804004,25378.14570080381,25378.286700803837,,,,,,,,,,
nan,pause,25379.105700804004,25379.104700804004,nan,,,,,,,,,,
-0.7594597395638881,exhale,25380.00870080419,25379.105700804004,25379.28670080404,,,,,,,,,,
nan,pause,25380.00970080419,25380.00870080419,nan,,,,,,,,,,
0.45009203139486914,inhale,25380.237700804235,25380.00970080419,25380.11670080421,,,,,,,,,,
nan,pause,25382.688700804734,25380.237700804235,nan,,,,,,,,,,
3.7599410097902406,inhale,25383.55870080491,25382.688700804734,25383.44670080489,,,,,,,,,,
nan,pause,25383.55970080491,25383.55870080491,nan,,,,,,,,,,
-1.966574737452191,exhale,25385.489700805305,25383.55970080491,25383.616700804923,,,,,,,,,,
nan,pause,25385.490700805305,25385.489700805305,nan,,,,,,,,,,
13.935247021049012,inhale,25386.235700805457,25385.490700805305,25385.946700805398,,,,,,,,,,
nan,pause,25386.236700805457,25386.235700805457,nan,,,,,,,,,,
-4.331414220752101,exhale,25388.06470080583,25386.236700805457,25386.4467008055,,,,,,,,,,
nan,pause,25388.06570080583,25388.06470080583,nan,,,,,,,,,,
12.2506212815628,inhale,25388.81170080598,25388.06570080583,25388.45670080591,,,,,,,,,,
nan,pause,25388.812700805982,25388.81170080598,nan,,,,,,,,,,
-5.934817848075033,exhale,25390.300700806285,25388.812700805982,25388.95670080601,,,,,,,,,,
nan,pause,25390.301700806285,25390.300700806285,nan,,,,,,,,,,
12.543571603732454,inhale,25391.034700806435,25390.301700806285,25390.776700806382,,,,,,,,,,
nan,pause,25391.035700806435,25391.034700806435,nan,,,,,,,,,,
-5.0332532653357545,exhale,25392.53770080674,25391.035700806435,25391.11670080645,,,,,,,,,,
nan,pause,25392.53870080674,25392.53770080674,nan,,,,,,,,,,
10.583400000000003,inhale,25393.295700806895,25392.53870080674,25392.956700806826,,,,,,,,,,
nan,pause,25393.296700806895,25393.295700806895,nan,,,,,,,,,,
-7.802710400316562,exhale,25394.769700807195,25393.296700806895,25393.456700806928,,,,,,,,,,
nan,pause,25394.770700807196,25394.769700807195,nan,,,,,,,,,,
9.273022491332686,inhale,25395.648700807375,25394.770700807196,25395.2767008073,,,,,,,,,,
nan,pause,25395.649700807375,25395.648700807375,nan,,,,,,,,,,
-4.851619551283137,exhale,25397.166700807684,25395.649700807375,25395.786700807403,,,,,,,,,,
nan,pause,25397.167700807684,25397.166700807684,nan,,,,,,,,,,
11.080738825967964,inhale,25398.016700807857,25397.167700807684,25397.776700807808,,,,,,,,,,
nan,pause,25398.017700807857,25398.016700807857,nan,,,,,,,,,,
-6.849845682265982,exhale,25399.630700808186,25398.017700807857,25398.116700807877,,,,,,,,,,
nan,pause,25399.631700808186,25399.630700808186,nan,,,,,,,,,,
10.116680025154917,inhale,25400.517700808366,25399.631700808186,25400.116700808285,,,,,,,,,,
nan,pause,25400.518700808367,25400.517700808366,nan,,,,,,,,,,
-5.266563367900468,exhale,25402.026700808674,25400.518700808367,25400.616700808387,,,,,,,,,,
nan,pause,25402.027700808674,25402.026700808674,nan,,,,,,,,,,
14.479140204159387,inhale,25402.876700808847,25402.027700808674,25402.44670080876,,,,,,,,,,
nan,pause,25402.877700808847,25402.876700808847,nan,,,,,,,,,,
-5.071908222965195,exhale,25404.674700809213,25402.877700808847,25402.956700808863,,,,,,,,,,
nan,pause,25404.675700809214,25404.674700809213,nan,,,,,,,,,,
12.768202862972075,inhale,25405.566700809395,25404.675700809214,25405.276700809336,,,,,,,,,,
nan,pause,25405.567700809395,25405.566700809395,nan,,,,,,,,,,
-5.697578052903904,exhale,25407.20170080973,25405.567700809395,25405.78670080944,,,,,,,,,,
nan,pause,25407.20270080973,25407.20170080973,nan,,,,,,,,,,
14.516678243386197,inhale,25407.979700809887,25407.20270080973,25407.616700809813,,,,,,,,,,
nan,pause,25407.980700809887,25407.979700809887,nan,,,,,,,,,,
-6.249853873871958,exhale,25409.898700810278,25407.980700809887,25408.116700809915,,,,,,,,,,
nan,pause,25409.899700810278,25409.898700810278,nan,,,,,,,,,,
11.948220460007285,inhale,25410.870700810476,25409.899700810278,25410.44670081039,,,,,,,,,,
nan,pause,25410.871700810476,25410.870700810476,nan,,,,,,,,,,
-4.498768021337915,exhale,25413.015700810913,25410.871700810476,25412.776700810864,,,,,,,,,,
nan,pause,25413.016700810913,25413.015700810913,nan,,,,,,,,,,
16.004590934342872,inhale,25414.008700811115,25413.016700810913,25413.456700811003,,,,,,,,,,
nan,pause,25414.009700811115,25414.008700811115,nan,,,,,,,,,,
-4.199237485851142,exhale,25415.84870081149,25414.009700811115,25414.27670081117,,,,,,,,,,
nan,pause,25415.84970081149,25415.84870081149,nan,,,,,,,,,,
14.79476519614537,inhale,25416.68670081166,25415.84970081149,25416.44670081161,,,,,,,,,,
nan,pause,25416.68770081166,25416.68670081166,nan,,,,,,,,,,
-7.242837073247808,exhale,25418.096700811948,25416.68770081166,25416.78670081168,,,,,,,,,,
nan,pause,25418.097700811948,25418.096700811948,nan,,,,,,,,,,
15.994295680828666,inhale,25418.876700812107,25418.097700811948,25418.45670081202,,,,,,,,,,
nan,pause,25418.877700812107,25418.876700812107,nan,,,,,,,,,,
-6.399874219020624,exhale,25420.26170081239,25418.877700812107,25419.116700812156,,,,,,,,,,
nan,pause,25420.26270081239,25420.26170081239,nan,,,,,,,,,,
18.066640625920005,inhale,25421.014700812542,25420.26270081239,25420.61670081246,,,,,,,,,,
nan,pause,25421.015700812542,25421.014700812542,nan,,,,,,,,,,
-7.1332484095854545,exhale,25422.463700812837,25421.015700812542,25421.116700812563,,,,,,,,,,
nan,pause,25422.464700812838,25422.463700812837,nan,,,,,,,,,,
16.78447675543693,inhale,25423.263700813,25422.464700812838,25422.786700812903,,,,,,,,,,
nan,pause,25423.264700813,25423.263700813,nan,,,,,,,,,,
-5.861662980320353,exhale,25424.765700813306,25423.264700813,25423.45670081304,,,,,,,,,,
nan,pause,25424.766700813307,25424.765700813306,nan,,,,,,,,,,
17.83334402972011,inhale,25425.57170081347,25424.766700813307,25425.116700813378,,,,,,,,,,
nan,pause,25425.57270081347,25425.57170081347,nan,,,,,,,,,,
-6.466579371838442,exhale,25426.967700813755,25425.57270081347,25425.786700813514,,,,,,,,,,
nan,pause,25426.968700813755,25426.967700813755,nan,,,,,,,,,,
16.26884966667072,inhale,25427.82270081393,25426.968700813755,25427.446700813853,,,,,,,,,,
nan,pause,25427.82370081393,25427.82270081393,nan,,,,,,,,,,
-5.885063786760066,exhale,25429.35370081424,25427.82370081393,25427.956700813957,,,,,,,,,,
nan,pause,25429.35470081424,25429.35370081424,nan,,,,,,,,,,
20.0497540857328,inhale,25430.196700814413,25429.35470081424,25429.78670081433,,,,,,,,,,
nan,pause,25430.197700814413,25430.196700814413,nan,,,,,,,,,,
-6.514807062453313,exhale,25431.571700814693,25430.197700814413,25430.446700814464,,,,,,,,,,
nan,pause,25431.572700814693,25431.571700814693,nan,,,,,,,,,,
17.108157365600466,inhale,25432.39470081486,25431.572700814693,25431.94670081477,,,,,,,,,,
nan,pause,25432.39570081486,25432.39470081486,nan,,,,,,,,,,
-5.733282967520098,exhale,25433.982700815184,25432.39570081486,25432.616700814906,,,,,,,,,,
nan,pause,25433.983700815184,25433.982700815184,nan,,,,,,,,,,
13.293959111475871,inhale,25434.870700815365,25433.983700815184,25434.286700815246,,,,,,,,,,
nan,pause,25434.871700815365,25434.870700815365,nan,,,,,,,,,,
-4.799873969604552,exhale,25436.546700815707,25434.871700815365,25435.116700815415,,,,,,,,,,
nan,pause,25436.547700815707,25436.546700815707,nan,,,,,,,,,,
13.216686371638305,inhale,25437.459700815893,25436.547700815707,25437.116700815823,,,,,,,,,,
nan,pause,25437.460700815893,25437.459700815893,nan,,,,,,,,,,
-4.116558003307313,exhale,25439.26270081626,25437.460700815893,25439.11670081623,,,,,,,,,,
nan,pause,25439.26370081626,25439.26270081626,nan,,,,,,,,,,
14.183362498045224,inhale,25440.10070081643,25439.26370081626,25439.616700816332,,,,,,,,,,
nan,pause,25440.10170081643,25440.10070081643,nan,,,,,,,,,,
-5.917638035234545,exhale,25441.651700816747,25440.10170081643,25440.28670081647,,,,,,,,,,
nan,pause,25441.652700816747,25441.651700816747,nan,,,,,,,,,,
10.99809015692619,inhale,25442.521700816924,25441.652700816747,25441.95670081681,,,,,,,,,,
nan,pause,25442.522700816924,25442.521700816924,nan,,,,,,,,,,
-4.166559882172668,exhale,25443.997700817225,25442.522700816924,25442.616700816943,,,,,,,,,,
nan,pause,25443.998700817225,25443.997700817225,nan,,,,,,,,,,
11.75138665762571,inhale,25444.822700817393,25443.998700817225,25444.446700817316,,,,,,,,,,
nan,pause,25444.823700817393,25444.822700817393,nan,,,,,,,,,,
-4.42950545229555,exhale,25446.294700817693,25444.823700817393,25444.95670081742,,,,,,,,,,
nan,pause,25446.295700817693,25446.294700817693,nan,,,,,,,,,,
12.133370193984561,inhale,25447.080700817853,25446.295700817693,25446.616700817758,,,,,,,,,,
nan,pause,25447.081700817853,25447.080700817853,nan,,,,,,,,,,
-4.585658065375008,exhale,25448.44170081813,25447.081700817853,25447.286700817895,,,,,,,,,,
nan,pause,25448.44270081813,25448.44170081813,nan,,,,,,,,,,
11.367797327297653,inhale,25449.23370081829,25448.44270081813,25448.7867008182,,,,,,,,,,
nan,pause,25449.23470081829,25449.23370081829,nan,,,,,,,,,,
-4.897323133895498,exhale,25450.481700818546,25449.23470081829,25449.446700818335,,,,,,,,,,
nan,pause,25450.482700818546,25450.481700818546,nan,,,,,,,,,,
12.186548989598938,inhale,25451.309700818714,25450.482700818546,25450.94670081864,,,,,,,,,,
nan,pause,25451.310700818714,25451.309700818714,nan,,,,,,,,,,
-5.058314534024795,exhale,25452.829700819024,25451.310700818714,25451.456700818744,,,,,,,,,,
nan,pause,25452.830700819024,25452.829700819024,nan,,,,,,,,,,
6.550079693920681,inhale,25453.809700819224,25452.830700819024,25453.116700819082,,,,,,,,,,
nan,pause,25453.810700819224,25453.809700819224,nan,,,,,,,,,,
-4.064819291958609,exhale,25455.028700819472,25453.810700819224,25453.956700819253,,,,,,,,,,
nan,pause,25455.029700819472,25455.028700819472,nan,,,,,,,,,,
7.278512965923932,inhale,25455.986700819667,25455.029700819472,25455.45670081956,,,,,,,,,,
nan,pause,25455.987700819667,25455.986700819667,nan,,,,,,,,,,
-2.8665775077240885,exhale,25457.312700819937,25455.987700819667,25456.116700819694,,,,,,,,,,
nan,pause,25457.313700819937,25457.312700819937,nan,,,,,,,,,,
6.329017771903381,inhale,25458.235700820125,25457.313700819937,25457.786700820034,,,,,,,,,,
nan,pause,25458.236700820125,25458.235700820125,nan,,,,,,,,,,
-6.381200588339678,exhale,25459.660700820416,25458.236700820125,25459.28670082034,,,,,,,,,,
nan,pause,25459.661700820416,25459.660700820416,nan,,,,,,,,,,
9.366684196963243,inhale,25460.543700820595,25459.661700820416,25460.11670082051,,,,,,,,,,
nan,pause,25460.544700820596,25460.543700820595,nan,,,,,,,,,,
-6.012158439144527,exhale,25462.098700820912,25460.544700820596,25460.786700820645,,,,,,,,,,
nan,pause,25462.099700820912,25462.098700820912,nan,,,,,,,,,,
9.079306464277463,inhale,25462.960700821088,25462.099700820912,25462.446700820983,,,,,,,,,,
nan,pause,25462.961700821088,25462.960700821088,nan,,,,,,,,,,
-7.333262582650348,exhale,25464.357700821372,25462.961700821088,25463.11670082112,,,,,,,,,,
nan,pause,25464.358700821373,25464.357700821372,nan,,,,,,,,,,
8.85007824997206,inhale,25465.239700821552,25464.358700821373,25464.616700821425,,,,,,,,,,
nan,pause,25465.240700821552,25465.239700821552,nan,,,,,,,,,,
-6.649603843110365,exhale,25466.565700821822,25465.240700821552,25465.456700821596,,,,,,,,,,
nan,pause,25466.566700821822,25466.565700821822,nan,,,,,,,,,,
7.465043438352027,inhale,25467.467700822006,25466.566700821822,25466.9467008219,,,,,,,,,,
nan,pause,25467.468700822006,25467.467700822006,nan,,,,,,,,,,
-4.89986686364483,exhale,25468.922700822302,25467.468700822006,25467.616700822036,,,,,,,,,,
nan,pause,25468.923700822303,25468.922700822302,nan,,,,,,,,,,
5.608966260829531,inhale,25469.860700822494,25468.923700822303,25469.276700822375,,,,,,,,,,
nan,pause,25469.861700822494,25469.860700822494,nan,,,,,,,,,,
-3.7998848870911557,exhale,25471.149700822756,25469.861700822494,25470.116700822546,,,,,,,,,,
nan,pause,25471.150700822756,25471.149700822756,nan,,,,,,,,,,
3.56201304174816,inhale,25472.10170082295,25471.150700822756,25471.45670082282,,,,,,,,,,
nan,pause,25472.10270082295,25472.10170082295,nan,,,,,,,,,,
-2.995140479884589,exhale,25473.219700823178,25472.10270082295,25472.286700822988,,,,,,,,,,
nan,pause,25473.220700823178,25473.219700823178,nan,,,,,,,,,,
3.399282683241742,inhale,25474.189700823375,25473.220700823178,25473.456700823226,,,,,,,,,,
nan,pause,25474.190700823376,25474.189700823375,nan,,,,,,,,,,
-2.143958533130293,exhale,25475.364700823615,25474.190700823376,25474.446700823428,,,,,,,,,,
nan,pause,25475.365700823615,25475.364700823615,nan,,,,,,,,,,
2.930097662403309,inhale,25476.32670082381,25475.365700823615,25475.7767008237,,,,,,,,,,
nan,pause,25476.32770082381,25476.32670082381,nan,,,,,,,,,,
-2.383296244042066,exhale,25477.378700824025,25476.32770082381,25476.61670082387,,,,,,,,,,
nan,pause,25477.379700824025,25477.378700824025,nan,,,,,,,,,,
2.8994186111263165,inhale,25478.33970082422,25477.379700824025,25477.78670082411,,,,,,,,,,
nan,pause,25478.34070082422,25478.33970082422,nan,,,,,,,,,,
-1.8665986814040956,exhale,25479.426700824442,25478.34070082422,25478.616700824277,,,,,,,,,,
nan,pause,25479.427700824443,25479.426700824442,nan,,,,,,,,,,
3.1197987420205244,inhale,25480.378700824636,25479.427700824443,25479.786700824516,,,,,,,,,,
nan,pause,25480.379700824637,25480.378700824636,nan,,,,,,,,,,
-1.7665940193892693,exhale,25481.535700824872,25480.379700824637,25480.616700824685,,,,,,,,,,
nan,pause,25481.536700824872,25481.535700824872,nan,,,,,,,,,,
3.638879521846446,inhale,25482.571700825083,25481.536700824872,25481.786700824923,,,,,,,,,,
nan,pause,25482.572700825083,25482.571700825083,nan,,,,,,,,,,
-2.674458262685328,exhale,25483.72970082532,25482.572700825083,25482.786700825127,,,,,,,,,,
nan,pause,25483.73070082532,25483.72970082532,nan,,,,,,,,,,
4.580522778475386,inhale,25484.753700825528,25483.73070082532,25483.956700825365,,,,,,,,,,
nan,pause,25484.754700825528,25484.753700825528,nan,,,,,,,,,,
-2.3832961021505357,exhale,25486.04470082579,25484.754700825528,25485.616700825703,,,,,,,,,,
nan,pause,25486.04570082579,25486.04470082579,nan,,,,,,,,,,
5.05279868769556,inhale,25487.093700826004,25486.04570082579,25486.28670082584,,,,,,,,,,
nan,pause,25487.094700826005,25487.093700826004,nan,,,,,,,,,,
-3.021738823518805,exhale,25488.282700826247,25487.094700826005,25487.286700826044,,,,,,,,,,
nan,pause,25488.283700826247,25488.282700826247,nan,,,,,,,,,,
5.102631078593374,inhale,25489.32170082646,25488.283700826247,25488.456700826282,,,,,,,,,,
nan,pause,25489.32270082646,25489.32170082646,nan,,,,,,,,,,
-4.757889327538546,exhale,25490.471700826693,25489.32270082646,25489.456700826486,,,,,,,,,,
nan,pause,25490.472700826693,25490.471700826693,nan,,,,,,,,,,
5.71537990236993,inhale,25491.419700826886,25490.472700826693,25490.786700826757,,,,,,,,,,
nan,pause,25491.420700826886,25491.419700826886,nan,,,,,,,,,,
-4.466579495533414,exhale,25492.502700827106,25491.420700826886,25491.616700826926,,,,,,,,,,
nan,pause,25492.503700827107,25492.502700827106,nan,,,,,,,,,,
6.458918940623941,inhale,25493.424700827294,25492.503700827107,25492.786700827164,,,,,,,,,,
nan,pause,25493.425700827294,25493.424700827294,nan,,,,,,,,,,
-4.833270193341167,exhale,25494.63670082754,25493.425700827294,25493.616700827333,,,,,,,,,,
nan,pause,25494.63770082754,25494.63670082754,nan,,,,,,,,,,
6.028978266978068,inhale,25495.546700827726,25494.63770082754,25494.946700827604,,,,,,,,,,
nan,pause,25495.547700827727,25495.546700827726,nan,,,,,,,,,,
-5.681957088996448,exhale,25496.655700827952,25495.547700827727,25495.786700827775,,,,,,,,,,
nan,pause,25496.656700827953,25496.655700827952,nan,,,,,,,,,,
5.076699171986939,inhale,25497.557700828136,25496.656700827953,25496.956700828014,,,,,,,,,,
nan,pause,25497.558700828136,25497.557700828136,nan,,,,,,,,,,
-4.147219155522228,exhale,25498.71070082837,25497.558700828136,25497.786700828183,,,,,,,,,,
nan,pause,25498.71170082837,25498.71070082837,nan,,,,,,,,,,
5.662680306886315,inhale,25499.628700828558,25498.71170082837,25498.95670082842,,,,,,,,,,
nan,pause,25499.62970082856,25499.628700828558,nan,,,,,,,,,,
-5.453339420610666,exhale,25500.784700828794,25499.62970082856,25499.78670082859,,,,,,,,,,
nan,pause,25500.785700828794,25500.784700828794,nan,,,,,,,,,,
5.386158029586182,inhale,25501.69570082898,25500.785700828794,25501.286700828896,,,,,,,,,,
nan,pause,25501.69670082898,25501.69570082898,nan,,,,,,,,,,
-4.576664943993097,exhale,25502.87170082922,25501.69670082898,25501.94670082903,,,,,,,,,,
nan,pause,25502.87270082922,25502.87170082922,nan,,,,,,,,,,
6.250077507739716,inhale,25503.778700829404,25502.87270082922,25503.11670082927,,,,,,,,,,
nan,pause,25503.779700829404,25503.778700829404,nan,,,,,,,,,,
-5.921465908616435,exhale,25504.966700829646,25503.779700829404,25503.95670082944,,,,,,,,,,
nan,pause,25504.967700829646,25504.966700829646,nan,,,,,,,,,,
5.620480111239707,inhale,25505.882700829832,25504.967700829646,25505.28670082971,,,,,,,,,,
nan,pause,25505.883700829832,25505.882700829832,nan,,,,,,,,,,
-3.7665926641280825,exhale,25507.05570083007,25505.883700829832,25506.11670082988,,,,,,,,,,
nan,pause,25507.05670083007,25507.05570083007,nan,,,,,,,,,,
5.655140849757396,inhale,25508.021700830268,25507.05670083007,25507.28670083012,,,,,,,,,,
nan,pause,25508.022700830268,25508.021700830268,nan,,,,,,,,,,
-4.352977925960759,exhale,25509.30470083053,25508.022700830268,25508.286700830322,,,,,,,,,,
nan,pause,25509.30570083053,25509.30470083053,nan,,,,,,,,,,
5.200086839119768,inhale,25510.214700830715,25509.30570083053,25509.616700830593,,,,,,,,,,
nan,pause,25510.215700830715,25510.214700830715,nan,,,,,,,,,,
-4.519737054257867,exhale,25511.37170083095,25510.215700830715,25510.446700830762,,,,,,,,,,
nan,pause,25511.37270083095,25511.37170083095,nan,,,,,,,,,,
5.816680364531617,inhale,25512.282700831136,25511.37270083095,25511.616700831,,,,,,,,,,
nan,pause,25512.283700831136,25512.282700831136,nan,,,,,,,,,,
-4.5592318994984184,exhale,25513.464700831377,25512.283700831136,25512.45670083117,,,,,,,,,,
nan,pause,25513.465700831377,25513.464700831377,nan,,,,,,,,,,
5.410579727456653,inhale,25514.35870083156,25513.465700831377,25513.786700831442,,,,,,,,,,
nan,pause,25514.35970083156,25514.35870083156,nan,,,,,,,,,,
-4.449884888417788,exhale,25515.962700831886,25514.35970083156,25514.61670083161,,,,,,,,,,
nan,pause,25515.963700831886,25515.962700831886,nan,,,,,,,,,,
4.803100752372024,inhale,25517.037700832105,25515.963700831886,25516.28670083195,,,,,,,,,,
nan,pause,25517.038700832105,25517.037700832105,nan,,,,,,,,,,
-3.4798397824877703,exhale,25518.312700832364,25517.038700832105,25517.286700832155,,,,,,,,,,
nan,pause,25518.313700832365,25518.312700832364,nan,,,,,,,,,,
5.166679597333191,inhale,25519.26770083256,25518.313700832365,25518.616700832426,,,,,,,,,,
nan,pause,25519.26870083256,25519.26770083256,nan,,,,,,,,,,
-5.182236463644925,exhale,25520.473700832805,25519.26870083256,25519.456700832598,,,,,,,,,,
nan,pause,25520.474700832805,25520.473700832805,nan,,,,,,,,,,
4.879660511907919,inhale,25521.47270083301,25520.474700832805,25520.78670083287,,,,,,,,,,
nan,pause,25521.47370083301,25521.47270083301,nan,,,,,,,,,,
-4.502920453281375,exhale,25522.65670083325,25521.47370083301,25521.77670083307,,,,,,,,,,
nan,pause,25522.65770083325,25522.65670083325,nan,,,,,,,,,,
3.811291671742784,inhale,25523.507700833423,25522.65770083325,25522.95670083331,,,,,,,,,,
nan,pause,25523.508700833423,25523.507700833423,nan,,,,,,,,,,
-2.2786750364751236,exhale,25524.655700833657,25523.508700833423,25524.27670083358,,,,,,,,,,
nan,pause,25524.656700833657,25524.655700833657,nan,,,,,,,,,,
0.3115997695197251,inhale,25525.02370083373,25524.656700833657,25524.786700833683,,,,,,,,,,
nan,pause,25525.172700833762,25525.02370083373,nan,,,,,,,,,,
4.166682116658308,inhale,25526.38770083401,25525.172700833762,25525.616700833853,,,,,,,,,,
nan,pause,25526.38870083401,25526.38770083401,nan,,,,,,,,,,
-2.249891725931974,exhale,25528.15070083437,25526.38870083401,25526.616700834056,,,,,,,,,,
nan,pause,25528.15170083437,25528.15070083437,nan,,,,,,,,,,
2.822504250841713,inhale,25529.221700834587,25528.15170083437,25528.94670083453,,,,,,,,,,
nan,pause,25529.222700834587,25529.221700834587,nan,,,,,,,,,,
-1.867221212635425,exhale,25529.91970083473,25529.222700834587,25529.456700834635,,,,,,,,,,
nan,pause,25531.134700834977,25529.91970083473,nan,,,,,,,,,,
2.987518746175499,inhale,25532.219700835198,25531.134700834977,25531.78670083511,,,,,,,,,,
nan,pause,25532.220700835198,25532.219700835198,nan,,,,,,,,,,
-3.401663633506663,exhale,25533.478700835454,25532.220700835198,25532.456700835246,,,,,,,,,,
nan,pause,25533.479700835454,25533.478700835454,nan,,,,,,,,,,
3.7071809246994563,inhale,25534.517700835666,25533.479700835454,25533.786700835517,,,,,,,,,,
nan,pause,25534.518700835666,25534.517700835666,nan,,,,,,,,,,
-7.84980018579838,exhale,25535.27470083582,25534.518700835666,25535.116700835788,,,,,,,,,,
nan,pause,25535.27570083582,25535.27470083582,nan,,,,,,,,,,
0.37523962609866923,inhale,25535.442700835854,25535.27570083582,25535.286700835823,,,,,,,,,,
nan,pause,25535.505700835867,25535.442700835854,nan,,,,,,,,,,
1.5573259576213334,inhale,25536.736700836118,25535.505700835867,25535.946700835957,,,,,,,,,,
nan,pause,25539.140700836608,25536.736700836118,nan,,,,,,,,,,
-1.2123017773228109,exhale,25540.097700836803,25539.140700836608,25539.946700836772,,,,,,,,,,
nan,pause,25540.098700836803,25540.097700836803,nan,,,,,,,,,,
2.398059905913611,inhale,25541.089700837005,25540.098700836803,25540.28670083684,,,,,,,,,,
nan,pause,25541.090700837005,25541.089700837005,nan,,,,,,,,,,
-1.1258189745370484,exhale,25542.43270083728,25541.090700837005,25541.286700837045,,,,,,,,,,
nan,pause,25542.43370083728,25542.43270083728,nan,,,,,,,,,,
2.562736427861477,inhale,25543.41670083748,25542.43370083728,25542.77670083735,,,,,,,,,,
nan,pause,25543.41770083748,25543.41670083748,nan,,,,,,,,,,
-1.449891338534502,exhale,25544.762700837753,25543.41770083748,25543.61670083752,,,,,,,,,,
nan,pause,25544.763700837753,25544.762700837753,nan,,,,,,,,,,
3.589379463472629,inhale,25545.72770083795,25544.763700837753,25544.956700837793,,,,,,,,,,
nan,pause,25545.72870083795,25545.72770083795,nan,,,,,,,,,,
-2.233153934559089,exhale,25547.032700838216,25545.72870083795,25545.956700837996,,,,,,,,,,
nan,pause,25547.033700838216,25547.032700838216,nan,,,,,,,,,,
4.769798687022534,inhale,25547.964700838405,25547.033700838216,25547.286700838267,,,,,,,,,,
nan,pause,25547.965700838406,25547.964700838405,nan,,,,,,,,,,
-1.6446181993468671,exhale,25549.46370083871,25547.965700838406,25548.27670083847,,,,,,,,,,
nan,pause,25549.46470083871,25549.46370083871,nan,,,,,,,,,,
4.240851374341618,inhale,25550.284700838878,25549.46470083871,25549.776700838775,,,,,,,,,,
nan,pause,25550.28570083888,25550.284700838878,nan,,,,,,,,,,
-2.6538195245447502,exhale,25551.42370083911,25550.28570083888,25550.456700838913,,,,,,,,,,
nan,pause,25551.42470083911,25551.42370083911,nan,,,,,,,,,,
5.233376323175903,inhale,25552.3607008393,25551.42470083911,25551.61670083915,,,,,,,,,,
nan,pause,25552.3617008393,25552.3607008393,nan,,,,,,,,,,
-1.7832903445170871,exhale,25553.62970083956,25552.3617008393,25552.616700839353,,,,,,,,,,
nan,pause,25553.63070083956,25553.62970083956,nan,,,,,,,,,,
4.137369610621518,inhale,25554.387700839714,25553.63070083956,25553.956700839626,,,,,,,,,,
nan,pause,25554.388700839714,25554.387700839714,nan,,,,,,,,,,
-4.276839016416252,exhale,25555.412700839923,25554.388700839714,25554.786700839795,,,,,,,,,,
nan,pause,25555.413700839923,25555.412700839923,nan,,,,,,,,,,
6.150068738685413,inhale,25556.32370084011,25555.413700839923,25555.616700839964,,,,,,,,,,
nan,pause,25556.32470084011,25556.32370084011,nan,,,,,,,,,,
-2.829134229072328,exhale,25557.344700840316,25556.32470084011,25556.456700840135,,,,,,,,,,
nan,pause,25557.345700840317,25557.344700840316,nan,,,,,,,,,,
5.781398437904553,inhale,25558.132700840477,25557.345700840317,25557.786700840406,,,,,,,,,,
nan,pause,25558.133700840477,25558.132700840477,nan,,,,,,,,,,
-3.699897214542171,exhale,25559.17070084069,25558.133700840477,25558.616700840576,,,,,,,,,,
nan,pause,25559.17170084069,25559.17070084069,nan,,,,,,,,,,
5.477987627242117,inhale,25560.01170084086,25559.17170084069,25559.446700840745,,,,,,,,,,
nan,pause,25560.01270084086,25560.01170084086,nan,,,,,,,,,,
-4.261507016742629,exhale,25561.009700841063,25560.01270084086,25560.276700840914,,,,,,,,,,
nan,pause,25561.010700841063,25561.009700841063,nan,,,,,,,,,,
5.806160860691451,inhale,25561.88070084124,25561.010700841063,25561.28670084112,,,,,,,,,,
nan,pause,25561.88170084124,25561.88070084124,nan,,,,,,,,,,
-3.267450115051427,exhale,25563.028700841474,25561.88170084124,25562.27670084132,,,,,,,,,,
nan,pause,25563.029700841475,25563.028700841474,nan,,,,,,,,,,
5.66231967876062,inhale,25563.872700841646,25563.029700841475,25563.286700841527,,,,,,,,,,
nan,pause,25563.873700841646,25563.872700841646,nan,,,,,,,,,,
-3.2732507472036207,exhale,25564.987700841873,25563.873700841646,25564.456700841765,,,,,,,,,,
nan,pause,25564.988700841874,25564.987700841873,nan,,,,,,,,,,
5.8878594171499055,inhale,25565.75670084203,25564.988700841874,25565.286700841934,,,,,,,,,,
nan,pause,25565.75770084203,25565.75670084203,nan,,,,,,,,,,
-3.6998898920272865,exhale,25566.812700842245,25565.75770084203,25566.116700842103,,,,,,,,,,
nan,pause,25566.813700842245,25566.812700842245,nan,,,,,,,,,,
5.400098813880802,inhale,25567.602700842406,25566.813700842245,25567.116700842307,,,,,,,,,,
nan,pause,25567.603700842406,25567.602700842406,nan,,,,,,,,,,
-4.52847897680427,exhale,25568.789700842648,25567.603700842406,25567.786700842444,,,,,,,,,,
nan,pause,25568.79070084265,25568.789700842648,nan,,,,,,,,,,
5.833390336996745,inhale,25569.567700842807,25568.79070084265,25569.116700842715,,,,,,,,,,
nan,pause,25569.568700842807,25569.567700842807,nan,,,,,,,,,,
-5.015218339242198,exhale,25570.66070084303,25569.568700842807,25569.78670084285,,,,,,,,,,
nan,pause,25570.66170084303,25570.66070084303,nan,,,,,,,,,,
5.645579139624656,inhale,25571.529700843206,25570.66170084303,25570.946700843087,,,,,,,,,,
nan,pause,25571.530700843206,25571.529700843206,nan,,,,,,,,,,
-3.182633836541478,exhale,25572.811700843467,25571.530700843206,25571.94670084329,,,,,,,,,,
nan,pause,25572.812700843468,25572.811700843467,nan,,,,,,,,,,
5.11372378544174,inhale,25573.71070084365,25572.812700843468,25573.446700843597,,,,,,,,,,
nan,pause,25573.71170084365,25573.71070084365,nan,,,,,,,,,,
-3.539670632374721,exhale,25574.83270084388,25573.71170084365,25573.9467008437,,,,,,,,,,
nan,pause,25574.83370084388,25574.83270084388,nan,,,,,,,,,,
5.866688979679741,inhale,25575.67170084405,25574.83370084388,25575.116700843937,,,,,,,,,,
nan,pause,25575.67270084405,25575.67170084405,nan,,,,,,,,,,
-4.699561343661463,exhale,25576.69470084426,25575.67270084405,25575.786700844073,,,,,,,,,,
nan,pause,25576.69570084426,25576.69470084426,nan,,,,,,,,,,
5.700097906054029,inhale,25577.520700844427,25576.69570084426,25577.116700844344,,,,,,,,,,
nan,pause,25577.521700844427,25577.520700844427,nan,,,,,,,,,,
-3.6707510634559624,exhale,25578.8557008447,25577.521700844427,25577.77670084448,,,,,,,,,,
nan,pause,25578.8567008447,25578.8557008447,nan,,,,,,,,,,
4.732039254065288,inhale,25579.714700844874,25578.8567008447,25579.286700844787,,,,,,,,,,
nan,pause,25579.715700844874,25579.714700844874,nan,,,,,,,,,,
-4.256009907201461,exhale,25580.815700845098,25579.715700844874,25579.94670084492,,,,,,,,,,
nan,pause,25580.8167008451,25580.815700845098,nan,,,,,,,,,,
4.13068054790361,inhale,25581.65870084527,25580.8167008451,25581.286700845194,,,,,,,,,,
nan,pause,25581.65970084527,25581.65870084527,nan,,,,,,,,,,
-3.464219204282407,exhale,25582.807700845504,25581.65970084527,25581.786700845296,,,,,,,,,,
nan,pause,25582.808700845504,25582.807700845504,nan,,,,,,,,,,
3.9500982000638505,inhale,25583.652700845676,25582.808700845504,25583.116700845567,,,,,,,,,,
nan,pause,25583.653700845676,25583.652700845676,nan,,,,,,,,,,
-3.7625583093737798,exhale,25584.786700845907,25583.653700845676,25583.786700845703,,,,,,,,,,
nan,pause,25584.787700845907,25584.786700845907,nan,,,,,,,,,,
3.950097757349245,inhale,25585.547700846062,25584.787700845907,25585.116700845974,,,,,,,,,,
nan,pause,25585.548700846062,25585.547700846062,nan,,,,,,,,,,
-3.432899849641366,exhale,25586.60970084628,25585.548700846062,25585.78670084611,,,,,,,,,,
nan,pause,25586.61070084628,25586.60970084628,nan,,,,,,,,,,
3.648739253453925,inhale,25587.41070084644,25586.61070084628,25586.786700846314,,,,,,,,,,
nan,pause,25587.41170084644,25587.41070084644,nan,,,,,,,,,,
-2.833288554771436,exhale,25588.502700846664,25587.41170084644,25587.616700846484,,,,,,,,,,
nan,pause,25588.503700846664,25588.502700846664,nan,,,,,,,,,,
3.597039849979518,inhale,25589.282700846823,25588.503700846664,25588.786700846722,,,,,,,,,,
nan,pause,25589.283700846823,25589.282700846823,nan,,,,,,,,,,
-2.917786846470613,exhale,25590.24270084702,25589.283700846823,25589.94670084696,,,,,,,,,,
nan,pause,25590.24370084702,25590.24270084702,nan,,,,,,,,,,
3.384688453728935,inhale,25591.02870084718,25590.24370084702,25590.456700847062,,,,,,,,,,
nan,pause,25591.02970084718,25591.02870084718,nan,,,,,,,,,,
-1.8832851728828457,exhale,25592.01370084738,25591.02970084718,25591.116700847197,,,,,,,,,,
nan,pause,25592.01470084738,25592.01370084738,nan,,,,,,,,,,
1.8126197991172084,inhale,25592.89170084756,25592.01470084738,25592.286700847435,,,,,,,,,,
nan,pause,25592.89270084756,25592.89170084756,nan,,,,,,,,,,
-0.8665968330503796,exhale,25593.855700847755,25592.89270084756,25593.116700847604,,,,,,,,,,
nan,pause,25593.856700847755,25593.855700847755,nan,,,,,,,,,,
1.32415889635145,inhale,25594.67470084792,25593.856700847755,25594.446700847875,,,,,,,,,,
nan,pause,25594.67570084792,25594.67470084792,nan,,,,,,,,,,
-1.8998999999999968,exhale,25595.65370084812,25594.67570084792,25594.786700847944,,,,,,,,,,
nan,pause,25595.65470084812,25595.65370084812,nan,,,,,,,,,,
13.649989529952599,inhale,25596.33470084826,25595.65470084812,25596.116700848215,,,,,,,,,,
nan,pause,25596.33570084826,25596.33470084826,nan,,,,,,,,,,
-7.012708849120302,exhale,25597.76770084855,25596.33570084826,25596.456700848285,,,,,,,,,,
nan,pause,25597.76870084855,25597.76770084855,nan,,,,,,,,,,
21.400012516051603,inhale,25598.511700848703,25597.76870084855,25598.116700848623,,,,,,,,,,
nan,pause,25598.512700848703,25598.511700848703,nan,,,,,,,,,,
-5.2665574754667634,exhale,25600.06370084902,25598.512700848703,25598.616700848725,,,,,,,,,,
nan,pause,25600.06470084902,25600.06370084902,nan,,,,,,,,,,
16.03377918864728,inhale,25600.723700849154,25600.06470084902,25600.286700849065,,,,,,,,,,
nan,pause,25600.724700849154,25600.723700849154,nan,,,,,,,,,,
-5.682934365684257,exhale,25601.968700849407,25600.724700849154,25600.9467008492,,,,,,,,,,
nan,pause,25601.969700849408,25601.968700849407,nan,,,,,,,,,,
15.431027603679588,inhale,25602.679700849552,25601.969700849408,25602.446700849505,,,,,,,,,,
nan,pause,25602.680700849553,25602.679700849552,nan,,,,,,,,,,
-8.45951564092568,exhale,25603.981700849818,25602.680700849553,25602.786700849574,,,,,,,,,,
nan,pause,25603.982700849818,25603.981700849818,nan,,,,,,,,,,
18.111355567004743,inhale,25604.713700849967,25603.982700849818,25604.28670084988,,,,,,,,,,
nan,pause,25604.714700849967,25604.713700849967,nan,,,,,,,,,,
-6.502926542176914,exhale,25606.040700850237,25604.714700849967,25604.946700850014,,,,,,,,,,
nan,pause,25606.041700850237,25606.040700850237,nan,,,,,,,,,,
14.690860066138207,inhale,25606.73870085038,25606.041700850237,25606.286700850287,,,,,,,,,,
nan,pause,25606.73970085038,25606.73870085038,nan,,,,,,,,,,
-7.619834193692605,exhale,25608.126700850662,25606.73970085038,25607.946700850625,,,,,,,,,,
nan,pause,25608.127700850662,25608.126700850662,nan,,,,,,,,,,
15.1081828803037,inhale,25608.876700850815,25608.127700850662,25608.446700850727,,,,,,,,,,
nan,pause,25608.877700850815,25608.876700850815,nan,,,,,,,,,,
-4.516593652608787,exhale,25610.289700851103,25608.877700850815,25609.116700850864,,,,,,,,,,
nan,pause,25610.290700851103,25610.289700851103,nan,,,,,,,,,,
19.73333201743306,inhale,25610.926700851232,25610.290700851103,25610.61670085117,,,,,,,,,,
nan,pause,25610.927700851233,25610.926700851232,nan,,,,,,,,,,
-8.521029707122722,exhale,25612.324700851517,25610.927700851233,25611.94670085144,,,,,,,,,,
nan,pause,25612.325700851517,25612.324700851517,nan,,,,,,,,,,
17.900572469535586,inhale,25613.112700851678,25612.325700851517,25612.77670085161,,,,,,,,,,
nan,pause,25613.113700851678,25613.112700851678,nan,,,,,,,,,,
-0.6809191997898454,exhale,25613.691700851796,25613.113700851678,25613.286700851713,,,,,,,,,,
nan,pause,25613.980700851855,25613.691700851796,nan,,,,,,,,,,
0.683389654374382,inhale,25614.264700851912,25613.980700851855,25614.116700851882,,,,,,,,,,
nan,pause,25614.265700851913,25614.264700851912,nan,,,,,,,,,,
-12.35969504444933,exhale,25616.279700852323,25614.265700851913,25615.946700852255,,,,,,,,,,
nan,pause,25616.280700852323,25616.279700852323,nan,,,,,,,,,,
18.716683520926154,inhale,25617.212700852513,25616.280700852323,25616.61670085239,,,,,,,,,,
nan,pause,25617.213700852513,25617.212700852513,nan,,,,,,,,,,
-16.920697667199864,exhale,25619.077700852893,25617.213700852513,25618.786700852834,,,,,,,,,,
nan,pause,25619.078700852893,25619.077700852893,nan,,,,,,,,,,
21.15234193626879,inhale,25620.013700853084,25619.078700852893,25619.44670085297,,,,,,,,,,
nan,pause,25620.014700853084,25620.013700853084,nan,,,,,,,,,,
-5.28326342462138,exhale,25620.612700853206,25620.014700853084,25620.116700853105,,,,,,,,,,
nan,pause,25621.96470085348,25620.612700853206,nan,,,,,,,,,,
26.103751470082447,inhale,25622.75270085364,25621.96470085348,25622.44670085358,,,,,,,,,,
nan,pause,25624.36670085397,25622.75270085364,nan,,,,,,,,,,
-7.935977408418827,exhale,25625.025700854105,25624.36670085397,25624.786700854056,,,,,,,,,,
nan,pause,25625.026700854105,25625.025700854105,nan,,,,,,,,,,
26.621885216134853,inhale,25625.805700854264,25625.026700854105,25625.44670085419,,,,,,,,,,
nan,pause,25625.806700854264,25625.805700854264,nan,,,,,,,,,,
-11.356040355975372,exhale,25627.64770085464,25625.806700854264,25625.956700854294,,,,,,,,,,
nan,pause,25627.64870085464,25627.64770085464,nan,,,,,,,,,,
24.89764755048451,inhale,25628.460700854805,25627.64870085464,25627.956700854702,,,,,,,,,,
nan,pause,25628.461700854805,25628.460700854805,nan,,,,,,,,,,
-9.716533317417143,exhale,25629.972700855113,25628.461700854805,25628.616700854836,,,,,,,,,,
nan,pause,25629.973700855113,25629.972700855113,nan,,,,,,,,,,
29.788106977129097,inhale,25630.74170085527,25629.973700855113,25630.44670085521,,,,,,,,,,
nan,pause,25630.74270085527,25630.74170085527,nan,,,,,,,,,,
-8.699579903523,exhale,25632.21470085557,25630.74270085527,25631.946700855515,,,,,,,,,,
nan,pause,25632.21570085557,25632.21470085557,nan,,,,,,,,,,
26.333350197308672,inhale,25632.928700855715,25632.21570085557,25632.61670085565,,,,,,,,,,
nan,pause,25632.929700855715,25632.928700855715,nan,,,,,,,,,,
-10.933221124669634,exhale,25634.295700855993,25632.929700855715,25633.116700855753,,,,,,,,,,
nan,pause,25634.296700855994,25634.295700855993,nan,,,,,,,,,,
27.216599982361306,inhale,25634.97170085613,25634.296700855994,25634.61670085606,,,,,,,,,,
nan,pause,25634.97270085613,25634.97170085613,nan,,,,,,,,,,
-11.49984118683748,exhale,25636.315700856405,25634.97270085613,25635.11670085616,,,,,,,,,,
nan,pause,25636.316700856405,25636.315700856405,nan,,,,,,,,,,
31.308915781361218,inhale,25637.06870085656,25636.316700856405,25636.7767008565,,,,,,,,,,
nan,pause,25637.06970085656,25637.06870085656,nan,,,,,,,,,,
-10.527837987122494,exhale,25638.481700856846,25637.06970085656,25637.286700856603,,,,,,,,,,
nan,pause,25638.482700856846,25638.481700856846,nan,,,,,,,,,,
28.08197839312753,inhale,25639.262700857005,25638.482700856846,25638.94670085694,,,,,,,,,,
nan,pause,25639.263700857005,25639.262700857005,nan,,,,,,,,,,
-9.364198139617763,exhale,25640.595700857277,25639.263700857005,25640.286700857214,,,,,,,,,,
nan,pause,25640.596700857277,25640.595700857277,nan,,,,,,,,,,
27.572477687495297,inhale,25641.30170085742,25640.596700857277,25640.94670085735,,,,,,,,,,
nan,pause,25641.30270085742,25641.30170085742,nan,,,,,,,,,,
-14.02821712309655,exhale,25642.596700857684,25641.30270085742,25642.28670085762,,,,,,,,,,
nan,pause,25642.597700857685,25642.596700857684,nan,,,,,,,,,,
27.520156694994355,inhale,25643.30770085783,25642.597700857685,25642.786700857723,,,,,,,,,,
nan,pause,25643.30870085783,25643.30770085783,nan,,,,,,,,,,
-7.904523140173896,exhale,25644.653700858104,25643.30870085783,25643.45670085786,,,,,,,,,,
nan,pause,25644.654700858104,25644.653700858104,nan,,,,,,,,,,
32.56991268094224,inhale,25645.352700858246,25644.654700858104,25644.956700858165,,,,,,,,,,
nan,pause,25645.353700858246,25645.352700858246,nan,,,,,,,,,,
-10.166544021044656,exhale,25646.619700858504,25645.353700858246,25645.6167008583,,,,,,,,,,
nan,pause,25646.620700858504,25646.619700858504,nan,,,,,,,,,,
31.417438429523557,inhale,25647.315700858646,25646.620700858504,25646.94670085857,,,,,,,,,,
nan,pause,25647.316700858646,25647.315700858646,nan,,,,,,,,,,
-16.092815439814377,exhale,25648.678700858924,25647.316700858646,25648.286700858844,,,,,,,,,,
nan,pause,25648.679700858924,25648.678700858924,nan,,,,,,,,,,
20.635163462654788,inhale,25649.506700859092,25648.679700858924,25648.95670085898,,,,,,,,,,
nan,pause,25649.507700859092,25649.506700859092,nan,,,,,,,,,,
-9.499829744181623,exhale,25650.804700859357,25649.507700859092,25650.61670085932,,,,,,,,,,
nan,pause,25650.805700859357,25650.804700859357,nan,,,,,,,,,,
31.94996927993683,inhale,25651.530700859505,25650.805700859357,25651.11670085942,,,,,,,,,,
nan,pause,25651.531700859505,25651.530700859505,nan,,,,,,,,,,
-9.133210616098822,exhale,25652.942700859792,25651.531700859505,25651.616700859522,,,,,,,,,,
nan,pause,25652.943700859792,25652.942700859792,nan,,,,,,,,,,
24.051795684147695,inhale,25653.637700859934,25652.943700859792,25653.286700859862,,,,,,,,,,
nan,pause,25653.638700859934,25653.637700859934,nan,,,,,,,,,,
-9.757096171206118,exhale,25655.114700860235,25653.638700859934,25653.786700859964,,,,,,,,,,
nan,pause,25655.115700860235,25655.114700860235,nan,,,,,,,,,,
27.033203737905666,inhale,25655.78270086037,25655.115700860235,25655.456700860304,,,,,,,,,,
nan,pause,25655.78370086037,25655.78270086037,nan,,,,,,,,,,
-9.612708630972513,exhale,25657.139700860647,25655.78370086037,25655.956700860406,,,,,,,,,,
nan,pause,25657.140700860647,25657.139700860647,nan,,,,,,,,,,
36.14142789086542,pause,25657.84270086079,25657.140700860647,25657.456700860712,,,,,,,,,,
nan,pause,25657.84370086079,25657.84270086079,nan,,,,,,,,,,
-7.54377014682913,exhale,25659.301700861088,25657.84370086079,25657.956700860814,,,,,,,,,,
nan,pause,25659.302700861088,25659.301700861088,nan,,,,,,,,,,
30.466566318744427,inhale,25659.968700861224,25659.302700861088,25659.616700861152,,,,,,,,,,
nan,pause,25659.969700861224,25659.968700861224,nan,,,,,,,,,,
-11.816530123106205,exhale,25661.216700861478,25659.969700861224,25660.116700861254,,,,,,,,,,
nan,pause,25661.217700861478,25661.216700861478,nan,,,,,,,,,,
28.316604966640615,inhale,25661.91870086162,25661.217700861478,25661.61670086156,,,,,,,,,,
nan,pause,25661.91970086162,25661.91870086162,nan,,,,,,,,,,
-8.933249803009991,exhale,25663.270700861896,25661.91970086162,25662.11670086166,,,,,,,,,,
nan,pause,25663.271700861897,25663.270700861896,nan,,,,,,,,,,
26.000049193951607,inhale,25663.93270086203,25663.271700861897,25663.616700861967,,,,,,,,,,
nan,pause,25663.93370086203,25663.93270086203,nan,,,,,,,,,,
-11.649822080784425,exhale,25665.2477008623,25663.93370086203,25664.11670086207,,,,,,,,,,
nan,pause,25665.2487008623,25665.2477008623,nan,,,,,,,,,,
27.149983518554667,inhale,25665.93870086244,25665.2487008623,25665.616700862374,,,,,,,,,,
nan,pause,25665.93970086244,25665.93870086244,nan,,,,,,,,,,
-12.249840315769303,exhale,25667.2077008627,25665.93970086244,25666.116700862476,,,,,,,,,,
nan,pause,25667.2087008627,25667.2077008627,nan,,,,,,,,,,
22.916631145559766,inhale,25667.934700862847,25667.2087008627,25667.61670086278,,,,,,,,,,
nan,pause,25667.935700862847,25667.934700862847,nan,,,,,,,,,,
-7.816568659875055,exhale,25669.163700863097,25667.935700862847,25668.116700862884,,,,,,,,,,
nan,pause,25669.164700863097,25669.163700863097,nan,,,,,,,,,,
27.660534467225403,inhale,25669.828700863232,25669.164700863097,25669.456700863157,,,,,,,,,,
nan,pause,25669.829700863233,25669.828700863232,nan,,,,,,,,,,
-11.783238430541925,exhale,25671.118700863495,25669.829700863233,25670.11670086329,,,,,,,,,,
nan,pause,25671.119700863495,25671.118700863495,nan,,,,,,,,,,
25.52601000316812,inhale,25671.838700863642,25671.119700863495,25671.456700863564,,,,,,,,,,
nan,pause,25671.839700863642,25671.838700863642,nan,,,,,,,,,,
-8.148790562139146,exhale,25673.133700863906,25671.839700863642,25672.946700863868,,,,,,,,,,
nan,pause,25673.134700863906,25673.133700863906,nan,,,,,,,,,,
25.364096981649904,inhale,25673.861700864054,25673.134700863906,25673.45670086397,,,,,,,,,,
nan,pause,25673.862700864054,25673.861700864054,nan,,,,,,,,,,
-8.596926288558917,exhale,25675.11770086431,25673.862700864054,25673.956700864073,,,,,,,,,,
nan,pause,25675.11870086431,25675.11770086431,nan,,,,,,,,,,
31.478600421636663,inhale,25675.75770086444,25675.11870086431,25675.446700864377,,,,,,,,,,
nan,pause,25675.75870086444,25675.75770086444,nan,,,,,,,,,,
-15.266481082594971,exhale,25677.056700864705,25675.75870086444,25676.116700864513,,,,,,,,,,
nan,pause,25677.057700864705,25677.056700864705,nan,,,,,,,,,,
20.100078869823623,inhale,25677.833700864863,25677.057700864705,25677.28670086475,,,,,,,,,,
nan,pause,25677.834700864863,25677.833700864863,nan,,,,,,,,,,
-6.982625115723147,exhale,25679.071700865115,25677.834700864863,25678.276700864953,,,,,,,,,,
nan,pause,25679.072700865116,25679.071700865115,nan,,,,,,,,,,
22.531703613001284,inhale,25679.741700865252,25679.072700865116,25679.44670086519,,,,,,,,,,
nan,pause,25679.742700865252,25679.741700865252,nan,,,,,,,,,,
-7.496093019832382,exhale,25681.15770086554,25679.742700865252,25679.946700865294,,,,,,,,,,
nan,pause,25681.15870086554,25681.15770086554,nan,,,,,,,,,,
25.383556505795845,inhale,25681.860700865684,25681.15870086554,25681.4567008656,,,,,,,,,,
nan,pause,25681.861700865684,25681.860700865684,nan,,,,,,,,,,
-9.399845781051269,exhale,25683.405700866,25681.861700865684,25682.116700865736,,,,,,,,,,
nan,pause,25683.406700866,25683.405700866,nan,,,,,,,,,,
22.689196901447936,inhale,25684.19970086616,25683.406700866,25683.786700866076,,,,,,,,,,
nan,pause,25684.20070086616,25684.19970086616,nan,,,,,,,,,,
-7.537665780605176,exhale,25685.747700866475,25684.20070086616,25684.44670086621,,,,,,,,,,
nan,pause,25685.748700866476,25685.747700866475,nan,,,,,,,,,,
24.11666127448455,inhale,25686.532700866635,25685.748700866476,25686.11670086655,,,,,,,,,,
nan,pause,25686.533700866636,25686.532700866635,nan,,,,,,,,,,
-6.349832272078866,exhale,25688.116700866958,25686.533700866636,25686.616700866653,,,,,,,,,,
nan,pause,25688.11770086696,25688.116700866958,nan,,,,,,,,,,
22.648137199315773,inhale,25688.896700867117,25688.11770086696,25688.446700867025,,,,,,,,,,
nan,pause,25688.897700867117,25688.896700867117,nan,,,,,,,,,,
-8.299859867440318,exhale,25690.34170086741,25688.897700867117,25690.116700867366,,,,,,,,,,
nan,pause,25690.34270086741,25690.34170086741,nan,,,,,,,,,,
24.433295277623518,inhale,25691.129700867572,25690.34270086741,25690.616700867467,,,,,,,,,,
nan,pause,25691.130700867572,25691.129700867572,nan,,,,,,,,,,
-9.65828202123247,exhale,25692.474700867846,25691.130700867572,25692.276700867806,,,,,,,,,,
nan,pause,25692.475700867846,25692.474700867846,nan,,,,,,,,,,
21.288896618289975,inhale,25693.224700868,25692.475700867846,25692.78670086791,,,,,,,,,,
nan,pause,25693.225700868,25693.224700868,nan,,,,,,,,,,
-5.883287266807018,exhale,25694.51470086826,25693.225700868,25693.61670086808,,,,,,,,,,
nan,pause,25694.51570086826,25694.51470086826,nan,,,,,,,,,,
17.74771918816624,inhale,25695.254700868412,25694.51570086826,25694.786700868317,,,,,,,,,,
nan,pause,25695.255700868413,25695.254700868412,nan,,,,,,,,,,
-9.73767654888204,exhale,25696.587700868684,25695.255700868413,25696.286700868623,,,,,,,,,,
nan,pause,25696.588700868684,25696.587700868684,nan,,,,,,,,,,
10.584475678293058,inhale,25697.36070086884,25696.588700868684,25696.786700868724,,,,,,,,,,
nan,pause,25697.36170086884,25697.36070086884,nan,,,,,,,,,,
-5.8498667216750855,exhale,25698.500700869074,25697.36170086884,25697.616700868894,,,,,,,,,,
nan,pause,25698.501700869074,25698.500700869074,nan,,,,,,,,,,
4.983363680199665,inhale,25699.301700869237,25698.501700869074,25698.616700869097,,,,,,,,,,
nan,pause,25699.302700869237,25699.301700869237,nan,,,,,,,,,,
-5.789360772934439,exhale,25700.54170086949,25699.302700869237,25700.286700869437,,,,,,,,,,
nan,pause,25700.54270086949,25700.54170086949,nan,,,,,,,,,,
4.316647305369944,inhale,25701.319700869648,25700.54270086949,25700.616700869505,,,,,,,,,,
nan,pause,25701.320700869648,25701.319700869648,nan,,,,,,,,,,
-7.2951628443184955,exhale,25702.345700869857,25701.320700869648,25701.956700869778,,,,,,,,,,
nan,pause,25702.346700869857,25702.345700869857,nan,,,,,,,,,,
13.240212935361388,inhale,25703.155700870022,25702.346700869857,25702.786700869947,,,,,,,,,,
nan,pause,25703.156700870022,25703.155700870022,nan,,,,,,,,,,
-6.661469897205906,exhale,25704.728700870342,25703.156700870022,25703.44670087008,,,,,,,,,,
nan,pause,25704.729700870343,25704.728700870342,nan,,,,,,,,,,
6.00007845661398,inhale,25705.718700870544,25704.729700870343,25705.11670087042,,,,,,,,,,
nan,pause,25705.719700870544,25705.718700870544,nan,,,,,,,,,,
-3.8634924165749513,exhale,25707.337700870874,25705.719700870544,25705.94670087059,,,,,,,,,,
nan,pause,25707.338700870874,25707.337700870874,nan,,,,,,,,,,
8.050029886899063,inhale,25708.310700871072,25707.338700870874,25708.116700871033,,,,,,,,,,
nan,pause,25708.311700871072,25708.310700871072,nan,,,,,,,,,,
-6.295178795228318,exhale,25709.701700871356,25708.311700871072,25709.28670087127,,,,,,,,,,
nan,pause,25709.702700871356,25709.701700871356,nan,,,,,,,,,,
9.050072233020597,inhale,25710.61070087154,25709.702700871356,25710.11670087144,,,,,,,,,,
nan,pause,25710.61170087154,25710.61070087154,nan,,,,,,,,,,
-5.239058448533054,exhale,25712.07270087184,25710.61170087154,25710.786700871577,,,,,,,,,,
nan,pause,25712.07370087184,25712.07270087184,nan,,,,,,,,,,
9.072179366912632,inhale,25712.92070087201,25712.07370087184,25712.286700871882,,,,,,,,,,
nan,pause,25712.92170087201,25712.92070087201,nan,,,,,,,,,,
-6.783251251565188,exhale,25714.117700872255,25712.92170087201,25713.11670087205,,,,,,,,,,
nan,pause,25714.118700872255,25714.117700872255,nan,,,,,,,,,,
5.266040236163781,inhale,25714.96970087243,25714.118700872255,25714.446700872322,,,,,,,,,,
nan,pause,25714.97070087243,25714.96970087243,nan,,,,,,,,,,
-4.083274559088557,exhale,25716.15570087267,25714.97070087243,25715.11670087246,,,,,,,,,,
nan,pause,25716.15670087267,25716.15570087267,nan,,,,,,,,,,
4.8633011674176645,inhale,25717.03470087285,25716.15670087267,25716.286700872697,,,,,,,,,,
nan,pause,25717.03570087285,25717.03470087285,nan,,,,,,,,,,
-3.915472300315764,exhale,25718.184700873084,25717.03570087285,25717.946700873035,,,,,,,,,,
nan,pause,25718.185700873084,25718.184700873084,nan,,,,,,,,,,
4.454640840182571,inhale,25719.016700873253,25718.185700873084,25718.45670087314,,,,,,,,,,
nan,pause,25719.017700873253,25719.016700873253,nan,,,,,,,,,,
-3.7733784924904055,exhale,25720.140700873482,25719.017700873253,25719.28670087331,,,,,,,,,,
nan,pause,25720.141700873482,25720.140700873482,nan,,,,,,,,,,
3.666694034018132,inhale,25721.041700873666,25720.141700873482,25720.61670087358,,,,,,,,,,
nan,pause,25721.042700873666,25721.041700873666,nan,,,,,,,,,,
-3.150619769752919,exhale,25722.1867008739,25721.042700873666,25721.286700873716,,,,,,,,,,
nan,pause,25722.1877008739,25722.1867008739,nan,,,,,,,,,,
2.7666498249765663,inhale,25723.091700874083,25722.1877008739,25722.456700873954,,,,,,,,,,
nan,pause,25723.092700874084,25723.091700874083,nan,,,,,,,,,,
-3.011159009261883,exhale,25724.182700874306,25723.092700874084,25723.786700874225,,,,,,,,,,
nan,pause,25724.183700874306,25724.182700874306,nan,,,,,,,,,,
2.0967983638260477,inhale,25725.09170087449,25724.183700874306,25724.44670087436,,,,,,,,,,
nan,pause,25725.09270087449,25725.09170087449,nan,,,,,,,,,,
-3.0234380753029555,exhale,25726.540700874786,25725.09270087449,25726.286700874734,,,,,,,,,,
nan,pause,25726.541700874786,25726.540700874786,nan,,,,,,,,,,
3.122179357166253,inhale,25727.476700874977,25726.541700874786,25726.786700874836,,,,,,,,,,
nan,pause,25727.477700874977,25727.476700874977,nan,,,,,,,,,,
-2.399885679174434,exhale,25728.834700875253,25727.477700874977,25727.616700875005,,,,,,,,,,
nan,pause,25728.835700875254,25728.834700875253,nan,,,,,,,,,,
4.533400000000003,inhale,25729.759700875442,25728.835700875254,25729.45670087538,,,,,,,,,,
nan,pause,25729.760700875442,25729.759700875442,nan,,,,,,,,,,
-3.787790657123407,exhale,25731.36770087577,25729.760700875442,25729.956700875482,,,,,,,,,,
nan,pause,25731.36870087577,25731.36770087577,nan,,,,,,,,,,
4.414057244305554,inhale,25732.382700875976,25731.36870087577,25731.786700875855,,,,,,,,,,
nan,pause,25732.383700875977,25732.382700875976,nan,,,,,,,,,,
-2.2332892869466483,exhale,25733.410700876186,25732.383700875977,25732.616700876024,,,,,,,,,,
nan,pause,25733.77870087626,25733.410700876186,nan,,,,,,,,,,
0.6166915349506576,inhale,25734.236700876354,25733.77870087626,25734.11670087633,,,,,,,,,,
nan,pause,25755.838700880755,25734.236700876354,nan,,,,,,,,,,
1.9666916478329775,inhale,25759.678700881537,25755.838700880755,25759.116700881423,,,,,,,,,,
nan,pause,25759.679700881537,25759.678700881537,nan,,,,,,,,,,
-2.013627274442269,exhale,25760.738700881753,25759.679700881537,25760.446700881694,,,,,,,,,,
nan,pause,25760.739700881753,25760.738700881753,nan,,,,,,,,,,
2.8492825309981122,inhale,25761.55170088192,25760.739700881753,25760.956700881798,,,,,,,,,,
nan,pause,25761.55270088192,25761.55170088192,nan,,,,,,,,,,
-2.5941586672810137,exhale,25762.719700882157,25761.55270088192,25761.786700881967,,,,,,,,,,
nan,pause,25762.720700882157,25762.719700882157,nan,,,,,,,,,,
2.5613417060717127,inhale,25763.548700882326,25762.720700882157,25762.956700882205,,,,,,,,,,
nan,pause,25763.549700882326,25763.548700882326,nan,,,,,,,,,,
-2.405379332296177,exhale,25764.625700882545,25763.549700882326,25763.786700882374,,,,,,,,,,
nan,pause,25764.626700882545,25764.625700882545,nan,,,,,,,,,,
2.4725200319183447,inhale,25765.131700882648,25764.626700882545,25764.786700882578,,,,,,,,,,
nan,pause,25765.13270088265,25765.131700882648,nan,,,,,,,,,,
-1.5063659918041339,exhale,25766.256700882877,25765.13270088265,25765.446700882712,,,,,,,,,,
nan,pause,25766.257700882878,25766.256700882877,nan,,,,,,,,,,
2.557993273905717,inhale,25767.25770088308,25766.257700882878,25766.456700882918,,,,,,,,,,
nan,pause,25767.25870088308,25767.25770088308,nan,,,,,,,,,,
-2.1364520555436375,exhale,25768.641700883363,25767.25870088308,25767.45670088312,,,,,,,,,,
nan,pause,25768.642700883363,25768.641700883363,nan,,,,,,,,,,
2.8463584162304483,inhale,25769.51570088354,25768.642700883363,25768.786700883393,,,,,,,,,,
nan,pause,25769.51670088354,25769.51570088354,nan,,,,,,,,,,
-2.0626361035136096,exhale,25770.656700883774,25769.51670088354,25769.776700883594,,,,,,,,,,
nan,pause,25770.657700883774,25770.656700883774,nan,,,,,,,,,,
2.684688369153954,inhale,25771.57570088396,25770.657700883774,25770.956700883835,,,,,,,,,,
nan,pause,25771.57670088396,25771.57570088396,nan,,,,,,,,,,
-2.3822202994688895,exhale,25772.7577008842,25771.57670088396,25771.786700884004,,,,,,,,,,
nan,pause,25772.758700884202,25772.7577008842,nan,,,,,,,,,,
2.6806686416171566,inhale,25773.409700884335,25772.758700884202,25772.956700884242,,,,,,,,,,
nan,pause,25773.410700884335,25773.409700884335,nan,,,,,,,,,,
-1.43801136327927,exhale,25774.42170088454,25773.410700884335,25773.77670088441,,,,,,,,,,
nan,pause,25775.172700884694,25774.42170088454,nan,,,,,,,,,,
1.8820112289265685,inhale,25776.367700884937,25775.172700884694,25775.45670088475,,,,,,,,,,
nan,pause,25776.368700884937,25776.367700884937,nan,,,,,,,,,,
-1.3998902959639632,exhale,25777.886700885247,25776.368700884937,25776.616700884988,,,,,,,,,,
nan,pause,25777.887700885247,25777.886700885247,nan,,,,,,,,,,
1.866694133910799,inhale,25778.954700885464,25777.887700885247,25778.116700885294,,,,,,,,,,
nan,pause,25778.955700885464,25778.954700885464,nan,,,,,,,,,,
-1.9332875407674586,exhale,25780.45970088577,25778.955700885464,25779.116700885497,,,,,,,,,,
nan,pause,25780.46070088577,25780.45970088577,nan,,,,,,,,,,
1.9500906697318037,inhale,25781.38170088596,25780.46070088577,25780.616700885803,,,,,,,,,,
nan,pause,25781.38270088596,25781.38170088596,nan,,,,,,,,,,
-0.9969278935256755,exhale,25782.780700886244,25781.38270088596,25782.446700886176,,,,,,,,,,
nan,pause,25782.781700886244,25782.780700886244,nan,,,,,,,,,,
1.9000973526975036,inhale,25783.69870088643,25782.781700886244,25783.116700886312,,,,,,,,,,
nan,pause,25783.69970088643,25783.69870088643,nan,,,,,,,,,,
-1.2905219747066292,exhale,25784.92870088668,25783.69970088643,25783.956700886483,,,,,,,,,,
nan,pause,25784.92970088668,25784.92870088668,nan,,,,,,,,,,
2.3666870945880927,inhale,25785.842700886868,25784.92970088668,25785.11670088672,,,,,,,,,,
nan,pause,25785.843700886868,25785.842700886868,nan,,,,,,,,,,
-1.6257080998377949,exhale,25786.945700887092,25785.843700886868,25786.44670088699,,,,,,,,,,
nan,pause,25786.946700887092,25786.945700887092,nan,,,,,,,,,,
2.216689851699339,inhale,25787.746700887255,25786.946700887092,25787.116700887127,,,,,,,,,,
nan,pause,25787.747700887256,25787.746700887255,nan,,,,,,,,,,
-1.6745892484860039,exhale,25788.815700887473,25787.747700887256,25787.9567008873,,,,,,,,,,
nan,pause,25788.816700887473,25788.815700887473,nan,,,,,,,,,,
2.2666982060951586,inhale,25789.64270088764,25788.816700887473,25789.116700887535,,,,,,,,,,
nan,pause,25789.643700887642,25789.64270088764,nan,,,,,,,,,,
-2.2006197041789775,exhale,25790.75770088787,25789.643700887642,25789.78670088767,,,,,,,,,,
nan,pause,25790.75870088787,25790.75770088787,nan,,,,,,,,,,
2.620002243911309,inhale,25791.559700888032,25790.75870088787,25790.95670088791,,,,,,,,,,
nan,pause,25791.560700888032,25791.559700888032,nan,,,,,,,,,,
-1.7768389246867573,exhale,25792.73070088827,25791.560700888032,25791.78670088808,,,,,,,,,,
nan,pause,25792.73170088827,25792.73070088827,nan,,,,,,,,,,
2.6159825140527344,inhale,25793.56170088844,25792.73170088827,25792.956700888317,,,,,,,,,,
nan,pause,25793.56270088844,25793.56170088844,nan,,,,,,,,,,
-2.3546999504839303,exhale,25794.64770088866,25793.56270088844,25793.786700888486,,,,,,,,,,
nan,pause,25794.64870088866,25794.64770088866,nan,,,,,,,,,,
2.3481190156995466,inhale,25795.46770088883,25794.64870088866,25794.946700888722,,,,,,,,,,
nan,pause,25795.46870088883,25795.46770088883,nan,,,,,,,,,,
-1.6332905729983147,exhale,25796.520700889043,25795.46870088883,25795.61670088886,,,,,,,,,,
nan,pause,25796.521700889043,25796.520700889043,nan,,,,,,,,,,
2.5299991109020605,inhale,25797.301700889202,25796.521700889043,25796.786700889097,,,,,,,,,,
nan,pause,25797.302700889202,25797.301700889202,nan,,,,,,,,,,
-2.297222860090484,exhale,25798.333700889412,25797.302700889202,25797.456700889234,,,,,,,,,,
nan,pause,25798.334700889412,25798.333700889412,nan,,,,,,,,,,
2.516694008766641,inhale,25799.15070088958,25798.334700889412,25798.61670088947,,,,,,,,,,
nan,pause,25799.15170088958,25799.15070088958,nan,,,,,,,,,,
-2.5659589312167297,exhale,25800.617700889878,25799.15170088958,25799.286700889606,,,,,,,,,,
nan,pause,25800.618700889878,25800.617700889878,nan,,,,,,,,,,
2.078640386222751,inhale,25801.492700890056,25800.618700889878,25800.786700889912,,,,,,,,,,
nan,pause,25801.493700890056,25801.492700890056,nan,,,,,,,,,,
-1.4665880242706921,exhale,25803.12770089039,25801.493700890056,25801.61670089008,,,,,,,,,,
nan,pause,25803.12870089039,25803.12770089039,nan,,,,,,,,,,
2.036030943855035,inhale,25804.11170089059,25803.12870089039,25803.456700890456,,,,,,,,,,
nan,pause,25804.11270089059,25804.11170089059,nan,,,,,,,,,,
-1.1730669020178848,exhale,25805.815700890937,25804.11270089059,25804.446700890658,,,,,,,,,,
nan,pause,25805.816700890937,25805.815700890937,nan,,,,,,,,,,
2.1333930920293707,inhale,25806.882700891154,25805.816700890937,25806.6167008911,,,,,,,,,,
nan,pause,25806.883700891154,25806.882700891154,nan,,,,,,,,,,
-1.2956107776651602,exhale,25808.301700891443,25806.883700891154,25807.94670089137,,,,,,,,,,
nan,pause,25808.302700891443,25808.301700891443,nan,,,,,,,,,,
2.6333940852010684,inhale,25809.16670089162,25808.302700891443,25808.616700891507,,,,,,,,,,
nan,pause,25809.16770089162,25809.16670089162,nan,,,,,,,,,,
-2.1485112102281803,exhale,25810.332700891857,25809.16770089162,25809.45670089168,,,,,,,,,,
nan,pause,25810.333700891857,25810.332700891857,nan,,,,,,,,,,
2.716695879505446,inhale,25811.13870089202,25810.333700891857,25810.616700891915,,,,,,,,,,
nan,pause,25811.13970089202,25811.13870089202,nan,,,,,,,,,,
-1.2936303203074353,exhale,25811.804700892157,25811.13970089202,25811.446700892084,,,,,,,,,,
nan,pause,25812.827700892365,25811.804700892157,nan,,,,,,,,,,
2.6289602268559107,inhale,25813.429700892488,25812.827700892365,25813.276700892457,,,,,,,,,,
nan,pause,25813.430700892488,25813.429700892488,nan,,,,,,,,,,
-2.149241003611728,exhale,25814.556700892717,25813.430700892488,25813.77670089256,,,,,,,,,,
nan,pause,25814.557700892718,25814.556700892717,nan,,,,,,,,,,
2.7000895821332045,inhale,25815.378700892885,25814.557700892718,25815.11670089283,,,,,,,,,,
nan,pause,25815.379700892885,25815.378700892885,nan,,,,,,,,,,
-1.5832931229664924,exhale,25816.470700893107,25815.379700892885,25815.616700892933,,,,,,,,,,
nan,pause,25816.471700893107,25816.470700893107,nan,,,,,,,,,,
3.0117439963571258,inhale,25817.22870089326,25816.471700893107,25816.946700893204,,,,,,,,,,
nan,pause,25817.229700893262,25817.22870089326,nan,,,,,,,,,,
-1.249898423606422,exhale,25818.29970089348,25817.229700893262,25817.61670089334,,,,,,,,,,
nan,pause,25818.30070089348,25818.29970089348,nan,,,,,,,,,,
2.5333959339884426,inhale,25819.03470089363,25818.30070089348,25818.616700893544,,,,,,,,,,
nan,pause,25819.03570089363,25819.03470089363,nan,,,,,,,,,,
-1.873438020361244,exhale,25819.942700893815,25819.03570089363,25819.28670089368,,,,,,,,,,
nan,pause,25819.943700893815,25819.942700893815,nan,,,,,,,,,,
2.466687585374679,inhale,25820.688700893967,25819.943700893815,25820.11670089385,,,,,,,,,,
nan,pause,25820.689700893967,25820.688700893967,nan,,,,,,,,,,
-2.0357101948182015,exhale,25821.609700894154,25820.689700893967,25820.94670089402,,,,,,,,,,
nan,pause,25821.610700894154,25821.609700894154,nan,,,,,,,,,,
2.4929595502886084,inhale,25822.351700894305,25821.610700894154,25821.78670089419,,,,,,,,,,
nan,pause,25822.352700894306,25822.351700894305,nan,,,,,,,,,,
-1.6832877183241366,exhale,25823.50470089454,25822.352700894306,25822.61670089436,,,,,,,,,,
nan,pause,25823.50570089454,25823.50470089454,nan,,,,,,,,,,
1.7614204896029306,inhale,25824.2877008947,25823.50570089454,25823.94670089463,,,,,,,,,,
nan,pause,25824.2887008947,25824.2877008947,nan,,,,,,,,,,
-1.1152614289464353,exhale,25825.336700894914,25824.2887008947,25824.456700894734,,,,,,,,,,
nan,pause,25825.337700894914,25825.336700894914,nan,,,,,,,,,,
1.8166922206303686,inhale,25826.165700895082,25825.337700894914,25825.61670089497,,,,,,,,,,
nan,pause,25826.166700895083,25826.165700895082,nan,,,,,,,,,,
-1.3961604434716521,exhale,25827.124700895278,25826.166700895083,25826.286700895107,,,,,,,,,,
nan,pause,25827.125700895278,25827.124700895278,nan,,,,,,,,,,
1.9126802667397897,inhale,25827.91270089544,25827.125700895278,25827.456700895345,,,,,,,,,,
nan,pause,25827.91370089544,25827.91270089544,nan,,,,,,,,,,
-1.0498956580160426,exhale,25829.034700895667,25827.91370089544,25828.11670089548,,,,,,,,,,
nan,pause,25829.035700895667,25829.034700895667,nan,,,,,,,,,,
1.8122810797075661,inhale,25829.774700895818,25829.035700895667,25829.28670089572,,,,,,,,,,
nan,pause,25829.775700895818,25829.774700895818,nan,,,,,,,,,,
-1.4712407993027694,exhale,25830.794700896025,25829.775700895818,25829.956700895855,,,,,,,,,,
nan,pause,25830.795700896026,25830.794700896025,nan,,,,,,,,,,
1.9333973058616172,inhale,25831.591700896188,25830.795700896026,25831.11670089609,,,,,,,,,,
nan,pause,25831.592700896188,25831.591700896188,nan,,,,,,,,,,
-0.9998970744920083,exhale,25832.78670089643,25831.592700896188,25832.116700896295,,,,,,,,,,
nan,pause,25832.78770089643,25832.78670089643,nan,,,,,,,,,,
1.5167000000000033,inhale,25833.549700896587,25832.78770089643,25832.956700896466,,,,,,,,,,
nan,pause,25833.550700896587,25833.549700896587,nan,,,,,,,,,,
-1.2258188434531427,exhale,25834.533700896787,25833.550700896587,25833.786700896635,,,,,,,,,,
nan,pause,25834.534700896787,25834.533700896787,nan,,,,,,,,,,
1.466020636684122,inhale,25835.323700896948,25834.534700896787,25834.78670089684,,,,,,,,,,
nan,pause,25835.32470089695,25835.323700896948,nan,,,,,,,,,,
-0.831957408764536,exhale,25836.353700897158,25835.32470089695,25835.456700896975,,,,,,,,,,
nan,pause,25836.35470089716,25836.353700897158,nan,,,,,,,,,,
1.5000944950011008,inhale,25837.19070089733,25836.35470089716,25836.61670089721,,,,,,,,,,
nan,pause,25837.19170089733,25837.19070089733,nan,,,,,,,,,,
-1.016598454623411,exhale,25838.142700897522,25837.19170089733,25837.616700897415,,,,,,,,,,
nan,pause,25838.143700897523,25838.142700897522,nan,,,,,,,,,,
1.5163696508951419,inhale,25838.890700897675,25838.143700897523,25838.446700897584,,,,,,,,,,
nan,pause,25838.891700897675,25838.890700897675,nan,,,,,,,,,,
-0.6998971787080166,exhale,25839.960700897893,25838.891700897675,25839.11670089772,,,,,,,,,,
nan,pause,25839.961700897893,25839.960700897893,nan,,,,,,,,,,
0.6666948831518558,inhale,25840.758700898055,25839.961700897893,25840.116700897925,,,,,,,,,,
nan,pause,25840.759700898056,25840.758700898055,nan,,,,,,,,,,
-3.28907502686031,exhale,25841.430700898192,25840.759700898056,25841.286700898163,,,,,,,,,,
nan,pause,25841.431700898193,25841.430700898192,nan,,,,,,,,,,
0.412630029403935,inhale,25841.589700898225,25841.431700898193,25841.456700898198,,,,,,,,,,
nan,pause,25842.143700898338,25841.589700898225,nan,,,,,,,,,,
0.8469800938090154,inhale,25842.432700898396,25842.143700898338,25842.286700898367,,,,,,,,,,
nan,pause,25849.850700899908,25842.432700898396,nan,,,,,,,,,,
5.3666282587226855,inhale,25850.3037009,25849.850700899908,25850.116700899962,,,,,,,,,,
nan,pause,25850.3047009,25850.3037009,nan,,,,,,,,,,
-1.7898004196140989,exhale,25852.247700900396,25850.3047009,25850.45670090003,,,,,,,,,,
nan,pause,25852.248700900396,25852.247700900396,nan,,,,,,,,,,
6.521197446024223,inhale,25853.075700900565,25852.248700900396,25852.786700900506,,,,,,,,,,
nan,pause,25853.076700900565,25853.075700900565,nan,,,,,,,,,,
-1.6332691902700454,exhale,25855.188700900995,25853.076700900565,25853.116700900573,,,,,,,,,,
nan,pause,25855.189700900995,25855.188700900995,nan,,,,,,,,,,
8.55007351680718,inhale,25855.90070090114,25855.189700900995,25855.616700901082,,,,,,,,,,
nan,pause,25855.90170090114,25855.90070090114,nan,,,,,,,,,,
-3.866566713146271,exhale,25857.51170090147,25855.90170090114,25856.116700901184,,,,,,,,,,
nan,pause,25857.51270090147,25857.51170090147,nan,,,,,,,,,,
9.74574529949745,inhale,25858.216700901612,25857.51270090147,25857.946700901557,,,,,,,,,,
nan,pause,25858.217700901612,25858.216700901612,nan,,,,,,,,,,
-4.91115896542316,exhale,25859.542700901882,25858.217700901612,25858.286700901626,,,,,,,,,,
nan,pause,25859.543700901882,25859.542700901882,nan,,,,,,,,,,
9.751834372468176,inhale,25860.230700902022,25859.543700901882,25859.946700901965,,,,,,,,,,
nan,pause,25860.231700902023,25860.230700902022,nan,,,,,,,,,,
-5.813126890725581,exhale,25861.5997009023,25860.231700902023,25860.446700902066,,,,,,,,,,
nan,pause,25861.6007009023,25861.5997009023,nan,,,,,,,,,,
12.5522236375306,inhale,25862.265700902437,25861.6007009023,25861.946700902372,,,,,,,,,,
nan,pause,25862.266700902437,25862.265700902437,nan,,,,,,,,,,
-5.8808971854291965,exhale,25863.70070090273,25862.266700902437,25862.456700902476,,,,,,,,,,
nan,pause,25863.70170090273,25863.70070090273,nan,,,,,,,,,,
10.467795870887066,inhale,25864.39770090287,25863.70170090273,25863.95670090278,,,,,,,,,,
nan,pause,25864.39870090287,25864.39770090287,nan,,,,,,,,,,
-5.099883453654543,exhale,25865.828700903163,25864.39870090287,25864.616700902916,,,,,,,,,,
nan,pause,25865.829700903163,25865.828700903163,nan,,,,,,,,,,
9.313678143810463,inhale,25866.65270090333,25865.829700903163,25866.44670090329,,,,,,,,,,
nan,pause,25866.65370090333,25866.65270090333,nan,,,,,,,,,,
-4.957760098633538,exhale,25868.588700903725,25866.65370090333,25868.286700903664,,,,,,,,,,
nan,pause,25868.589700903725,25868.588700903725,nan,,,,,,,,,,
8.616694868031301,inhale,25869.560700903923,25868.589700903725,25869.116700903833,,,,,,,,,,
nan,pause,25869.561700903923,25869.560700903923,nan,,,,,,,,,,
-4.203718051850627,exhale,25871.475700904313,25869.561700903923,25869.78670090397,,,,,,,,,,
nan,pause,25871.476700904313,25871.475700904313,nan,,,,,,,,,,
11.0011755113542,inhale,25872.270700904475,25871.476700904313,25871.94670090441,,,,,,,,,,
nan,pause,25872.271700904475,25872.270700904475,nan,,,,,,,,,,
-7.789414946534513,exhale,25873.66170090476,25872.271700904475,25872.44670090451,,,,,,,,,,
nan,pause,25873.66270090476,25873.66170090476,nan,,,,,,,,,,
24.316554417967563,inhale,25874.40570090491,25873.66270090476,25874.11670090485,,,,,,,,,,
nan,pause,25874.40670090491,25874.40570090491,nan,,,,,,,,,,
-6.787659189469604,exhale,25876.12170090526,25874.40670090491,25875.78670090519,,,,,,,,,,
nan,pause,25876.12270090526,25876.12170090526,nan,,,,,,,,,,
17.06347170062497,inhale,25876.893700905417,25876.12270090526,25876.446700905326,,,,,,,,,,
nan,pause,25876.894700905417,25876.893700905417,nan,,,,,,,,,,
-10.533210268020406,exhale,25878.310700905706,25876.894700905417,25877.116700905462,,,,,,,,,,
nan,pause,25878.311700905706,25878.310700905706,nan,,,,,,,,,,
13.333362605981126,inhale,25879.077700905862,25878.311700905706,25878.616700905768,,,,,,,,,,
nan,pause,25879.078700905862,25879.077700905862,nan,,,,,,,,,,
-6.853394012239359,exhale,25880.355700906122,25879.078700905862,25879.286700905905,,,,,,,,,,
nan,pause,25880.356700906123,25880.355700906122,nan,,,,,,,,,,
24.804989645861156,inhale,25881.089700906272,25880.356700906123,25880.776700906208,,,,,,,,,,
nan,pause,25881.090700906272,25881.089700906272,nan,,,,,,,,,,
-8.325456582116725,exhale,25882.491700906558,25881.090700906272,25881.286700906312,,,,,,,,,,
nan,pause,25882.492700906558,25882.491700906558,nan,,,,,,,,,,
23.940897847881143,inhale,25883.23370090671,25882.492700906558,25882.786700906618,,,,,,,,,,
nan,pause,25883.23470090671,25883.23370090671,nan,,,,,,,,,,
-4.84348980769831,exhale,25884.779700907024,25883.23470090671,25883.446700906752,,,,,,,,,,
nan,pause,25884.780700907024,25884.779700907024,nan,,,,,,,,,,
22.716629733901257,inhale,25885.44370090716,25884.780700907024,25885.116700907092,,,,,,,,,,
nan,pause,25885.44470090716,25885.44370090716,nan,,,,,,,,,,
-5.937830705056455,exhale,25887.093700907495,25885.44470090716,25886.77670090743,,,,,,,,,,
nan,pause,25887.094700907495,25887.093700907495,nan,,,,,,,,,,
29.717881763380362,inhale,25887.79770090764,25887.094700907495,25887.446700907567,,,,,,,,,,
nan,pause,25887.79870090764,25887.79770090764,nan,,,,,,,,,,
-5.752480648405642,exhale,25889.436700907972,25887.79870090764,25887.95670090767,,,,,,,,,,
nan,pause,25889.437700907973,25889.436700907972,nan,,,,,,,,,,
18.449358837205427,inhale,25890.11870090811,25889.437700907973,25889.786700908044,,,,,,,,,,
nan,pause,25890.11970090811,25890.11870090811,nan,,,,,,,,,,
-9.713897144483536,exhale,25891.461700908385,25890.11970090811,25890.286700908146,,,,,,,,,,
nan,pause,25891.462700908385,25891.461700908385,nan,,,,,,,,,,
23.86274605472104,inhale,25892.108700908517,25891.462700908385,25891.78670090845,,,,,,,,,,
nan,pause,25892.109700908517,25892.108700908517,nan,,,,,,,,,,
-6.6910982861888595,exhale,25893.428700908786,25892.109700908517,25892.286700908553,,,,,,,,,,
nan,pause,25893.429700908786,25893.428700908786,nan,,,,,,,,,,
18.166471007622352,inhale,25894.108700908924,25893.429700908786,25893.78670090886,,,,,,,,,,
nan,pause,25894.109700908924,25894.108700908924,nan,,,,,,,,,,
-8.3642739929233,exhale,25895.341700909175,25894.109700908924,25894.28670090896,,,,,,,,,,
nan,pause,25895.342700909176,25895.341700909175,nan,,,,,,,,,,
23.63328906378202,inhale,25896.060700909322,25895.342700909176,25895.61670090923,,,,,,,,,,
nan,pause,25896.061700909322,25896.060700909322,nan,,,,,,,,,,
-8.746534388675691,exhale,25897.489700909613,25896.061700909322,25896.286700909368,,,,,,,,,,
nan,pause,25897.490700909613,25897.489700909613,nan,,,,,,,,,,
22.62667166448818,inhale,25898.173700909752,25897.490700909613,25897.786700909674,,,,,,,,,,
nan,pause,25898.174700909753,25898.173700909752,nan,,,,,,,,,,
-6.2998708528303355,exhale,25899.463700910015,25898.174700909753,25899.116700909944,,,,,,,,,,
nan,pause,25899.464700910015,25899.463700910015,nan,,,,,,,,,,
23.11432119906696,inhale,25900.193700910164,25899.464700910015,25899.78670091008,,,,,,,,,,
nan,pause,25900.194700910164,25900.193700910164,nan,,,,,,,,,,
-7.329214765508672,exhale,25901.64370091046,25900.194700910164,25900.286700910183,,,,,,,,,,
nan,pause,25901.64470091046,25901.64370091046,nan,,,,,,,,,,
21.36660051058934,inhale,25902.3347009106,25901.64470091046,25902.115700910555,,,,,,,,,,
nan,pause,25902.3357009106,25902.3347009106,nan,,,,,,,,,,
-9.122085786297456,exhale,25903.699700910878,25902.3357009106,25902.456700910625,,,,,,,,,,
nan,pause,25903.70070091088,25903.699700910878,nan,,,,,,,,,,
25.898935137749127,inhale,25904.410700911023,25903.70070091088,25903.95670091093,,,,,,,,,,
nan,pause,25904.411700911023,25904.410700911023,nan,,,,,,,,,,
-8.067422222171047,exhale,25905.92170091133,25904.411700911023,25905.7767009113,,,,,,,,,,
nan,pause,25905.92270091133,25905.92170091133,nan,,,,,,,,,,
20.10691638168482,inhale,25906.65970091148,25905.92270091133,25906.286700911405,,,,,,,,,,
nan,pause,25906.66070091148,25906.65970091148,nan,,,,,,,,,,
-10.957164872018598,exhale,25908.27270091181,25906.66070091148,25907.946700911743,,,,,,,,,,
nan,pause,25908.27370091181,25908.27270091181,nan,,,,,,,,,,
18.494425023141876,inhale,25909.134700911985,25908.27370091181,25908.776700911912,,,,,,,,,,
nan,pause,25909.135700911986,25909.134700911985,nan,,,,,,,,,,
-11.488673407675817,exhale,25911.329700912433,25909.135700911986,25910.946700912355,,,,,,,,,,
nan,pause,25911.330700912433,25911.329700912433,nan,,,,,,,,,,
11.316625871735814,inhale,25912.40270091265,25911.330700912433,25911.61670091249,,,,,,,,,,
nan,pause,25912.40370091265,25912.40270091265,nan,,,,,,,,,,
-5.683255436322307,exhale,25914.15670091301,25912.40370091265,25912.616700912695,,,,,,,,,,
nan,pause,25914.15770091301,25914.15670091301,nan,,,,,,,,,,
8.976959435284229,inhale,25915.19570091322,25914.15770091301,25914.446700913068,,,,,,,,,,
nan,pause,25915.19670091322,25915.19570091322,nan,,,,,,,,,,
-7.071551685092371,exhale,25915.815700913347,25915.19670091322,25915.44670091327,,,,,,,,,,
nan,pause,25915.816700913347,25915.815700913347,nan,,,,,,,,,,
0.7333941543744357,inhale,25916.91570091357,25915.816700913347,25916.116700913408,,,,,,,,,,
nan,pause,25917.433700913676,25916.91570091357,nan,,,,,,,,,,
-4.183279610150923,exhale,25917.831700913757,25917.433700913676,25917.616700913713,,,,,,,,,,
nan,pause,25917.832700913757,25917.831700913757,nan,,,,,,,,,,
11.190280019606371,inhale,25918.710700913936,25917.832700913757,25918.446700913883,,,,,,,,,,
nan,pause,25918.711700913937,25918.710700913936,nan,,,,,,,,,,
-5.976684883197055,exhale,25920.39970091428,25918.711700913937,25918.946700913984,,,,,,,,,,
nan,pause,25920.40070091428,25920.39970091428,nan,,,,,,,,,,
14.470796836771738,inhale,25921.19170091444,25920.40070091428,25920.78670091436,,,,,,,,,,
nan,pause,25921.192700914442,25921.19170091444,nan,,,,,,,,,,
-6.791438945375526,exhale,25922.638700914737,25921.192700914442,25921.28670091446,,,,,,,,,,
nan,pause,25922.639700914737,25922.638700914737,nan,,,,,,,,,,
14.639182805754324,inhale,25923.401700914892,25922.639700914737,25922.9567009148,,,,,,,,,,
nan,pause,25923.402700914892,25923.401700914892,nan,,,,,,,,,,
-5.233276570095544,exhale,25924.86870091519,25923.402700914892,25923.616700914936,,,,,,,,,,
nan,pause,25924.86970091519,25924.86870091519,nan,,,,,,,,,,
11.642821795986759,inhale,25925.60470091534,25924.86970091519,25925.276700915274,,,,,,,,,,
nan,pause,25925.60570091534,25925.60470091534,nan,,,,,,,,,,
-6.508477602031994,exhale,25926.947700915614,25925.60570091534,25925.786700915378,,,,,,,,,,
nan,pause,25926.948700915615,25926.947700915614,nan,,,,,,,,,,
11.56127751920848,inhale,25927.71470091577,25926.948700915615,25927.286700915683,,,,,,,,,,
nan,pause,25927.71570091577,25927.71470091577,nan,,,,,,,,,,
-4.783578867475068,exhale,25929.154700916064,25927.71570091577,25928.78670091599,,,,,,,,,,
nan,pause,25929.155700916064,25929.154700916064,nan,,,,,,,,,,
8.3400506356855,inhale,25929.97370091623,25929.155700916064,25929.456700916126,,,,,,,,,,
nan,pause,25929.97470091623,25929.97370091623,nan,,,,,,,,,,
-3.9665741933593326,exhale,25931.33770091651,25929.97470091623,25930.11670091626,,,,,,,,,,
nan,pause,25931.33870091651,25931.33770091651,nan,,,,,,,,,,
6.514060616187223,inhale,25932.109700916666,25931.33870091651,25931.7767009166,,,,,,,,,,
nan,pause,25932.110700916666,25932.109700916666,nan,,,,,,,,,,
-4.193855894700437,exhale,25933.569700916963,25932.110700916666,25932.286700916702,,,,,,,,,,
nan,pause,25933.570700916964,25933.569700916963,nan,,,,,,,,,,
10.197889554745684,inhale,25934.361700917125,25933.570700916964,25933.94670091704,,,,,,,,,,
nan,pause,25934.362700917125,25934.361700917125,nan,,,,,,,,,,
-7.265937143256882,exhale,25936.24970091751,25934.362700917125,25935.786700917415,,,,,,,,,,
nan,pause,25936.25070091751,25936.24970091751,nan,,,,,,,,,,
9.116675311788615,inhale,25937.216700917706,25936.25070091751,25936.616700917584,,,,,,,,,,
nan,pause,25937.217700917707,25937.216700917706,nan,,,,,,,,,,
-6.534221986940686,exhale,25938.60970091799,25937.217700917707,25937.446700917753,,,,,,,,,,
nan,pause,25938.61070091799,25938.60970091799,nan,,,,,,,,,,
9.390153555218888,inhale,25939.49170091817,25938.61070091799,25938.94670091806,,,,,,,,,,
nan,pause,25939.49270091817,25939.49170091817,nan,,,,,,,,,,
-5.199862546100023,exhale,25940.854700918448,25939.49270091817,25939.616700918195,,,,,,,,,,
nan,pause,25940.855700918448,25940.854700918448,nan,,,,,,,,,,
8.800065093814043,inhale,25941.721700918624,25940.855700918448,25941.1167009185,,,,,,,,,,
nan,pause,25941.722700918624,25941.721700918624,nan,,,,,,,,,,
-6.117951365451226,exhale,25942.952700918875,25941.722700918624,25941.94670091867,,,,,,,,,,
nan,pause,25942.953700918875,25942.952700918875,nan,,,,,,,,,,
6.556839987248972,inhale,25943.845700919057,25942.953700918875,25943.286700918943,,,,,,,,,,
nan,pause,25943.846700919057,25943.845700919057,nan,,,,,,,,,,
-4.866583058772355,exhale,25945.0407009193,25943.846700919057,25944.116700919112,,,,,,,,,,
nan,pause,25945.0417009193,25945.0407009193,nan,,,,,,,,,,
4.543825852230532,inhale,25945.92370091948,25945.0417009193,25945.446700919383,,,,,,,,,,
nan,pause,25945.92470091948,25945.92370091948,nan,,,,,,,,,,
-4.666577357907296,exhale,25947.073700919715,25945.92470091948,25946.11670091952,,,,,,,,,,
nan,pause,25947.074700919715,25947.073700919715,nan,,,,,,,,,,
2.9830592959809725,inhale,25947.970700919897,25947.074700919715,25947.286700919758,,,,,,,,,,
nan,pause,25947.971700919898,25947.970700919897,nan,,,,,,,,,,
-3.3319735533080794,exhale,25949.034700920114,25947.971700919898,25948.27670091996,,,,,,,,,,
nan,pause,25949.035700920114,25949.034700920114,nan,,,,,,,,,,
2.631700559988898,inhale,25949.960700920303,25949.035700920114,25949.286700920165,,,,,,,,,,
nan,pause,25949.961700920303,25949.960700920303,nan,,,,,,,,,,
-2.599886120355627,exhale,25951.08070092053,25949.961700920303,25950.116700920335,,,,,,,,,,
nan,pause,25951.08170092053,25951.08070092053,nan,,,,,,,,,,
2.411087951219445,inhale,25952.022700920723,25951.08170092053,25951.446700920606,,,,,,,,,,
nan,pause,25952.023700920723,25952.022700920723,nan,,,,,,,,,,
-2.736300397179024,exhale,25953.23770092097,25952.023700920723,25952.286700920777,,,,,,,,,,
nan,pause,25953.23870092097,25953.23770092097,nan,,,,,,,,,,
4.07909597096869,inhale,25954.181700921163,25953.23870092097,25953.946700921115,,,,,,,,,,
nan,pause,25954.182700921163,25954.181700921163,nan,,,,,,,,,,
-3.0471804871388737,exhale,25955.68670092147,25954.182700921163,25954.286700921184,,,,,,,,,,
nan,pause,25955.68770092147,25955.68670092147,nan,,,,,,,,,,
4.2000843980364095,inhale,25956.550700921645,25955.68770092147,25956.116700921557,,,,,,,,,,
nan,pause,25956.551700921646,25956.550700921645,nan,,,,,,,,,,
-4.731618132333342,exhale,25957.84370092191,25956.551700921646,25957.446700921828,,,,,,,,,,
nan,pause,25957.84470092191,25957.84370092191,nan,,,,,,,,,,
3.528299637072854,inhale,25958.847700922113,25957.84470092191,25958.286700922,,,,,,,,,,
nan,pause,25958.848700922113,25958.847700922113,nan,,,,,,,,,,
-3.0832843005844293,exhale,25960.183700922385,25958.848700922113,25959.116700922168,,,,,,,,,,
nan,pause,25960.184700922386,25960.183700922385,nan,,,,,,,,,,
2.7500950033116762,inhale,25961.105700922573,25960.184700922386,25960.616700922474,,,,,,,,,,
nan,pause,25961.106700922574,25961.105700922573,nan,,,,,,,,,,
-2.2237245498800804,exhale,25962.331700922823,25961.106700922574,25961.946700922745,,,,,,,,,,
nan,pause,25962.332700922823,25962.331700922823,nan,,,,,,,,,,
2.6666965739464015,inhale,25963.25370092301,25962.332700922823,25962.61670092288,,,,,,,,,,
nan,pause,25963.25470092301,25963.25370092301,nan,,,,,,,,,,
-3.1483145497771607,exhale,25964.634700923292,25963.25470092301,25963.456700923052,,,,,,,,,,
nan,pause,25964.635700923292,25964.634700923292,nan,,,,,,,,,,
1.8333991426801268,inhale,25965.624700923494,25964.635700923292,25965.11670092339,,,,,,,,,,
nan,pause,25965.625700923494,25965.624700923494,nan,,,,,,,,,,
-1.6196983460349883,exhale,25966.845700923743,25965.625700923494,25965.786700923527,,,,,,,,,,
nan,pause,25966.846700923743,25966.845700923743,nan,,,,,,,,,,
2.916700000000003,inhale,25967.647700923906,25966.846700923743,25967.286700923833,,,,,,,,,,
nan,pause,25967.648700923906,25967.647700923906,nan,,,,,,,,,,
-4.68222009188801,exhale,25968.816700924144,25967.648700923906,25967.786700923934,,,,,,,,,,
nan,pause,25968.817700924144,25968.816700924144,nan,,,,,,,,,,
2.629660411437664,inhale,25969.663700924317,25968.817700924144,25969.28670092424,,,,,,,,,,
nan,pause,25969.664700924317,25969.663700924317,nan,,,,,,,,,,
-2.2108202647493576,exhale,25970.741700924536,25969.664700924317,25969.786700924342,,,,,,,,,,
nan,pause,25970.742700924537,25970.741700924536,nan,,,,,,,,,,
2.183394173627025,inhale,25971.5437009247,25970.742700924537,25971.116700924613,,,,,,,,,,
nan,pause,25971.5447009247,25971.5437009247,nan,,,,,,,,,,
-3.411158928429145,exhale,25972.363700924867,25971.5447009247,25971.78670092475,,,,,,,,,,
nan,pause,25972.364700924867,25972.363700924867,nan,,,,,,,,,,
2.83339412131398,inhale,25973.132700925024,25972.364700924867,25972.61670092492,,,,,,,,,,
nan,pause,25973.133700925024,25973.132700925024,nan,,,,,,,,,,
-5.066586404559666,exhale,25973.975700925195,25973.133700925024,25973.616700925122,,,,,,,,,,
nan,pause,25973.976700925195,25973.975700925195,nan,,,,,,,,,,
3.7094375802844057,inhale,25974.747700925353,25973.976700925195,25974.276700925257,,,,,,,,,,
nan,pause,25974.748700925353,25974.747700925353,nan,,,,,,,,,,
-2.4690845866382163,exhale,25975.82370092557,25974.748700925353,25974.956700925395,,,,,,,,,,
nan,pause,25975.824700925572,25975.82370092557,nan,,,,,,,,,,
1.86372279074315,inhale,25976.682700925747,25975.824700925572,25976.4467009257,,,,,,,,,,
nan,pause,25976.683700925747,25976.682700925747,nan,,,,,,,,,,
-1.314559852507116,exhale,25977.803700925975,25976.683700925747,25977.28670092587,,,,,,,,,,
nan,pause,25977.804700925975,25977.803700925975,nan,,,,,,,,,,
2.521843804373919,inhale,25978.684700926155,25977.804700925975,25978.446700926106,,,,,,,,,,
nan,pause,25978.685700926155,25978.684700926155,nan,,,,,,,,,,
-1.7815985168380473,exhale,25980.147700926453,25978.685700926155,25978.786700926175,,,,,,,,,,
nan,pause,25980.148700926453,25980.147700926453,nan,,,,,,,,,,
2.2156962900160826,inhale,25981.12370092665,25980.148700926453,25980.946700926615,,,,,,,,,,
nan,pause,25981.12470092665,25981.12370092665,nan,,,,,,,,,,
-3.013918594173586,exhale,25982.648700926962,25981.12470092665,25981.286700926685,,,,,,,,,,
nan,pause,25982.649700926962,25982.648700926962,nan,,,,,,,,,,
1.7666972119898436,inhale,25983.546700927145,25982.649700926962,25983.116700927058,,,,,,,,,,
nan,pause,25983.547700927145,25983.546700927145,nan,,,,,,,,,,
-1.4315386654146882,exhale,25984.478700927335,25983.547700927145,25983.786700927194,,,,,,,,,,
nan,pause,25984.479700927335,25984.478700927335,nan,,,,,,,,,,
0.40009324874383323,inhale,25984.758700927392,25984.479700927335,25984.616700927363,,,,,,,,,,
nan,pause,25984.94870092743,25984.758700927392,nan,,,,,,,,,,
0.32811710928237825,inhale,25985.572700927558,25984.94870092743,25985.446700927532,,,,,,,,,,
nan,pause,25987.00770092785,25985.572700927558,nan,,,,,,,,,,
-0.3165945721043115,exhale,25987.274700927905,25987.00770092785,25987.116700927872,,,,,,,,,,
nan,pause,26001.116700930725,25987.274700927905,nan,,,,,,,,,,
0.33339819790369596,inhale,26005.56970093163,26001.116700930725,26002.61670093103,,,,,,,,,,
nan,pause,26001.116700930725,26005.56970093163,nan,,,,,,,,,,
2.60009634629143,inhale,26005.56970093163,26001.116700930725,26005.11670093154,,,,,,,,,,
nan,pause,26005.570700931632,26005.56970093163,nan,,,,,,,,,,
-2.95980017679728,exhale,26006.64770093185,26005.570700931632,26005.786700931676,,,,,,,,,,
nan,pause,26006.64870093185,26006.64770093185,nan,,,,,,,,,,
4.919203922866736,inhale,26007.47870093202,26006.64870093185,26006.946700931912,,,,,,,,,,
nan,pause,26007.47970093202,26007.47870093202,nan,,,,,,,,,,
-4.549861524150672,exhale,26008.545700932238,26007.47970093202,26007.61670093205,,,,,,,,,,
nan,pause,26008.54670093224,26008.545700932238,nan,,,,,,,,,,
4.648398513780318,inhale,26009.368700932406,26008.54670093224,26008.786700932287,,,,,,,,,,
nan,pause,26009.369700932406,26009.368700932406,nan,,,,,,,,,,
-2.6812901222486305,exhale,26010.55970093265,26009.369700932406,26009.456700932424,,,,,,,,,,
nan,pause,26010.56070093265,26010.55970093265,nan,,,,,,,,,,
4.311260955869139,inhale,26011.373700932814,26010.56070093265,26010.786700932695,,,,,,,,,,
nan,pause,26011.374700932814,26011.373700932814,nan,,,,,,,,,,
-3.283278908266953,exhale,26012.455700933035,26011.374700932814,26011.616700932864,,,,,,,,,,
nan,pause,26012.456700933035,26012.455700933035,nan,,,,,,,,,,
3.8150500056248062,inhale,26013.2617009332,26012.456700933035,26012.946700933135,,,,,,,,,,
nan,pause,26013.2627009332,26013.2617009332,nan,,,,,,,,,,
-3.6209268429435912,exhale,26014.376700933426,26013.2627009332,26013.446700933237,,,,,,,,,,
nan,pause,26014.377700933426,26014.376700933426,nan,,,,,,,,,,
4.650082988361295,inhale,26015.17970093359,26014.377700933426,26014.616700933475,,,,,,,,,,
nan,pause,26015.18070093359,26015.17970093359,nan,,,,,,,,,,
-3.473065792524865,exhale,26016.2127009338,26015.18070093359,26015.446700933644,,,,,,,,,,
nan,pause,26016.2137009338,26016.2127009338,nan,,,,,,,,,,
4.935359553434432,inhale,26017.034700933968,26016.2137009338,26016.45670093385,,,,,,,,,,
nan,pause,26017.035700933968,26017.034700933968,nan,,,,,,,,,,
-4.4182776380891235,exhale,26018.12470093419,26017.035700933968,26017.28670093402,,,,,,,,,,
nan,pause,26018.12570093419,26018.12470093419,nan,,,,,,,,,,
4.773199237482212,inhale,26018.940700934356,26018.12570093419,26018.286700934223,,,,,,,,,,
nan,pause,26018.941700934356,26018.940700934356,nan,,,,,,,,,,
-2.9665790643971026,exhale,26020.09070093459,26018.941700934356,26019.11670093439,,,,,,,,,,
nan,pause,26020.09170093459,26020.09070093459,nan,,,,,,,,,,
5.012960400012952,inhale,26020.88070093475,26020.09170093459,26020.28670093463,,,,,,,,,,
nan,pause,26020.88170093475,26020.88070093475,nan,,,,,,,,,,
-2.6998909934072537,exhale,26021.95670093497,26020.88170093475,26021.1167009348,,,,,,,,,,
nan,pause,26021.95770093497,26021.95670093497,nan,,,,,,,,,,
4.883778776060764,inhale,26022.755700935133,26021.95770093497,26022.286700935038,,,,,,,,,,
nan,pause,26022.756700935133,26022.755700935133,nan,,,,,,,,,,
-5.159802199324337,exhale,26023.940700935374,26022.756700935133,26022.946700935172,,,,,,,,,,
nan,pause,26023.941700935375,26023.940700935374,nan,,,,,,,,,,
3.933378256780969,inhale,26024.762700935542,26023.941700935375,26024.11670093541,,,,,,,,,,
nan,pause,26024.763700935542,26024.762700935542,nan,,,,,,,,,,
-3.096839769961437,exhale,26025.62970093572,26024.763700935542,26025.28670093565,,,,,,,,,,
nan,pause,26025.63070093572,26025.62970093572,nan,,,,,,,,,,
4.547719140958693,inhale,26026.405700935877,26025.63070093572,26025.78670093575,,,,,,,,,,
nan,pause,26026.406700935877,26026.405700935877,nan,,,,,,,,,,
-1.7832824894226806,exhale,26027.274700936054,26026.406700935877,26026.61670093592,,,,,,,,,,
nan,pause,26027.74470093615,26027.274700936054,nan,,,,,,,,,,
2.933385500677388,inhale,26028.87970093638,26027.74470093615,26028.116700936225,,,,,,,,,,
nan,pause,26028.88070093638,26028.87970093638,nan,,,,,,,,,,
-1.9998939131489042,exhale,26030.25870093666,26028.88070093638,26029.11670093643,,,,,,,,,,
nan,pause,26030.259700936662,26030.25870093666,nan,,,,,,,,,,
3.3327287004024506,inhale,26031.23570093686,26030.259700936662,26030.456700936702,,,,,,,,,,
nan,pause,26031.23670093686,26031.23570093686,nan,,,,,,,,,,
-2.9194065966041243,exhale,26032.56570093713,26031.23670093686,26031.446700936904,,,,,,,,,,
nan,pause,26032.566700937132,26032.56570093713,nan,,,,,,,,,,
3.214716474749599,inhale,26033.49770093732,26032.566700937132,26032.94670093721,,,,,,,,,,
nan,pause,26033.49870093732,26033.49770093732,nan,,,,,,,,,,
-2.2665779013862806,exhale,26034.62570093755,26033.49870093732,26033.616700937346,,,,,,,,,,
nan,pause,26034.62670093755,26034.62570093755,nan,,,,,,,,,,
3.313351541070268,inhale,26035.51070093773,26034.62670093755,26034.95670093762,,,,,,,,,,
nan,pause,26035.51170093773,26035.51070093773,nan,,,,,,,,,,
-2.8931001645773375,exhale,26036.508700937935,26035.51170093773,26035.786700937788,,,,,,,,,,
nan,pause,26036.509700937935,26036.508700937935,nan,,,,,,,,,,
5.4092588486719855,inhale,26037.302700938097,26036.509700937935,26036.78670093799,,,,,,,,,,
nan,pause,26037.303700938097,26037.302700938097,nan,,,,,,,,,,
-3.0832817393641747,exhale,26038.324700938305,26037.303700938097,26038.116700938263,,,,,,,,,,
nan,pause,26038.325700938305,26038.324700938305,nan,,,,,,,,,,
5.2500907963622145,inhale,26039.117700938466,26038.325700938305,26038.616700938364,,,,,,,,,,
nan,pause,26039.118700938467,26039.117700938466,nan,,,,,,,,,,
-3.7329374413449496,exhale,26040.16070093868,26039.118700938467,26039.2867009385,,,,,,,,,,
nan,pause,26040.16170093868,26040.16070093868,nan,,,,,,,,,,
6.548616191771802,inhale,26040.94470093884,26040.16170093868,26040.446700938737,,,,,,,,,,
nan,pause,26040.94570093884,26040.94470093884,nan,,,,,,,,,,
-2.9961984462446773,exhale,26042.015700939057,26040.94570093884,26041.78670093901,,,,,,,,,,
nan,pause,26042.016700939057,26042.015700939057,nan,,,,,,,,,,
6.2749367228445125,inhale,26042.81870093922,26042.016700939057,26042.286700939112,,,,,,,,,,
nan,pause,26042.81970093922,26042.81870093922,nan,,,,,,,,,,
-3.990527366703196,exhale,26043.759700939412,26042.81970093922,26043.44670093935,,,,,,,,,,
nan,pause,26043.760700939412,26043.759700939412,nan,,,,,,,,,,
6.971815362977263,inhale,26044.458700939555,26043.760700939412,26043.956700939452,,,,,,,,,,
nan,pause,26044.459700939555,26044.458700939555,nan,,,,,,,,,,
-3.8998834534963103,exhale,26045.402700939747,26044.459700939555,26045.11670093969,,,,,,,,,,
nan,pause,26045.403700939747,26045.402700939747,nan,,,,,,,,,,
6.616667026661361,inhale,26046.144700939898,26045.403700939747,26045.61670093979,,,,,,,,,,
nan,pause,26046.1457009399,26046.144700939898,nan,,,,,,,,,,
-3.2108202382631,exhale,26047.33870094014,26046.1457009399,26046.286700939927,,,,,,,,,,
nan,pause,26047.33970094014,26047.33870094014,nan,,,,,,,,,,
5.283380854160958,inhale,26048.236700940324,26047.33970094014,26047.616700940198,,,,,,,,,,
nan,pause,26048.237700940324,26048.236700940324,nan,,,,,,,,,,
-2.5969902991069613,exhale,26050.047700940693,26048.237700940324,26048.446700940367,,,,,,,,,,
nan,pause,26050.048700940693,26050.047700940693,nan,,,,,,,,,,
3.4578980448208663,inhale,26051.037700940895,26050.048700940693,26050.286700940742,,,,,,,,,,
nan,pause,26051.038700940895,26051.037700940895,nan,,,,,,,,,,
-2.20570515298022,exhale,26052.228700941138,26051.038700940895,26051.44670094098,,,,,,,,,,
nan,pause,26052.229700941138,26052.228700941138,nan,,,,,,,,,,
3.407892512042751,inhale,26053.22070094134,26052.229700941138,26052.456700941184,,,,,,,,,,
nan,pause,26053.22170094134,26053.22070094134,nan,,,,,,,,,,
-1.7967971083130265,exhale,26054.629700941627,26053.22170094134,26053.446700941386,,,,,,,,,,
nan,pause,26054.630700941627,26054.629700941627,nan,,,,,,,,,,
3.49887580737195,inhale,26055.555700941815,26054.630700941627,26054.94670094169,,,,,,,,,,
nan,pause,26055.556700941816,26055.555700941815,nan,,,,,,,,,,
-1.8271576430467888,exhale,26055.943700941894,26055.556700941816,26055.786700941862,,,,,,,,,,
nan,pause,26056.624700942033,26055.943700941894,nan,,,,,,,,,,
0.9803778002634358,inhale,26058.011700942316,26056.624700942033,26056.786700942066,,,,,,,,,,
nan,pause,26059.283700942575,26058.011700942316,nan,,,,,,,,,,
-1.6326377659107945,exhale,26060.704700942864,26059.283700942575,26060.276700942777,,,,,,,,,,
nan,pause,26060.705700942864,26060.704700942864,nan,,,,,,,,,,
2.200094556678175,inhale,26061.57070094304,26060.705700942864,26061.11670094295,,,,,,,,,,
nan,pause,26061.57170094304,26061.57070094304,nan,,,,,,,,,,
-1.283293442828832,exhale,26062.822700943296,26061.57170094304,26062.616700943254,,,,,,,,,,
nan,pause,26062.823700943296,26062.822700943296,nan,,,,,,,,,,
2.6000969733221506,inhale,26063.591700943452,26062.823700943296,26063.116700943356,,,,,,,,,,
nan,pause,26063.592700943453,26063.591700943452,nan,,,,,,,,,,
-1.5842601482799303,exhale,26064.734700943685,26063.592700943453,26063.786700943492,,,,,,,,,,
nan,pause,26064.735700943686,26064.734700943685,nan,,,,,,,,,,
2.5001000000000033,inhale,26065.54570094385,26064.735700943686,26064.95670094373,,,,,,,,,,
nan,pause,26065.54670094385,26065.54570094385,nan,,,,,,,,,,
-1.9927594459198568,exhale,26066.52670094405,26065.54670094385,26065.7867009439,,,,,,,,,,
nan,pause,26066.52770094405,26066.52670094405,nan,,,,,,,,,,
2.739899207845888,inhale,26067.330700944214,26066.52770094405,26066.786700944103,,,,,,,,,,
nan,pause,26067.331700944214,26067.330700944214,nan,,,,,,,,,,
-2.233288894352505,exhale,26068.355700944423,26067.331700944214,26067.616700944272,,,,,,,,,,
nan,pause,26068.356700944423,26068.355700944423,nan,,,,,,,,,,
2.833390496106739,inhale,26069.164700944588,26068.356700944423,26068.616700944476,,,,,,,,,,
nan,pause,26069.165700944588,26069.164700944588,nan,,,,,,,,,,
-2.4181087559935692,exhale,26070.487700944857,26069.165700944588,26069.776700944713,,,,,,,,,,
nan,pause,26070.488700944858,26070.487700944857,nan,,,,,,,,,,
4.916659177485577,inhale,26071.360700945035,26070.488700944858,26071.116700944985,,,,,,,,,,
nan,pause,26071.361700945035,26071.360700945035,nan,,,,,,,,,,
-1.183293212688184,exhale,26072.95470094536,26071.361700945035,26071.616700945087,,,,,,,,,,
nan,pause,26072.95570094536,26072.95470094536,nan,,,,,,,,,,
1.4166909328500235,inhale,26073.89370094555,26072.95570094536,26073.116700945393,,,,,,,,,,
nan,pause,26073.89470094555,26073.89370094555,nan,,,,,,,,,,
-1.2979189177192292,exhale,26074.987700945774,26073.89470094555,26074.27670094563,,,,,,,,,,
nan,pause,26074.988700945774,26074.987700945774,nan,,,,,,,,,,
1.6584486593815402,inhale,26075.734700945926,26074.988700945774,26075.446700945868,,,,,,,,,,
nan,pause,26075.735700945927,26075.734700945926,nan,,,,,,,,,,
-1.3432952045243076,exhale,26076.43270094607,26075.735700945927,26076.276700946037,,,,,,,,,,
nan,pause,26077.0717009462,26076.43270094607,nan,,,,,,,,,,
1.9664339697065778,inhale,26078.190700946427,26077.0717009462,26077.946700946377,,,,,,,,,,
nan,pause,26078.191700946427,26078.190700946427,nan,,,,,,,,,,
-1.3499380136191832,exhale,26079.563700946706,26078.191700946427,26079.28670094665,,,,,,,,,,
nan,pause,26079.564700946707,26079.563700946706,nan,,,,,,,,,,
2.08338927785555,inhale,26080.532700946904,26079.564700946707,26080.11670094682,,,,,,,,,,
nan,pause,26080.533700946904,26080.532700946904,nan,,,,,,,,,,
-0.7319392131854254,exhale,26081.769700947156,26080.533700946904,26080.786700946956,,,,,,,,,,
nan,pause,26081.975700947198,26081.769700947156,nan,,,,,,,,,,
0.6666888893315337,inhale,26082.264700947257,26081.975700947198,26082.116700947226,,,,,,,,,,
nan,pause,26082.566700947318,26082.264700947257,nan,,,,,,,,,,
0.3585393584551654,inhale,26082.935700947393,26082.566700947318,26082.786700947363,,,,,,,,,,
nan,pause,26092.09670094926,26082.935700947393,nan,,,,,,,,,,
8.68328303743855,inhale,26092.747700949392,26092.09670094926,26092.616700949366,,,,,,,,,,
nan,pause,26092.748700949393,26092.747700949392,nan,,,,,,,,,,
-3.0687733820358436,exhale,26094.132700949674,26092.748700949393,26092.946700949433,,,,,,,,,,
nan,pause,26094.133700949675,26094.132700949674,nan,,,,,,,,,,
11.766583264024039,inhale,26094.79970094981,26094.133700949675,26094.616700949773,,,,,,,,,,
nan,pause,26094.80070094981,26094.79970094981,nan,,,,,,,,,,
-4.5348660989014675,exhale,26096.16970095009,26094.80070094981,26094.956700949842,,,,,,,,,,
nan,pause,26096.17070095009,26096.16970095009,nan,,,,,,,,,,
9.650031043640341,inhale,26096.86670095023,26096.17070095009,26096.61670095018,,,,,,,,,,
nan,pause,26096.86770095023,26096.86670095023,nan,,,,,,,,,,
-3.0544903356714603,exhale,26098.125700950488,26096.86770095023,26096.95670095025,,,,,,,,,,
nan,pause,26098.126700950488,26098.125700950488,nan,,,,,,,,,,
12.005882569824742,inhale,26098.850700950636,26098.126700950488,26098.456700950555,,,,,,,,,,
nan,pause,26098.851700950636,26098.850700950636,nan,,,,,,,,,,
-4.402233370190903,exhale,26100.88170095105,26098.851700950636,26098.956700950657,,,,,,,,,,
nan,pause,26100.88270095105,26100.88170095105,nan,,,,,,,,,,
12.485494169453501,inhale,26101.72770095122,26100.88270095105,26101.286700951132,,,,,,,,,,
nan,pause,26101.728700951222,26101.72770095122,nan,,,,,,,,,,
-4.3353181823838876,exhale,26103.67770095162,26101.728700951222,26103.28670095154,,,,,,,,,,
nan,pause,26103.67870095162,26103.67770095162,nan,,,,,,,,,,
13.114766502669298,inhale,26104.736700951835,26103.67870095162,26103.956700951676,,,,,,,,,,
nan,pause,26104.737700951835,26104.736700951835,nan,,,,,,,,,,
-3.736560665985309,exhale,26106.702700952235,26104.737700951835,26104.946700951878,,,,,,,,,,
nan,pause,26106.703700952236,26106.702700952235,nan,,,,,,,,,,
11.288851195860017,inhale,26107.530700952404,26106.703700952236,26107.276700952352,,,,,,,,,,
nan,pause,26107.531700952404,26107.530700952404,nan,,,,,,,,,,
-5.166538974578461,exhale,26108.964700952696,26107.531700952404,26107.61670095242,,,,,,,,,,
nan,pause,26108.965700952696,26108.964700952696,nan,,,,,,,,,,
14.572029997567979,inhale,26109.735700952853,26108.965700952696,26109.446700952794,,,,,,,,,,
nan,pause,26109.736700952853,26109.735700952853,nan,,,,,,,,,,
-5.118434575952535,exhale,26111.19570095315,26109.736700952853,26109.946700952896,,,,,,,,,,
nan,pause,26111.19670095315,26111.19570095315,nan,,,,,,,,,,
15.083330829078136,inhale,26111.907700953296,26111.19670095315,26111.616700953236,,,,,,,,,,
nan,pause,26111.908700953296,26111.907700953296,nan,,,,,,,,,,
-5.133262669615818,exhale,26113.384700953597,26111.908700953296,26112.11670095334,,,,,,,,,,
nan,pause,26113.385700953597,26113.384700953597,nan,,,,,,,,,,
14.427377694326495,inhale,26114.159700953755,26113.385700953597,26113.94670095371,,,,,,,,,,
nan,pause,26114.160700953755,26114.159700953755,nan,,,,,,,,,,
-6.41461379067075,exhale,26115.66170095406,26114.160700953755,26114.28670095378,,,,,,,,,,
nan,pause,26115.66270095406,26115.66170095406,nan,,,,,,,,,,
14.516647799094507,inhale,26116.44970095422,26115.66270095406,26116.116700954153,,,,,,,,,,
nan,pause,26116.45070095422,26116.44970095422,nan,,,,,,,,,,
-8.883210598428652,exhale,26117.8107009545,26116.45070095422,26116.616700954255,,,,,,,,,,
nan,pause,26117.8117009545,26117.8107009545,nan,,,,,,,,,,
14.683338891408948,inhale,26118.55370095465,26117.8117009545,26118.11670095456,,,,,,,,,,
nan,pause,26118.55470095465,26118.55370095465,nan,,,,,,,,,,
-7.975834678477561,exhale,26119.82870095491,26118.55470095465,26118.786700954697,,,,,,,,,,
nan,pause,26119.82970095491,26119.82870095491,nan,,,,,,,,,,
12.683361629535927,inhale,26120.57570095506,26119.82970095491,26120.116700954968,,,,,,,,,,
nan,pause,26120.576700955062,26120.57570095506,nan,,,,,,,,,,
-6.3727744240475115,exhale,26121.859700955323,26120.576700955062,26120.786700955105,,,,,,,,,,
nan,pause,26121.860700955323,26121.859700955323,nan,,,,,,,,,,
12.49415332226481,inhale,26122.594700955473,26121.860700955323,26122.276700955408,,,,,,,,,,
nan,pause,26122.595700955473,26122.594700955473,nan,,,,,,,,,,
-6.905340027449757,exhale,26124.78170095592,26122.595700955473,26124.44670095585,,,,,,,,,,
nan,pause,26124.78270095592,26124.78170095592,nan,,,,,,,,,,
119.53256204833836,pause,26126.94370095636,26124.78270095592,26126.616700956292,,,,,,,,,,
nan,pause,26126.94470095636,26126.94370095636,nan,,,,,,,,,,
-159.36544724058837,pause,26130.843700957153,26126.94470095636,26127.116700956394,,,,,,,,,,
nan,pause,26130.844700957154,26130.843700957153,nan,,,,,,,,,,
0.3067993553434142,inhale,26131.36570095726,26130.844700957154,26130.946700957174,,,,,,,,,,
nan,pause,26131.36670095726,26131.36570095726,nan,,,,,,,,,,
-0.5165943169205099,exhale,26132.68970095753,26131.36670095726,26131.61670095731,,,,,,,,,,
nan,pause,26131.36670095726,26132.68970095753,nan,,,,,,,,,,
-0.5067398756163268,exhale,26132.68970095753,26131.36670095726,26132.286700957447,,,,,,,,,,
nan,pause,26132.83570095756,26132.68970095753,nan,,,,,,,,,,
-0.3998957730933716,exhale,26133.38670095767,26132.83570095756,26133.116700957617,,,,,,,,,,
nan,pause,26133.38770095767,26133.38670095767,nan,,,,,,,,,,
1.1898643873435144,inhale,26135.163700958034,26133.38770095767,26133.946700957786,,,,,,,,,,
nan,pause,26138.949700958805,26135.163700958034,nan,,,,,,,,,,
8.528810438788609,inhale,26139.692700958956,26138.949700958805,26139.446700958906,,,,,,,,,,
nan,pause,26139.693700958956,26139.692700958956,nan,,,,,,,,,,
-2.688378365016001,exhale,26141.23770095927,26139.693700958956,26139.786700958975,,,,,,,,,,
nan,pause,26141.23870095927,26141.23770095927,nan,,,,,,,,,,
5.32396897018262,inhale,26142.029700959432,26141.23870095927,26141.77670095938,,,,,,,,,,
nan,pause,26142.030700959433,26142.029700959432,nan,,,,,,,,,,
-2.4998695775112005,exhale,26143.330700959697,26142.030700959433,26142.11670095945,,,,,,,,,,
nan,pause,26143.331700959698,26143.330700959697,nan,,,,,,,,,,
5.468756055733687,inhale,26144.044700959843,26143.331700959698,26143.78670095979,,,,,,,,,,
nan,pause,26144.045700959843,26144.044700959843,nan,,,,,,,,,,
-2.34987058879227,exhale,26145.3007009601,26144.045700959843,26144.116700959858,,,,,,,,,,
nan,pause,26145.3017009601,26145.3007009601,nan,,,,,,,,,,
4.695338247688346,inhale,26146.070700960256,26145.3017009601,26145.786700960198,,,,,,,,,,
nan,pause,26146.071700960256,26146.070700960256,nan,,,,,,,,,,
-3.378516181206501,exhale,26147.195700960485,26146.071700960256,26146.2867009603,,,,,,,,,,
nan,pause,26147.196700960485,26147.195700960485,nan,,,,,,,,,,
5.91667984361944,inhale,26147.96170096064,26147.196700960485,26147.61670096057,,,,,,,,,,
nan,pause,26147.96270096064,26147.96170096064,nan,,,,,,,,,,
-3.1332723271132537,exhale,26149.310700960916,26147.96270096064,26148.116700960672,,,,,,,,,,
nan,pause,26149.311700960916,26149.310700960916,nan,,,,,,,,,,
4.5500883821516505,inhale,26150.053700961067,26149.311700960916,26149.616700960978,,,,,,,,,,
nan,pause,26150.054700961067,26150.053700961067,nan,,,,,,,,,,
-2.204712426524934,exhale,26151.220700961305,26150.054700961067,26150.276700961113,,,,,,,,,,
nan,pause,26151.221700961305,26151.220700961305,nan,,,,,,,,,,
6.317528837479129,inhale,26151.92670096145,26151.221700961305,26151.776700961418,,,,,,,,,,
nan,pause,26151.92770096145,26151.92670096145,nan,,,,,,,,,,
-2.983281126936397,exhale,26153.221700961712,26151.92770096145,26152.116700961487,,,,,,,,,,
nan,pause,26153.222700961713,26153.221700961712,nan,,,,,,,,,,
6.033384061671194,inhale,26153.99070096187,26153.222700961713,26153.616700961793,,,,,,,,,,
nan,pause,26153.99170096187,26153.99070096187,nan,,,,,,,,,,
-3.166574948076906,exhale,26155.186700962113,26153.99170096187,26154.116700961895,,,,,,,,,,
nan,pause,26155.187700962113,26155.186700962113,nan,,,,,,,,,,
4.766694290203122,inhale,26155.930700962264,26155.187700962113,26155.6167009622,,,,,,,,,,
nan,pause,26155.931700962265,26155.930700962264,nan,,,,,,,,,,
-2.4832818533739798,exhale,26157.117700962506,26155.931700962265,26156.116700962302,,,,,,,,,,
nan,pause,26157.118700962506,26157.117700962506,nan,,,,,,,,,,
5.1000868564998365,inhale,26157.888700962663,26157.118700962506,26157.616700962608,,,,,,,,,,
nan,pause,26157.889700962663,26157.888700962663,nan,,,,,,,,,,
-2.383287851775276,exhale,26159.29570096295,26157.889700962663,26158.11670096271,,,,,,,,,,
nan,pause,26159.29670096295,26159.29570096295,nan,,,,,,,,,,
6.332919144511841,inhale,26160.020700963098,26159.29670096295,26159.776700963048,,,,,,,,,,
nan,pause,26160.021700963098,26160.020700963098,nan,,,,,,,,,,
-4.358863352627488,exhale,26161.178700963334,26160.021700963098,26160.27670096315,,,,,,,,,,
nan,pause,26161.179700963334,26161.178700963334,nan,,,,,,,,,,
6.450082599511328,inhale,26161.930700963487,26161.179700963334,26161.616700963423,,,,,,,,,,
nan,pause,26161.931700963487,26161.930700963487,nan,,,,,,,,,,
-3.683269358538213,exhale,26163.194700963744,26161.931700963487,26162.116700963525,,,,,,,,,,
nan,pause,26163.195700963744,26163.194700963744,nan,,,,,,,,,,
6.5833787907537245,inhale,26163.91170096389,26163.195700963744,26163.61670096383,,,,,,,,,,
nan,pause,26163.91270096389,26163.91170096389,nan,,,,,,,,,,
-4.249873547707161,exhale,26165.073700964127,26163.91270096389,26164.116700963932,,,,,,,,,,
nan,pause,26165.074700964127,26165.073700964127,nan,,,,,,,,,,
7.651381796247065,inhale,26165.791700964273,26165.074700964127,26165.446700964203,,,,,,,,,,
nan,pause,26165.792700964274,26165.791700964273,nan,,,,,,,,,,
-4.62176157759801,exhale,26166.979700964515,26165.792700964274,26165.956700964307,,,,,,,,,,
nan,pause,26166.980700964516,26166.979700964515,nan,,,,,,,,,,
6.536097439303601,inhale,26167.707700964664,26166.980700964516,26167.286700964578,,,,,,,,,,
nan,pause,26167.708700964664,26167.707700964664,nan,,,,,,,,,,
-3.1733959880563445,exhale,26168.884700964903,26167.708700964664,26167.946700964712,,,,,,,,,,
nan,pause,26168.885700964904,26168.884700964903,nan,,,,,,,,,,
4.9166688340802605,inhale,26169.642700965058,26168.885700964904,26169.11670096495,,,,,,,,,,
nan,pause,26169.643700965058,26169.642700965058,nan,,,,,,,,,,
-4.539019767957682,exhale,26170.762700965286,26169.643700965058,26169.786700965087,,,,,,,,,,
nan,pause,26170.763700965286,26170.762700965286,nan,,,,,,,,,,
2.4293802247600897,inhale,26171.56670096545,26170.763700965286,26170.956700965326,,,,,,,,,,
nan,pause,26171.56770096545,26171.56670096545,nan,,,,,,,,,,
-2.899599252865035,exhale,26172.50270096564,26171.56770096545,26171.786700965495,,,,,,,,,,
nan,pause,26172.50370096564,26172.50270096564,nan,,,,,,,,,,
2.0491091015401173,inhale,26173.323700965808,26172.50370096564,26172.94670096573,,,,,,,,,,
nan,pause,26173.324700965808,26173.323700965808,nan,,,,,,,,,,
-2.3145397075294163,exhale,26174.303700966007,26173.324700965808,26173.456700965835,,,,,,,,,,
nan,pause,26174.304700966008,26174.303700966007,nan,,,,,,,,,,
2.650096052361351,inhale,26175.089700966168,26174.304700966008,26174.61670096607,,,,,,,,,,
nan,pause,26175.090700966168,26175.089700966168,nan,,,,,,,,,,
-2.14173931323685,exhale,26176.13870096638,26175.090700966168,26175.286700966208,,,,,,,,,,
nan,pause,26176.13970096638,26176.13870096638,nan,,,,,,,,,,
2.7447376189332915,inhale,26176.892700966535,26176.13970096638,26176.456700966446,,,,,,,,,,
nan,pause,26176.893700966535,26176.892700966535,nan,,,,,,,,,,
-2.5332866265330014,exhale,26177.95070096675,26176.893700966535,26177.11670096658,,,,,,,,,,
nan,pause,26177.95170096675,26177.95070096675,nan,,,,,,,,,,
2.8528324356086343,inhale,26178.720700966907,26177.95170096675,26178.276700966817,,,,,,,,,,
nan,pause,26178.721700966908,26178.720700966907,nan,,,,,,,,,,
-2.391849246340851,exhale,26180.10670096719,26178.721700966908,26178.946700966953,,,,,,,,,,
nan,pause,26180.10770096719,26180.10670096719,nan,,,,,,,,,,
3.4691920392176345,inhale,26181.158700967404,26180.10770096719,26180.94670096736,,,,,,,,,,
nan,pause,26181.159700967404,26181.158700967404,nan,,,,,,,,,,
-2.011499568939856,exhale,26182.634700967705,26181.159700967404,26181.28670096743,,,,,,,,,,
nan,pause,26182.635700967705,26182.634700967705,nan,,,,,,,,,,
2.665379154819321,inhale,26183.563700967894,26182.635700967705,26183.286700967838,,,,,,,,,,
nan,pause,26183.564700967894,26183.563700967894,nan,,,,,,,,,,
-1.407759931562702,exhale,26185.050700968197,26183.564700967894,26183.78670096794,,,,,,,,,,
nan,pause,26185.051700968197,26185.050700968197,nan,,,,,,,,,,
2.9666885930607965,inhale,26186.032700968397,26185.051700968197,26185.616700968312,,,,,,,,,,
nan,pause,26186.033700968397,26186.032700968397,nan,,,,,,,,,,
-2.597218356166407,exhale,26187.411700968678,26186.033700968397,26186.28670096845,,,,,,,,,,
nan,pause,26187.412700968678,26187.411700968678,nan,,,,,,,,,,
3.368212006437009,inhale,26188.387700968877,26187.412700968678,26187.776700968752,,,,,,,,,,
nan,pause,26188.388700968877,26188.387700968877,nan,,,,,,,,,,
-1.1445416367543,exhale,26189.72670096915,26188.388700968877,26188.45670096889,,,,,,,,,,
nan,pause,26189.72770096915,26189.72670096915,nan,,,,,,,,,,
2.683395319529252,inhale,26190.624700969332,26189.72770096915,26190.11670096923,,,,,,,,,,
nan,pause,26190.625700969333,26190.624700969332,nan,,,,,,,,,,
-7.206105664583518,exhale,26190.938700969396,26190.625700969333,26190.786700969365,,,,,,,,,,
nan,pause,26191.241700969458,26190.938700969396,nan,,,,,,,,,,
1.116684347728761,inhale,26192.699700969755,26191.241700969458,26191.616700969535,,,,,,,,,,
nan,pause,26193.634700969946,26192.699700969755,nan,,,,,,,,,,
1.9286585038771349,inhale,26194.29770097008,26193.634700969946,26193.95670097001,,,,,,,,,,
nan,pause,26194.29870097008,26194.29770097008,nan,,,,,,,,,,
-1.3532676947852815,exhale,26195.560700970338,26194.29870097008,26194.44670097011,,,,,,,,,,
nan,pause,26195.56170097034,26195.560700970338,nan,,,,,,,,,,
0.9633010697892582,inhale,26196.29970097049,26195.56170097034,26195.786700970384,,,,,,,,,,
nan,pause,26196.30070097049,26196.29970097049,nan,,,,,,,,,,
-0.43999897052904136,exhale,26197.47570097073,26196.30070097049,26196.44670097052,,,,,,,,,,
nan,pause,26197.47670097073,26197.47570097073,nan,,,,,,,,,,
0.6647192365600932,inhale,26198.27770097089,26197.47670097073,26197.946700970824,,,,,,,,,,
nan,pause,26199.14770097107,26198.27770097089,nan,,,,,,,,,,
1.8682132360169679,inhale,26200.073700971257,26199.14770097107,26199.776700971197,,,,,,,,,,
nan,pause,26200.074700971258,26200.073700971257,nan,,,,,,,,,,
-0.3665877142146828,exhale,26200.22770097129,26200.074700971258,26200.116700971266,,,,,,,,,,
nan,pause,26201.777700971605,26200.22770097129,nan,,,,,,,,,,
1.2810869955502469,inhale,26202.701700971793,26201.777700971605,26202.44670097174,,,,,,,,,,
nan,pause,26202.702700971793,26202.701700971793,nan,,,,,,,,,,
-1.2747168773029176,exhale,26203.708700971998,26202.702700971793,26202.946700971843,,,,,,,,,,
nan,pause,26203.709700972,26203.708700971998,nan,,,,,,,,,,
1.5266990279520825,inhale,26204.65970097219,26203.709700972,26203.95670097205,,,,,,,,,,
nan,pause,26204.660700972192,26204.65970097219,nan,,,,,,,,,,
-1.8550383265973938,exhale,26205.654700972394,26204.660700972192,26204.786700972218,,,,,,,,,,
nan,pause,26205.655700972395,26205.654700972394,nan,,,,,,,,,,
1.4637297242521607,inhale,26206.52070097257,26205.655700972395,26205.946700972454,,,,,,,,,,
nan,pause,26206.52170097257,26206.52070097257,nan,,,,,,,,,,
-1.2988799122297703,exhale,26207.562700972783,26206.52170097257,26206.786700972625,,,,,,,,,,
nan,pause,26207.563700972783,26207.562700972783,nan,,,,,,,,,,
1.4333979988901022,inhale,26208.443700972963,26207.563700972783,26208.116700972896,,,,,,,,,,
nan,pause,26208.444700972963,26208.443700972963,nan,,,,,,,,,,
-1.149890784842716,exhale,26209.640700973207,26208.444700972963,26208.616700972998,,,,,,,,,,
nan,pause,26209.641700973207,26209.640700973207,nan,,,,,,,,,,
1.3221751182581511,inhale,26210.507700973383,26209.641700973207,26210.276700973336,,,,,,,,,,
nan,pause,26210.508700973383,26210.507700973383,nan,,,,,,,,,,
-1.6111588505298535,exhale,26211.37370097356,26210.508700973383,26210.78670097344,,,,,,,,,,
nan,pause,26211.37470097356,26211.37370097356,nan,,,,,,,,,,
1.1994185811653981,inhale,26212.225700973733,26211.37470097356,26211.786700973644,,,,,,,,,,
nan,pause,26212.226700973733,26212.225700973733,nan,,,,,,,,,,
-1.7267990106064963,exhale,26213.275700973947,26212.226700973733,26212.44670097378,,,,,,,,,,
nan,pause,26213.276700973947,26213.275700973947,nan,,,,,,,,,,
2.246358316489858,inhale,26214.113700974118,26213.276700973947,26213.78670097405,,,,,,,,,,
nan,pause,26214.114700974118,26214.113700974118,nan,,,,,,,,,,
-2.265617790646824,exhale,26215.186700974336,26214.114700974118,26214.286700974153,,,,,,,,,,
nan,pause,26215.187700974337,26215.186700974336,nan,,,,,,,,,,
2.2501000000000033,inhale,26216.054700974513,26215.187700974337,26215.45670097439,,,,,,,,,,
nan,pause,26216.055700974513,26216.054700974513,nan,,,,,,,,,,
-1.9869795609496246,exhale,26217.079700974722,26216.055700974513,26216.28670097456,,,,,,,,,,
nan,pause,26217.080700974722,26217.079700974722,nan,,,,,,,,,,
2.5160404038452047,inhale,26217.884700974886,26217.080700974722,26217.446700974797,,,,,,,,,,
nan,pause,26217.885700974886,26217.884700974886,nan,,,,,,,,,,
-2.33329323208948,exhale,26218.83070097508,26217.885700974886,26218.116700974933,,,,,,,,,,
nan,pause,26218.83170097508,26218.83070097508,nan,,,,,,,,,,
2.615679911465954,inhale,26219.66870097525,26218.83170097508,26219.28670097517,,,,,,,,,,
nan,pause,26219.66970097525,26219.66870097525,nan,,,,,,,,,,
-2.1665981884457652,exhale,26220.642700975448,26219.66970097525,26220.11670097534,,,,,,,,,,
nan,pause,26220.643700975448,26220.642700975448,nan,,,,,,,,,,
2.800089830295659,inhale,26221.460700975615,26220.643700975448,26221.116700975545,,,,,,,,,,
nan,pause,26221.461700975615,26221.460700975615,nan,,,,,,,,,,
-2.483282858985222,exhale,26222.391700975804,26221.461700975615,26221.616700975646,,,,,,,,,,
nan,pause,26222.392700975804,26222.391700975804,nan,,,,,,,,,,
2.647783597998514,inhale,26223.217700975973,26222.392700975804,26222.946700975917,,,,,,,,,,
nan,pause,26223.218700975973,26223.217700975973,nan,,,,,,,,,,
-2.309899023979403,exhale,26224.174700976168,26223.218700975973,26223.45670097602,,,,,,,,,,
nan,pause,26224.175700976168,26224.174700976168,nan,,,,,,,,,,
2.7833943996823782,inhale,26224.981700976332,26224.175700976168,26224.616700976258,,,,,,,,,,
nan,pause,26224.982700976332,26224.981700976332,nan,,,,,,,,,,
-2.449882904102833,exhale,26225.981700976536,26224.982700976332,26225.11670097636,,,,,,,,,,
nan,pause,26225.982700976536,26225.981700976536,nan,,,,,,,,,,
2.6987748547294026,inhale,26226.762700976695,26225.982700976536,26226.44670097663,,,,,,,,,,
nan,pause,26226.763700976695,26226.762700976695,nan,,,,,,,,,,
-2.311241630482337,exhale,26227.795700976905,26226.763700976695,26226.956700976734,,,,,,,,,,
nan,pause,26227.796700976905,26227.795700976905,nan,,,,,,,,,,
2.4833984439351298,inhale,26228.60570097707,26227.796700976905,26228.11670097697,,,,,,,,,,
nan,pause,26228.60670097707,26228.60570097707,nan,,,,,,,,,,
-2.177025086684324,exhale,26229.598700977273,26228.60670097707,26228.94670097714,,,,,,,,,,
nan,pause,26229.599700977273,26229.598700977273,nan,,,,,,,,,,
2.710430339265672,inhale,26230.37070097743,26229.599700977273,26229.946700977343,,,,,,,,,,
nan,pause,26230.37170097743,26230.37070097743,nan,,,,,,,,,,
-2.4498863916787257,exhale,26231.385700977637,26230.37170097743,26230.61670097748,,,,,,,,,,
nan,pause,26231.386700977637,26231.385700977637,nan,,,,,,,,,,
2.3667000000000034,inhale,26232.224700977808,26231.386700977637,26231.78670097772,,,,,,,,,,
nan,pause,26232.225700977808,26232.224700977808,nan,,,,,,,,,,
-2.4552452477592928,exhale,26233.27370097802,26232.225700977808,26232.446700977853,,,,,,,,,,
nan,pause,26233.27470097802,26233.27370097802,nan,,,,,,,,,,
2.445475378292335,inhale,26234.064700978182,26233.27470097802,26233.776700978124,,,,,,,,,,
nan,pause,26234.065700978183,26234.064700978182,nan,,,,,,,,,,
-2.1907191949442653,exhale,26235.115700978396,26234.065700978183,26234.286700978228,,,,,,,,,,
nan,pause,26235.116700978397,26235.115700978396,nan,,,,,,,,,,
2.714060449264962,inhale,26235.880700978552,26235.116700978397,26235.446700978464,,,,,,,,,,
nan,pause,26235.881700978553,26235.880700978552,nan,,,,,,,,,,
-2.616599999999997,exhale,26236.79770097874,26235.881700978553,26236.126700978602,,,,,,,,,,
nan,pause,26236.79870097874,26236.79770097874,nan,,,,,,,,,,
2.783398160883149,inhale,26237.572700978897,26236.79870097874,26237.116700978804,,,,,,,,,,
nan,pause,26237.573700978897,26237.572700978897,nan,,,,,,,,,,
-2.1475211509023664,exhale,26238.636700979114,26237.573700978897,26237.78670097894,,,,,,,,,,
nan,pause,26238.637700979114,26238.636700979114,nan,,,,,,,,,,
2.4604310377639473,inhale,26239.511700979292,26238.637700979114,26238.946700979177,,,,,,,,,,
nan,pause,26239.512700979292,26239.511700979292,nan,,,,,,,,,,
-2.3696981227838867,exhale,26240.465700979486,26239.512700979292,26239.786700979348,,,,,,,,,,
nan,pause,26240.466700979487,26240.465700979486,nan,,,,,,,,,,
3.0126196406087042,inhale,26241.206700979637,26240.466700979487,26240.786700979552,,,,,,,,,,
nan,pause,26241.207700979638,26241.206700979637,nan,,,,,,,,,,
-2.1498974814452683,exhale,26242.216700979843,26241.207700979638,26241.61670097972,,,,,,,,,,
nan,pause,26242.217700979843,26242.216700979843,nan,,,,,,,,,,
2.582061411935314,inhale,26243.04170098001,26242.217700979843,26242.456700979892,,,,,,,,,,
nan,pause,26243.04270098001,26243.04170098001,nan,,,,,,,,,,
-2.39347864004664,exhale,26244.146700980236,26243.04270098001,26243.28670098006,,,,,,,,,,
nan,pause,26244.147700980237,26244.146700980236,nan,,,,,,,,,,
2.7261381405888803,inhale,26244.99870098041,26244.147700980237,26244.446700980297,,,,,,,,,,
nan,pause,26244.99970098041,26244.99870098041,nan,,,,,,,,,,
-2.088340338728417,exhale,26246.004700980615,26244.99970098041,26245.28670098047,,,,,,,,,,
nan,pause,26246.005700980615,26246.004700980615,nan,,,,,,,,,,
2.914387072389358,inhale,26246.799700980777,26246.005700980615,26246.446700980705,,,,,,,,,,
nan,pause,26246.800700980777,26246.799700980777,nan,,,,,,,,,,
-2.135163469920354,exhale,26247.812700980983,26246.800700980777,26246.95670098081,,,,,,,,,,
nan,pause,26247.813700980983,26247.812700980983,nan,,,,,,,,,,
3.1333955004272225,inhale,26248.57570098114,26247.813700980983,26248.116700981045,,,,,,,,,,
nan,pause,26248.57670098114,26248.57570098114,nan,,,,,,,,,,
-2.597915938587162,exhale,26249.498700981327,26248.57670098114,26248.946700981214,,,,,,,,,,
nan,pause,26249.499700981327,26249.498700981327,nan,,,,,,,,,,
2.3830672739288348,inhale,26250.270700981484,26249.499700981327,26249.946700981418,,,,,,,,,,
nan,pause,26250.271700981484,26250.270700981484,nan,,,,,,,,,,
-2.0472228232194745,exhale,26251.541700981743,26250.271700981484,26250.456700981522,,,,,,,,,,
nan,pause,26251.542700981743,26251.541700981743,nan,,,,,,,,,,
2.0000956361205,inhale,26252.444700981927,26251.542700981743,26252.11670098186,,,,,,,,,,
nan,pause,26252.445700981927,26252.444700981927,nan,,,,,,,,,,
-1.866583524105416,exhale,26253.83870098221,26252.445700981927,26252.616700981962,,,,,,,,,,
nan,pause,26254.204700982285,26253.83870098221,nan,,,,,,,,,,
1.4666934457512446,inhale,26255.221700982493,26254.204700982285,26254.61670098237,,,,,,,,,,
nan,pause,26255.222700982493,26255.221700982493,nan,,,,,,,,,,
-0.9570275489217829,exhale,26256.752700982805,26255.222700982493,26255.44670098254,,,,,,,,,,
nan,pause,26256.753700982805,26256.752700982805,nan,,,,,,,,,,
1.116692102508785,inhale,26257.90670098304,26256.753700982805,26257.11670098288,,,,,,,,,,
nan,pause,26257.90770098304,26257.90670098304,nan,,,,,,,,,,
-1.0498953525341856,exhale,26259.148700983293,26257.90770098304,26258.116700983082,,,,,,,,,,
nan,pause,26259.149700983293,26259.148700983293,nan,,,,,,,,,,
1.4487391985942166,inhale,26260.05970098348,26259.149700983293,26259.786700983423,,,,,,,,,,
nan,pause,26260.06070098348,26260.05970098348,nan,,,,,,,,,,
-1.308098561277735,exhale,26261.158700983702,26260.06070098348,26260.286700983524,,,,,,,,,,
nan,pause,26261.159700983702,26261.158700983702,nan,,,,,,,,,,
2.05009604222567,inhale,26262.017700983877,26261.159700983702,26261.616700983795,,,,,,,,,,
nan,pause,26262.018700983877,26262.017700983877,nan,,,,,,,,,,
-1.4136285368520656,exhale,26263.050700984088,26262.018700983877,26262.446700983965,,,,,,,,,,
nan,pause,26263.051700984088,26263.050700984088,nan,,,,,,,,,,
2.893979452663769,inhale,26263.84770098425,26263.051700984088,26263.286700984136,,,,,,,,,,
nan,pause,26263.84870098425,26263.84770098425,nan,,,,,,,,,,
-2.266590071985916,exhale,26264.793700984443,26263.84870098425,26264.116700984305,,,,,,,,,,
nan,pause,26264.794700984443,26264.793700984443,nan,,,,,,,,,,
2.7333961034558816,inhale,26265.536700984594,26264.794700984443,26265.11670098451,,,,,,,,,,
nan,pause,26265.537700984594,26265.536700984594,nan,,,,,,,,,,
-1.576838741227768,exhale,26266.49170098479,26265.537700984594,26265.786700984645,,,,,,,,,,
nan,pause,26266.49270098479,26266.49170098479,nan,,,,,,,,,,
2.942277938864337,inhale,26267.215700984936,26266.49270098479,26266.78670098485,,,,,,,,,,
nan,pause,26267.216700984936,26267.215700984936,nan,,,,,,,,,,
-2.063251517401227,exhale,26268.184700985134,26267.216700984936,26267.456700984985,,,,,,,,,,
nan,pause,26268.185700985134,26268.184700985134,nan,,,,,,,,,,
3.0713406385333566,inhale,26268.94470098529,26268.185700985134,26268.45670098519,,,,,,,,,,
nan,pause,26268.94570098529,26268.94470098529,nan,,,,,,,,,,
-1.9832851154676172,exhale,26269.962700985496,26268.94570098529,26269.116700985323,,,,,,,,,,
nan,pause,26269.963700985496,26269.962700985496,nan,,,,,,,,,,
2.6820728073801563,inhale,26270.695700985645,26269.963700985496,26270.446700985594,,,,,,,,,,
nan,pause,26270.696700985645,26270.695700985645,nan,,,,,,,,,,
-1.9649457059971727,exhale,26271.65170098584,26270.696700985645,26270.946700985696,,,,,,,,,,
nan,pause,26271.65270098584,26271.65170098584,nan,,,,,,,,,,
2.997418801681949,inhale,26272.38370098599,26271.65270098584,26271.956700985902,,,,,,,,,,
nan,pause,26272.38470098599,26272.38370098599,nan,,,,,,,,,,
-1.8498906387750984,exhale,26273.353700986187,26272.38470098599,26272.616700986036,,,,,,,,,,
nan,pause,26273.354700986187,26273.353700986187,nan,,,,,,,,,,
3.116688626217536,inhale,26274.11470098634,26273.354700986187,26273.61670098624,,,,,,,,,,
nan,pause,26274.115700986342,26274.11470098634,nan,,,,,,,,,,
-1.9805783948244842,exhale,26275.164700986556,26274.115700986342,26274.286700986377,,,,,,,,,,
nan,pause,26275.165700986556,26275.164700986556,nan,,,,,,,,,,
3.0393792253745846,inhale,26275.97970098672,26275.165700986556,26275.456700986615,,,,,,,,,,
nan,pause,26275.98070098672,26275.97970098672,nan,,,,,,,,,,
-1.9942882656818655,exhale,26276.96070098692,26275.98070098672,26276.446700986817,,,,,,,,,,
nan,pause,26276.96170098692,26276.96070098692,nan,,,,,,,,,,
3.1166822055250107,inhale,26277.68470098707,26276.96170098692,26277.116700986953,,,,,,,,,,
nan,pause,26277.68570098707,26277.68470098707,nan,,,,,,,,,,
-2.099894760334805,exhale,26278.67070098727,26277.68570098707,26278.116700987157,,,,,,,,,,
nan,pause,26278.67170098727,26278.67070098727,nan,,,,,,,,,,
2.742727708003297,inhale,26279.485700987436,26278.67170098727,26278.956700987328,,,,,,,,,,
nan,pause,26279.486700987436,26279.485700987436,nan,,,,,,,,,,
-1.9805783939278172,exhale,26280.461700987635,26279.486700987436,26279.786700987497,,,,,,,,,,
nan,pause,26280.462700987635,26280.461700987635,nan,,,,,,,,,,
3.0008515363913624,inhale,26281.203700987786,26280.462700987635,26280.7767009877,,,,,,,,,,
nan,pause,26281.204700987786,26281.203700987786,nan,,,,,,,,,,
-2.249894128685261,exhale,26282.128700987974,26281.204700987786,26281.61670098787,,,,,,,,,,
nan,pause,26282.129700987975,26282.128700987974,nan,,,,,,,,,,
2.782077163221586,inhale,26282.883700988128,26282.129700987975,26282.44670098804,,,,,,,,,,
nan,pause,26282.88470098813,26282.883700988128,nan,,,,,,,,,,
-1.7165939726462078,exhale,26283.87670098833,26282.88470098813,26283.116700988176,,,,,,,,,,
nan,pause,26283.87770098833,26283.87670098833,nan,,,,,,,,,,
2.4333899413720896,inhale,26284.60470098848,26283.87770098833,26284.11670098838,,,,,,,,,,
nan,pause,26284.60570098848,26284.60470098848,nan,,,,,,,,,,
-2.5456109797869355,exhale,26285.478700988657,26284.60570098848,26284.94670098855,,,,,,,,,,
nan,pause,26285.479700988657,26285.478700988657,nan,,,,,,,,,,
2.783383607104137,inhale,26286.195700988803,26285.479700988657,26285.616700988685,,,,,,,,,,
nan,pause,26286.196700988803,26286.195700988803,nan,,,,,,,,,,
-2.6425317261116246,exhale,26287.043700988976,26286.196700988803,26286.456700988856,,,,,,,,,,
nan,pause,26287.044700988976,26287.043700988976,nan,,,,,,,,,,
2.9330638269721394,inhale,26287.85670098914,26287.044700988976,26287.446700989058,,,,,,,,,,
nan,pause,26287.85770098914,26287.85670098914,nan,,,,,,,,,,
-1.611158825269623,exhale,26289.196700989414,26287.85770098914,26288.28670098923,,,,,,,,,,
nan,pause,26289.197700989414,26289.196700989414,nan,,,,,,,,,,
1.8833989816077372,inhale,26290.075700989593,26289.197700989414,26289.6167009895,,,,,,,,,,
nan,pause,26290.076700989594,26290.075700989593,nan,,,,,,,,,,
-0.7588177695919464,exhale,26291.39170098986,26290.076700989594,26291.28670098984,,,,,,,,,,
nan,pause,26291.5807009899,26291.39170098986,nan,,,,,,,,,,
-0.30867255150325623,exhale,26291.82270098995,26291.5807009899,26291.77670098994,,,,,,,,,,
nan,pause,26291.82370098995,26291.82270098995,nan,,,,,,,,,,
1.1748985449815517,inhale,26292.5627009901,26291.82370098995,26292.286700990044,,,,,,,,,,
nan,pause,26292.5637009901,26292.5627009901,nan,,,,,,,,,,
-1.3156177074989697,exhale,26293.5437009903,26292.5637009901,26292.786700990146,,,,,,,,,,
nan,pause,26293.5447009903,26293.5437009903,nan,,,,,,,,,,
1.2150005249180054,inhale,26294.5317009905,26293.5447009903,26293.78670099035,,,,,,,,,,
nan,pause,26294.5327009905,26294.5317009905,nan,,,,,,,,,,
-1.9441579507541356,exhale,26295.527700990704,26294.5327009905,26294.786700990553,,,,,,,,,,
nan,pause,26295.528700990704,26295.527700990704,nan,,,,,,,,,,
1.5777889625513195,inhale,26296.34270099087,26295.528700990704,26295.94670099079,,,,,,,,,,
nan,pause,26296.34370099087,26296.34270099087,nan,,,,,,,,,,
-1.5279375992881299,exhale,26297.32770099107,26296.34370099087,26296.956700990995,,,,,,,,,,
nan,pause,26297.32870099107,26297.32770099107,nan,,,,,,,,,,
2.2666941093138004,inhale,26298.168700991242,26297.32870099107,26297.61670099113,,,,,,,,,,
nan,pause,26298.169700991242,26298.168700991242,nan,,,,,,,,,,
-0.9498976071633513,exhale,26299.162700991445,26298.169700991242,26298.616700991333,,,,,,,,,,
nan,pause,26299.163700991445,26299.162700991445,nan,,,,,,,,,,
2.1254775590146715,inhale,26299.911700991597,26299.163700991445,26299.446700991502,,,,,,,,,,
nan,pause,26299.912700991597,26299.911700991597,nan,,,,,,,,,,
-1.66658856866228,exhale,26300.81570099178,26299.912700991597,26300.11670099164,,,,,,,,,,
nan,pause,26300.81670099178,26300.81570099178,nan,,,,,,,,,,
1.2000916443080425,inhale,26301.418700991904,26300.81670099178,26301.116700991843,,,,,,,,,,
nan,pause,26301.973700992017,26301.418700991904,nan,,,,,,,,,,
0.8333866205774904,inhale,26302.504700992125,26301.973700992017,26302.116700992046,,,,,,,,,,
nan,pause,26313.450700994355,26302.504700992125,nan,,,,,,,,,,
-2.1832659876489977,exhale,26313.782700994423,26313.450700994355,26313.61670099439,,,,,,,,,,
nan,pause,26313.783700994423,26313.782700994423,nan,,,,,,,,,,
1.3883071714925095,inhale,26314.430700994555,26313.783700994423,26314.276700994524,,,,,,,,,,
nan,pause,26316.32070099494,26314.430700994555,nan,,,,,,,,,,
0.38338719696639234,inhale,26316.674700995012,26316.32070099494,26316.616700995,,,,,,,,,,
nan,pause,26316.675700995012,26316.674700995012,nan,,,,,,,,,,
-0.6988799055081296,exhale,26318.17970099532,26316.675700995012,26316.786700995035,,,,,,,,,,
nan,pause,26316.675700995012,26318.17970099532,nan,,,,,,,,,,
-0.3449497447376392,exhale,26318.17970099532,26316.675700995012,26317.94670099527,,,,,,,,,,
nan,pause,26318.18070099532,26318.17970099532,nan,,,,,,,,,,
1.1961349649575292,inhale,26318.97770099548,26318.18070099532,26318.77670099544,,,,,,,,,,
nan,pause,26318.97870099548,26318.97770099548,nan,,,,,,,,,,
-0.8998904728941917,exhale,26320.159700995722,26318.97870099548,26319.11670099551,,,,,,,,,,
nan,pause,26320.160700995722,26320.159700995722,nan,,,,,,,,,,
1.4827293285982677,inhale,26320.88070099587,26320.160700995722,26320.776700995848,,,,,,,,,,
nan,pause,26320.88170099587,26320.88070099587,nan,,,,,,,,,,
-1.8332903746886775,exhale,26322.037700996105,26320.88170099587,26321.116700995917,,,,,,,,,,
nan,pause,26322.038700996105,26322.037700996105,nan,,,,,,,,,,
3.5166575336415873,inhale,26322.764700996253,26322.038700996105,26322.616700996223,,,,,,,,,,
nan,pause,26322.765700996253,26322.764700996253,nan,,,,,,,,,,
-4.4332713853252015,exhale,26323.961700996497,26322.765700996253,26323.116700996325,,,,,,,,,,
nan,pause,26323.962700996497,26323.961700996497,nan,,,,,,,,,,
9.24227791192217,inhale,26324.66370099664,26323.962700996497,26324.286700996563,,,,,,,,,,
nan,pause,26324.66470099664,26324.66370099664,nan,,,,,,,,,,
-5.597218195366433,exhale,26325.882700996888,26324.66470099664,26324.786700996665,,,,,,,,,,
nan,pause,26325.88370099689,26325.882700996888,nan,,,,,,,,,,
8.950061543055133,inhale,26326.57570099703,26325.88370099689,26326.116700996936,,,,,,,,,,
nan,pause,26326.57670099703,26326.57570099703,nan,,,,,,,,,,
-7.980593726222042,exhale,26327.65070099725,26326.57670099703,26326.786700997072,,,,,,,,,,
nan,pause,26327.65170099725,26327.65070099725,nan,,,,,,,,,,
9.130095359369394,inhale,26328.381700997397,26327.65170099725,26327.94670099731,,,,,,,,,,
nan,pause,26328.382700997397,26328.381700997397,nan,,,,,,,,,,
-5.8498663644147,exhale,26329.444700997614,26328.382700997397,26328.616700997445,,,,,,,,,,
nan,pause,26329.445700997614,26329.444700997614,nan,,,,,,,,,,
11.093113457637308,inhale,26330.16370099776,26329.445700997614,26329.77670099768,,,,,,,,,,
nan,pause,26330.16470099776,26330.16370099776,nan,,,,,,,,,,
-8.077776356193572,exhale,26331.327700997997,26330.16470099776,26330.94670099792,,,,,,,,,,
nan,pause,26331.328700997998,26331.327700997997,nan,,,,,,,,,,
12.450025774106463,inhale,26332.114700998158,26331.328700997998,26331.616700998056,,,,,,,,,,
nan,pause,26332.115700998158,26332.114700998158,nan,,,,,,,,,,
-8.589435896122673,exhale,26333.313700998402,26332.115700998158,26332.286700998193,,,,,,,,,,
nan,pause,26333.314700998402,26333.313700998402,nan,,,,,,,,,,
13.263206941070864,inhale,26334.08570099856,26333.314700998402,26333.776700998496,,,,,,,,,,
nan,pause,26334.08670099856,26334.08570099856,nan,,,,,,,,,,
-7.068277037602204,exhale,26335.354700998818,26334.08670099856,26334.2867009986,,,,,,,,,,
nan,pause,26335.355700998818,26335.354700998818,nan,,,,,,,,,,
13.65005085712845,inhale,26336.080700998966,26335.355700998818,26335.61670099887,,,,,,,,,,
nan,pause,26336.081700998966,26336.080700998966,nan,,,,,,,,,,
-8.697875120145026,exhale,26337.366700999228,26336.081700998966,26336.286700999008,,,,,,,,,,
nan,pause,26337.367700999228,26337.366700999228,nan,,,,,,,,,,
11.248472233817704,inhale,26338.11470099938,26337.367700999228,26337.946700999346,,,,,,,,,,
nan,pause,26338.11570099938,26338.11470099938,nan,,,,,,,,,,
-7.203995688746087,exhale,26339.946700999753,26338.11570099938,26338.286700999415,,,,,,,,,,
nan,pause,26339.947700999754,26339.946700999753,nan,,,,,,,,,,
13.908948296801803,inhale,26340.791700999926,26339.947700999754,26340.286700999823,,,,,,,,,,
nan,pause,26340.792700999926,26340.791700999926,nan,,,,,,,,,,
-8.852904079682132,exhale,26342.47470100027,26340.792700999926,26340.95670099996,,,,,,,,,,
nan,pause,26342.47570100027,26342.47470100027,nan,,,,,,,,,,
12.48338369010756,inhale,26343.434701000464,26342.47570100027,26343.1167010004,,,,,,,,,,
nan,pause,26343.435701000464,26343.434701000464,nan,,,,,,,,,,
-6.333269942050741,exhale,26345.32170100085,26343.435701000464,26343.6167010005,,,,,,,,,,
nan,pause,26345.32270100085,26345.32170100085,nan,,,,,,,,,,
15.303147418383169,inhale,26346.22170100103,26345.32270100085,26345.946701000976,,,,,,,,,,
nan,pause,26346.222701001032,26346.22170100103,nan,,,,,,,,,,
-9.987841114959615,exhale,26347.795701001352,26346.222701001032,26346.446701001078,,,,,,,,,,
nan,pause,26347.796701001353,26347.795701001352,nan,,,,,,,,,,
18.664389431449205,inhale,26348.589701001514,26347.796701001353,26348.286701001452,,,,,,,,,,
nan,pause,26348.590701001514,26348.589701001514,nan,,,,,,,,,,
-5.5951779746076715,exhale,26350.112701001824,26348.590701001514,26348.786701001554,,,,,,,,,,
nan,pause,26350.113701001825,26350.112701001824,nan,,,,,,,,,,
17.415113942828796,inhale,26350.787701001962,26350.113701001825,26350.456701001895,,,,,,,,,,
nan,pause,26350.788701001962,26350.787701001962,nan,,,,,,,,,,
-9.912979428432541,exhale,26352.043701002218,26350.788701001962,26350.956701001996,,,,,,,,,,
nan,pause,26352.044701002218,26352.043701002218,nan,,,,,,,,,,
16.223199033388763,inhale,26352.753701002363,26352.044701002218,26352.286701002267,,,,,,,,,,
nan,pause,26352.754701002363,26352.753701002363,nan,,,,,,,,,,
-9.895385265456737,exhale,26353.9157010026,26352.754701002363,26352.956701002404,,,,,,,,,,
nan,pause,26353.9167010026,26353.9157010026,nan,,,,,,,,,,
15.5836808980352,inhale,26354.60170100274,26353.9167010026,26354.276701002673,,,,,,,,,,
nan,pause,26354.60270100274,26354.60170100274,nan,,,,,,,,,,
-11.522410380786413,exhale,26355.78870100298,26354.60270100274,26354.786701002777,,,,,,,,,,
nan,pause,26355.78970100298,26355.78870100298,nan,,,,,,,,,,
19.48333210217047,inhale,26356.451701003116,26355.78970100298,26356.116701003048,,,,,,,,,,
nan,pause,26356.452701003116,26356.451701003116,nan,,,,,,,,,,
-8.183246741813731,exhale,26357.661701003362,26356.452701003116,26356.61670100315,,,,,,,,,,
nan,pause,26357.662701003363,26357.661701003362,nan,,,,,,,,,,
19.20456948349522,inhale,26358.374701003508,26357.662701003363,26357.956701003422,,,,,,,,,,
nan,pause,26358.375701003508,26358.374701003508,nan,,,,,,,,,,
-8.049866155534875,exhale,26359.547701003747,26358.375701003508,26358.616701003557,,,,,,,,,,
nan,pause,26359.548701003747,26359.547701003747,nan,,,,,,,,,,
18.8878254463606,inhale,26360.262701003892,26359.548701003747,26359.946701003828,,,,,,,,,,
nan,pause,26360.263701003892,26360.262701003892,nan,,,,,,,,,,
-13.301626743207779,exhale,26361.441701004132,26360.263701003892,26360.44670100393,,,,,,,,,,
nan,pause,26361.442701004133,26361.441701004132,nan,,,,,,,,,,
21.64332846191315,inhale,26362.194701004286,26361.442701004133,26361.786701004203,,,,,,,,,,
nan,pause,26362.195701004286,26362.194701004286,nan,,,,,,,,,,
-8.631598419046385,exhale,26363.49170100455,26362.195701004286,26362.446701004337,,,,,,,,,,
nan,pause,26363.49270100455,26363.49170100455,nan,,,,,,,,,,
16.423893640377706,inhale,26364.254701004706,26363.49270100455,26363.78670100461,,,,,,,,,,
nan,pause,26364.255701004706,26364.254701004706,nan,,,,,,,,,,
-10.762013274944497,exhale,26365.492701004958,26364.255701004706,26364.446701004745,,,,,,,,,,
nan,pause,26365.493701004958,26365.492701004958,nan,,,,,,,,,,
19.14935834273711,inhale,26366.24170100511,26365.493701004958,26365.786701005018,,,,,,,,,,
nan,pause,26366.24270100511,26366.24170100511,nan,,,,,,,,,,
-9.111654273516379,exhale,26367.494701005366,26366.24270100511,26366.446701005152,,,,,,,,,,
nan,pause,26367.495701005366,26367.494701005366,nan,,,,,,,,,,
19.153115275881678,inhale,26368.25370100552,26367.495701005366,26367.786701005425,,,,,,,,,,
nan,pause,26368.25470100552,26368.25370100552,nan,,,,,,,,,,
-10.721255670061462,exhale,26369.562701005787,26368.25470100552,26368.44670100556,,,,,,,,,,
nan,pause,26369.563701005787,26369.562701005787,nan,,,,,,,,,,
19.437982070906134,inhale,26370.303701005938,26369.563701005787,26369.946701005865,,,,,,,,,,
nan,pause,26370.304701005938,26370.303701005938,nan,,,,,,,,,,
-13.95223270104053,exhale,26371.382701006158,26370.304701005938,26370.45670100597,,,,,,,,,,
nan,pause,26371.383701006158,26371.382701006158,nan,,,,,,,,,,
23.049998626219292,inhale,26372.096701006303,26371.383701006158,26371.616701006205,,,,,,,,,,
nan,pause,26372.097701006303,26372.096701006303,nan,,,,,,,,,,
-9.02167797196227,exhale,26373.391701006567,26372.097701006303,26372.286701006342,,,,,,,,,,
nan,pause,26373.392701006567,26373.391701006567,nan,,,,,,,,,,
16.99563385448068,inhale,26374.169701006726,26373.392701006567,26373.786701006647,,,,,,,,,,
nan,pause,26374.170701006726,26374.169701006726,nan,,,,,,,,,,
-9.037210449961815,exhale,26375.747701007047,26374.170701006726,26374.446701006782,,,,,,,,,,
nan,pause,26375.748701007047,26375.747701007047,nan,,,,,,,,,,
23.416600576813675,inhale,26376.54870100721,26375.748701007047,26376.116701007122,,,,,,,,,,
nan,pause,26376.54970100721,26376.54870100721,nan,,,,,,,,,,
-7.160797597399237,exhale,26378.325701007572,26376.54970100721,26376.78670100726,,,,,,,,,,
nan,pause,26378.326701007572,26378.325701007572,nan,,,,,,,,,,
17.95000932971436,inhale,26379.20670100775,26378.326701007572,26378.61670100763,,,,,,,,,,
nan,pause,26379.207701007752,26379.20670100775,nan,,,,,,,,,,
-7.496316309588077,exhale,26380.952701008107,26379.207701007752,26379.4467010078,,,,,,,,,,
nan,pause,26380.953701008108,26380.952701008107,nan,,,,,,,,,,
19.871476996259698,inhale,26381.860701008292,26380.953701008108,26381.286701008175,,,,,,,,,,
nan,pause,26381.861701008293,26381.860701008292,nan,,,,,,,,,,
-8.54984197131379,exhale,26383.307701008587,26381.861701008293,26382.116701008345,,,,,,,,,,
nan,pause,26383.308701008587,26383.307701008587,nan,,,,,,,,,,
22.41660498910241,inhale,26384.093701008747,26383.308701008587,26383.61670100865,,,,,,,,,,
nan,pause,26384.094701008748,26384.093701008747,nan,,,,,,,,,,
-10.360872998227766,exhale,26385.502701009034,26384.094701008748,26384.286701008787,,,,,,,,,,
nan,pause,26385.503701009035,26385.502701009034,nan,,,,,,,,,,
21.40872655389616,inhale,26386.255701009188,26385.503701009035,26385.946701009125,,,,,,,,,,
nan,pause,26386.256701009188,26386.255701009188,nan,,,,,,,,,,
-10.598313886368475,exhale,26387.578701009457,26386.256701009188,26386.45670100923,,,,,,,,,,
nan,pause,26387.579701009457,26387.578701009457,nan,,,,,,,,,,
21.1187449390683,inhale,26388.33670100961,26387.579701009457,26387.946701009532,,,,,,,,,,
nan,pause,26388.337701009612,26388.33670100961,nan,,,,,,,,,,
-10.34985695904655,exhale,26389.566701009862,26388.337701009612,26388.61670100967,,,,,,,,,,
nan,pause,26389.567701009863,26389.566701009862,nan,,,,,,,,,,
16.220818099518727,inhale,26390.280701010008,26389.567701009863,26389.786701009907,,,,,,,,,,
nan,pause,26390.281701010008,26390.280701010008,nan,,,,,,,,,,
-7.443203009759091,exhale,26391.485701010253,26390.281701010008,26390.456701010044,,,,,,,,,,
nan,pause,26391.486701010253,26391.485701010253,nan,,,,,,,,,,
15.35759451175107,inhale,26392.25970101041,26391.486701010253,26391.786701010315,,,,,,,,,,
nan,pause,26392.26070101041,26392.25970101041,nan,,,,,,,,,,
-6.183296536038754,exhale,26393.552701010674,26392.26070101041,26392.616701010484,,,,,,,,,,
nan,pause,26393.553701010675,26393.552701010674,nan,,,,,,,,,,
13.712333769340713,inhale,26394.329701010833,26393.553701010675,26393.786701010722,,,,,,,,,,
nan,pause,26394.330701010833,26394.329701010833,nan,,,,,,,,,,
-9.049845808684106,exhale,26395.483701011068,26394.330701010833,26394.61670101089,,,,,,,,,,
nan,pause,26395.484701011068,26395.483701011068,nan,,,,,,,,,,
8.81711610861211,inhale,26396.27270101123,26395.484701011068,26395.78670101113,,,,,,,,,,
nan,pause,26396.27370101123,26396.27270101123,nan,,,,,,,,,,
-6.016584193192965,exhale,26397.388701011456,26396.27370101123,26396.6167010113,,,,,,,,,,
nan,pause,26397.389701011456,26397.388701011456,nan,,,,,,,,,,
8.866642227054687,inhale,26398.166701011614,26397.389701011456,26397.616701011502,,,,,,,,,,
nan,pause,26398.167701011615,26398.166701011614,nan,,,,,,,,,,
-6.307880979329773,exhale,26399.26970101184,26398.167701011615,26398.44670101167,,,,,,,,,,
nan,pause,26399.27070101184,26399.26970101184,nan,,,,,,,,,,
7.933773247772973,inhale,26400.043701011997,26399.27070101184,26399.456701011877,,,,,,,,,,
nan,pause,26400.044701011997,26400.043701011997,nan,,,,,,,,,,
-6.221036231525305,exhale,26401.301701012253,26400.044701011997,26400.286701012046,,,,,,,,,,
nan,pause,26401.302701012253,26401.301701012253,nan,,,,,,,,,,
4.459281179541816,inhale,26402.11370101242,26401.302701012253,26401.456701012285,,,,,,,,,,
nan,pause,26402.11470101242,26402.11370101242,nan,,,,,,,,,,
-5.360318832828267,exhale,26403.15070101263,26402.11470101242,26402.446701012486,,,,,,,,,,
nan,pause,26403.15170101263,26403.15070101263,nan,,,,,,,,,,
3.728337191346372,inhale,26403.9837010128,26403.15170101263,26403.286701012657,,,,,,,,,,
nan,pause,26403.9847010128,26403.9837010128,nan,,,,,,,,,,
-4.75490264236078,exhale,26405.005701013008,26403.9847010128,26404.27670101286,,,,,,,,,,
nan,pause,26405.006701013008,26405.005701013008,nan,,,,,,,,,,
3.0166695135899193,inhale,26405.837701013177,26405.006701013008,26405.11670101303,,,,,,,,,,
nan,pause,26405.838701013177,26405.837701013177,nan,,,,,,,,,,
-3.999884709655947,exhale,26406.898701013393,26405.838701013177,26406.616701013336,,,,,,,,,,
nan,pause,26406.899701013393,26406.898701013393,nan,,,,,,,,,,
2.783389461855634,inhale,26407.72570101356,26406.899701013393,26407.116701013438,,,,,,,,,,
nan,pause,26407.726701013562,26407.72570101356,nan,,,,,,,,,,
-3.856035829922485,exhale,26408.735701013768,26407.726701013562,26408.44670101371,,,,,,,,,,
nan,pause,26408.736701013768,26408.735701013768,nan,,,,,,,,,,
2.897272285691067,inhale,26409.58470101394,26408.736701013768,26408.956701013813,,,,,,,,,,
nan,pause,26409.58570101394,26409.58470101394,nan,,,,,,,,,,
-5.017998497379366,exhale,26411.085701014246,26409.58570101394,26409.78670101398,,,,,,,,,,
nan,pause,26411.086701014247,26411.085701014246,nan,,,,,,,,,,
5.405516579319114,inhale,26412.066701014446,26411.086701014247,26411.286701014287,,,,,,,,,,
nan,pause,26412.067701014446,26412.066701014446,nan,,,,,,,,,,
-4.403035663484518,exhale,26413.330701014704,26412.067701014446,26412.28670101449,,,,,,,,,,
nan,pause,26413.331701014704,26413.330701014704,nan,,,,,,,,,,
3.166693818621382,inhale,26414.2947010149,26413.331701014704,26413.616701014762,,,,,,,,,,
nan,pause,26414.2957010149,26414.2947010149,nan,,,,,,,,,,
-3.1838207800062,exhale,26415.342701015114,26414.2957010149,26414.456701014933,,,,,,,,,,
nan,pause,26415.343701015114,26415.342701015114,nan,,,,,,,,,,
2.5330675647466885,inhale,26416.270701015303,26415.343701015114,26415.946701015237,,,,,,,,,,
nan,pause,26416.271701015303,26416.270701015303,nan,,,,,,,,,,
-2.592481168542762,exhale,26417.403701015533,26416.271701015303,26416.45670101534,,,,,,,,,,
nan,pause,26417.404701015534,26417.403701015533,nan,,,,,,,,,,
2.194318069438971,inhale,26418.251701015706,26417.404701015534,26417.78670101561,,,,,,,,,,
nan,pause,26418.252701015706,26418.251701015706,nan,,,,,,,,,,
-2.6545405835381093,exhale,26419.174701015894,26418.252701015706,26418.456701015748,,,,,,,,,,
nan,pause,26419.175701015894,26419.174701015894,nan,,,,,,,,,,
2.3972722794892536,inhale,26420.098701016082,26419.175701015894,26419.45670101595,,,,,,,,,,
nan,pause,26420.099701016083,26420.098701016082,nan,,,,,,,,,,
-2.537658790204158,exhale,26421.140701016295,26420.099701016083,26420.28670101612,,,,,,,,,,
nan,pause,26421.141701016295,26421.140701016295,nan,,,,,,,,,,
1.8501000000000032,inhale,26422.10470101649,26421.141701016295,26421.626701016394,,,,,,,,,,
nan,pause,26422.10570101649,26422.10470101649,nan,,,,,,,,,,
-1.8410598052666824,exhale,26423.155701016705,26422.10570101649,26422.28670101653,,,,,,,,,,
nan,pause,26423.156701016705,26423.155701016705,nan,,,,,,,,,,
1.979380193901649,inhale,26424.032701016884,26423.156701016705,26423.456701016767,,,,,,,,,,
nan,pause,26424.033701016884,26424.032701016884,nan,,,,,,,,,,
-3.426647055089692,exhale,26424.600701017,26424.033701016884,26424.44670101697,,,,,,,,,,
nan,pause,26424.601701017,26424.600701017,nan,,,,,,,,,,
0.3500773480242541,inhale,26424.761701017032,26424.601701017,26424.616701017003,,,,,,,,,,
nan,pause,26424.883701017057,26424.761701017032,nan,,,,,,,,,,
0.943578387972173,inhale,26425.424701017168,26424.883701017057,26425.28670101714,,,,,,,,,,
nan,pause,26427.831701017658,26425.424701017168,nan,,,,,,,,,,
-1.0619088855701126,exhale,26429.029701017902,26427.831701017658,26428.456701017785,,,,,,,,,,
nan,pause,26429.030701017902,26429.029701017902,nan,,,,,,,,,,
1.247039695901186,inhale,26429.9987010181,26429.030701017902,26429.286701017954,,,,,,,,,,
nan,pause,26429.9997010181,26429.9987010181,nan,,,,,,,,,,
-0.9832900093502628,exhale,26431.18670101834,26429.9997010181,26430.116701018123,,,,,,,,,,
nan,pause,26431.18770101834,26431.18670101834,nan,,,,,,,,,,
0.3833989309419885,inhale,26432.123701018532,26431.18770101834,26431.61670101843,,,,,,,,,,
nan,pause,26432.124701018533,26432.123701018532,nan,,,,,,,,,,
-0.36149949225204786,exhale,26433.280701018768,26432.124701018533,26432.286701018566,,,,,,,,,,
nan,pause,26452.53370102269,26433.280701018768,nan,,,,,,,,,,
-0.6326185713280879,exhale,26453.22470102283,26452.53370102269,26452.786701022742,,,,,,,,,,
nan,pause,26454.061701023,26453.22470102283,nan,,,,,,,,,,
-0.5482005085787296,exhale,26455.106701023215,26454.061701023,26454.286701023047,,,,,,,,,,
nan,pause,26457.14370102363,26455.106701023215,nan,,,,,,,,,,
0.3470396907682971,inhale,26458.003701023805,26457.14370102363,26457.28670102366,,,,,,,,,,
nan,pause,26458.004701023805,26458.003701023805,nan,,,,,,,,,,
-0.649570141572549,exhale,26458.998701024007,26458.004701023805,26458.446701023895,,,,,,,,,,
nan,pause,26458.999701024008,26458.998701024007,nan,,,,,,,,,,
0.4166988443568435,inhale,26459.875701024186,26458.999701024008,26459.616701024133,,,,,,,,,,
nan,pause,26459.876701024186,26459.875701024186,nan,,,,,,,,,,
-0.7998961459502972,exhale,26460.956701024406,26459.876701024186,26460.116701024235,,,,,,,,,,
nan,pause,26460.957701024407,26460.956701024406,nan,,,,,,,,,,
0.7333926391180383,inhale,26461.81170102458,26460.957701024407,26461.11670102444,,,,,,,,,,
nan,pause,26461.81270102458,26461.81170102458,nan,,,,,,,,,,
-0.6312900945982456,exhale,26462.920701024806,26461.81270102458,26461.95670102461,,,,,,,,,,
nan,pause,26462.921701024807,26462.920701024806,nan,,,,,,,,,,
0.46602061110638554,inhale,26463.842701024994,26462.921701024807,26463.28670102488,,,,,,,,,,
nan,pause,26463.843701024995,26463.842701024994,nan,,,,,,,,,,
-0.5665980298727015,exhale,26464.95870102522,26463.843701024995,26464.11670102505,,,,,,,,,,
nan,pause,26464.959701025222,26464.95870102522,nan,,,,,,,,,,
0.5166969899940902,inhale,26465.824701025398,26464.959701025222,26465.616701025356,,,,,,,,,,
nan,pause,26465.8257010254,26465.824701025398,nan,,,,,,,,,,
-0.7485614028396446,exhale,26466.830701025603,26465.8257010254,26465.956701025425,,,,,,,,,,
nan,pause,26466.831701025603,26466.830701025603,nan,,,,,,,,,,
0.5323798963117097,inhale,26467.686701025777,26466.831701025603,26467.286701025696,,,,,,,,,,
nan,pause,26467.687701025778,26467.686701025777,nan,,,,,,,,,,
-0.5639597995625417,exhale,26468.839701026012,26467.687701025778,26467.94670102583,,,,,,,,,,
nan,pause,26468.840701026013,26468.839701026012,nan,,,,,,,,,,
0.4830688947726467,inhale,26469.680701026184,26468.840701026013,26469.446701026136,,,,,,,,,,
nan,pause,26469.681701026184,26469.680701026184,nan,,,,,,,,,,
-0.7482495392179668,exhale,26470.69470102639,26469.681701026184,26469.946701026238,,,,,,,,,,
nan,pause,26470.69570102639,26470.69470102639,nan,,,,,,,,,,
0.6494286914121341,inhale,26471.53270102656,26470.69570102639,26470.956701026444,,,,,,,,,,
nan,pause,26471.53370102656,26471.53270102656,nan,,,,,,,,,,
-0.38329610716632706,exhale,26473.09270102688,26471.53370102656,26471.616701026578,,,,,,,,,,
nan,pause,26473.09370102688,26473.09270102688,nan,,,,,,,,,,
0.9327378948776079,inhale,26474.151701027095,26473.09370102688,26473.776701027018,,,,,,,,,,
nan,pause,26474.152701027095,26474.151701027095,nan,,,,,,,,,,
-0.8495613254334735,exhale,26474.699701027206,26474.152701027095,26474.286701027122,,,,,,,,,,
nan,pause,26476.162701027504,26474.699701027206,nan,,,,,,,,,,
1.2553118709734097,inhale,26477.26870102773,26476.162701027504,26476.456701027564,,,,,,,,,,
nan,pause,26477.26970102773,26477.26870102773,nan,,,,,,,,,,
-0.7765989722327927,exhale,26478.98370102808,26477.26970102773,26477.456701027768,,,,,,,,,,
nan,pause,26478.98470102808,26478.98370102808,nan,,,,,,,,,,
1.5333863732133133,inhale,26479.855701028257,26478.98470102808,26479.616701028208,,,,,,,,,,
nan,pause,26479.856701028257,26479.855701028257,nan,,,,,,,,,,
-0.6532019632599578,exhale,26480.41570102837,26479.856701028257,26479.956701028277,,,,,,,,,,
nan,pause,26480.41670102837,26480.41570102837,nan,,,,,,,,,,
0.9146974038545874,inhale,26481.83870102866,26480.41670102837,26480.786701028446,,,,,,,,,,
nan,pause,26510.967701034595,26481.83870102866,nan,,,,,,,,,,
1.0320767605320542,inhale,26511.58870103472,26510.967701034595,26511.28670103466,,,,,,,,,,
nan,pause,26527.78570103802,26511.58870103472,nan,,,,,,,,,,
6.50005059430624,inhale,26528.481701038163,26527.78570103802,26528.11670103809,,,,,,,,,,
nan,pause,26528.482701038163,26528.481701038163,nan,,,,,,,,,,
-2.866575585066298,exhale,26530.03470103848,26528.482701038163,26528.61670103819,,,,,,,,,,
nan,pause,26530.03570103848,26530.03470103848,nan,,,,,,,,,,
5.646550317622777,inhale,26531.004701038677,26530.03570103848,26530.456701038565,,,,,,,,,,
nan,pause,26531.005701038677,26531.004701038677,nan,,,,,,,,,,
-3.516573477773563,exhale,26532.521701038986,26531.005701038677,26531.1167010387,,,,,,,,,,
nan,pause,26532.522701038986,26532.521701038986,nan,,,,,,,,,,
7.050261932810737,inhale,26533.38170103916,26532.522701038986,26532.946701039073,,,,,,,,,,
nan,pause,26533.38270103916,26533.38170103916,nan,,,,,,,,,,
-4.649869785411821,exhale,26534.631701039416,26533.38270103916,26533.61670103921,,,,,,,,,,
nan,pause,26534.632701039416,26534.631701039416,nan,,,,,,,,,,
7.066677625940739,inhale,26535.44070103958,26534.632701039416,26535.116701039515,,,,,,,,,,
nan,pause,26535.44170103958,26535.44070103958,nan,,,,,,,,,,
-3.8498729520334654,exhale,26536.974701039893,26535.44170103958,26535.616701039617,,,,,,,,,,
nan,pause,26536.975701039893,26536.974701039893,nan,,,,,,,,,,
5.584584727091349,inhale,26537.83770104007,26536.975701039893,26537.44670103999,,,,,,,,,,
nan,pause,26537.83870104007,26537.83770104007,nan,,,,,,,,,,
-2.971907829860438,exhale,26539.187701040344,26537.83870104007,26537.956701040093,,,,,,,,,,
nan,pause,26539.188701040344,26539.187701040344,nan,,,,,,,,,,
5.4127266638337685,inhale,26540.01070104051,26539.188701040344,26539.776701040464,,,,,,,,,,
nan,pause,26540.011701040512,26540.01070104051,nan,,,,,,,,,,
-3.9165639993663506,exhale,26541.338701040782,26540.011701040512,26540.116701040533,,,,,,,,,,
nan,pause,26541.339701040783,26541.338701040782,nan,,,,,,,,,,
6.979976103335616,inhale,26542.142701040946,26541.339701040783,26541.786701040874,,,,,,,,,,
nan,pause,26542.143701040946,26542.142701040946,nan,,,,,,,,,,
-4.2995988755516725,exhale,26543.400701041202,26542.143701040946,26542.286701040975,,,,,,,,,,
nan,pause,26543.401701041203,26543.400701041202,nan,,,,,,,,,,
5.5789788503552415,inhale,26544.199701041365,26543.401701041203,26543.78670104128,,,,,,,,,,
nan,pause,26544.200701041365,26544.199701041365,nan,,,,,,,,,,
-4.005696929852595,exhale,26545.55370104164,26544.200701041365,26544.446701041416,,,,,,,,,,
nan,pause,26545.55470104164,26545.55370104164,nan,,,,,,,,,,
6.960293682176297,inhale,26546.37970104181,26545.55470104164,26545.94670104172,,,,,,,,,,
nan,pause,26546.38070104181,26546.37970104181,nan,,,,,,,,,,
-3.933279129938765,exhale,26547.61270104206,26546.38070104181,26546.616701041858,,,,,,,,,,
nan,pause,26547.61370104206,26547.61270104206,nan,,,,,,,,,,
6.4500900913289865,inhale,26548.431701042227,26547.61370104206,26548.116701042163,,,,,,,,,,
nan,pause,26548.432701042228,26548.431701042227,nan,,,,,,,,,,
-5.116556337336098,exhale,26549.67470104248,26548.432701042228,26548.616701042265,,,,,,,,,,
nan,pause,26549.67570104248,26549.67470104248,nan,,,,,,,,,,
8.533376017461642,inhale,26550.488701042646,26549.67570104248,26550.11670104257,,,,,,,,,,
nan,pause,26550.489701042647,26550.488701042646,nan,,,,,,,,,,
-5.499860525559204,exhale,26551.667701042887,26550.489701042647,26550.616701042673,,,,,,,,,,
nan,pause,26551.668701042887,26551.667701042887,nan,,,,,,,,,,
9.200080919078808,inhale,26552.429701043042,26551.668701042887,26552.116701042978,,,,,,,,,,
nan,pause,26552.430701043042,26552.429701043042,nan,,,,,,,,,,
-6.749851918967873,exhale,26553.635701043288,26552.430701043042,26552.61670104308,,,,,,,,,,
nan,pause,26553.636701043288,26553.635701043288,nan,,,,,,,,,,
9.283381250830278,inhale,26554.420701043447,26553.636701043288,26554.116701043386,,,,,,,,,,
nan,pause,26554.421701043448,26554.420701043447,nan,,,,,,,,,,
-6.74985369505248,exhale,26555.778701043724,26554.421701043448,26554.616701043487,,,,,,,,,,
nan,pause,26555.779701043724,26555.778701043724,nan,,,,,,,,,,
10.866662804381212,inhale,26556.566701043885,26555.779701043724,26556.116701043793,,,,,,,,,,
nan,pause,26556.567701043885,26556.566701043885,nan,,,,,,,,,,
-8.00983748938291,exhale,26557.804701044137,26556.567701043885,26556.78670104393,,,,,,,,,,
nan,pause,26557.805701044137,26557.804701044137,nan,,,,,,,,,,
10.616665969974513,inhale,26558.720701044324,26557.805701044137,26558.1167010442,,,,,,,,,,
nan,pause,26558.721701044324,26558.720701044324,nan,,,,,,,,,,
-7.691612571458531,exhale,26560.12070104461,26558.721701044324,26558.95670104437,,,,,,,,,,
nan,pause,26560.12170104461,26560.12070104461,nan,,,,,,,,,,
11.011093790635616,inhale,26560.96270104478,26560.12170104461,26560.456701044677,,,,,,,,,,
nan,pause,26560.96370104478,26560.96270104478,nan,,,,,,,,,,
-10.566511440798488,exhale,26562.18570104503,26560.96370104478,26561.11670104481,,,,,,,,,,
nan,pause,26562.18670104503,26562.18570104503,nan,,,,,,,,,,
13.083356633235,inhale,26562.952701045186,26562.18670104503,26562.616701045117,,,,,,,,,,
nan,pause,26562.953701045186,26562.952701045186,nan,,,,,,,,,,
-6.948574150698891,exhale,26564.231701045446,26562.953701045186,26563.27670104525,,,,,,,,,,
nan,pause,26564.232701045446,26564.231701045446,nan,,,,,,,,,,
12.516673911627022,inhale,26565.015701045606,26564.232701045446,26564.616701045525,,,,,,,,,,
nan,pause,26565.016701045606,26565.015701045606,nan,,,,,,,,,,
-10.10506732861159,exhale,26566.20570104585,26565.016701045606,26565.28670104566,,,,,,,,,,
nan,pause,26566.20670104585,26566.20570104585,nan,,,,,,,,,,
13.050051791010844,inhale,26567.04470104602,26566.20670104585,26566.616701045932,,,,,,,,,,
nan,pause,26567.04570104602,26567.04470104602,nan,,,,,,,,,,
-9.104714018941394,exhale,26568.351701046286,26567.04570104602,26567.28670104607,,,,,,,,,,
nan,pause,26568.352701046286,26568.351701046286,nan,,,,,,,,,,
17.20244769226013,inhale,26569.196701046458,26568.352701046286,26568.786701046374,,,,,,,,,,
nan,pause,26569.197701046458,26569.196701046458,nan,,,,,,,,,,
-12.070509410930693,exhale,26570.413701046706,26569.197701046458,26569.44670104651,,,,,,,,,,
nan,pause,26570.414701046706,26570.413701046706,nan,,,,,,,,,,
13.935114112656672,inhale,26571.234701046873,26570.414701046706,26570.78670104678,,,,,,,,,,
nan,pause,26571.235701046873,26571.234701046873,nan,,,,,,,,,,
-7.430796071718758,exhale,26572.59870104715,26571.235701046873,26571.446701046916,,,,,,,,,,
nan,pause,26572.59970104715,26572.59870104715,nan,,,,,,,,,,
13.529456998474402,inhale,26573.3287010473,26572.59970104715,26572.94670104722,,,,,,,,,,
nan,pause,26573.3297010473,26573.3287010473,nan,,,,,,,,,,
-10.5498427432437,exhale,26574.351701047508,26573.3297010473,26573.61670104736,,,,,,,,,,
nan,pause,26574.352701047508,26574.351701047508,nan,,,,,,,,,,
15.283309319545692,inhale,26575.176701047676,26574.352701047508,26574.616701047562,,,,,,,,,,
nan,pause,26575.177701047676,26575.176701047676,nan,,,,,,,,,,
-8.434230274796484,exhale,26576.353701047916,26575.177701047676,26575.44670104773,,,,,,,,,,
nan,pause,26576.354701047916,26576.353701047916,nan,,,,,,,,,,
12.360616854786903,inhale,26577.182701048085,26576.354701047916,26576.786701048004,,,,,,,,,,
nan,pause,26577.183701048085,26577.182701048085,nan,,,,,,,,,,
-6.509327301886778,exhale,26578.52770104836,26577.183701048085,26577.44670104814,,,,,,,,,,
nan,pause,26578.52870104836,26578.52770104836,nan,,,,,,,,,,
13.551435857543092,inhale,26579.31370104852,26578.52870104836,26578.78670104841,,,,,,,,,,
nan,pause,26579.31470104852,26579.31370104852,nan,,,,,,,,,,
-8.199847302978654,exhale,26580.580701048777,26579.31470104852,26579.61670104858,,,,,,,,,,
nan,pause,26580.581701048777,26580.580701048777,nan,,,,,,,,,,
12.992479823480574,inhale,26581.405701048945,26580.581701048777,26580.956701048854,,,,,,,,,,
nan,pause,26581.406701048945,26581.405701048945,nan,,,,,,,,,,
-7.333274224396407,exhale,26582.6527010492,26581.406701048945,26581.616701048988,,,,,,,,,,
nan,pause,26582.6537010492,26582.6527010492,nan,,,,,,,,,,
15.886726979162594,inhale,26583.424701049356,26582.6537010492,26582.95670104926,,,,,,,,,,
nan,pause,26583.425701049357,26583.424701049356,nan,,,,,,,,,,
-7.949857651448844,exhale,26584.642701049605,26583.425701049357,26583.616701049395,,,,,,,,,,
nan,pause,26584.643701049605,26584.642701049605,nan,,,,,,,,,,
14.883327594205861,inhale,26585.46070104977,26584.643701049605,26585.1167010497,,,,,,,,,,
nan,pause,26585.46170104977,26585.46070104977,nan,,,,,,,,,,
-9.616501517536335,exhale,26586.72670105003,26585.46170104977,26585.616701049803,,,,,,,,,,
nan,pause,26586.72770105003,26586.72670105003,nan,,,,,,,,,,
14.2833501902337,inhale,26587.46970105018,26586.72770105003,26587.11670105011,,,,,,,,,,
nan,pause,26587.47070105018,26587.46970105018,nan,,,,,,,,,,
-10.083238642726773,exhale,26588.655701050422,26587.47070105018,26587.61670105021,,,,,,,,,,
nan,pause,26588.656701050422,26588.655701050422,nan,,,,,,,,,,
15.133277207538175,inhale,26589.505701050595,26588.656701050422,26588.956701050483,,,,,,,,,,
nan,pause,26589.506701050595,26589.505701050595,nan,,,,,,,,,,
-8.242171974417783,exhale,26590.70970105084,26589.506701050595,26589.77670105065,,,,,,,,,,
nan,pause,26590.71070105084,26590.70970105084,nan,,,,,,,,,,
12.983364893099818,inhale,26591.508701051003,26590.71070105084,26591.116701050923,,,,,,,,,,
nan,pause,26591.509701051004,26591.508701051003,nan,,,,,,,,,,
-8.321887034347592,exhale,26592.745701051255,26591.509701051004,26591.776701051058,,,,,,,,,,
nan,pause,26592.746701051256,26592.745701051255,nan,,,,,,,,,,
15.133335914450122,inhale,26593.517701051413,26592.746701051256,26593.11670105133,,,,,,,,,,
nan,pause,26593.518701051413,26593.517701051413,nan,,,,,,,,,,
-8.040793997427265,exhale,26594.753701051664,26593.518701051413,26593.786701051467,,,,,,,,,,
nan,pause,26594.754701051665,26594.753701051664,nan,,,,,,,,,,
12.019133386426816,inhale,26595.56070105183,26594.754701051665,26594.956701051706,,,,,,,,,,
nan,pause,26595.56170105183,26595.56070105183,nan,,,,,,,,,,
-10.310167682544758,exhale,26596.708701052063,26595.56170105183,26595.786701051875,,,,,,,,,,
nan,pause,26596.709701052063,26596.708701052063,nan,,,,,,,,,,
13.41666113675048,inhale,26597.497701052223,26596.709701052063,26597.116701052146,,,,,,,,,,
nan,pause,26597.498701052224,26597.497701052223,nan,,,,,,,,,,
-8.106021641177566,exhale,26598.71270105247,26597.498701052224,26597.77670105228,,,,,,,,,,
nan,pause,26598.71370105247,26598.71270105247,nan,,,,,,,,,,
13.929380172453504,inhale,26599.464701052624,26598.71370105247,26598.95670105252,,,,,,,,,,
nan,pause,26599.465701052624,26599.464701052624,nan,,,,,,,,,,
-8.516539539075819,exhale,26600.680701052872,26599.465701052624,26599.616701052655,,,,,,,,,,
nan,pause,26600.681701052872,26600.680701052872,nan,,,,,,,,,,
15.054816133095294,inhale,26601.45070105303,26600.681701052872,26600.956701052928,,,,,,,,,,
nan,pause,26601.45170105303,26601.45070105303,nan,,,,,,,,,,
-7.983255806898602,exhale,26602.67670105328,26601.45170105303,26601.616701053063,,,,,,,,,,
nan,pause,26602.67770105328,26602.67670105328,nan,,,,,,,,,,
14.550037454607015,inhale,26603.506701053448,26602.67770105328,26603.116701053368,,,,,,,,,,
nan,pause,26603.507701053448,26603.506701053448,nan,,,,,,,,,,
-7.804897340007355,exhale,26604.70370105369,26603.507701053448,26603.776701053503,,,,,,,,,,
nan,pause,26604.70470105369,26604.70370105369,nan,,,,,,,,,,
14.3833385531078,inhale,26605.471701053848,26604.70470105369,26605.116701053776,,,,,,,,,,
nan,pause,26605.472701053848,26605.471701053848,nan,,,,,,,,,,
-8.349825531066902,exhale,26606.671701054092,26605.472701053848,26605.616701053877,,,,,,,,,,
nan,pause,26606.672701054093,26606.671701054092,nan,,,,,,,,,,
14.540994569403914,inhale,26607.49370105426,26606.672701054093,26606.95670105415,,,,,,,,,,
nan,pause,26607.49470105426,26607.49370105426,nan,,,,,,,,,,
-9.506125814674785,exhale,26608.831701054532,26607.49470105426,26607.776701054318,,,,,,,,,,
nan,pause,26608.832701054533,26608.831701054532,nan,,,,,,,,,,
14.65584859399236,inhale,26609.61070105469,26608.832701054533,26609.276701054623,,,,,,,,,,
nan,pause,26609.61170105469,26609.61070105469,nan,,,,,,,,,,
-7.207759705977359,exhale,26610.98670105497,26609.61170105469,26609.786701054727,,,,,,,,,,
nan,pause,26610.98770105497,26610.98670105497,nan,,,,,,,,,,
12.845277637761829,inhale,26611.843701055146,26610.98770105497,26611.286701055033,,,,,,,,,,
nan,pause,26611.844701055146,26611.843701055146,nan,,,,,,,,,,
-6.503004673308179,exhale,26613.199701055422,26611.844701055146,26611.95670105517,,,,,,,,,,
nan,pause,26613.200701055423,26613.199701055422,nan,,,,,,,,,,
13.682531450792185,inhale,26614.001701055586,26613.200701055423,26613.456701055475,,,,,,,,,,
nan,pause,26614.002701055586,26614.001701055586,nan,,,,,,,,,,
-7.1811271919634985,exhale,26615.261701055842,26614.002701055586,26614.27670105564,,,,,,,,,,
nan,pause,26615.262701055843,26615.261701055842,nan,,,,,,,,,,
11.550063018378403,inhale,26616.041701056,26615.262701055843,26615.616701055915,,,,,,,,,,
nan,pause,26616.042701056,26616.041701056,nan,,,,,,,,,,
-5.947934729690153,exhale,26617.290701056256,26616.042701056,26616.28670105605,,,,,,,,,,
nan,pause,26617.291701056256,26617.290701056256,nan,,,,,,,,,,
11.950050976083196,inhale,26618.078701056416,26617.291701056256,26617.616701056322,,,,,,,,,,
nan,pause,26618.079701056417,26618.078701056416,nan,,,,,,,,,,
-5.956095628775501,exhale,26619.337701056673,26618.079701056417,26618.28670105646,,,,,,,,,,
nan,pause,26619.338701056673,26619.337701056673,nan,,,,,,,,,,
11.19952354148961,inhale,26620.137701056836,26619.338701056673,26619.776701056762,,,,,,,,,,
nan,pause,26620.138701056836,26620.137701056836,nan,,,,,,,,,,
-5.854396117195911,exhale,26621.493701057112,26620.138701056836,26620.286701056866,,,,,,,,,,
nan,pause,26621.494701057112,26621.493701057112,nan,,,,,,,,,,
9.111954608811402,inhale,26622.287701057274,26621.494701057112,26621.78670105717,,,,,,,,,,
nan,pause,26622.288701057274,26622.287701057274,nan,,,,,,,,,,
-6.5952128777320596,exhale,26623.35170105749,26622.288701057274,26622.45670105731,,,,,,,,,,
nan,pause,26623.35270105749,26623.35170105749,nan,,,,,,,,,,
8.516651397446342,inhale,26624.171701057658,26623.35270105749,26623.616701057545,,,,,,,,,,
nan,pause,26624.172701057658,26624.171701057658,nan,,,,,,,,,,
-5.632057773541261,exhale,26625.470701057922,26624.172701057658,26624.446701057714,,,,,,,,,,
nan,pause,26625.471701057922,26625.470701057922,nan,,,,,,,,,,
6.9973783375193275,inhale,26626.39170105811,26625.471701057922,26625.786701057987,,,,,,,,,,
nan,pause,26626.39270105811,26626.39170105811,nan,,,,,,,,,,
-5.166573185936299,exhale,26627.554701058347,26626.39270105811,26626.616701058156,,,,,,,,,,
nan,pause,26627.555701058347,26627.554701058347,nan,,,,,,,,,,
6.639156935613993,inhale,26628.416701058522,26627.555701058347,26627.786701058394,,,,,,,,,,
nan,pause,26628.417701058523,26628.416701058522,nan,,,,,,,,,,
-4.699859216628286,exhale,26629.719701058788,26628.417701058523,26628.616701058563,,,,,,,,,,
nan,pause,26629.720701058788,26629.719701058788,nan,,,,,,,,,,
8.550049795559648,inhale,26630.593701058966,26629.720701058788,26630.11670105887,,,,,,,,,,
nan,pause,26630.594701058966,26630.593701058966,nan,,,,,,,,,,
-6.620316703306225,exhale,26631.816701059215,26630.594701058966,26630.786701059005,,,,,,,,,,
nan,pause,26631.817701059215,26631.816701059215,nan,,,,,,,,,,
5.083390012004904,inhale,26632.736701059403,26631.817701059215,26632.116701059276,,,,,,,,,,
nan,pause,26632.737701059403,26632.736701059403,nan,,,,,,,,,,
-3.8937964325989403,exhale,26634.016701059663,26632.737701059403,26632.946701059445,,,,,,,,,,
nan,pause,26634.017701059664,26634.016701059663,nan,,,,,,,,,,
4.383778177712546,inhale,26634.963701059856,26634.017701059664,26634.28670105972,,,,,,,,,,
nan,pause,26634.964701059856,26634.963701059856,nan,,,,,,,,,,
-4.033261846951417,exhale,26636.1677010601,26634.964701059856,26635.116701059887,,,,,,,,,,
nan,pause,26636.1687010601,26636.1677010601,nan,,,,,,,,,,
3.9066504196764167,inhale,26637.078701060287,26636.1687010601,26636.45670106016,,,,,,,,,,
nan,pause,26637.079701060287,26637.078701060287,nan,,,,,,,,,,
-3.3024040530079413,exhale,26638.261701060528,26637.079701060287,26637.946701060464,,,,,,,,,,
nan,pause,26638.26270106053,26638.261701060528,nan,,,,,,,,,,
3.5773196099373505,inhale,26639.174701060714,26638.26270106053,26638.456701060568,,,,,,,,,,
nan,pause,26639.175701060714,26639.174701060714,nan,,,,,,,,,,
-2.708677150778381,exhale,26640.368701060957,26639.175701060714,26639.44670106077,,,,,,,,,,
nan,pause,26640.369701060958,26640.368701060957,nan,,,,,,,,,,
3.716688394839385,inhale,26641.31670106115,26640.369701060958,26640.616701061008,,,,,,,,,,
nan,pause,26641.31770106115,26641.31670106115,nan,,,,,,,,,,
-3.4832860347225503,exhale,26642.476701061387,26641.31770106115,26641.61670106121,,,,,,,,,,
nan,pause,26642.477701061387,26642.476701061387,nan,,,,,,,,,,
3.483377073489883,inhale,26643.406701061576,26642.477701061387,26642.616701061415,,,,,,,,,,
nan,pause,26643.407701061577,26643.406701061576,nan,,,,,,,,,,
-2.6665822642604584,exhale,26644.64370106183,26643.407701061577,26644.11670106172,,,,,,,,,,
nan,pause,26644.64470106183,26644.64370106183,nan,,,,,,,,,,
3.1033018960502807,inhale,26645.63570106203,26644.64470106183,26644.956701061892,,,,,,,,,,
nan,pause,26645.63670106203,26645.63570106203,nan,,,,,,,,,,
-3.3849389993397105,exhale,26646.799701062268,26645.63670106203,26645.78670106206,,,,,,,,,,
nan,pause,26646.800701062268,26646.799701062268,nan,,,,,,,,,,
3.116695464129824,inhale,26647.709701062453,26646.800701062268,26647.116701062332,,,,,,,,,,
nan,pause,26647.710701062453,26647.709701062453,nan,,,,,,,,,,
-2.643152310991109,exhale,26648.840701062683,26647.710701062453,26647.956701062503,,,,,,,,,,
nan,pause,26648.841701062684,26648.840701062683,nan,,,,,,,,,,
2.8500875290504215,inhale,26649.784701062876,26648.841701062684,26649.11670106274,,,,,,,,,,
nan,pause,26649.785701062876,26649.784701062876,nan,,,,,,,,,,
-3.400470017524521,exhale,26650.823701063087,26649.785701062876,26649.95670106291,,,,,,,,,,
nan,pause,26650.824701063088,26650.823701063087,nan,,,,,,,,,,
3.083393393855818,inhale,26651.735701063273,26650.824701063088,26651.116701063147,,,,,,,,,,
nan,pause,26651.736701063273,26651.735701063273,nan,,,,,,,,,,
-2.3064997665638884,exhale,26652.961701063523,26651.736701063273,26651.956701063318,,,,,,,,,,
nan,pause,26652.962701063523,26652.961701063523,nan,,,,,,,,,,
2.7307559829748453,inhale,26653.87970106371,26652.962701063523,26653.276701063587,,,,,,,,,,
nan,pause,26653.88070106371,26653.87970106371,nan,,,,,,,,,,
-2.7832807217730005,exhale,26655.035701063945,26653.88070106371,26654.11670106376,,,,,,,,,,
nan,pause,26655.036701063946,26655.035701063945,nan,,,,,,,,,,
2.733392930172546,inhale,26655.972701064136,26655.036701063946,26655.616701064064,,,,,,,,,,
nan,pause,26655.973701064137,26655.972701064136,nan,,,,,,,,,,
-2.6396988473215273,exhale,26657.148701064376,26655.973701064137,26656.786701064302,,,,,,,,,,
nan,pause,26657.149701064376,26657.148701064376,nan,,,,,,,,,,
2.8438286692210917,inhale,26658.039701064557,26657.149701064376,26657.446701064437,,,,,,,,,,
nan,pause,26658.040701064558,26658.039701064557,nan,,,,,,,,,,
-3.0699779762749744,exhale,26659.32070106482,26658.040701064558,26658.286701064608,,,,,,,,,,
nan,pause,26659.32170106482,26659.32070106482,nan,,,,,,,,,,
2.9166970275485347,inhale,26660.245701065007,26659.32170106482,26659.61670106488,,,,,,,,,,
nan,pause,26660.246701065007,26660.245701065007,nan,,,,,,,,,,
-2.43129008246874,exhale,26661.419701065246,26660.246701065007,26660.45670106505,,,,,,,,,,
nan,pause,26661.420701065246,26661.419701065246,nan,,,,,,,,,,
2.7000866193239594,inhale,26662.336701065433,26661.420701065246,26661.616701065286,,,,,,,,,,
nan,pause,26662.337701065433,26662.336701065433,nan,,,,,,,,,,
-1.6998965443361038,exhale,26663.50770106567,26662.337701065433,26663.11670106559,,,,,,,,,,
nan,pause,26663.50870106567,26663.50770106567,nan,,,,,,,,,,
2.791939074435301,inhale,26664.371701065847,26663.50870106567,26663.78670106573,,,,,,,,,,
nan,pause,26664.372701065848,26664.371701065847,nan,,,,,,,,,,
-2.7165701061511633,exhale,26665.296701066036,26664.372701065848,26665.116701066,,,,,,,,,,
nan,pause,26665.297701066036,26665.296701066036,nan,,,,,,,,,,
4.988828206772385,inhale,26666.070701066194,26665.297701066036,26665.94670106617,,,,,,,,,,
nan,pause,26666.071701066194,26666.070701066194,nan,,,,,,,,,,
-1.8832417981818939,exhale,26666.267701066234,26666.071701066194,26666.116701066203,,,,,,,,,,
nan,pause,26666.78870106634,26666.267701066234,nan,,,,,,,,,,
-1.4498771900862595,exhale,26667.266701066437,26666.78870106634,26667.116701066407,,,,,,,,,,
nan,pause,26668.144701066616,26667.266701066437,nan,,,,,,,,,,
0.6585390722354915,inhale,26669.056701066802,26668.144701066616,26668.286701066645,,,,,,,,,,
nan,pause,26669.798701066953,26669.056701066802,nan,,,,,,,,,,
1.916688694939716,inhale,26670.86170106717,26669.798701066953,26670.61670106712,,,,,,,,,,
nan,pause,26670.86270106717,26670.86170106717,nan,,,,,,,,,,
-1.2619088509845224,exhale,26672.68470106754,26670.86270106717,26670.95670106719,,,,,,,,,,
nan,pause,26670.86270106717,26672.68470106754,nan,,,,,,,,,,
-0.8832882410278439,exhale,26672.68470106754,26670.86270106717,26672.116701067425,,,,,,,,,,
nan,pause,26672.68570106754,26672.68470106754,nan,,,,,,,,,,
3.1006206536393646,inhale,26673.749701067758,26672.68570106754,26672.956701067596,,,,,,,,,,
nan,pause,26673.75070106776,26673.749701067758,nan,,,,,,,,,,
-2.2225790954881024,exhale,26675.113701068036,26673.75070106776,26673.9567010678,,,,,,,,,,
nan,pause,26675.114701068036,26675.113701068036,nan,,,,,,,,,,
2.799435064983534,inhale,26676.07470106823,26675.114701068036,26675.446701068104,,,,,,,,,,
nan,pause,26676.075701068232,26676.07470106823,nan,,,,,,,,,,
-1.690718951865302,exhale,26677.476701068517,26676.075701068232,26676.286701068275,,,,,,,,,,
nan,pause,26677.477701068517,26677.476701068517,nan,,,,,,,,,,
2.500082876825202,inhale,26678.3777010687,26677.477701068517,26677.616701068546,,,,,,,,,,
nan,pause,26678.3787010687,26678.3777010687,nan,,,,,,,,,,
-1.733292915936438,exhale,26679.50070106893,26678.3787010687,26678.61670106875,,,,,,,,,,
nan,pause,26679.50170106893,26679.50070106893,nan,,,,,,,,,,
2.97134048766308,inhale,26680.472701069128,26679.50170106893,26679.956701069023,,,,,,,,,,
nan,pause,26680.473701069128,26680.472701069128,nan,,,,,,,,,,
-1.8829663158882293,exhale,26681.672701069372,26680.473701069128,26680.946701069224,,,,,,,,,,
nan,pause,26681.673701069372,26681.672701069372,nan,,,,,,,,,,
3.223971055014584,inhale,26682.582701069558,26681.673701069372,26681.95670106943,,,,,,,,,,
nan,pause,26682.583701069558,26682.582701069558,nan,,,,,,,,,,
-2.429497662868029,exhale,26683.72070106979,26682.583701069558,26682.7867010696,,,,,,,,,,
nan,pause,26683.72170106979,26683.72070106979,nan,,,,,,,,,,
2.9000956959860513,inhale,26684.590701069967,26683.72170106979,26684.11670106987,,,,,,,,,,
nan,pause,26684.591701069967,26684.590701069967,nan,,,,,,,,,,
-2.1165941754544004,exhale,26685.78770107021,26684.591701069967,26685.116701070074,,,,,,,,,,
nan,pause,26685.78870107021,26685.78770107021,nan,,,,,,,,,,
2.9166886860371877,inhale,26686.738701070404,26685.78870107021,26686.116701070277,,,,,,,,,,
nan,pause,26686.739701070404,26686.738701070404,nan,,,,,,,,,,
-1.9734963207386762,exhale,26687.99770107066,26686.739701070404,26686.946701070447,,,,,,,,,,
nan,pause,26687.99870107066,26687.99770107066,nan,,,,,,,,,,
2.3334000000000032,inhale,26689.01670107087,26687.99870107066,26688.28670107072,,,,,,,,,,
nan,pause,26689.01770107087,26689.01670107087,nan,,,,,,,,,,
-2.617998241193203,exhale,26690.037701071076,26689.01770107087,26689.286701070923,,,,,,,,,,
nan,pause,26690.038701071077,26690.037701071076,nan,,,,,,,,,,
3.025239061480866,inhale,26690.959701071264,26690.038701071077,26690.286701071127,,,,,,,,,,
nan,pause,26690.960701071264,26690.959701071264,nan,,,,,,,,,,
-2.5332787143236337,exhale,26692.06070107149,26690.960701071264,26691.116701071296,,,,,,,,,,
nan,pause,26692.06170107149,26692.06070107149,nan,,,,,,,,,,
3.1330592807760107,inhale,26692.982701071676,26692.06170107149,26692.286701071534,,,,,,,,,,
nan,pause,26692.983701071676,26692.982701071676,nan,,,,,,,,,,
-1.9998869916448447,exhale,26694.13870107191,26692.983701071676,26693.116701071704,,,,,,,,,,
nan,pause,26694.139701071912,26694.13870107191,nan,,,,,,,,,,
3.1097695338745543,inhale,26695.00970107209,26694.139701071912,26694.446701071975,,,,,,,,,,
nan,pause,26695.01070107209,26695.00970107209,nan,,,,,,,,,,
-3.2700384709345216,exhale,26695.984701072288,26695.01070107209,26695.286701072146,,,,,,,,,,
nan,pause,26695.985701072288,26695.984701072288,nan,,,,,,,,,,
3.544317972981108,inhale,26696.843701072463,26695.985701072288,26696.28670107235,,,,,,,,,,
nan,pause,26696.844701072463,26696.843701072463,nan,,,,,,,,,,
-2.7332960556287884,exhale,26697.820701072662,26696.844701072463,26697.11670107252,,,,,,,,,,
nan,pause,26697.821701072662,26697.820701072662,nan,,,,,,,,,,
3.7500914338200917,inhale,26698.668701072835,26697.821701072662,26698.116701072722,,,,,,,,,,
nan,pause,26698.669701072835,26698.668701072835,nan,,,,,,,,,,
-2.431939162809052,exhale,26699.68170107304,26698.669701072835,26698.78670107286,,,,,,,,,,
nan,pause,26699.68270107304,26699.68170107304,nan,,,,,,,,,,
3.6466008005506327,inhale,26700.56570107322,26699.68270107304,26699.956701073097,,,,,,,,,,
nan,pause,26700.56670107322,26700.56570107322,nan,,,,,,,,,,
-2.797257681919122,exhale,26701.59670107343,26700.56670107322,26700.9467010733,,,,,,,,,,
nan,pause,26701.59770107343,26701.59670107343,nan,,,,,,,,,,
3.5150429242651455,inhale,26702.450701073605,26701.59770107343,26701.946701073502,,,,,,,,,,
nan,pause,26702.451701073605,26702.450701073605,nan,,,,,,,,,,
-3.000089548416096,exhale,26703.480701073815,26702.451701073605,26702.77670107367,,,,,,,,,,
nan,pause,26703.481701073815,26703.480701073815,nan,,,,,,,,,,
3.8126569177448895,inhale,26704.34470107399,26703.481701073815,26703.786701073877,,,,,,,,,,
nan,pause,26704.34570107399,26704.34470107399,nan,,,,,,,,,,
-2.899884756101695,exhale,26705.357701074197,26704.34570107399,26704.616701074046,,,,,,,,,,
nan,pause,26705.358701074198,26705.357701074197,nan,,,,,,,,,,
3.9333753701733474,inhale,26706.21170107437,26705.358701074198,26705.61670107425,,,,,,,,,,
nan,pause,26706.21270107437,26706.21170107437,nan,,,,,,,,,,
-2.688461115210248,exhale,26707.199701074573,26706.21270107437,26706.45670107442,,,,,,,,,,
nan,pause,26707.200701074573,26707.199701074573,nan,,,,,,,,,,
4.329182825753298,inhale,26708.033701074743,26707.200701074573,26707.456701074625,,,,,,,,,,
nan,pause,26708.034701074743,26708.033701074743,nan,,,,,,,,,,
-2.5465383512546014,exhale,26709.119701074964,26708.034701074743,26708.286701074794,,,,,,,,,,
nan,pause,26709.120701074964,26709.119701074964,nan,,,,,,,,,,
3.7139803641432465,inhale,26709.98170107514,26709.120701074964,26709.286701074998,,,,,,,,,,
nan,pause,26709.98270107514,26709.98170107514,nan,,,,,,,,,,
-2.073438241830815,exhale,26711.11370107537,26709.98270107514,26710.2857010752,,,,,,,,,,
nan,pause,26711.11470107537,26711.11370107537,nan,,,,,,,,,,
3.692835182177513,inhale,26711.870701075524,26711.11470107537,26711.446701075438,,,,,,,,,,
nan,pause,26711.871701075524,26711.870701075524,nan,,,,,,,,,,
-2.606692625801916,exhale,26712.956701075746,26711.871701075524,26712.276701075607,,,,,,,,,,
nan,pause,26712.957701075746,26712.956701075746,nan,,,,,,,,,,
3.7949083713210165,inhale,26713.834701075924,26712.957701075746,26713.27670107581,,,,,,,,,,
nan,pause,26713.835701075925,26713.834701075924,nan,,,,,,,,,,
-2.7332857410764375,exhale,26714.89270107614,26713.835701075925,26714.116701075982,,,,,,,,,,
nan,pause,26714.89370107614,26714.89270107614,nan,,,,,,,,,,
3.733376789838457,inhale,26715.752701076315,26714.89370107614,26715.116701076186,,,,,,,,,,
nan,pause,26715.753701076315,26715.752701076315,nan,,,,,,,,,,
-2.2291334970273815,exhale,26716.874701076544,26715.753701076315,26715.956701076357,,,,,,,,,,
nan,pause,26716.875701076544,26716.874701076544,nan,,,,,,,,,,
3.7333803645757864,inhale,26717.709701076714,26716.875701076544,26717.116701076593,,,,,,,,,,
nan,pause,26717.710701076714,26717.709701076714,nan,,,,,,,,,,
-2.256565648180071,exhale,26718.806701076937,26717.710701076714,26717.946701076762,,,,,,,,,,
nan,pause,26718.807701076938,26718.806701076937,nan,,,,,,,,,,
3.8333825966966524,inhale,26719.687701077117,26718.807701076938,26719.116701077,,,,,,,,,,
nan,pause,26719.688701077117,26719.687701077117,nan,,,,,,,,,,
-2.544487449506994,exhale,26720.665701077316,26719.688701077117,26719.94670107717,,,,,,,,,,
nan,pause,26720.666701077316,26720.665701077316,nan,,,,,,,,,,
3.7652600254310893,inhale,26721.495701077485,26720.666701077316,26720.956701077375,,,,,,,,,,
nan,pause,26721.496701077485,26721.495701077485,nan,,,,,,,,,,
-2.047258288231099,exhale,26722.580701077706,26721.496701077485,26721.776701077542,,,,,,,,,,
nan,pause,26722.581701077706,26722.580701077706,nan,,,,,,,,,,
3.0660206005456496,inhale,26723.458701077885,26722.581701077706,26722.786701077748,,,,,,,,,,
nan,pause,26723.459701077885,26723.458701077885,nan,,,,,,,,,,
-1.8138803617810726,exhale,26724.639701078126,26723.459701077885,26723.786701077952,,,,,,,,,,
nan,pause,26724.640701078126,26724.639701078126,nan,,,,,,,,,,
3.282604994657774,inhale,26725.471701078295,26724.640701078126,26724.94670107819,,,,,,,,,,
nan,pause,26725.472701078295,26725.471701078295,nan,,,,,,,,,,
-2.273394711104056,exhale,26726.403701078485,26725.472701078295,26725.776701078357,,,,,,,,,,
nan,pause,26726.404701078485,26726.403701078485,nan,,,,,,,,,,
3.583378981466319,inhale,26727.173701078642,26726.404701078485,26726.61670107853,,,,,,,,,,
nan,pause,26727.174701078642,26727.173701078642,nan,,,,,,,,,,
-2.603727619649472,exhale,26728.13870107884,26727.174701078642,26727.446701078698,,,,,,,,,,
nan,pause,26728.13970107884,26728.13870107884,nan,,,,,,,,,,
3.47184564733257,inhale,26728.98570107901,26728.13970107884,26728.4467010789,,,,,,,,,,
nan,pause,26728.98670107901,26728.98570107901,nan,,,,,,,,,,
-2.011317255135015,exhale,26729.95470107921,26728.98670107901,26729.27670107907,,,,,,,,,,
nan,pause,26729.95570107921,26729.95470107921,nan,,,,,,,,,,
3.7754672630286823,inhale,26730.716701079364,26729.95570107921,26730.44670107931,,,,,,,,,,
nan,pause,26730.717701079364,26730.716701079364,nan,,,,,,,,,,
-3.790521704698208,exhale,26731.68270107956,26730.717701079364,26730.956701079413,,,,,,,,,,
nan,pause,26731.68370107956,26731.68270107956,nan,,,,,,,,,,
4.6639214057941825,inhale,26732.532701079734,26731.68370107956,26731.956701079616,,,,,,,,,,
nan,pause,26732.533701079734,26732.532701079734,nan,,,,,,,,,,
-3.5618774818503165,exhale,26733.50370107993,26732.533701079734,26732.786701079785,,,,,,,,,,
nan,pause,26733.50470107993,26733.50370107993,nan,,,,,,,,,,
4.77353952034103,inhale,26734.250701080084,26733.50470107993,26733.78670107999,,,,,,,,,,
nan,pause,26734.251701080084,26734.250701080084,nan,,,,,,,,,,
-3.828462171381761,exhale,26735.183701080274,26734.251701080084,26734.456701080126,,,,,,,,,,
nan,pause,26735.184701080274,26735.183701080274,nan,,,,,,,,,,
4.538561090401291,inhale,26735.94270108043,26735.184701080274,26735.45670108033,,,,,,,,,,
nan,pause,26735.94370108043,26735.94270108043,nan,,,,,,,,,,
-1.6832884405829371,exhale,26736.98870108064,26735.94370108043,26736.116701080464,,,,,,,,,,
nan,pause,26736.98970108064,26736.98870108064,nan,,,,,,,,,,
3.6585390385050776,inhale,26737.85970108082,26736.98970108064,26737.286701080702,,,,,,,,,,
nan,pause,26737.86070108082,26737.85970108082,nan,,,,,,,,,,
-2.299892996776372,exhale,26738.94470108104,26737.86070108082,26738.11670108087,,,,,,,,,,
nan,pause,26738.94570108104,26738.94470108104,nan,,,,,,,,,,
4.246019518763694,inhale,26739.740701081202,26738.94570108104,26739.28670108111,,,,,,,,,,
nan,pause,26739.741701081202,26739.740701081202,nan,,,,,,,,,,
-2.819230543275807,exhale,26740.81370108142,26739.741701081202,26739.956701081246,,,,,,,,,,
nan,pause,26740.81470108142,26740.81370108142,nan,,,,,,,,,,
4.666673094007956,inhale,26741.60170108158,26740.81470108142,26741.116701081482,,,,,,,,,,
nan,pause,26741.60270108158,26741.60170108158,nan,,,,,,,,,,
-2.7550470514794494,exhale,26742.516701081768,26741.60270108158,26741.94670108165,,,,,,,,,,
nan,pause,26742.517701081768,26742.516701081768,nan,,,,,,,,,,
4.5122808378945924,inhale,26743.26570108192,26742.517701081768,26742.786701081823,,,,,,,,,,
nan,pause,26743.26670108192,26743.26570108192,nan,,,,,,,,,,
-2.9498905231493575,exhale,26744.29270108213,26743.26670108192,26743.61670108199,,,,,,,,,,
nan,pause,26744.29370108213,26744.29270108213,nan,,,,,,,,,,
4.166682920970419,inhale,26744.93370108226,26744.29370108213,26744.616701082196,,,,,,,,,,
nan,pause,26744.93470108226,26744.93370108226,nan,,,,,,,,,,
-2.0665880894443975,exhale,26746.022701082482,26744.93470108226,26745.116701082297,,,,,,,,,,
nan,pause,26746.023701082482,26746.022701082482,nan,,,,,,,,,,
3.3231987926318216,inhale,26746.94370108267,26746.023701082482,26746.286701082536,,,,,,,,,,
nan,pause,26746.94470108267,26746.94370108267,nan,,,,,,,,,,
-3.0665675663412246,exhale,26748.156701082917,26746.94470108267,26747.116701082705,,,,,,,,,,
nan,pause,26748.157701082917,26748.156701082917,nan,,,,,,,,,,
3.16669396503499,inhale,26749.027701083094,26748.157701082917,26748.61670108301,,,,,,,,,,
nan,pause,26749.028701083094,26749.027701083094,nan,,,,,,,,,,
-2.5533757729287387,exhale,26750.33070108336,26749.028701083094,26749.286701083147,,,,,,,,,,
nan,pause,26750.33170108336,26750.33070108336,nan,,,,,,,,,,
1.6954760109644966,inhale,26751.331701083564,26750.33170108336,26750.77670108345,,,,,,,,,,
nan,pause,26751.332701083564,26751.331701083564,nan,,,,,,,,,,
-1.2326286856873065,exhale,26752.629701083828,26751.332701083564,26751.45670108359,,,,,,,,,,
nan,pause,26751.332701083564,26752.629701083828,nan,,,,,,,,,,
-0.32966696792991407,exhale,26752.629701083828,26751.332701083564,26752.44670108379,,,,,,,,,,
nan,pause,26752.630701083828,26752.629701083828,nan,,,,,,,,,,
0.9448129557874491,inhale,26753.488701084003,26752.630701083828,26753.27670108396,,,,,,,,,,
nan,pause,26753.489701084003,26753.488701084003,nan,,,,,,,,,,
-0.9332920418474904,exhale,26754.687701084247,26753.489701084003,26753.61670108403,,,,,,,,,,
nan,pause,26754.688701084247,26754.687701084247,nan,,,,,,,,,,
0.6981163772797482,inhale,26755.655701084444,26754.688701084247,26755.446701084402,,,,,,,,,,
nan,pause,26755.656701084445,26755.655701084444,nan,,,,,,,,,,
-0.6332999999999969,exhale,26757.15070108475,26755.656701084445,26755.78670108447,,,,,,,,,,
nan,pause,26755.656701084445,26757.15070108475,nan,,,,,,,,,,
-0.34824971579670355,exhale,26757.15070108475,26755.656701084445,26756.946701084707,,,,,,,,,,
nan,pause,26757.15170108475,26757.15070108475,nan,,,,,,,,,,
5.24886986549399,inhale,26757.93470108491,26757.15170108475,26757.776701084877,,,,,,,,,,
nan,pause,26757.93570108491,26757.93470108491,nan,,,,,,,,,,
-3.391312585321204,exhale,26759.55570108524,26757.93570108491,26758.27670108498,,,,,,,,,,
nan,pause,26759.55670108524,26759.55570108524,nan,,,,,,,,,,
7.222519383422413,inhale,26760.28970108539,26759.55670108524,26759.786701085286,,,,,,,,,,
nan,pause,26760.29070108539,26760.28970108539,nan,,,,,,,,,,
-5.168311128964765,exhale,26761.67170108567,26760.29070108539,26760.456701085423,,,,,,,,,,
nan,pause,26761.67270108567,26761.67170108567,nan,,,,,,,,,,
9.473051583600089,inhale,26762.41370108582,26761.67270108567,26761.956701085728,,,,,,,,,,
nan,pause,26762.41470108582,26762.41370108582,nan,,,,,,,,,,
-4.81657205111608,exhale,26763.752701086094,26762.41470108582,26762.616701085863,,,,,,,,,,
nan,pause,26763.753701086094,26763.752701086094,nan,,,,,,,,,,
8.633375207357599,inhale,26764.545701086256,26763.753701086094,26764.116701086168,,,,,,,,,,
nan,pause,26764.546701086256,26764.545701086256,nan,,,,,,,,,,
-2.7053699752728537,exhale,26766.247701086602,26764.546701086256,26764.776701086303,,,,,,,,,,
nan,pause,26766.248701086603,26766.247701086602,nan,,,,,,,,,,
4.166690461723976,inhale,26766.96970108675,26766.248701086603,26766.616701086677,,,,,,,,,,
nan,pause,26766.97070108675,26766.96970108675,nan,,,,,,,,,,
-4.983270310783915,exhale,26768.031701086966,26766.97070108675,26767.11670108678,,,,,,,,,,
nan,pause,26768.032701086966,26768.031701086966,nan,,,,,,,,,,
9.547719035062608,inhale,26768.78570108712,26768.032701086966,26768.286701087018,,,,,,,,,,
nan,pause,26768.78670108712,26768.78570108712,nan,,,,,,,,,,
-3.9190331348001193,exhale,26770.472701087463,26768.78670108712,26768.956701087154,,,,,,,,,,
nan,pause,26770.473701087463,26770.472701087463,nan,,,,,,,,,,
9.833301845578386,inhale,26771.317701087635,26770.473701087463,26771.116701087594,,,,,,,,,,
nan,pause,26771.318701087635,26771.317701087635,nan,,,,,,,,,,
-5.722804871962715,exhale,26772.801701087938,26771.318701087635,26771.456701087664,,,,,,,,,,
nan,pause,26772.802701087938,26772.801701087938,nan,,,,,,,,,,
8.895092372534013,inhale,26773.55170108809,26772.802701087938,26773.276701088034,,,,,,,,,,
nan,pause,26773.55270108809,26773.55170108809,nan,,,,,,,,,,
-4.648615837814235,exhale,26774.862701088357,26773.55270108809,26773.78670108814,,,,,,,,,,
nan,pause,26774.863701088358,26774.862701088357,nan,,,,,,,,,,
9.477641114455702,inhale,26775.575701088503,26774.863701088358,26775.27670108844,,,,,,,,,,
nan,pause,26775.576701088503,26775.575701088503,nan,,,,,,,,,,
-4.661536705743585,exhale,26777.0397010888,26775.576701088503,26775.786701088546,,,,,,,,,,
nan,pause,26777.0407010888,26777.0397010888,nan,,,,,,,,,,
10.2765998625411,inhale,26777.77770108895,26777.0407010888,26777.28670108885,,,,,,,,,,
nan,pause,26777.77870108895,26777.77770108895,nan,,,,,,,,,,
-4.366731576656581,exhale,26779.368701089275,26777.77870108895,26777.946701088986,,,,,,,,,,
nan,pause,26779.369701089276,26779.368701089275,nan,,,,,,,,,,
12.911417636264625,inhale,26780.108701089426,26779.369701089276,26779.77670108936,,,,,,,,,,
nan,pause,26780.109701089426,26780.108701089426,nan,,,,,,,,,,
-10.032270527423474,exhale,26781.40870108969,26780.109701089426,26780.286701089462,,,,,,,,,,
nan,pause,26781.40970108969,26781.40870108969,nan,,,,,,,,,,
16.872192625635513,inhale,26782.149701089842,26781.40970108969,26781.786701089768,,,,,,,,,,
nan,pause,26782.150701089842,26782.149701089842,nan,,,,,,,,,,
-8.508957079507033,exhale,26784.00470109022,26782.150701089842,26783.776701090173,,,,,,,,,,
nan,pause,26784.00570109022,26784.00470109022,nan,,,,,,,,,,
14.53406234720007,inhale,26784.879701090398,26784.00570109022,26784.44670109031,,,,,,,,,,
nan,pause,26784.8807010904,26784.879701090398,nan,,,,,,,,,,
-6.0498706811900815,exhale,26786.393701090707,26784.8807010904,26785.116701090446,,,,,,,,,,
nan,pause,26786.394701090707,26786.393701090707,nan,,,,,,,,,,
15.450007001251302,inhale,26787.24170109088,26786.394701090707,26786.616701090752,,,,,,,,,,
nan,pause,26787.24270109088,26787.24170109088,nan,,,,,,,,,,
-7.659672914596664,exhale,26788.704701091177,26787.24270109088,26787.44670109092,,,,,,,,,,
nan,pause,26788.705701091178,26788.704701091177,nan,,,,,,,,,,
13.800059371975653,inhale,26789.530701091346,26788.705701091178,26789.11670109126,,,,,,,,,,
nan,pause,26789.531701091346,26789.530701091346,nan,,,,,,,,,,
-13.43872050360241,exhale,26790.796701091604,26789.531701091346,26789.786701091398,,,,,,,,,,
nan,pause,26790.797701091604,26790.796701091604,nan,,,,,,,,,,
15.31668768262732,inhale,26791.684701091785,26790.797701091604,26791.11670109167,,,,,,,,,,
nan,pause,26791.685701091785,26791.684701091785,nan,,,,,,,,,,
-8.62173792005681,exhale,26793.03670109206,26791.685701091785,26791.786701091805,,,,,,,,,,
nan,pause,26793.03770109206,26793.03670109206,nan,,,,,,,,,,
16.500113943169207,inhale,26793.840701092224,26793.03770109206,26793.28670109211,,,,,,,,,,
nan,pause,26793.841701092224,26793.840701092224,nan,,,,,,,,,,
-6.384390468286684,exhale,26795.270701092515,26793.841701092224,26793.956701092247,,,,,,,,,,
nan,pause,26795.271701092515,26795.270701092515,nan,,,,,,,,,,
12.683385175157829,inhale,26795.997701092663,26795.271701092515,26795.616701092586,,,,,,,,,,
nan,pause,26795.998701092663,26795.997701092663,nan,,,,,,,,,,
-8.659146280481957,exhale,26797.342701092937,26795.998701092663,26796.286701092722,,,,,,,,,,
nan,pause,26797.343701092937,26797.342701092937,nan,,,,,,,,,,
12.583345481500972,inhale,26798.169701093106,26797.343701092937,26797.616701092993,,,,,,,,,,
nan,pause,26798.170701093106,26798.169701093106,nan,,,,,,,,,,
-11.166084519231857,exhale,26799.343701093345,26798.170701093106,26798.446701093162,,,,,,,,,,
nan,pause,26799.344701093345,26799.343701093345,nan,,,,,,,,,,
12.733340467857607,inhale,26800.15270109351,26799.344701093345,26799.6167010934,,,,,,,,,,
nan,pause,26800.15370109351,26800.15270109351,nan,,,,,,,,,,
-8.830286061233377,exhale,26801.357701093755,26800.15370109351,26800.44670109357,,,,,,,,,,
nan,pause,26801.358701093755,26801.357701093755,nan,,,,,,,,,,
12.913676920105551,inhale,26802.194701093926,26801.358701093755,26801.786701093843,,,,,,,,,,
nan,pause,26802.195701093926,26802.194701093926,nan,,,,,,,,,,
-7.095796449480745,exhale,26803.470701094186,26802.195701093926,26802.446701093977,,,,,,,,,,
nan,pause,26803.471701094186,26803.470701094186,nan,,,,,,,,,,
13.825895029983887,inhale,26804.22970109434,26803.471701094186,26803.78670109425,,,,,,,,,,
nan,pause,26804.23070109434,26804.22970109434,nan,,,,,,,,,,
-8.066530558314543,exhale,26805.441701094587,26804.23070109434,26804.61670109442,,,,,,,,,,
nan,pause,26805.442701094587,26805.441701094587,nan,,,,,,,,,,
12.443303134450327,inhale,26806.265701094755,26805.442701094587,26805.776701094655,,,,,,,,,,
nan,pause,26806.266701094755,26806.265701094755,nan,,,,,,,,,,
-11.482307354729281,exhale,26807.451701094997,26806.266701094755,26806.456701094794,,,,,,,,,,
nan,pause,26807.452701094997,26807.451701094997,nan,,,,,,,,,,
11.27709678620714,inhale,26808.25670109516,26807.452701094997,26807.946701095098,,,,,,,,,,
nan,pause,26808.25770109516,26808.25670109516,nan,,,,,,,,,,
-7.2035702326261175,exhale,26809.614701095437,26808.25770109516,26808.4567010952,,,,,,,,,,
nan,pause,26809.615701095438,26809.614701095437,nan,,,,,,,,,,
13.801858662424184,inhale,26810.401701095598,26809.615701095438,26809.946701095505,,,,,,,,,,
nan,pause,26810.402701095598,26810.401701095598,nan,,,,,,,,,,
-8.133248483249526,exhale,26811.672701095857,26810.402701095598,26810.61670109564,,,,,,,,,,
nan,pause,26811.673701095857,26811.672701095857,nan,,,,,,,,,,
13.333342501559176,inhale,26812.52070109603,26811.673701095857,26812.116701095947,,,,,,,,,,
nan,pause,26812.52170109603,26812.52070109603,nan,,,,,,,,,,
-5.189330923024431,exhale,26813.95570109632,26812.52170109603,26812.77670109608,,,,,,,,,,
nan,pause,26813.956701096322,26813.95570109632,nan,,,,,,,,,,
10.140237432544012,inhale,26814.78870109649,26813.956701096322,26814.28670109639,,,,,,,,,,
nan,pause,26814.78970109649,26814.78870109649,nan,,,,,,,,,,
-8.624814674891773,exhale,26816.121701096763,26814.78970109649,26814.956701096526,,,,,,,,,,
nan,pause,26816.122701096763,26816.121701096763,nan,,,,,,,,,,
11.761239396739905,inhale,26816.915701096925,26816.122701096763,26816.44670109683,,,,,,,,,,
nan,pause,26816.916701096925,26816.915701096925,nan,,,,,,,,,,
-7.03325373676781,exhale,26818.2687010972,26816.916701096925,26817.116701096966,,,,,,,,,,
nan,pause,26818.2697010972,26818.2687010972,nan,,,,,,,,,,
11.400053958784651,inhale,26819.09770109737,26818.2697010972,26818.61670109727,,,,,,,,,,
nan,pause,26819.09870109737,26819.09770109737,nan,,,,,,,,,,
-7.161816686125314,exhale,26820.366701097628,26819.09870109737,26819.286701097408,,,,,,,,,,
nan,pause,26820.367701097628,26820.366701097628,nan,,,,,,,,,,
11.708961378173312,inhale,26821.16370109779,26820.367701097628,26820.77670109771,,,,,,,,,,
nan,pause,26821.16470109779,26821.16370109779,nan,,,,,,,,,,
-6.411816681562909,exhale,26822.53270109807,26821.16470109779,26821.286701097815,,,,,,,,,,
nan,pause,26822.53370109807,26822.53270109807,nan,,,,,,,,,,
11.362391145542098,inhale,26823.26470109822,26822.53370109807,26822.946701098153,,,,,,,,,,
nan,pause,26823.26570109822,26823.26470109822,nan,,,,,,,,,,
-4.929031957729332,exhale,26824.659701098502,26823.26570109822,26823.456701098257,,,,,,,,,,
nan,pause,26824.660701098503,26824.659701098502,nan,,,,,,,,,,
12.443201448336705,inhale,26825.402701098654,26824.660701098503,26824.956701098563,,,,,,,,,,
nan,pause,26825.403701098654,26825.402701098654,nan,,,,,,,,,,
-4.033281727418735,exhale,26826.932701098965,26825.403701098654,26825.616701098697,,,,,,,,,,
nan,pause,26826.933701098966,26826.932701098965,nan,,,,,,,,,,
11.662960219233698,inhale,26827.68870109912,26826.933701098966,26827.286701099038,,,,,,,,,,
nan,pause,26827.68970109912,26827.68870109912,nan,,,,,,,,,,
-8.446720887222616,exhale,26829.15770109942,26827.68970109912,26827.946701099172,,,,,,,,,,
nan,pause,26829.15870109942,26829.15770109942,nan,,,,,,,,,,
9.383384900415686,inhale,26829.982701099587,26829.15870109942,26829.616701099512,,,,,,,,,,
nan,pause,26829.983701099587,26829.982701099587,nan,,,,,,,,,,
-4.099856704980927,exhale,26831.489701099894,26829.983701099587,26830.116701099614,,,,,,,,,,
nan,pause,26831.490701099894,26831.489701099894,nan,,,,,,,,,,
11.261597933335548,inhale,26832.25070110005,26831.490701099894,26831.946701099987,,,,,,,,,,
nan,pause,26832.25170110005,26832.25070110005,nan,,,,,,,,,,
-3.9756551406927305,exhale,26833.9747011004,26832.25170110005,26833.77670110036,,,,,,,,,,
nan,pause,26833.9757011004,26833.9747011004,nan,,,,,,,,,,
8.373539460980817,inhale,26834.784701100565,26833.9757011004,26834.286701100464,,,,,,,,,,
nan,pause,26834.785701100565,26834.784701100565,nan,,,,,,,,,,
-3.8832734683134325,exhale,26836.160701100845,26834.785701100565,26835.116701100633,,,,,,,,,,
nan,pause,26836.161701100846,26836.160701100845,nan,,,,,,,,,,
12.566648330247844,inhale,26836.942701101005,26836.161701100846,26836.61670110094,,,,,,,,,,
nan,pause,26836.943701101005,26836.942701101005,nan,,,,,,,,,,
-3.699867254966061,exhale,26838.48970110132,26836.943701101005,26837.11670110104,,,,,,,,,,
nan,pause,26838.49070110132,26838.48970110132,nan,,,,,,,,,,
11.815223984679104,inhale,26839.241701101473,26838.49070110132,26838.946701101413,,,,,,,,,,
nan,pause,26839.242701101473,26839.241701101473,nan,,,,,,,,,,
-4.849871149097019,exhale,26840.65370110176,26839.242701101473,26839.61670110155,,,,,,,,,,
nan,pause,26840.65470110176,26840.65370110176,nan,,,,,,,,,,
14.01660979822601,inhale,26841.406701101914,26840.65470110176,26841.116701101855,,,,,,,,,,
nan,pause,26841.407701101914,26841.406701101914,nan,,,,,,,,,,
-4.583268167098894,exhale,26842.86270110221,26841.407701101914,26841.616701101957,,,,,,,,,,
nan,pause,26842.86370110221,26842.86270110221,nan,,,,,,,,,,
10.658613488825077,inhale,26843.617701102365,26842.86370110221,26843.286701102297,,,,,,,,,,
nan,pause,26843.618701102365,26843.617701102365,nan,,,,,,,,,,
-5.934976070572004,exhale,26845.2557011027,26843.618701102365,26844.786701102603,,,,,,,,,,
nan,pause,26845.2567011027,26845.2557011027,nan,,,,,,,,,,
9.416656460843592,inhale,26846.10270110287,26845.2567011027,26845.616701102772,,,,,,,,,,
nan,pause,26846.10370110287,26846.10270110287,nan,,,,,,,,,,
-5.085690537597818,exhale,26847.288701103113,26846.10370110287,26846.44670110294,,,,,,,,,,
nan,pause,26847.289701103113,26847.288701103113,nan,,,,,,,,,,
10.8333639774945,inhale,26848.00570110326,26847.289701103113,26847.61670110318,,,,,,,,,,
nan,pause,26848.00670110326,26848.00570110326,nan,,,,,,,,,,
-4.366544007757006,exhale,26849.366701103536,26848.00670110326,26848.11670110328,,,,,,,,,,
nan,pause,26849.367701103536,26849.366701103536,nan,,,,,,,,,,
9.9968815239728,inhale,26850.07470110368,26849.367701103536,26849.77670110362,,,,,,,,,,
nan,pause,26850.07570110368,26850.07470110368,nan,,,,,,,,,,
-3.348200468265018,exhale,26851.486701103968,26850.07570110368,26850.286701103723,,,,,,,,,,
nan,pause,26851.487701103968,26851.486701103968,nan,,,,,,,,,,
9.943979236899109,inhale,26852.23970110412,26851.487701103968,26851.78670110403,,,,,,,,,,
nan,pause,26852.24070110412,26852.23970110412,nan,,,,,,,,,,
-5.063918754362388,exhale,26853.530701104384,26852.24070110412,26852.456701104165,,,,,,,,,,
nan,pause,26853.531701104384,26853.530701104384,nan,,,,,,,,,,
9.233823082523807,inhale,26854.28970110454,26853.531701104384,26853.95670110447,,,,,,,,,,
nan,pause,26854.29070110454,26854.28970110454,nan,,,,,,,,,,
-5.434243646683889,exhale,26855.77470110484,26854.29070110454,26854.456701104573,,,,,,,,,,
nan,pause,26855.77570110484,26855.77470110484,nan,,,,,,,,,,
8.066679551707805,inhale,26856.620701105014,26855.77570110484,26856.11670110491,,,,,,,,,,
nan,pause,26856.621701105014,26856.620701105014,nan,,,,,,,,,,
-3.6498790530815812,exhale,26858.086701105312,26856.621701105014,26857.116701105115,,,,,,,,,,
nan,pause,26858.087701105313,26858.086701105312,nan,,,,,,,,,,
8.707270914807273,inhale,26858.887701105476,26858.087701105313,26858.456701105388,,,,,,,,,,
nan,pause,26858.888701105476,26858.887701105476,nan,,,,,,,,,,
-6.8308950927888015,exhale,26860.255701105754,26858.888701105476,26859.956701105693,,,,,,,,,,
nan,pause,26860.256701105754,26860.255701105754,nan,,,,,,,,,,
7.530667999153591,inhale,26861.104701105927,26860.256701105754,26860.456701105795,,,,,,,,,,
nan,pause,26861.105701105927,26861.104701105927,nan,,,,,,,,,,
-3.9815984268896654,exhale,26862.798701106272,26861.105701105927,26861.286701105964,,,,,,,,,,
nan,pause,26862.799701106273,26862.798701106272,nan,,,,,,,,,,
8.28338360798506,inhale,26863.684701106453,26862.799701106273,26863.116701106337,,,,,,,,,,
nan,pause,26863.685701106453,26863.684701106453,nan,,,,,,,,,,
-6.886414658829839,exhale,26865.33570110679,26863.685701106453,26863.946701106506,,,,,,,,,,
nan,pause,26865.33670110679,26865.33570110679,nan,,,,,,,,,,
7.383316209777379,inhale,26866.296701106985,26865.33670110679,26866.11670110695,,,,,,,,,,
nan,pause,26866.297701106985,26866.296701106985,nan,,,,,,,,,,
-4.213948189897532,exhale,26867.79470110729,26866.297701106985,26866.776701107083,,,,,,,,,,
nan,pause,26867.79570110729,26867.79470110729,nan,,,,,,,,,,
7.733372004783246,inhale,26868.615701107457,26867.79570110729,26868.116701107356,,,,,,,,,,
nan,pause,26868.616701107458,26868.615701107457,nan,,,,,,,,,,
-7.649635768664709,exhale,26869.75170110769,26868.616701107458,26868.786701107492,,,,,,,,,,
nan,pause,26869.75270110769,26869.75170110769,nan,,,,,,,,,,
7.33336985916051,inhale,26870.619701107866,26869.75270110769,26870.116701107763,,,,,,,,,,
nan,pause,26870.620701107866,26870.619701107866,nan,,,,,,,,,,
-7.073112427674905,exhale,26871.735701108093,26870.620701107866,26870.7867011079,,,,,,,,,,
nan,pause,26871.736701108093,26871.735701108093,nan,,,,,,,,,,
4.700620556358895,inhale,26872.59970110827,26871.736701108093,26871.956701108138,,,,,,,,,,
nan,pause,26872.60070110827,26872.59970110827,nan,,,,,,,,,,
-4.33463529462427,exhale,26873.09770110837,26872.60070110827,26872.786701108307,,,,,,,,,,
nan,pause,26873.09870110837,26873.09770110837,nan,,,,,,,,,,
0.3500787955000526,inhale,26873.261701108404,26873.09870110837,26873.116701108374,,,,,,,,,,
nan,pause,26873.448701108442,26873.261701108404,nan,,,,,,,,,,
0.39778739523348433,inhale,26874.690701108695,26873.448701108442,26873.946701108543,,,,,,,,,,
nan,pause,26874.95970110875,26874.690701108695,nan,,,,,,,,,,
-1.6992950325986076,exhale,26875.471701108854,26874.95970110875,26875.286701108816,,,,,,,,,,
nan,pause,26875.472701108854,26875.471701108854,nan,,,,,,,,,,
3.5408581010376405,inhale,26876.43470110905,26875.472701108854,26875.78670110892,,,,,,,,,,
nan,pause,26876.43570110905,26876.43470110905,nan,,,,,,,,,,
-3.9498630303120583,exhale,26878.087701109387,26876.43570110905,26876.616701109087,,,,,,,,,,
nan,pause,26878.088701109387,26878.087701109387,nan,,,,,,,,,,
3.1928380564718326,inhale,26879.08670110959,26878.088701109387,26878.44670110946,,,,,,,,,,
nan,pause,26879.08770110959,26879.08670110959,nan,,,,,,,,,,
-3.3883771148515445,exhale,26880.476701109874,26879.08770110959,26879.28670110963,,,,,,,,,,
nan,pause,26880.477701109874,26880.476701109874,nan,,,,,,,,,,
2.2307563156780366,inhale,26881.355701110053,26880.477701109874,26880.776701109935,,,,,,,,,,
nan,pause,26881.356701110053,26881.355701110053,nan,,,,,,,,,,
-3.566567112673105,exhale,26882.626701110312,26881.356701110053,26881.616701110106,,,,,,,,,,
nan,pause,26882.627701110312,26882.626701110312,nan,,,,,,,,,,
2.1320777901470653,inhale,26883.46070111048,26882.627701110312,26882.946701110377,,,,,,,,,,
nan,pause,26883.461701110482,26883.46070111048,nan,,,,,,,,,,
-3.2832762404640374,exhale,26884.667701110728,26883.461701110482,26883.616701110514,,,,,,,,,,
nan,pause,26884.668701110728,26884.667701110728,nan,,,,,,,,,,
1.899435223263966,inhale,26885.539701110905,26884.668701110728,26885.27670111085,,,,,,,,,,
nan,pause,26885.540701110906,26885.539701110905,nan,,,,,,,,,,
-2.411877285517308,exhale,26886.68970111114,26885.540701110906,26885.786701110956,,,,,,,,,,
nan,pause,26886.69070111114,26886.68970111114,nan,,,,,,,,,,
1.5000984352325533,inhale,26887.505701111306,26886.69070111114,26887.116701111227,,,,,,,,,,
nan,pause,26887.506701111306,26887.505701111306,nan,,,,,,,,,,
-2.4961974123341553,exhale,26888.539701111516,26887.506701111306,26887.786701111363,,,,,,,,,,
nan,pause,26888.540701111517,26888.539701111516,nan,,,,,,,,,,
1.857859558234851,inhale,26889.450701111702,26888.540701111517,26888.786701111567,,,,,,,,,,
nan,pause,26889.451701111702,26889.450701111702,nan,,,,,,,,,,
-1.9832827697412807,exhale,26890.508701111918,26889.451701111702,26889.616701111736,,,,,,,,,,
nan,pause,26890.509701111918,26890.508701111918,nan,,,,,,,,,,
1.332740349242609,inhale,26891.34670111209,26890.509701111918,26890.946701112007,,,,,,,,,,
nan,pause,26891.34770111209,26891.34670111209,nan,,,,,,,,,,
-1.8998920385823614,exhale,26892.43770111231,26891.34770111209,26892.116701112245,,,,,,,,,,
nan,pause,26892.43870111231,26892.43770111231,nan,,,,,,,,,,
1.682079529704358,inhale,26893.356701112498,26892.43870111231,26892.77670111238,,,,,,,,,,
nan,pause,26893.357701112498,26893.356701112498,nan,,,,,,,,,,
-1.316592910827552,exhale,26894.482701112727,26893.357701112498,26893.61670111255,,,,,,,,,,
nan,pause,26894.483701112727,26894.482701112727,nan,,,,,,,,,,
1.266693576194605,inhale,26895.366701112907,26894.483701112727,26895.116701112856,,,,,,,,,,
nan,pause,26895.367701112908,26895.366701112907,nan,,,,,,,,,,
-1.466593171974605,exhale,26896.392701113116,26895.367701112908,26895.61670111296,,,,,,,,,,
nan,pause,26896.393701113117,26896.392701113116,nan,,,,,,,,,,
1.3799988868025659,inhale,26897.24870111329,26896.393701113117,26896.786701113197,,,,,,,,,,
nan,pause,26897.24970111329,26897.24870111329,nan,,,,,,,,,,
-1.545212838544895,exhale,26898.293701113504,26897.24970111329,26897.456701113333,,,,,,,,,,
nan,pause,26898.294701113504,26898.293701113504,nan,,,,,,,,,,
1.6833949959700394,inhale,26899.098701113668,26898.294701113504,26898.61670111357,,,,,,,,,,
nan,pause,26899.099701113668,26899.098701113668,nan,,,,,,,,,,
-1.6475210566394238,exhale,26900.167701113885,26899.099701113668,26899.286701113706,,,,,,,,,,
nan,pause,26900.168701113886,26900.167701113885,nan,,,,,,,,,,
1.4487784502140335,inhale,26900.97970111405,26900.168701113886,26900.446701113942,,,,,,,,,,
nan,pause,26900.98070111405,26900.97970111405,nan,,,,,,,,,,
-1.7498960678996909,exhale,26901.970701114253,26900.98070111405,26901.61670111418,,,,,,,,,,
nan,pause,26901.971701114253,26901.970701114253,nan,,,,,,,,,,
1.933385971706743,inhale,26902.84370111443,26901.971701114253,26902.116701114282,,,,,,,,,,
nan,pause,26902.84470111443,26902.84370111443,nan,,,,,,,,,,
-1.4652613850552838,exhale,26903.997701114666,26902.84470111443,26902.956701114454,,,,,,,,,,
nan,pause,26903.998701114666,26903.997701114666,nan,,,,,,,,,,
1.7303396088253886,inhale,26904.74870111482,26903.998701114666,26904.286701114725,,,,,,,,,,
nan,pause,26904.74970111482,26904.74870111482,nan,,,,,,,,,,
-2.013880332213248,exhale,26905.725701115018,26904.74970111482,26905.28670111493,,,,,,,,,,
nan,pause,26905.726701115018,26905.725701115018,nan,,,,,,,,,,
2.366694965699169,inhale,26906.560701115188,26905.726701115018,26906.116701115097,,,,,,,,,,
nan,pause,26906.561701115188,26906.560701115188,nan,,,,,,,,,,
-2.7798381127157397,exhale,26907.90370111546,26906.561701115188,26906.786701115234,,,,,,,,,,
nan,pause,26907.90470111546,26907.90370111546,nan,,,,,,,,,,
2.758774581560327,inhale,26908.82170111565,26907.90470111546,26908.276701115537,,,,,,,,,,
nan,pause,26908.82270111565,26908.82170111565,nan,,,,,,,,,,
-2.568770922460475,exhale,26910.0567011159,26908.82270111565,26909.776701115843,,,,,,,,,,
nan,pause,26910.0577011159,26910.0567011159,nan,,,,,,,,,,
2.381359738483657,inhale,26910.921701116076,26910.0577011159,26910.286701115947,,,,,,,,,,
nan,pause,26910.922701116076,26910.921701116076,nan,,,,,,,,,,
-2.483286697781658,exhale,26912.16370111633,26910.922701116076,26911.116701116116,,,,,,,,,,
nan,pause,26912.16470111633,26912.16370111633,nan,,,,,,,,,,
2.297719014525185,inhale,26913.027701116505,26912.16470111633,26912.286701116354,,,,,,,,,,
nan,pause,26913.028701116506,26913.027701116505,nan,,,,,,,,,,
-1.790718821526582,exhale,26914.17970111674,26913.028701116506,26913.286701116558,,,,,,,,,,
nan,pause,26914.18070111674,26914.17970111674,nan,,,,,,,,,,
2.039866832167767,inhale,26915.00870111691,26914.18070111674,26914.446701116794,,,,,,,,,,
nan,pause,26915.00970111691,26915.00870111691,nan,,,,,,,,,,
-1.9481085823514974,exhale,26916.017701117114,26915.00970111691,26915.776701117065,,,,,,,,,,
nan,pause,26916.018701117115,26916.017701117114,nan,,,,,,,,,,
1.5150491436886135,inhale,26916.814701117277,26916.018701117115,26916.446701117202,,,,,,,,,,
nan,pause,26916.815701117277,26916.814701117277,nan,,,,,,,,,,
-1.8485613844651847,exhale,26917.843701117486,26916.815701117277,26917.456701117408,,,,,,,,,,
nan,pause,26917.844701117487,26917.843701117486,nan,,,,,,,,,,
1.8814176438233614,inhale,26918.665701117654,26917.844701117487,26918.276701117575,,,,,,,,,,
nan,pause,26918.666701117654,26918.665701117654,nan,,,,,,,,,,
-1.4129679358161567,exhale,26919.714701117868,26918.666701117654,26919.446701117813,,,,,,,,,,
nan,pause,26919.715701117868,26919.714701117868,nan,,,,,,,,,,
1.8327286822483384,inhale,26920.50670111803,26919.715701117868,26919.956701117917,,,,,,,,,,
nan,pause,26920.50770111803,26920.50670111803,nan,,,,,,,,,,
-1.783294950705915,exhale,26921.465701118224,26920.50770111803,26921.116701118153,,,,,,,,,,
nan,pause,26921.466701118225,26921.465701118224,nan,,,,,,,,,,
1.766040656388436,inhale,26922.243701118383,26921.466701118225,26921.776701118288,,,,,,,,,,
nan,pause,26922.244701118383,26922.243701118383,nan,,,,,,,,,,
-1.57391763023069,exhale,26923.247701118587,26922.244701118383,26922.456701118426,,,,,,,,,,
nan,pause,26923.248701118588,26923.247701118587,nan,,,,,,,,,,
1.324688947768552,inhale,26924.09370111876,26923.248701118588,26923.45670111863,,,,,,,,,,
nan,pause,26924.09470111876,26924.09370111876,nan,,,,,,,,,,
-1.6621787494540015,exhale,26925.097701118964,26924.09470111876,26924.7867011189,,,,,,,,,,
nan,pause,26925.098701118965,26925.097701118964,nan,,,,,,,,,,
1.5500954739178143,inhale,26925.901701119128,26925.098701118965,26925.61670111907,,,,,,,,,,
nan,pause,26925.90270111913,26925.901701119128,nan,,,,,,,,,,
-1.549894595566291,exhale,26926.94470111934,26925.90270111913,26926.616701119274,,,,,,,,,,
nan,pause,26926.94570111934,26926.94470111934,nan,,,,,,,,,,
1.5163686863283439,inhale,26927.748701119504,26926.94570111934,26927.446701119443,,,,,,,,,,
nan,pause,26927.749701119505,26927.748701119504,nan,,,,,,,,,,
-1.5592315824066778,exhale,26928.833701119725,26927.749701119505,26927.956701119547,,,,,,,,,,
nan,pause,26928.834701119726,26928.833701119725,nan,,,,,,,,,,
1.8500954395556262,inhale,26929.64070111989,26928.834701119726,26929.116701119783,,,,,,,,,,
nan,pause,26929.64170111989,26929.64070111989,nan,,,,,,,,,,
-1.5989058458947984,exhale,26930.693701120104,26929.64170111989,26929.946701119952,,,,,,,,,,
nan,pause,26930.694701120105,26930.693701120104,nan,,,,,,,,,,
1.5160403813458412,inhale,26931.533701120276,26930.694701120105,26931.276701120223,,,,,,,,,,
nan,pause,26931.534701120276,26931.533701120276,nan,,,,,,,,,,
-1.732618551755526,exhale,26932.608701120495,26931.534701120276,26932.28670112043,,,,,,,,,,
nan,pause,26932.609701120495,26932.608701120495,nan,,,,,,,,,,
1.6660205919993891,inhale,26933.485701120673,26932.609701120495,26932.78670112053,,,,,,,,,,
nan,pause,26933.486701120673,26933.485701120673,nan,,,,,,,,,,
-1.9492327018310887,exhale,26934.462701120872,26933.486701120673,26933.95670112077,,,,,,,,,,
nan,pause,26934.463701120872,26934.462701120872,nan,,,,,,,,,,
1.8467949663277867,inhale,26935.28670112104,26934.463701120872,26934.776701120936,,,,,,,,,,
nan,pause,26935.28770112104,26935.28670112104,nan,,,,,,,,,,
-1.8969289210795213,exhale,26936.294701121245,26935.28770112104,26935.946701121175,,,,,,,,,,
nan,pause,26936.295701121246,26936.294701121245,nan,,,,,,,,,,
2.180051449295494,inhale,26937.0607011214,26936.295701121246,26936.45670112128,,,,,,,,,,
nan,pause,26937.0617011214,26937.0607011214,nan,,,,,,,,,,
-1.6604792053684976,exhale,26938.146701121623,26937.0617011214,26937.78670112155,,,,,,,,,,
nan,pause,26938.147701121623,26938.146701121623,nan,,,,,,,,,,
1.5640603411991059,inhale,26938.976701121792,26938.147701121623,26938.446701121684,,,,,,,,,,
nan,pause,26938.977701121792,26938.976701121792,nan,,,,,,,,,,
-2.6832829035340127,exhale,26939.991701122,26938.977701121792,26939.616701121922,,,,,,,,,,
nan,pause,26939.992701122,26939.991701122,nan,,,,,,,,,,
2.082720591694166,inhale,26940.856701122175,26939.992701122,26940.28670112206,,,,,,,,,,
nan,pause,26940.857701122175,26940.856701122175,nan,,,,,,,,,,
-1.7665939641491268,exhale,26941.90870112239,26940.857701122175,26941.116701122228,,,,,,,,,,
nan,pause,26941.90970112239,26941.90870112239,nan,,,,,,,,,,
2.0765997953314166,inhale,26942.688701122548,26941.90970112239,26942.286701122466,,,,,,,,,,
nan,pause,26942.68970112255,26942.688701122548,nan,,,,,,,,,,
-2.391860260825389,exhale,26943.67570112275,26942.68970112255,26942.956701122603,,,,,,,,,,
nan,pause,26943.67670112275,26943.67570112275,nan,,,,,,,,,,
2.900526759261602,inhale,26944.497701122917,26943.67670112275,26943.946701122804,,,,,,,,,,
nan,pause,26944.498701122917,26944.497701122917,nan,,,,,,,,,,
-2.3649376078562128,exhale,26945.53770112313,26944.498701122917,26945.286701123077,,,,,,,,,,
nan,pause,26945.53870112313,26945.53770112313,nan,,,,,,,,,,
2.2961391836798404,inhale,26946.339701123292,26945.53870112313,26945.946701123212,,,,,,,,,,
nan,pause,26946.340701123292,26946.339701123292,nan,,,,,,,,,,
-1.8378403899548625,exhale,26947.527701123534,26946.340701123292,26946.456701123316,,,,,,,,,,
nan,pause,26947.528701123534,26947.527701123534,nan,,,,,,,,,,
2.163639600851079,inhale,26948.29870112369,26947.528701123534,26947.786701123587,,,,,,,,,,
nan,pause,26948.29970112369,26948.29870112369,nan,,,,,,,,,,
-1.8832915383611473,exhale,26949.493701123934,26948.29970112369,26949.116701123858,,,,,,,,,,
nan,pause,26949.494701123935,26949.493701123934,nan,,,,,,,,,,
2.0630683199543247,inhale,26950.320701124103,26949.494701123935,26949.946701124027,,,,,,,,,,
nan,pause,26950.321701124103,26950.320701124103,nan,,,,,,,,,,
-1.5279374927478058,exhale,26951.702701124384,26950.321701124103,26950.45670112413,,,,,,,,,,
nan,pause,26951.703701124385,26951.702701124384,nan,,,,,,,,,,
2.150096464989951,inhale,26952.57270112456,26951.703701124385,26952.11670112447,,,,,,,,,,
nan,pause,26952.573701124562,26952.57270112456,nan,,,,,,,,,,
-2.445819466579315,exhale,26953.79170112481,26952.573701124562,26952.786701124605,,,,,,,,,,
nan,pause,26953.79270112481,26953.79170112481,nan,,,,,,,,,,
2.215366830391745,inhale,26954.641701124983,26953.79270112481,26954.446701124944,,,,,,,,,,
nan,pause,26954.642701124983,26954.641701124983,nan,,,,,,,,,,
-2.265274133092077,exhale,26955.983701125257,26954.642701124983,26954.946701125045,,,,,,,,,,
nan,pause,26955.984701125257,26955.983701125257,nan,,,,,,,,,,
2.5633009149479586,inhale,26956.88270112544,26955.984701125257,26956.28670112532,,,,,,,,,,
nan,pause,26956.88370112544,26956.88270112544,nan,,,,,,,,,,
-2.50305657436444,exhale,26958.234701125715,26956.88370112544,26957.446701125555,,,,,,,,,,
nan,pause,26958.235701125715,26958.234701125715,nan,,,,,,,,,,
2.5960801285184187,inhale,26959.1367011259,26958.235701125715,26958.45670112576,,,,,,,,,,
nan,pause,26959.1377011259,26959.1367011259,nan,,,,,,,,,,
-2.7498824058759808,exhale,26960.37770112615,26959.1377011259,26960.1167011261,,,,,,,,,,
nan,pause,26960.378701126152,26960.37770112615,nan,,,,,,,,,,
1.833393419883898,inhale,26961.225701126325,26960.378701126152,26960.6167011262,,,,,,,,,,
nan,pause,26961.226701126325,26961.225701126325,nan,,,,,,,,,,
-1.3482487241848091,exhale,26962.651701126615,26961.226701126325,26961.94670112647,,,,,,,,,,
nan,pause,26962.652701126615,26962.651701126615,nan,,,,,,,,,,
1.500098647766065,inhale,26963.569701126802,26962.652701126615,26963.11670112671,,,,,,,,,,
nan,pause,26963.570701126802,26963.569701126802,nan,,,,,,,,,,
-1.2744574782510605,exhale,26965.002701127094,26963.570701126802,26963.786701126846,,,,,,,,,,
nan,pause,26965.003701127094,26965.002701127094,nan,,,,,,,,,,
1.6107593069238724,inhale,26965.802701127257,26965.003701127094,26965.446701127184,,,,,,,,,,
nan,pause,26965.803701127257,26965.802701127257,nan,,,,,,,,,,
-1.6832967783803776,exhale,26966.9927011275,26965.803701127257,26966.616701127423,,,,,,,,,,
nan,pause,26966.9937011275,26966.9927011275,nan,,,,,,,,,,
2.183374009372728,inhale,26967.790701127662,26966.9937011275,26967.616701127627,,,,,,,,,,
nan,pause,26967.791701127662,26967.790701127662,nan,,,,,,,,,,
-2.95247963644922,exhale,26969.06470112792,26967.791701127662,26967.956701127696,,,,,,,,,,
nan,pause,26969.06570112792,26969.06470112792,nan,,,,,,,,,,
2.3494363394557367,inhale,26969.880701128088,26969.06570112792,26969.446701128,,,,,,,,,,
nan,pause,26969.881701128088,26969.880701128088,nan,,,,,,,,,,
-2.2485753348262243,exhale,26971.004701128317,26969.881701128088,26970.77670112827,,,,,,,,,,
nan,pause,26971.005701128317,26971.004701128317,nan,,,,,,,,,,
2.1137279652934136,inhale,26971.793701128478,26971.005701128317,26971.446701128407,,,,,,,,,,
nan,pause,26971.794701128478,26971.793701128478,nan,,,,,,,,,,
-1.912580126868555,exhale,26972.856701128694,26971.794701128478,26971.95670112851,,,,,,,,,,
nan,pause,26972.857701128694,26972.856701128694,nan,,,,,,,,,,
2.250094042079621,inhale,26973.61870112885,26972.857701128694,26973.116701128747,,,,,,,,,,
nan,pause,26973.61970112885,26973.61870112885,nan,,,,,,,,,,
-2.4609874897172177,exhale,26974.622701129054,26973.61970112885,26973.946701128916,,,,,,,,,,
nan,pause,26974.623701129054,26974.622701129054,nan,,,,,,,,,,
2.533381794824804,inhale,26975.367701129206,26974.623701129054,26975.116701129155,,,,,,,,,,
nan,pause,26975.368701129206,26975.367701129206,nan,,,,,,,,,,
-2.383290909443497,exhale,26976.47470112943,26975.368701129206,26975.616701129256,,,,,,,,,,
nan,pause,26976.47570112943,26976.47470112943,nan,,,,,,,,,,
3.266674666451184,inhale,26977.20270112958,26976.47570112943,26976.61670112946,,,,,,,,,,
nan,pause,26977.20370112958,26977.20270112958,nan,,,,,,,,,,
-5.338460883374756,exhale,26978.04370112975,26977.20370112958,26977.45670112963,,,,,,,,,,
nan,pause,26978.04470112975,26978.04370112975,nan,,,,,,,,,,
3.6769755817837537,inhale,26978.82970112991,26978.04470112975,26978.2867011298,,,,,,,,,,
nan,pause,26978.83070112991,26978.82970112991,nan,,,,,,,,,,
-4.01325144496889,exhale,26979.80470113011,26978.83070112991,26978.956701129937,,,,,,,,,,
nan,pause,26979.80570113011,26979.80470113011,nan,,,,,,,,,,
9.202823315586777,inhale,26980.576701130267,26979.80570113011,26980.276701130206,,,,,,,,,,
nan,pause,26980.577701130267,26980.576701130267,nan,,,,,,,,,,
-2.1899869649150814,exhale,26980.93770113034,26980.577701130267,26980.776701130308,,,,,,,,,,
nan,pause,26981.492701130453,26980.93770113034,nan,,,,,,,,,,
-1.7573460985961826,exhale,26982.11470113058,26981.492701130453,26981.946701130546,,,,,,,,,,
nan,pause,26982.11570113058,26982.11470113058,nan,,,,,,,,,,
4.200096009135274,inhale,26983.029701130767,26982.11570113058,26982.616701130682,,,,,,,,,,
nan,pause,26983.030701130767,26983.029701130767,nan,,,,,,,,,,
-1.549899999999997,exhale,26984.286701131023,26983.030701130767,26983.28670113082,,,,,,,,,,
nan,pause,26984.287701131023,26984.286701131023,nan,,,,,,,,,,
2.930097682320491,inhale,26985.026701131173,26984.287701131023,26984.776701131123,,,,,,,,,,
nan,pause,26985.027701131174,26985.026701131173,nan,,,,,,,,,,
-4.052973774308947,exhale,26986.1407011314,26985.027701131174,26985.286701131226,,,,,,,,,,
nan,pause,26986.1417011314,26986.1407011314,nan,,,,,,,,,,
7.177370187644738,inhale,26986.900701131555,26986.1417011314,26986.456701131465,,,,,,,,,,
nan,pause,26986.901701131555,26986.900701131555,nan,,,,,,,,,,
-2.933286177810382,exhale,26988.430701131867,26986.901701131555,26987.1167011316,,,,,,,,,,
nan,pause,26988.431701131867,26988.430701131867,nan,,,,,,,,,,
9.673878054729817,inhale,26989.193701132022,26988.431701131867,26988.78670113194,,,,,,,,,,
nan,pause,26989.194701132023,26989.193701132022,nan,,,,,,,,,,
-3.85339824756801,exhale,26990.64570113232,26989.194701132023,26989.446701132074,,,,,,,,,,
nan,pause,26990.64670113232,26990.64570113232,nan,,,,,,,,,,
12.333300798051619,inhale,26991.371701132466,26990.64670113232,26991.116701132414,,,,,,,,,,
nan,pause,26991.372701132466,26991.371701132466,nan,,,,,,,,,,
-6.649871421338986,exhale,26992.580701132712,26991.372701132466,26991.616701132516,,,,,,,,,,
nan,pause,26992.581701132713,26992.580701132712,nan,,,,,,,,,,
11.819458824165354,inhale,26993.293701132858,26992.581701132713,26992.786701132754,,,,,,,,,,
nan,pause,26993.294701132858,26993.293701132858,nan,,,,,,,,,,
-6.694665108602491,exhale,26994.412701133086,26993.294701132858,26993.45670113289,,,,,,,,,,
nan,pause,26994.413701133086,26994.412701133086,nan,,,,,,,,,,
10.435548483692697,inhale,26995.245701133255,26994.413701133086,26994.946701133194,,,,,,,,,,
nan,pause,26995.246701133256,26995.245701133255,nan,,,,,,,,,,
-9.356775552504876,exhale,26996.25870113346,26995.246701133256,26995.4567011333,,,,,,,,,,
nan,pause,26996.259701133462,26996.25870113346,nan,,,,,,,,,,
18.11660786709579,inhale,26996.9347011336,26996.259701133462,26996.616701133535,,,,,,,,,,
nan,pause,26996.9357011336,26996.9347011336,nan,,,,,,,,,,
-5.1998711886081335,exhale,26998.344701133887,26996.9357011336,26997.116701133637,,,,,,,,,,
nan,pause,26998.345701133887,26998.344701133887,nan,,,,,,,,,,
18.18282631931766,inhale,26999.037701134028,26998.345701133887,26998.776701133975,,,,,,,,,,
nan,pause,26999.038701134028,26999.037701134028,nan,,,,,,,,,,
-8.61594184870557,exhale,27000.28170113428,26999.038701134028,26999.276701134077,,,,,,,,,,
nan,pause,27000.28270113428,27000.28170113428,nan,,,,,,,,,,
13.76665319514515,inhale,27000.952701134418,27000.28270113428,27000.61670113435,,,,,,,,,,
nan,pause,27000.95370113442,27000.952701134418,nan,,,,,,,,,,
-8.116547587657484,exhale,27002.273701134687,27000.95370113442,27001.11670113445,,,,,,,,,,
nan,pause,27002.274701134687,27002.273701134687,nan,,,,,,,,,,
16.08330788256279,inhale,27002.97270113483,27002.274701134687,27002.616701134757,,,,,,,,,,
nan,pause,27002.97370113483,27002.97270113483,nan,,,,,,,,,,
-8.145074144900224,exhale,27004.35570113511,27002.97370113483,27003.446701134926,,,,,,,,,,
nan,pause,27004.35670113511,27004.35570113511,nan,,,,,,,,,,
13.994805407349618,inhale,27005.114701135266,27004.35670113511,27004.776701135197,,,,,,,,,,
nan,pause,27005.115701135266,27005.114701135266,nan,,,,,,,,,,
-3.5492205890488884,exhale,27006.55670113556,27005.115701135266,27005.2867011353,,,,,,,,,,
nan,pause,27006.55770113556,27006.55670113556,nan,,,,,,,,,,
19.199904701632207,inhale,27007.360701135724,27006.55770113556,27007.116701135674,,,,,,,,,,
nan,pause,27007.361701135724,27007.360701135724,nan,,,,,,,,,,
-6.399881803534029,exhale,27008.641701135984,27007.361701135724,27007.616701135776,,,,,,,,,,
nan,pause,27008.642701135985,27008.641701135984,nan,,,,,,,,,,
17.03317481299852,inhale,27009.284701136115,27008.642701135985,27009.11670113608,,,,,,,,,,
nan,pause,27009.285701136116,27009.284701136115,nan,,,,,,,,,,
-9.808983092719812,exhale,27010.44470113635,27009.285701136116,27009.45670113615,,,,,,,,,,
nan,pause,27010.445701136352,27010.44470113635,nan,,,,,,,,,,
17.78205242931022,inhale,27011.105701136486,27010.445701136352,27010.78670113642,,,,,,,,,,
nan,pause,27011.106701136487,27011.105701136486,nan,,,,,,,,,,
-9.308111469263334,exhale,27012.420701136754,27011.106701136487,27011.286701136523,,,,,,,,,,
nan,pause,27012.421701136755,27012.420701136754,nan,,,,,,,,,,
16.416614748887593,inhale,27013.07970113689,27012.421701136755,27012.616701136794,,,,,,,,,,
nan,pause,27013.08070113689,27013.07970113689,nan,,,,,,,,,,
-8.824811462256452,exhale,27014.31170113714,27013.08070113689,27013.28670113693,,,,,,,,,,
nan,pause,27014.31270113714,27014.31170113714,nan,,,,,,,,,,
20.81144884684208,inhale,27015.114701137303,27014.31270113714,27014.94670113727,,,,,,,,,,
nan,pause,27015.617701137406,27015.114701137303,nan,,,,,,,,,,
-7.183216001356816,exhale,27016.340701137553,27015.617701137406,27016.116701137507,,,,,,,,,,
nan,pause,27016.341701137553,27016.340701137553,nan,,,,,,,,,,
11.999925485417226,inhale,27017.26570113774,27016.341701137553,27017.11670113771,,,,,,,,,,
nan,pause,27017.26670113774,27017.26570113774,nan,,,,,,,,,,
-12.295799332800232,exhale,27018.651701138024,27017.26670113774,27017.44670113778,,,,,,,,,,
nan,pause,27018.652701138024,27018.651701138024,nan,,,,,,,,,,
20.560147348921596,inhale,27019.41070113818,27018.652701138024,27018.946701138084,,,,,,,,,,
nan,pause,27019.41170113818,27019.41070113818,nan,,,,,,,,,,
-7.7832228390138125,exhale,27021.04670113851,27019.41170113818,27019.61670113822,,,,,,,,,,
nan,pause,27021.047701138512,27021.04670113851,nan,,,,,,,,,,
14.583294619832788,inhale,27021.845701138674,27021.047701138512,27021.616701138628,,,,,,,,,,
nan,pause,27021.846701138675,27021.845701138674,nan,,,,,,,,,,
-14.566515784214795,exhale,27023.072701138924,27021.846701138675,27022.11670113873,,,,,,,,,,
nan,pause,27023.073701138925,27023.072701138924,nan,,,,,,,,,,
19.81024048831706,inhale,27023.79470113907,27023.073701138925,27023.286701138968,,,,,,,,,,
nan,pause,27023.79570113907,27023.79470113907,nan,,,,,,,,,,
-13.197171922441997,exhale,27024.849701139286,27023.79570113907,27023.956701139105,,,,,,,,,,
nan,pause,27024.850701139287,27024.849701139286,nan,,,,,,,,,,
27.0831632819755,inhale,27025.56070113943,27024.850701139287,27025.11670113934,,,,,,,,,,
nan,pause,27025.56170113943,27025.56070113943,nan,,,,,,,,,,
-10.942180255375893,exhale,27026.82170113969,27025.56170113943,27025.786701139477,,,,,,,,,,
nan,pause,27026.82270113969,27026.82170113969,nan,,,,,,,,,,
20.116614023439354,inhale,27027.606701139848,27026.82270113969,27027.11670113975,,,,,,,,,,
nan,pause,27027.60770113985,27027.606701139848,nan,,,,,,,,,,
-9.599833368746191,exhale,27028.911701140114,27027.60770113985,27028.616701140054,,,,,,,,,,
nan,pause,27028.912701140114,27028.911701140114,nan,,,,,,,,,,
21.29997526951948,inhale,27029.63270114026,27028.912701140114,27029.116701140156,,,,,,,,,,
nan,pause,27029.63370114026,27029.63270114026,nan,,,,,,,,,,
-12.32236950741576,exhale,27030.990701140538,27029.63370114026,27029.786701140292,,,,,,,,,,
nan,pause,27030.991701140538,27030.990701140538,nan,,,,,,,,,,
21.884811158273433,inhale,27031.73970114069,27030.991701140538,27031.286701140598,,,,,,,,,,
nan,pause,27031.74070114069,27031.73970114069,nan,,,,,,,,,,
-10.701280762050326,exhale,27033.096701140967,27031.74070114069,27031.946701140732,,,,,,,,,,
nan,pause,27033.097701140967,27033.096701140967,nan,,,,,,,,,,
20.52918245391728,inhale,27033.828701141116,27033.097701140967,27033.45670114104,,,,,,,,,,
nan,pause,27033.829701141116,27033.828701141116,nan,,,,,,,,,,
-11.38319399874402,exhale,27035.12770114138,27033.829701141116,27034.116701141174,,,,,,,,,,
nan,pause,27035.12870114138,27035.12770114138,nan,,,,,,,,,,
17.49531005647288,inhale,27035.926701141543,27035.12870114138,27035.446701141445,,,,,,,,,,
nan,pause,27035.927701141543,27035.926701141543,nan,,,,,,,,,,
-7.916513619362974,exhale,27037.500701141864,27035.927701141543,27036.116701141582,,,,,,,,,,
nan,pause,27037.501701141864,27037.500701141864,nan,,,,,,,,,,
19.334068777517597,inhale,27038.276701142022,27037.501701141864,27037.786701141922,,,,,,,,,,
nan,pause,27038.277701142022,27038.276701142022,nan,,,,,,,,,,
-18.58862556496549,exhale,27039.622701142296,27038.277701142022,27039.44670114226,,,,,,,,,,
nan,pause,27039.623701142296,27039.622701142296,nan,,,,,,,,,,
15.570420517450797,inhale,27040.442701142463,27039.623701142296,27039.956701142364,,,,,,,,,,
nan,pause,27040.443701142463,27040.442701142463,nan,,,,,,,,,,
-12.033167587285456,exhale,27041.69470114272,27040.443701142463,27040.6167011425,,,,,,,,,,
nan,pause,27041.69570114272,27041.69470114272,nan,,,,,,,,,,
20.98047021783706,inhale,27042.44770114287,27041.69570114272,27041.95670114277,,,,,,,,,,
nan,pause,27042.448701142872,27042.44770114287,nan,,,,,,,,,,
-8.349820354805209,exhale,27043.947701143177,27042.448701142872,27042.616701142906,,,,,,,,,,
nan,pause,27043.948701143177,27043.947701143177,nan,,,,,,,,,,
19.530389825239897,inhale,27044.733701143337,27043.948701143177,27044.286701143246,,,,,,,,,,
nan,pause,27044.734701143338,27044.733701143337,nan,,,,,,,,,,
-16.772023911866363,exhale,27045.998701143595,27044.734701143338,27044.94670114338,,,,,,,,,,
nan,pause,27045.999701143595,27045.998701143595,nan,,,,,,,,,,
17.133669699177144,inhale,27046.773701143753,27045.999701143595,27046.446701143686,,,,,,,,,,
nan,pause,27046.774701143753,27046.773701143753,nan,,,,,,,,,,
-13.181603400861158,exhale,27047.957701143994,27046.774701143753,27047.78670114396,,,,,,,,,,
nan,pause,27047.958701143994,27047.957701143994,nan,,,,,,,,,,
15.26819178594116,inhale,27048.81270114417,27047.958701143994,27048.446701144094,,,,,,,,,,
nan,pause,27048.81370114417,27048.81270114417,nan,,,,,,,,,,
-10.999814782138321,exhale,27049.90570114439,27048.81370114417,27049.11670114423,,,,,,,,,,
nan,pause,27049.90670114439,27049.90570114439,nan,,,,,,,,,,
21.312262849187608,inhale,27050.603701144533,27049.90670114439,27050.276701144467,,,,,,,,,,
nan,pause,27050.604701144533,27050.603701144533,nan,,,,,,,,,,
-10.499963388295559,exhale,27051.938701144805,27050.604701144533,27050.78670114457,,,,,,,,,,
nan,pause,27051.939701144805,27051.938701144805,nan,,,,,,,,,,
21.890567311396808,inhale,27052.612701144943,27051.939701144805,27052.286701144876,,,,,,,,,,
nan,pause,27052.613701144943,27052.612701144943,nan,,,,,,,,,,
-10.433252248423432,exhale,27053.8827011452,27052.613701144943,27052.786701144978,,,,,,,,,,
nan,pause,27053.8837011452,27053.8827011452,nan,,,,,,,,,,
18.573483021961422,inhale,27054.587701145345,27053.8837011452,27054.27670114528,,,,,,,,,,
nan,pause,27054.588701145345,27054.587701145345,nan,,,,,,,,,,
-9.118325872933026,exhale,27055.821701145596,27054.588701145345,27054.786701145385,,,,,,,,,,
nan,pause,27055.822701145597,27055.821701145596,nan,,,,,,,,,,
22.30000172785442,inhale,27056.516701145738,27055.822701145597,27056.116701145656,,,,,,,,,,
nan,pause,27056.517701145738,27056.516701145738,nan,,,,,,,,,,
-10.741133545219578,exhale,27057.85470114601,27056.517701145738,27056.786701145793,,,,,,,,,,
nan,pause,27057.85570114601,27057.85470114601,nan,,,,,,,,,,
19.966579756824423,inhale,27058.608701146164,27057.85570114601,27058.116701146064,,,,,,,,,,
nan,pause,27058.609701146164,27058.608701146164,nan,,,,,,,,,,
-7.9359719172635845,exhale,27059.951701146438,27058.609701146164,27058.7867011462,,,,,,,,,,
nan,pause,27059.952701146438,27059.951701146438,nan,,,,,,,,,,
23.81066637313869,inhale,27060.629701146576,27059.952701146438,27060.286701146506,,,,,,,,,,
nan,pause,27060.630701146576,27060.629701146576,nan,,,,,,,,,,
-6.999205501764043,exhale,27062.098701146875,27060.630701146576,27060.94670114664,,,,,,,,,,
nan,pause,27062.099701146875,27062.098701146875,nan,,,,,,,,,,
26.921366878665193,inhale,27062.81870114702,27062.099701146875,27062.446701146946,,,,,,,,,,
nan,pause,27062.819701147022,27062.81870114702,nan,,,,,,,,,,
-12.349846953719911,exhale,27064.13270114729,27062.819701147022,27063.116701147082,,,,,,,,,,
nan,pause,27064.13370114729,27064.13270114729,nan,,,,,,,,,,
25.454538629802165,inhale,27064.900701147446,27064.13370114729,27064.456701147355,,,,,,,,,,
nan,pause,27064.901701147446,27064.900701147446,nan,,,,,,,,,,
-4.916589885564825,exhale,27066.755701147824,27064.901701147446,27065.11670114749,,,,,,,,,,
nan,pause,27066.756701147824,27066.755701147824,nan,,,,,,,,,,
111.749899536328,pause,27068.5997011482,27066.756701147824,27068.1167011481,,,,,,,,,,
nan,pause,27068.6007011482,27068.5997011482,nan,,,,,,,,,,
-181.0328546750644,pause,27071.615701148814,27068.6007011482,27068.786701148238,,,,,,,,,,
nan,pause,27073.0117011491,27071.615701148814,nan,,,,,,,,,,
0.5166902415895375,inhale,27073.519701149202,27073.0117011491,27073.11670114912,,,,,,,,,,
nan,pause,27073.520701149202,27073.519701149202,nan,,,,,,,,,,
-0.7036788972734781,exhale,27074.115701149323,27073.520701149202,27073.786701149256,,,,,,,,,,
nan,pause,27074.116701149323,27074.115701149323,nan,,,,,,,,,,
4.5209511579728865,inhale,27074.945701149492,27074.116701149323,27074.776701149458,,,,,,,,,,
nan,pause,27074.946701149493,27074.945701149492,nan,,,,,,,,,,
-0.933288503610396,exhale,27075.37970114958,27074.946701149493,27075.116701149527,,,,,,,,,,
nan,pause,27075.87370114968,27075.37970114958,nan,,,,,,,,,,
-0.7332869149082929,exhale,27076.271701149763,27075.87370114968,27076.11670114973,,,,,,,,,,
nan,pause,27076.971701149905,27076.271701149763,nan,,,,,,,,,,
0.45009124234691306,inhale,27077.271701149966,27076.971701149905,27077.116701149935,,,,,,,,,,
nan,pause,27077.660701150045,27077.271701149966,nan,,,,,,,,,,
5.992901697747945,inhale,27078.195701150154,27077.660701150045,27077.956701150106,,,,,,,,,,
nan,pause,27078.196701150155,27078.195701150154,nan,,,,,,,,,,
-4.402719950178378,exhale,27079.462701150413,27078.196701150155,27078.446701150206,,,,,,,,,,
nan,pause,27079.463701150413,27079.462701150413,nan,,,,,,,,,,
6.291797376990603,inhale,27079.971701150516,27079.463701150413,27079.776701150477,,,,,,,,,,
nan,pause,27079.972701150517,27079.971701150516,nan,,,,,,,,,,
-8.091487296845331,exhale,27080.939701150714,27079.972701150517,27080.28670115058,,,,,,,,,,
nan,pause,27080.940701150714,27080.939701150714,nan,,,,,,,,,,
6.0590713296579315,inhale,27081.66170115086,27080.940701150714,27081.446701150817,,,,,,,,,,
nan,pause,27081.66270115086,27081.66170115086,nan,,,,,,,,,,
-3.161158566637456,exhale,27082.847701151102,27081.66270115086,27081.786701150886,,,,,,,,,,
nan,pause,27082.848701151102,27082.847701151102,nan,,,,,,,,,,
4.716676252750159,inhale,27083.48370115123,27082.848701151102,27083.116701151157,,,,,,,,,,
nan,pause,27083.484701151232,27083.48370115123,nan,,,,,,,,,,
-3.6165708814623554,exhale,27084.480701151435,27083.484701151232,27083.61670115126,,,,,,,,,,
nan,pause,27084.481701151435,27084.480701151435,nan,,,,,,,,,,
6.412263276971665,inhale,27085.064701151554,27084.481701151435,27084.776701151495,,,,,,,,,,
nan,pause,27085.065701151554,27085.064701151554,nan,,,,,,,,,,
-6.061877029514464,exhale,27086.043701151753,27085.065701151554,27085.2867011516,,,,,,,,,,
nan,pause,27086.044701151754,27086.043701151753,nan,,,,,,,,,,
3.1810813780048965,inhale,27086.748701151897,27086.044701151754,27086.446701151835,,,,,,,,,,
nan,pause,27086.749701151897,27086.748701151897,nan,,,,,,,,,,
-3.0637210153279684,exhale,27087.65470115208,27086.749701151897,27086.95670115194,,,,,,,,,,
nan,pause,27087.65570115208,27087.65470115208,nan,,,,,,,,,,
3.2880403380760255,inhale,27088.33270115222,27087.65570115208,27087.956701152143,,,,,,,,,,
nan,pause,27088.33370115222,27088.33270115222,nan,,,,,,,,,,
-2.6498927155293543,exhale,27089.292701152415,27088.33370115222,27088.616701152278,,,,,,,,,,
nan,pause,27089.293701152415,27089.292701152415,nan,,,,,,,,,,
3.3166929868144885,inhale,27090.025701152565,27089.293701152415,27089.61670115248,,,,,,,,,,
nan,pause,27090.026701152565,27090.025701152565,nan,,,,,,,,,,
-1.7139554260508933,exhale,27091.202701152804,27090.026701152565,27090.276701152616,,,,,,,,,,
nan,pause,27091.203701152805,27091.202701152804,nan,,,,,,,,,,
3.992580673585603,inhale,27091.893701152945,27091.203701152805,27091.456701152856,,,,,,,,,,
nan,pause,27091.894701152945,27091.893701152945,nan,,,,,,,,,,
-5.5665416247300135,exhale,27092.94970115316,27091.894701152945,27092.11670115299,,,,,,,,,,
nan,pause,27092.95070115316,27092.94970115316,nan,,,,,,,,,,
3.922178438654078,inhale,27093.655701153304,27092.95070115316,27093.28670115323,,,,,,,,,,
nan,pause,27093.656701153304,27093.655701153304,nan,,,,,,,,,,
-5.427456876635983,exhale,27094.684701153514,27093.656701153304,27093.78670115333,,,,,,,,,,
nan,pause,27094.685701153514,27094.684701153514,nan,,,,,,,,,,
3.8606192937775954,inhale,27095.460701153672,27094.685701153514,27094.95670115357,,,,,,,,,,
nan,pause,27095.461701153672,27095.460701153672,nan,,,,,,,,,,
-5.433257568928707,exhale,27096.566701153897,27095.461701153672,27095.616701153704,,,,,,,,,,
nan,pause,27096.567701153897,27096.566701153897,nan,,,,,,,,,,
2.9432976921144034,inhale,27097.292701154045,27096.567701153897,27096.786701153942,,,,,,,,,,
nan,pause,27097.293701154045,27097.292701154045,nan,,,,,,,,,,
-3.515261377139819,exhale,27098.178701154226,27097.293701154045,27097.45670115408,,,,,,,,,,
nan,pause,27098.179701154226,27098.178701154226,nan,,,,,,,,,,
3.151188417565991,inhale,27098.88770115437,27098.179701154226,27098.44670115428,,,,,,,,,,
nan,pause,27098.88870115437,27098.88770115437,nan,,,,,,,,,,
-3.6998806019083883,exhale,27099.832701154563,27098.88870115437,27099.116701154417,,,,,,,,,,
nan,pause,27099.833701154563,27099.832701154563,nan,,,,,,,,,,
2.833391224130276,inhale,27100.538701154706,27099.833701154563,27100.11670115462,,,,,,,,,,
nan,pause,27100.539701154707,27100.538701154706,nan,,,,,,,,,,
-3.2254775480857503,exhale,27101.370701154876,27100.539701154707,27100.786701154757,,,,,,,,,,
nan,pause,27101.371701154876,27101.370701154876,nan,,,,,,,,,,
2.87679396937485,inhale,27102.098701155024,27101.371701154876,27101.77670115496,,,,,,,,,,
nan,pause,27102.099701155024,27102.098701155024,nan,,,,,,,,,,
-2.4227578475032625,exhale,27103.136701155236,27102.099701155024,27102.286701155062,,,,,,,,,,
nan,pause,27103.137701155236,27103.136701155236,nan,,,,,,,,,,
3.07811616391647,inhale,27103.820701155375,27103.137701155236,27103.4467011553,,,,,,,,,,
nan,pause,27103.821701155375,27103.820701155375,nan,,,,,,,,,,
-3.683299999999997,exhale,27104.841701155583,27103.821701155375,27104.456701155505,,,,,,,,,,
nan,pause,27104.842701155583,27104.841701155583,nan,,,,,,,,,,
2.6166951631943736,inhale,27105.576701155733,27104.842701155583,27105.11670115564,,,,,,,,,,
nan,pause,27105.577701155733,27105.576701155733,nan,,,,,,,,,,
-2.959459001069467,exhale,27106.530701155927,27105.577701155733,27105.786701155776,,,,,,,,,,
nan,pause,27106.531701155927,27106.530701155927,nan,,,,,,,,,,
2.6313597144690686,inhale,27107.257701156075,27106.531701155927,27106.78670115598,,,,,,,,,,
nan,pause,27107.258701156075,27107.257701156075,nan,,,,,,,,,,
-2.9165999999999968,exhale,27108.184701156264,27107.258701156075,27107.456701156116,,,,,,,,,,
nan,pause,27108.185701156264,27108.184701156264,nan,,,,,,,,,,
2.7448176811966842,inhale,27108.887701156407,27108.185701156264,27108.446701156317,,,,,,,,,,
nan,pause,27108.888701156407,27108.887701156407,nan,,,,,,,,,,
-3.2066929306140373,exhale,27109.87570115661,27108.888701156407,27109.276701156487,,,,,,,,,,
nan,pause,27109.87670115661,27109.87570115661,nan,,,,,,,,,,
2.6166905016392183,inhale,27110.686701156774,27109.87670115661,27110.116701156658,,,,,,,,,,
nan,pause,27110.687701156774,27110.686701156774,nan,,,,,,,,,,
-2.498119071801345,exhale,27111.673701156975,27110.687701156774,27110.946701156827,,,,,,,,,,
nan,pause,27111.674701156975,27111.673701156975,nan,,,,,,,,,,
1.7954756875873954,inhale,27112.454701157134,27111.674701156975,27111.94670115703,,,,,,,,,,
nan,pause,27112.455701157134,27112.454701157134,nan,,,,,,,,,,
-2.130657365499344,exhale,27113.334701157313,27112.455701157134,27112.946701157234,,,,,,,,,,
nan,pause,27113.335701157313,27113.334701157313,nan,,,,,,,,,,
2.5500927091468757,inhale,27114.040701157457,27113.335701157313,27113.61670115737,,,,,,,,,,
nan,pause,27114.041701157457,27114.040701157457,nan,,,,,,,,,,
-3.349890291312344,exhale,27114.914701157635,27114.041701157457,27114.616701157574,,,,,,,,,,
nan,pause,27114.915701157635,27114.914701157635,nan,,,,,,,,,,
3.0767945967601182,inhale,27115.66970115779,27114.915701157635,27115.27670115771,,,,,,,,,,
nan,pause,27115.67070115779,27115.66970115779,nan,,,,,,,,,,
-2.2812597133691574,exhale,27116.791701158018,27115.67070115779,27115.786701157813,,,,,,,,,,
nan,pause,27116.792701158018,27116.791701158018,nan,,,,,,,,,,
2.862680109147873,inhale,27117.553701158173,27116.792701158018,27116.95670115805,,,,,,,,,,
nan,pause,27117.554701158173,27117.553701158173,nan,,,,,,,,,,
-2.216296249181558,exhale,27118.552701158376,27117.554701158173,27117.78670115822,,,,,,,,,,
nan,pause,27118.553701158376,27118.552701158376,nan,,,,,,,,,,
1.9939791390075807,inhale,27119.380701158545,27118.553701158376,27118.786701158424,,,,,,,,,,
nan,pause,27119.381701158545,27119.380701158545,nan,,,,,,,,,,
-2.1165819356777074,exhale,27120.33270115874,27119.381701158545,27120.116701158695,,,,,,,,,,
nan,pause,27120.33370115874,27120.33270115874,nan,,,,,,,,,,
2.030097485059226,inhale,27121.045701158884,27120.33370115874,27120.77670115883,,,,,,,,,,
nan,pause,27121.046701158884,27121.045701158884,nan,,,,,,,,,,
-2.1132957260507474,exhale,27122.00670115908,27121.046701158884,27121.776701159033,,,,,,,,,,
nan,pause,27122.00770115908,27122.00670115908,nan,,,,,,,,,,
2.1160205842874067,inhale,27122.79970115924,27122.00770115908,27122.286701159137,,,,,,,,,,
nan,pause,27122.80070115924,27122.79970115924,nan,,,,,,,,,,
-1.2665970343506268,exhale,27123.77470115944,27122.80070115924,27123.116701159306,,,,,,,,,,
nan,pause,27123.77570115944,27123.77470115944,nan,,,,,,,,,,
2.166696836824551,inhale,27124.475701159583,27123.77570115944,27124.11670115951,,,,,,,,,,
nan,pause,27124.476701159583,27124.475701159583,nan,,,,,,,,,,
-1.860138408563208,exhale,27125.555701159803,27124.476701159583,27125.28670115975,,,,,,,,,,
nan,pause,27125.556701159803,27125.555701159803,nan,,,,,,,,,,
2.4330592719285598,inhale,27126.33070115996,27125.556701159803,27125.78670115985,,,,,,,,,,
nan,pause,27126.33170115996,27126.33070115996,nan,,,,,,,,,,
-1.9998965297507785,exhale,27127.41270116018,27126.33170115996,27127.11670116012,,,,,,,,,,
nan,pause,27127.41370116018,27127.41270116018,nan,,,,,,,,,,
2.200090771125827,inhale,27128.219701160346,27127.41370116018,27127.616701160223,,,,,,,,,,
nan,pause,27128.220701160346,27128.219701160346,nan,,,,,,,,,,
-1.949895955363857,exhale,27129.155701160536,27128.220701160346,27128.616701160427,,,,,,,,,,
nan,pause,27129.156701160537,27129.155701160536,nan,,,,,,,,,,
2.263397865815014,inhale,27129.90270116069,27129.156701160537,27129.446701160596,,,,,,,,,,
nan,pause,27129.90370116069,27129.90270116069,nan,,,,,,,,,,
-7.004352804849853,exhale,27130.610701160833,27129.90370116069,27130.4467011608,,,,,,,,,,
nan,pause,27130.908701160894,27130.610701160833,nan,,,,,,,,,,
0.8388744212423285,inhale,27131.72070116106,27130.908701160894,27131.446701161003,,,,,,,,,,
nan,pause,27132.02670116112,27131.72070116106,nan,,,,,,,,,,
-1.8165746989967047,exhale,27132.80370116128,27132.02670116112,27132.61670116124,,,,,,,,,,
nan,pause,27132.80470116128,27132.80370116128,nan,,,,,,,,,,
3.764054648846457,inhale,27133.59570116144,27132.80470116128,27133.276701161376,,,,,,,,,,
nan,pause,27133.59670116144,27133.59570116144,nan,,,,,,,,,,
-1.5006184175895236,exhale,27135.083701161744,27133.59670116144,27133.78670116148,,,,,,,,,,
nan,pause,27135.084701161744,27135.083701161744,nan,,,,,,,,,,
2.2833912442727016,inhale,27135.975701161926,27135.084701161744,27135.616701161853,,,,,,,,,,
nan,pause,27135.976701161926,27135.975701161926,nan,,,,,,,,,,
-1.7165859611715644,exhale,27137.3217011622,27135.976701161926,27136.116701161955,,,,,,,,,,
nan,pause,27137.3227011622,27137.3217011622,nan,,,,,,,,,,
1.916696986612517,inhale,27138.082701162355,27137.3227011622,27137.61670116226,,,,,,,,,,
nan,pause,27138.083701162355,27138.082701162355,nan,,,,,,,,,,
-1.4751388424775913,exhale,27139.395701162623,27138.083701162355,27138.286701162397,,,,,,,,,,
nan,pause,27139.396701162623,27139.395701162623,nan,,,,,,,,,,
1.650084519591016,inhale,27140.141701162775,27139.396701162623,27139.616701162668,,,,,,,,,,
nan,pause,27140.142701162775,27140.141701162775,nan,,,,,,,,,,
-1.773393922639187,exhale,27141.175701162985,27140.142701162775,27140.94670116294,,,,,,,,,,
nan,pause,27141.176701162985,27141.175701162985,nan,,,,,,,,,,
1.611940004019701,inhale,27141.87870116313,27141.176701162985,27141.286701163008,,,,,,,,,,
nan,pause,27141.87970116313,27141.87870116313,nan,,,,,,,,,,
-1.3332916989576327,exhale,27142.895701163336,27141.87970116313,27142.116701163177,,,,,,,,,,
nan,pause,27142.896701163336,27142.895701163336,nan,,,,,,,,,,
1.2823798550041734,inhale,27143.64470116349,27142.896701163336,27143.286701163415,,,,,,,,,,
nan,pause,27143.64570116349,27143.64470116349,nan,,,,,,,,,,
-1.2286745520505207,exhale,27144.6917011637,27143.64570116349,27144.44670116365,,,,,,,,,,
nan,pause,27144.6927011637,27144.6917011637,nan,,,,,,,,,,
1.3833966075347173,inhale,27145.437701163853,27144.6927011637,27145.116701163788,,,,,,,,,,
nan,pause,27145.438701163854,27145.437701163853,nan,,,,,,,,,,
-1.3498911819889676,exhale,27146.471701164064,27145.438701163854,27145.61670116389,,,,,,,,,,
nan,pause,27146.472701164064,27146.471701164064,nan,,,,,,,,,,
1.316700000000003,inhale,27147.200701164213,27146.472701164064,27146.626701164096,,,,,,,,,,
nan,pause,27147.201701164213,27147.200701164213,nan,,,,,,,,,,
-1.2750470766277786,exhale,27148.326701164442,27147.201701164213,27147.446701164263,,,,,,,,,,
nan,pause,27148.327701164442,27148.326701164442,nan,,,,,,,,,,
1.716697030388937,inhale,27149.064701164592,27148.327701164442,27148.6167011645,,,,,,,,,,
nan,pause,27149.065701164593,27149.064701164592,nan,,,,,,,,,,
-1.5944605849273348,exhale,27150.171701164818,27149.065701164593,27149.286701164638,,,,,,,,,,
nan,pause,27150.172701164818,27150.171701164818,nan,,,,,,,,,,
1.726799850623132,inhale,27150.894701164965,27150.172701164818,27150.446701164874,,,,,,,,,,
nan,pause,27150.895701164965,27150.894701164965,nan,,,,,,,,,,
-1.449893086904534,exhale,27152.016701165194,27150.895701164965,27151.11670116501,,,,,,,,,,
nan,pause,27152.017701165194,27152.016701165194,nan,,,,,,,,,,
1.623494604219023,inhale,27152.78070116535,27152.017701165194,27152.276701165247,,,,,,,,,,
nan,pause,27152.78170116535,27152.78070116535,nan,,,,,,,,,,
-2.3224320557447924,exhale,27153.995701165597,27152.78170116535,27152.956701165385,,,,,,,,,,
nan,pause,27153.996701165597,27153.995701165597,nan,,,,,,,,,,
1.8833844693558845,inhale,27154.74870116575,27153.996701165597,27154.11670116562,,,,,,,,,,
nan,pause,27154.74970116575,27154.74870116575,nan,,,,,,,,,,
-2.735830365763392,exhale,27155.860701165977,27154.74970116575,27154.956701165793,,,,,,,,,,
nan,pause,27155.861701165977,27155.860701165977,nan,,,,,,,,,,
2.1643210200172436,inhale,27156.632701166134,27155.861701165977,27156.286701166064,,,,,,,,,,
nan,pause,27156.633701166134,27156.632701166134,nan,,,,,,,,,,
-1.4958194167169634,exhale,27157.850701166382,27156.633701166134,27156.786701166166,,,,,,,,,,
nan,pause,27157.851701166383,27157.850701166382,nan,,,,,,,,,,
2.3333922024738962,inhale,27158.67470116655,27157.851701166383,27158.116701166437,,,,,,,,,,
nan,pause,27158.67570116655,27158.67470116655,nan,,,,,,,,,,
-1.9809189793691047,exhale,27159.791701166778,27158.67570116655,27158.786701166573,,,,,,,,,,
nan,pause,27159.792701166778,27159.791701166778,nan,,,,,,,,,,
2.200095839921616,inhale,27160.571701166937,27159.792701166778,27160.116701166844,,,,,,,,,,
nan,pause,27160.572701166937,27160.571701166937,nan,,,,,,,,,,
-1.6295581042329104,exhale,27161.582701167143,27160.572701166937,27160.78670116698,,,,,,,,,,
nan,pause,27161.583701167143,27161.582701167143,nan,,,,,,,,,,
1.9633008731072132,inhale,27162.3597011673,27161.583701167143,27161.786701167184,,,,,,,,,,
nan,pause,27162.3607011673,27162.3597011673,nan,,,,,,,,,,
-1.4665924862076782,exhale,27163.28870116749,27162.3607011673,27162.616701167353,,,,,,,,,,
nan,pause,27163.28970116749,27163.28870116749,nan,,,,,,,,,,
1.7793801034650314,inhale,27164.000701167635,27163.28970116749,27163.456701167524,,,,,,,,,,
nan,pause,27164.001701167635,27164.000701167635,nan,,,,,,,,,,
-1.4939564775612209,exhale,27164.873701167813,27164.001701167635,27164.27670116769,,,,,,,,,,
nan,pause,27164.874701167813,27164.873701167813,nan,,,,,,,,,,
1.6494203275535906,inhale,27165.574701167956,27164.874701167813,27165.44670116793,,,,,,,,,,
nan,pause,27165.575701167956,27165.574701167956,nan,,,,,,,,,,
-1.7907186823886236,exhale,27166.51970116815,27165.575701167956,27166.2867011681,,,,,,,,,,
nan,pause,27166.52070116815,27166.51970116815,nan,,,,,,,,,,
1.8666812502341383,inhale,27167.272701168302,27166.52070116815,27166.61670116817,,,,,,,,,,
nan,pause,27167.273701168302,27167.272701168302,nan,,,,,,,,,,
-1.1652700346101528,exhale,27168.358701168523,27167.273701168302,27168.276701168506,,,,,,,,,,
nan,pause,27168.359701168523,27168.358701168523,nan,,,,,,,,,,
2.066692689092243,inhale,27169.057701168666,27168.359701168523,27168.616701168576,,,,,,,,,,
nan,pause,27169.058701168666,27169.057701168666,nan,,,,,,,,,,
-1.48065832511079,exhale,27169.879701168833,27169.058701168666,27169.446701168745,,,,,,,,,,
nan,pause,27169.880701168833,27169.879701168833,nan,,,,,,,,,,
2.2666879713179777,inhale,27170.570701168974,27169.880701168833,27170.11670116888,,,,,,,,,,
nan,pause,27170.571701168974,27170.570701168974,nan,,,,,,,,,,
-1.7665999999999968,exhale,27171.49270116916,27170.571701168974,27171.126701169087,,,,,,,,,,
nan,pause,27171.49370116916,27171.49270116916,nan,,,,,,,,,,
1.6494371842387072,inhale,27172.185701169303,27171.49370116916,27171.77670116922,,,,,,,,,,
nan,pause,27172.186701169303,27172.185701169303,nan,,,,,,,,,,
-1.2625801023651202,exhale,27173.01270116947,27172.186701169303,27172.456701169358,,,,,,,,,,
nan,pause,27173.01370116947,27173.01270116947,nan,,,,,,,,,,
1.7936383899850887,inhale,27173.709701169613,27173.01370116947,27173.286701169527,,,,,,,,,,
nan,pause,27173.710701169613,27173.709701169613,nan,,,,,,,,,,
-1.4306187281552614,exhale,27174.52970116978,27173.710701169613,27173.956701169664,,,,,,,,,,
nan,pause,27174.53070116978,27174.52970116978,nan,,,,,,,,,,
1.876599700626862,inhale,27175.22170116992,27174.53070116978,27174.786701169833,,,,,,,,,,
nan,pause,27175.22270116992,27175.22170116992,nan,,,,,,,,,,
-1.2792801019984852,exhale,27176.14470117011,27175.22270116992,27175.45670116997,,,,,,,,,,
nan,pause,27176.14570117011,27176.14470117011,nan,,,,,,,,,,
2.213300870154946,inhale,27176.757701170234,27176.14570117011,27176.28670117014,,,,,,,,,,
nan,pause,27176.758701170234,27176.757701170234,nan,,,,,,,,,,
-1.8998395389609157,exhale,27177.682701170423,27176.758701170234,27177.61670117041,,,,,,,,,,
nan,pause,27177.683701170423,27177.682701170423,nan,,,,,,,,,,
2.880339558688061,inhale,27178.316701170552,27177.683701170423,27177.786701170444,,,,,,,,,,
nan,pause,27178.317701170552,27178.316701170552,nan,,,,,,,,,,
-2.8998841928269954,exhale,27179.200701170732,27178.317701170552,27178.616701170613,,,,,,,,,,
nan,pause,27179.201701170732,27179.200701170732,nan,,,,,,,,,,
3.839232033615386,inhale,27179.843701170863,27179.201701170732,27179.456701170784,,,,,,,,,,
nan,pause,27179.844701170863,27179.843701170863,nan,,,,,,,,,,
-3.683279998690053,exhale,27180.694701171036,27179.844701170863,27180.11670117092,,,,,,,,,,
nan,pause,27180.695701171036,27180.694701171036,nan,,,,,,,,,,
3.677985498420397,inhale,27181.34370117117,27180.695701171036,27180.946701171088,,,,,,,,,,
nan,pause,27181.34470117117,27181.34370117117,nan,,,,,,,,,,
-3.6165798449009205,exhale,27182.33670117137,27181.34470117117,27181.616701171224,,,,,,,,,,
nan,pause,27182.33770117137,27182.33670117137,nan,,,,,,,,,,
4.063300505715038,inhale,27183.034701171513,27182.33770117137,27182.456701171395,,,,,,,,,,
nan,pause,27183.035701171513,27183.034701171513,nan,,,,,,,,,,
-2.5998818449841017,exhale,27184.18970117175,27183.035701171513,27183.61670117163,,,,,,,,,,
nan,pause,27184.19070117175,27184.18970117175,nan,,,,,,,,,,
5.550569484038736,inhale,27184.83670117188,27184.19070117175,27184.456701171803,,,,,,,,,,
nan,pause,27184.83770117188,27184.83670117188,nan,,,,,,,,,,
-7.4665587133107385,exhale,27185.748701172066,27184.83770117188,27185.116701171937,,,,,,,,,,
nan,pause,27185.749701172066,27185.748701172066,nan,,,,,,,,,,
4.381192229617949,inhale,27186.419701172203,27185.749701172066,27185.95670117211,,,,,,,,,,
nan,pause,27186.420701172203,27186.419701172203,nan,,,,,,,,,,
-3.699869423964658,exhale,27187.415701172406,27186.420701172203,27186.616701172243,,,,,,,,,,
nan,pause,27187.416701172406,27187.415701172406,nan,,,,,,,,,,
1.966691552795562,inhale,27188.07470117254,27187.416701172406,27187.616701172446,,,,,,,,,,
nan,pause,27188.07570117254,27188.07470117254,nan,,,,,,,,,,
-2.4873195376245802,exhale,27189.024701172733,27188.07570117254,27188.786701172685,,,,,,,,,,
nan,pause,27189.025701172734,27189.024701172733,nan,,,,,,,,,,
4.073127858414369,inhale,27189.720701172875,27189.025701172734,27189.44670117282,,,,,,,,,,
nan,pause,27189.721701172875,27189.720701172875,nan,,,,,,,,,,
-2.3332543977259372,exhale,27190.73070117308,27189.721701172875,27190.616701173058,,,,,,,,,,
nan,pause,27190.73170117308,27190.73070117308,nan,,,,,,,,,,
5.233387815132455,inhale,27191.41170117322,27190.73170117308,27191.11670117316,,,,,,,,,,
nan,pause,27191.41270117322,27191.41170117322,nan,,,,,,,,,,
-9.46646685492975,exhale,27192.306701173402,27191.41270117322,27192.116701173363,,,,,,,,,,
nan,pause,27192.307701173402,27192.306701173402,nan,,,,,,,,,,
8.270668976449462,inhale,27192.89370117352,27192.307701173402,27192.456701173433,,,,,,,,,,
nan,pause,27192.89470117352,27192.89370117352,nan,,,,,,,,,,
-10.871713485750675,exhale,27193.785701173703,27192.89470117352,27193.2867011736,,,,,,,,,,
nan,pause,27193.786701173703,27193.785701173703,nan,,,,,,,,,,
6.03337300584009,inhale,27194.422701173833,27193.786701173703,27194.11670117377,,,,,,,,,,
nan,pause,27194.423701173833,27194.422701173833,nan,,,,,,,,,,
-6.42411866671498,exhale,27195.208701173993,27194.423701173833,27194.786701173907,,,,,,,,,,
nan,pause,27195.209701173993,27195.208701173993,nan,,,,,,,,,,
4.735359025065458,inhale,27195.913701174137,27195.209701173993,27195.456701174044,,,,,,,,,,
nan,pause,27195.914701174137,27195.913701174137,nan,,,,,,,,,,
-2.833279648647226,exhale,27196.96870117435,27195.914701174137,27196.61670117428,,,,,,,,,,
nan,pause,27196.969701174352,27196.96870117435,nan,,,,,,,,,,
1.8793800993098353,inhale,27197.734701174508,27196.969701174352,27197.45670117445,,,,,,,,,,
nan,pause,27197.735701174508,27197.734701174508,nan,,,,,,,,,,
-3.783261152483261,exhale,27198.82270117473,27197.735701174508,27198.616701174687,,,,,,,,,,
nan,pause,27198.82370117473,27198.82270117473,nan,,,,,,,,,,
5.9474405542493605,inhale,27199.525701174873,27198.82370117473,27199.276701174822,,,,,,,,,,
nan,pause,27199.526701174873,27199.525701174873,nan,,,,,,,,,,
-2.2498691673458002,exhale,27201.054701175184,27199.526701174873,27199.61670117489,,,,,,,,,,
nan,pause,27201.055701175184,27201.054701175184,nan,,,,,,,,,,
6.7382094561819565,inhale,27201.740701175324,27201.055701175184,27201.446701175264,,,,,,,,,,
nan,pause,27201.741701175324,27201.740701175324,nan,,,,,,,,,,
-6.234019601292566,exhale,27202.909701175562,27201.741701175324,27202.776701175535,,,,,,,,,,
nan,pause,27202.910701175562,27202.909701175562,nan,,,,,,,,,,
20.583256547036875,inhale,27203.5787011757,27202.910701175562,27203.116701175604,,,,,,,,,,
nan,pause,27203.5797011757,27203.5787011757,nan,,,,,,,,,,
-6.2873327593265955,exhale,27204.950701175978,27203.5797011757,27203.946701175773,,,,,,,,,,
nan,pause,27204.951701175978,27204.950701175978,nan,,,,,,,,,,
21.52147497983902,inhale,27205.562701176103,27204.951701175978,27205.276701176044,,,,,,,,,,
nan,pause,27205.563701176103,27205.562701176103,nan,,,,,,,,,,
-7.133176688721476,exhale,27206.761701176347,27205.563701176103,27206.616701176317,,,,,,,,,,
nan,pause,27206.762701176347,27206.761701176347,nan,,,,,,,,,,
21.302804120850563,inhale,27207.428701176483,27206.762701176347,27206.956701176387,,,,,,,,,,
nan,pause,27207.429701176483,27207.428701176483,nan,,,,,,,,,,
-6.666533626113907,exhale,27208.705701176743,27207.429701176483,27207.61670117652,,,,,,,,,,
nan,pause,27208.706701176743,27208.705701176743,nan,,,,,,,,,,
20.124736706451287,inhale,27209.347701176874,27208.706701176743,27208.956701176794,,,,,,,,,,
nan,pause,27209.348701176874,27209.347701176874,nan,,,,,,,,,,
-14.849811248414497,exhale,27210.30670117707,27209.348701176874,27209.61670117693,,,,,,,,,,
nan,pause,27210.30770117707,27210.30670117707,nan,,,,,,,,,,
33.53321860944788,inhale,27210.9427011772,27210.30770117707,27210.616701177132,,,,,,,,,,
nan,pause,27210.9437011772,27210.9427011772,nan,,,,,,,,,,
-6.066582485738338,exhale,27212.453701177506,27210.9437011772,27212.116701177438,,,,,,,,,,
nan,pause,27212.454701177507,27212.453701177506,nan,,,,,,,,,,
28.08546567270229,inhale,27213.11070117764,27212.454701177507,27212.786701177574,,,,,,,,,,
nan,pause,27213.11170117764,27213.11070117764,nan,,,,,,,,,,
-6.101034481639517,exhale,27214.597701177943,27213.11170117764,27214.276701177878,,,,,,,,,,
nan,pause,27214.598701177943,27214.597701177943,nan,,,,,,,,,,
29.457085669485284,inhale,27215.249701178076,27214.598701177943,27214.946701178014,,,,,,,,,,
nan,pause,27215.250701178076,27215.249701178076,nan,,,,,,,,,,
-6.5477440434513925,exhale,27216.53670117834,27215.250701178076,27215.446701178116,,,,,,,,,,
nan,pause,27216.53770117834,27216.53670117834,nan,,,,,,,,,,
23.21814365289866,inhale,27217.22670117848,27216.53770117834,27216.94670117842,,,,,,,,,,
nan,pause,27217.22770117848,27217.22670117848,nan,,,,,,,,,,
-13.110842576946789,exhale,27218.386701178715,27217.22770117848,27217.446701178524,,,,,,,,,,
nan,pause,27218.387701178715,27218.386701178715,nan,,,,,,,,,,
27.845033869695047,inhale,27219.067701178854,27218.387701178715,27218.776701178795,,,,,,,,,,
nan,pause,27219.068701178854,27219.067701178854,nan,,,,,,,,,,
-6.633252163931309,exhale,27220.2817011791,27219.068701178854,27219.616701178966,,,,,,,,,,
nan,pause,27220.2827011791,27220.2817011791,nan,,,,,,,,,,
25.499956537697116,inhale,27220.92070117923,27220.2827011791,27220.61670117917,,,,,,,,,,
nan,pause,27220.92170117923,27220.92070117923,nan,,,,,,,,,,
-9.848286837180396,exhale,27222.107701179473,27220.92170117923,27221.786701179408,,,,,,,,,,
nan,pause,27222.108701179473,27222.107701179473,nan,,,,,,,,,,
24.14574907860547,inhale,27222.77170117961,27222.108701179473,27222.446701179542,,,,,,,,,,
nan,pause,27222.77270117961,27222.77170117961,nan,,,,,,,,,,
-10.933270788344883,exhale,27223.968701179852,27222.77270117961,27223.11670117968,,,,,,,,,,
nan,pause,27223.969701179853,27223.968701179852,nan,,,,,,,,,,
24.636495142764577,inhale,27224.683701179998,27223.969701179853,27224.44670117995,,,,,,,,,,
nan,pause,27224.68470118,27224.683701179998,nan,,,,,,,,,,
-5.6530453176611575,exhale,27225.97170118026,27224.68470118,27224.94670118005,,,,,,,,,,
nan,pause,27225.97270118026,27225.97170118026,nan,,,,,,,,,,
27.01205165743661,inhale,27226.60970118039,27225.97270118026,27226.286701180325,,,,,,,,,,
nan,pause,27226.61070118039,27226.60970118039,nan,,,,,,,,,,
-17.716441782270895,exhale,27227.873701180648,27226.61070118039,27227.616701180596,,,,,,,,,,
nan,pause,27227.874701180648,27227.873701180648,nan,,,,,,,,,,
24.449980308759443,inhale,27228.680701180812,27227.874701180648,27228.116701180697,,,,,,,,,,
nan,pause,27228.681701180813,27228.680701180812,nan,,,,,,,,,,
-6.066572650245566,exhale,27230.510701181185,27228.681701180813,27230.116701181105,,,,,,,,,,
nan,pause,27230.511701181185,27230.510701181185,nan,,,,,,,,,,
23.72134045985056,inhale,27231.31370118135,27230.511701181185,27230.946701181274,,,,,,,,,,
nan,pause,27231.31470118135,27231.31370118135,nan,,,,,,,,,,
-4.94413751358838,exhale,27232.926701181677,27231.31470118135,27231.776701181443,,,,,,,,,,
nan,pause,27232.927701181678,27232.926701181677,nan,,,,,,,,,,
33.46066646174742,inhale,27233.602701181815,27232.927701181678,27233.28670118175,,,,,,,,,,
nan,pause,27233.603701181815,27233.602701181815,nan,,,,,,,,,,
-6.666555992240803,exhale,27235.14570118213,27233.603701181815,27234.61670118202,,,,,,,,,,
nan,pause,27235.14670118213,27235.14570118213,nan,,,,,,,,,,
31.59583127798816,inhale,27235.88170118228,27235.14670118213,27235.456701182193,,,,,,,,,,
nan,pause,27235.88270118228,27235.88170118228,nan,,,,,,,,,,
-12.785730920939367,exhale,27237.284701182565,27235.88270118228,27236.446701182394,,,,,,,,,,
nan,pause,27237.285701182565,27237.284701182565,nan,,,,,,,,,,
32.89992160104031,inhale,27237.966701182704,27237.285701182565,27237.616701182633,,,,,,,,,,
nan,pause,27237.967701182704,27237.966701182704,nan,,,,,,,,,,
-7.2165387546586315,exhale,27239.440701183004,27237.967701182704,27238.616701182837,,,,,,,,,,
nan,pause,27239.441701183005,27239.440701183004,nan,,,,,,,,,,
28.976674348267913,inhale,27240.09770118314,27239.441701183005,27239.786701183075,,,,,,,,,,
nan,pause,27240.09870118314,27240.09770118314,nan,,,,,,,,,,
-10.815970039075752,exhale,27241.32770118339,27240.09870118314,27240.286701183177,,,,,,,,,,
nan,pause,27241.32870118339,27241.32770118339,nan,,,,,,,,,,
32.29989425984361,inhale,27241.954701183517,27241.32870118339,27241.616701183448,,,,,,,,,,
nan,pause,27241.955701183517,27241.954701183517,nan,,,,,,,,,,
-10.78196794540249,exhale,27243.120701183754,27241.955701183517,27242.276701183582,,,,,,,,,,
nan,pause,27243.121701183754,27243.120701183754,nan,,,,,,,,,,
25.454450868475437,inhale,27243.74370118388,27243.121701183754,27243.44670118382,,,,,,,,,,
nan,pause,27243.74470118388,27243.74370118388,nan,,,,,,,,,,
-13.211810877380573,exhale,27244.841701184105,27243.74470118388,27243.946701183922,,,,,,,,,,
nan,pause,27244.842701184105,27244.841701184105,nan,,,,,,,,,,
27.52740982994382,inhale,27245.564701184252,27244.842701184105,27245.276701184193,,,,,,,,,,
nan,pause,27245.565701184252,27245.564701184252,nan,,,,,,,,,,
-8.43325405802305,exhale,27246.7877011845,27245.565701184252,27246.116701184365,,,,,,,,,,
nan,pause,27246.7887011845,27246.7877011845,nan,,,,,,,,,,
22.39942867557448,inhale,27247.42870118463,27246.7887011845,27246.956701184536,,,,,,,,,,
nan,pause,27247.429701184632,27247.42870118463,nan,,,,,,,,,,
-9.908945618493492,exhale,27248.634701184877,27247.429701184632,27247.776701184703,,,,,,,,,,
nan,pause,27248.635701184878,27248.634701184877,nan,,,,,,,,,,
25.415535020838963,inhale,27249.295701185012,27248.635701184878,27248.956701184943,,,,,,,,,,
nan,pause,27249.296701185012,27249.295701185012,nan,,,,,,,,,,
-7.084239475294205,exhale,27250.647701185288,27249.296701185012,27249.946701185145,,,,,,,,,,
nan,pause,27250.648701185288,27250.647701185288,nan,,,,,,,,,,
29.27734589601714,inhale,27251.34970118543,27250.648701185288,27250.95670118535,,,,,,,,,,
nan,pause,27251.35070118543,27251.34970118543,nan,,,,,,,,,,
-9.899773847481738,exhale,27252.740701185714,27251.35070118543,27251.456701185452,,,,,,,,,,
nan,pause,27252.741701185714,27252.740701185714,nan,,,,,,,,,,
28.44992262932578,inhale,27253.41270118585,27252.741701185714,27253.11670118579,,,,,,,,,,
nan,pause,27253.41370118585,27253.41270118585,nan,,,,,,,,,,
-10.799784567731882,exhale,27254.673701186108,27253.41370118585,27253.616701185892,,,,,,,,,,
nan,pause,27254.674701186108,27254.673701186108,nan,,,,,,,,,,
28.208731905304404,inhale,27255.37570118625,27254.674701186108,27254.956701186165,,,,,,,,,,
nan,pause,27255.37670118625,27255.37570118625,nan,,,,,,,,,,
-12.027332341252277,exhale,27256.45370118647,27255.37670118625,27255.776701186333,,,,,,,,,,
nan,pause,27256.45470118647,27256.45370118647,nan,,,,,,,,,,
26.78887915649469,inhale,27257.101701186602,27256.45470118647,27256.78670118654,,,,,,,,,,
nan,pause,27257.102701186603,27257.101701186602,nan,,,,,,,,,,
-9.071725336871221,exhale,27258.31870118685,27257.102701186603,27257.446701186673,,,,,,,,,,
nan,pause,27258.31970118685,27258.31870118685,nan,,,,,,,,,,
25.649956843692927,inhale,27258.987701186987,27258.31970118685,27258.61670118691,,,,,,,,,,
nan,pause,27258.988701186987,27258.987701186987,nan,,,,,,,,,,
-7.2998153421210645,exhale,27260.311701187256,27258.988701186987,27260.116701187217,,,,,,,,,,
nan,pause,27260.312701187257,27260.311701187256,nan,,,,,,,,,,
16.783368131459365,inhale,27261.0117011874,27260.312701187257,27260.61670118732,,,,,,,,,,
nan,pause,27261.0127011874,27261.0117011874,nan,,,,,,,,,,
-26.585668036673454,pause,27261.911701187582,27261.0127011874,27261.286701187455,,,,,,,,,,
nan,pause,27261.912701187583,27261.911701187582,nan,,,,,,,,,,
2.1833865466834057,inhale,27262.68670118774,27261.912701187583,27262.116701187624,,,,,,,,,,
nan,pause,27262.68770118774,27262.68670118774,nan,,,,,,,,,,
-3.4632113480387847,exhale,27263.51170118791,27262.68770118774,27263.286701187862,,,,,,,,,,
nan,pause,27263.51270118791,27263.51170118791,nan,,,,,,,,,,
1.6448126638864835,inhale,27264.391701188088,27263.51270118791,27263.776701187962,,,,,,,,,,
nan,pause,27264.392701188088,27264.391701188088,nan,,,,,,,,,,
-3.121396861561252,exhale,27265.129701188238,27264.392701188088,27264.786701188168,,,,,,,,,,
nan,pause,27265.130701188238,27265.129701188238,nan,,,,,,,,,,
3.150085788178993,inhale,27265.895701188394,27265.130701188238,27265.616701188337,,,,,,,,,,
nan,pause,27265.896701188394,27265.895701188394,nan,,,,,,,,,,
-2.499882819340828,exhale,27267.01270118862,27265.896701188394,27266.11670118844,,,,,,,,,,
nan,pause,27267.01370118862,27267.01270118862,nan,,,,,,,,,,
5.500071136801817,inhale,27267.829701188788,27267.01370118862,27267.616701188745,,,,,,,,,,
nan,pause,27267.83070118879,27267.829701188788,nan,,,,,,,,,,
-10.62894127662526,exhale,27268.67170118896,27267.83070118879,27268.27670118888,,,,,,,,,,
nan,pause,27268.67270118896,27268.67170118896,nan,,,,,,,,,,
4.529719551651654,inhale,27269.50470118913,27268.67270118896,27269.276701189083,,,,,,,,,,
nan,pause,27269.50570118913,27269.50470118913,nan,,,,,,,,,,
-7.163917098211385,exhale,27270.39770118931,27269.50570118913,27269.786701189187,,,,,,,,,,
nan,pause,27270.39870118931,27270.39770118931,nan,,,,,,,,,,
3.7166851097537097,inhale,27271.158701189466,27270.39870118931,27270.616701189356,,,,,,,,,,
nan,pause,27271.159701189466,27271.158701189466,nan,,,,,,,,,,
-6.274787710211802,exhale,27272.15370118967,27271.159701189466,27271.946701189627,,,,,,,,,,
nan,pause,27272.15470118967,27272.15370118967,nan,,,,,,,,,,
6.798714802131651,inhale,27272.906701189822,27272.15470118967,27272.286701189696,,,,,,,,,,
nan,pause,27272.907701189823,27272.906701189822,nan,,,,,,,,,,
-8.16653143499033,exhale,27273.903701190025,27272.907701189823,27273.116701189865,,,,,,,,,,
nan,pause,27273.904701190026,27273.903701190025,nan,,,,,,,,,,
4.016675182542439,inhale,27274.684701190185,27273.904701190026,27274.11670119007,,,,,,,,,,
nan,pause,27274.685701190185,27274.684701190185,nan,,,,,,,,,,
-6.815258493052252,exhale,27275.510701190353,27274.685701190185,27275.276701190305,,,,,,,,,,
nan,pause,27275.511701190353,27275.510701190353,nan,,,,,,,,,,
3.1610856899652977,inhale,27276.272701190508,27275.511701190353,27275.94670119044,,,,,,,,,,
nan,pause,27276.27370119051,27276.272701190508,nan,,,,,,,,,,
-5.472757737312171,exhale,27277.194701190696,27276.27370119051,27276.786701190613,,,,,,,,,,
nan,pause,27277.195701190696,27277.194701190696,nan,,,,,,,,,,
3.496080089532904,inhale,27277.95770119085,27277.195701190696,27277.45670119075,,,,,,,,,,
nan,pause,27277.95870119085,27277.95770119085,nan,,,,,,,,,,
-6.731810402348097,exhale,27278.83170119103,27277.95870119085,27278.456701190953,,,,,,,,,,
nan,pause,27278.83270119103,27278.83170119103,nan,,,,,,,,,,
3.8606191663440903,inhale,27279.582701191182,27278.83270119103,27278.956701191055,,,,,,,,,,
nan,pause,27279.583701191183,27279.582701191182,nan,,,,,,,,,,
-5.449888162490627,exhale,27280.482701191366,27279.583701191183,27280.11670119129,,,,,,,,,,
nan,pause,27280.483701191366,27280.482701191366,nan,,,,,,,,,,
4.000064785808622,inhale,27281.19370119151,27280.483701191366,27280.616701191393,,,,,,,,,,
nan,pause,27281.19470119151,27281.19370119151,nan,,,,,,,,,,
-4.916259268744695,exhale,27282.21870119172,27281.19470119151,27281.78670119163,,,,,,,,,,
nan,pause,27282.21970119172,27282.21870119172,nan,,,,,,,,,,
3.1932518586811094,inhale,27282.892701191857,27282.21970119172,27282.456701191768,,,,,,,,,,
nan,pause,27282.893701191857,27282.892701191857,nan,,,,,,,,,,
-6.977858500960856,exhale,27283.664701192014,27282.893701191857,27283.286701191937,,,,,,,,,,
nan,pause,27283.665701192014,27283.664701192014,nan,,,,,,,,,,
3.664357813253363,inhale,27284.37270119216,27283.665701192014,27283.78670119204,,,,,,,,,,
nan,pause,27284.37370119216,27284.37270119216,nan,,,,,,,,,,
-6.6352791579985,exhale,27285.15870119232,27284.37370119216,27284.786701192243,,,,,,,,,,
nan,pause,27285.15970119232,27285.15870119232,nan,,,,,,,,,,
3.4153411553077584,inhale,27285.868701192463,27285.15970119232,27285.286701192344,,,,,,,,,,
nan,pause,27285.869701192463,27285.868701192463,nan,,,,,,,,,,
-6.431877964135816,exhale,27286.759701192645,27285.869701192463,27286.28670119255,,,,,,,,,,
nan,pause,27286.760701192645,27286.759701192645,nan,,,,,,,,,,
7.123683911071702,inhale,27287.557701192807,27286.760701192645,27287.27670119275,,,,,,,,,,
nan,pause,27287.558701192807,27287.557701192807,nan,,,,,,,,,,
-6.729558075767619,exhale,27288.74970119305,27287.558701192807,27287.786701192854,,,,,,,,,,
nan,pause,27288.75070119305,27288.74970119305,nan,,,,,,,,,,
6.463351413410183,inhale,27289.553701193214,27288.75070119305,27288.956701193092,,,,,,,,,,
nan,pause,27289.554701193214,27289.553701193214,nan,,,,,,,,,,
-7.45943457350526,exhale,27290.55770119342,27289.554701193214,27289.78670119326,,,,,,,,,,
nan,pause,27290.55870119342,27290.55770119342,nan,,,,,,,,,,
4.290237151041584,inhale,27291.430701193596,27290.55870119342,27290.786701193465,,,,,,,,,,
nan,pause,27291.431701193596,27291.430701193596,nan,,,,,,,,,,
-7.8771213725596,exhale,27292.32870119378,27291.431701193596,27291.9467011937,,,,,,,,,,
nan,pause,27292.32970119378,27292.32870119378,nan,,,,,,,,,,
3.8226279193399297,inhale,27293.131701193943,27292.32970119378,27292.456701193805,,,,,,,,,,
nan,pause,27293.132701193943,27293.131701193943,nan,,,,,,,,,,
-3.582628674625442,exhale,27293.9017011941,27293.132701193943,27293.45670119401,,,,,,,,,,
nan,pause,27293.9027011941,27293.9017011941,nan,,,,,,,,,,
2.0902371489738854,inhale,27294.64570119425,27293.9027011941,27294.286701194178,,,,,,,,,,
nan,pause,27294.64670119425,27294.64570119425,nan,,,,,,,,,,
-5.2165684798304035,exhale,27295.391701194403,27294.64670119425,27295.116701194347,,,,,,,,,,
nan,pause,27295.392701194403,27295.391701194403,nan,,,,,,,,,,
2.2949992284276646,inhale,27296.143701194556,27295.392701194403,27295.786701194484,,,,,,,,,,
nan,pause,27296.144701194557,27296.143701194556,nan,,,,,,,,,,
-4.466587301948284,exhale,27296.95370119472,27296.144701194557,27296.616701194653,,,,,,,,,,
nan,pause,27296.95470119472,27296.95370119472,nan,,,,,,,,,,
2.1333874939766067,inhale,27297.68270119487,27296.95470119472,27297.116701194755,,,,,,,,,,
nan,pause,27297.68370119487,27297.68270119487,nan,,,,,,,,,,
-4.4998829339204445,exhale,27298.41670119502,27297.68370119487,27298.11670119496,,,,,,,,,,
nan,pause,27298.41770119502,27298.41670119502,nan,,,,,,,,,,
2.093638341411031,inhale,27299.11270119516,27298.41770119502,27298.786701195095,,,,,,,,,,
nan,pause,27299.11370119516,27299.11270119516,nan,,,,,,,,,,
-5.0498775360861385,exhale,27299.913701195324,27299.11370119516,27299.616701195264,,,,,,,,,,
nan,pause,27299.914701195325,27299.913701195324,nan,,,,,,,,,,
2.4474537299893377,inhale,27300.708701195486,27299.914701195325,27300.446701195433,,,,,,,,,,
nan,pause,27300.709701195487,27300.708701195486,nan,,,,,,,,,,
-3.613576329986267,exhale,27301.65570119568,27300.709701195487,27301.286701195604,,,,,,,,,,
nan,pause,27301.65670119568,27301.65570119568,nan,,,,,,,,,,
2.194070129808076,inhale,27302.382701195827,27301.65670119568,27301.95670119574,,,,,,,,,,
nan,pause,27302.383701195828,27302.382701195827,nan,,,,,,,,,,
-2.8343890829729403,exhale,27303.33570119602,27302.383701195828,27302.946701195942,,,,,,,,,,
nan,pause,27303.33670119602,27303.33570119602,nan,,,,,,,,,,
2.1987750374380295,inhale,27304.080701196173,27303.33670119602,27303.77670119611,,,,,,,,,,
nan,pause,27304.081701196174,27304.080701196173,nan,,,,,,,,,,
-2.666594070184274,exhale,27305.024701196366,27304.081701196174,27304.616701196283,,,,,,,,,,
nan,pause,27305.025701196366,27305.024701196366,nan,,,,,,,,,,
1.6304276634319144,inhale,27305.78870119652,27305.025701196366,27305.44670119645,,,,,,,,,,
nan,pause,27305.78970119652,27305.78870119652,nan,,,,,,,,,,
-3.44683953513176,exhale,27306.600701196687,27305.78970119652,27306.286701196623,,,,,,,,,,
nan,pause,27306.601701196687,27306.600701196687,nan,,,,,,,,,,
1.9444872557084993,inhale,27307.378701196845,27306.601701196687,27306.946701196757,,,,,,,,,,
nan,pause,27307.379701196845,27307.378701196845,nan,,,,,,,,,,
-1.783291075505862,exhale,27308.405701197054,27307.379701196845,27307.616701196894,,,,,,,,,,
nan,pause,27308.406701197055,27308.405701197054,nan,,,,,,,,,,
1.6000923652926928,inhale,27309.22470119722,27308.406701197055,27308.616701197097,,,,,,,,,,
nan,pause,27309.22570119722,27309.22470119722,nan,,,,,,,,,,
-1.833278714067372,exhale,27310.307701197442,27309.22570119722,27310.116701197403,,,,,,,,,,
nan,pause,27310.308701197442,27310.307701197442,nan,,,,,,,,,,
2.0473782258435484,inhale,27311.103701197604,27310.308701197442,27310.78670119754,,,,,,,,,,
nan,pause,27311.104701197604,27311.103701197604,nan,,,,,,,,,,
-1.81388026607255,exhale,27312.470701197883,27311.104701197604,27311.28670119764,,,,,,,,,,
nan,pause,27312.471701197883,27312.470701197883,nan,,,,,,,,,,
3.826258912527136,inhale,27313.231701198038,27312.471701197883,27312.786701197947,,,,,,,,,,
nan,pause,27313.232701198038,27313.231701198038,nan,,,,,,,,,,
-4.633284054916433,exhale,27314.352701198266,27313.232701198038,27313.616701198116,,,,,,,,,,
nan,pause,27314.353701198266,27314.352701198266,nan,,,,,,,,,,
3.9333906455153427,inhale,27315.141701198427,27314.353701198266,27314.61670119832,,,,,,,,,,
nan,pause,27315.142701198427,27315.141701198427,nan,,,,,,,,,,
-3.1781992224698405,exhale,27316.28370119866,27315.142701198427,27315.286701198456,,,,,,,,,,
nan,pause,27316.28470119866,27316.28370119866,nan,,,,,,,,,,
3.8213402542999426,inhale,27317.01570119881,27316.28470119866,27316.456701198695,,,,,,,,,,
nan,pause,27317.01670119881,27317.01570119881,nan,,,,,,,,,,
-4.074457291014387,exhale,27318.01270119901,27317.01670119881,27317.286701198864,,,,,,,,,,
nan,pause,27318.013701199012,27318.01270119901,nan,,,,,,,,,,
3.886837976038469,inhale,27318.750701199162,27318.013701199012,27318.286701199067,,,,,,,,,,
nan,pause,27318.751701199162,27318.750701199162,nan,,,,,,,,,,
-3.2677833600835937,exhale,27319.749701199366,27318.751701199162,27319.446701199304,,,,,,,,,,
nan,pause,27319.750701199366,27319.749701199366,nan,,,,,,,,,,
2.605311578932123,inhale,27320.528701199524,27319.750701199366,27319.956701199408,,,,,,,,,,
nan,pause,27320.529701199524,27320.528701199524,nan,,,,,,,,,,
-2.2625193766315435,exhale,27321.499701199722,27320.529701199524,27320.786701199577,,,,,,,,,,
nan,pause,27321.500701199722,27321.499701199722,nan,,,,,,,,,,
2.482379844096784,inhale,27322.257701199876,27321.500701199722,27321.78670119978,,,,,,,,,,
nan,pause,27322.258701199877,27322.257701199876,nan,,,,,,,,,,
-2.4998942060710023,exhale,27323.236701200076,27322.258701199877,27322.61670119995,,,,,,,,,,
nan,pause,27323.237701200076,27323.236701200076,nan,,,,,,,,,,
2.4166490096578275,inhale,27323.978701200227,27323.237701200076,27323.45670120012,,,,,,,,,,
nan,pause,27323.979701200227,27323.978701200227,nan,,,,,,,,,,
-3.083270324560758,exhale,27324.8297012004,27323.979701200227,27324.616701200357,,,,,,,,,,
nan,pause,27324.8307012004,27324.8297012004,nan,,,,,,,,,,
2.2333939539336036,inhale,27325.528701200543,27324.8307012004,27325.11670120046,,,,,,,,,,
nan,pause,27325.529701200543,27325.528701200543,nan,,,,,,,,,,
-2.8165974443133335,exhale,27326.45470120073,27325.529701200543,27326.116701200663,,,,,,,,,,
nan,pause,27326.45570120073,27326.45470120073,nan,,,,,,,,,,
2.1153784819122325,inhale,27327.203701200884,27326.45570120073,27326.776701200797,,,,,,,,,,
nan,pause,27327.204701200884,27327.203701200884,nan,,,,,,,,,,
-3.2914000579595726,exhale,27328.095701201066,27327.204701200884,27327.786701201003,,,,,,,,,,
nan,pause,27328.096701201066,27328.095701201066,nan,,,,,,,,,,
1.914659687399189,inhale,27328.875701201225,27328.096701201066,27328.286701201105,,,,,,,,,,
nan,pause,27328.876701201225,27328.875701201225,nan,,,,,,,,,,
-2.2599984908464843,exhale,27329.84270120142,27328.876701201225,27329.44670120134,,,,,,,,,,
nan,pause,27329.843701201422,27329.84270120142,nan,,,,,,,,,,
1.6753601662335815,inhale,27330.56170120157,27329.843701201422,27329.956701201445,,,,,,,,,,
nan,pause,27330.56270120157,27330.56170120157,nan,,,,,,,,,,
-1.9574185916464766,exhale,27331.55070120177,27330.56270120157,27331.286701201716,,,,,,,,,,
nan,pause,27331.55170120177,27331.55070120177,nan,,,,,,,,,,
1.5991082582524334,inhale,27332.33070120193,27331.55170120177,27331.94670120185,,,,,,,,,,
nan,pause,27332.33170120193,27332.33070120193,nan,,,,,,,,,,
-2.5665770777386925,exhale,27333.347701202136,27332.33170120193,27333.11670120209,,,,,,,,,,
nan,pause,27333.348701202136,27333.347701202136,nan,,,,,,,,,,
1.8500944350925752,inhale,27334.084701202286,27333.348701202136,27333.61670120219,,,,,,,,,,
nan,pause,27334.085701202286,27334.084701202286,nan,,,,,,,,,,
-2.1818779117802864,exhale,27335.052701202483,27334.085701202286,27334.78670120243,,,,,,,,,,
nan,pause,27335.053701202483,27335.052701202483,nan,,,,,,,,,,
1.5956786407402108,inhale,27335.844701202645,27335.053701202483,27335.28670120253,,,,,,,,,,
nan,pause,27335.845701202645,27335.844701202645,nan,,,,,,,,,,
-2.0766979449208294,exhale,27336.85470120285,27335.845701202645,27336.446701202767,,,,,,,,,,
nan,pause,27336.85570120285,27336.85470120285,nan,,,,,,,,,,
1.7666980594711958,inhale,27337.627701203008,27336.85570120285,27337.116701202904,,,,,,,,,,
nan,pause,27337.628701203008,27337.627701203008,nan,,,,,,,,,,
-2.640039163293774,exhale,27338.592701203204,27337.628701203008,27338.286701203142,,,,,,,,,,
nan,pause,27338.593701203205,27338.592701203204,nan,,,,,,,,,,
1.6958071563072257,inhale,27339.378701203364,27338.593701203205,27338.946701203276,,,,,,,,,,
nan,pause,27339.379701203365,27339.378701203364,nan,,,,,,,,,,
-1.566592238875541,exhale,27340.39470120357,27339.379701203365,27339.616701203413,,,,,,,,,,
nan,pause,27340.39570120357,27340.39470120357,nan,,,,,,,,,,
1.2666954378259512,inhale,27341.197701203735,27340.39570120357,27340.616701203617,,,,,,,,,,
nan,pause,27341.198701203735,27341.197701203735,nan,,,,,,,,,,
-2.527858481893457,exhale,27342.15370120393,27341.198701203735,27341.786701203855,,,,,,,,,,
nan,pause,27342.15470120393,27342.15370120393,nan,,,,,,,,,,
1.5160395929288515,inhale,27342.89370120408,27342.15470120393,27342.44670120399,,,,,,,,,,
nan,pause,27342.89470120408,27342.89370120408,nan,,,,,,,,,,
-2.1832913963897025,exhale,27343.899701204286,27342.89470120408,27343.616701204228,,,,,,,,,,
nan,pause,27343.900701204286,27343.899701204286,nan,,,,,,,,,,
1.5276197888622876,inhale,27344.678701204444,27343.900701204286,27344.286701204364,,,,,,,,,,
nan,pause,27344.679701204444,27344.678701204444,nan,,,,,,,,,,
-2.1720737201220772,exhale,27345.701701204653,27344.679701204444,27345.4467012046,,,,,,,,,,
nan,pause,27345.702701204653,27345.701701204653,nan,,,,,,,,,,
1.680718714134659,inhale,27346.458701204807,27345.702701204653,27345.956701204705,,,,,,,,,,
nan,pause,27346.459701204807,27346.458701204807,nan,,,,,,,,,,
-3.1281040002393405,exhale,27347.51170120502,27346.459701204807,27347.276701204974,,,,,,,,,,
nan,pause,27347.51270120502,27347.51170120502,nan,,,,,,,,,,
2.266038006630185,inhale,27348.24370120517,27347.51270120502,27347.94670120511,,,,,,,,,,
nan,pause,27348.24470120517,27348.24370120517,nan,,,,,,,,,,
-3.379001817019676,exhale,27349.31870120539,27348.24470120517,27348.946701205314,,,,,,,,,,
nan,pause,27349.31970120539,27349.31870120539,nan,,,,,,,,,,
2.4166941891726443,inhale,27350.073701205543,27349.31970120539,27349.61670120545,,,,,,,,,,
nan,pause,27350.074701205544,27350.073701205543,nan,,,,,,,,,,
-3.066597416750441,exhale,27351.050701205742,27350.074701205544,27350.616701205654,,,,,,,,,,
nan,pause,27351.051701205743,27351.050701205742,nan,,,,,,,,,,
2.480680259556231,inhale,27351.86570120591,27351.051701205743,27351.28670120579,,,,,,,,,,
nan,pause,27351.86670120591,27351.86570120591,nan,,,,,,,,,,
-2.7998845696579497,exhale,27352.871701206113,27351.86670120591,27352.61670120606,,,,,,,,,,
nan,pause,27352.872701206114,27352.871701206113,nan,,,,,,,,,,
2.266696090911539,inhale,27353.69270120628,27352.872701206114,27353.116701206163,,,,,,,,,,
nan,pause,27353.69370120628,27353.69270120628,nan,,,,,,,,,,
-2.4786087535030754,exhale,27354.808701206508,27353.69370120628,27354.456701206436,,,,,,,,,,
nan,pause,27354.809701206508,27354.808701206508,nan,,,,,,,,,,
1.9001000000000032,inhale,27355.583701206666,27354.809701206508,27355.126701206573,,,,,,,,,,
nan,pause,27355.584701206666,27355.583701206666,nan,,,,,,,,,,
-2.1873540401126026,exhale,27356.694701206892,27355.584701206666,27356.44670120684,,,,,,,,,,
nan,pause,27356.695701206892,27356.694701206892,nan,,,,,,,,,,
1.8160326932496373,inhale,27357.47470120705,27356.695701206892,27356.956701206946,,,,,,,,,,
nan,pause,27357.47570120705,27357.47470120705,nan,,,,,,,,,,
-2.704044233727584,exhale,27358.470701207254,27357.47570120705,27358.276701207215,,,,,,,,,,
nan,pause,27358.471701207254,27358.470701207254,nan,,,,,,,,,,
2.5333824237152065,inhale,27359.206701207404,27358.471701207254,27358.616701207284,,,,,,,,,,
nan,pause,27359.207701207404,27359.206701207404,nan,,,,,,,,,,
-5.399899999999997,exhale,27360.290701207625,27359.207701207404,27359.956701207557,,,,,,,,,,
nan,pause,27360.291701207625,27360.290701207625,nan,,,,,,,,,,
8.966652596784263,inhale,27361.024701207774,27360.291701207625,27360.61670120769,,,,,,,,,,
nan,pause,27361.025701207775,27361.024701207774,nan,,,,,,,,,,
-8.433230106756431,exhale,27361.971701207967,27361.025701207775,27361.616701207895,,,,,,,,,,
nan,pause,27361.972701207967,27361.971701207967,nan,,,,,,,,,,
6.000043148650735,inhale,27362.711701208118,27361.972701207967,27362.116701207997,,,,,,,,,,
nan,pause,27362.71270120812,27362.711701208118,nan,,,,,,,,,,
-6.178768597097614,exhale,27363.682701208316,27362.71270120812,27363.276701208233,,,,,,,,,,
nan,pause,27363.683701208316,27363.682701208316,nan,,,,,,,,,,
4.0110840079052865,inhale,27364.49570120848,27363.683701208316,27363.94670120837,,,,,,,,,,
nan,pause,27364.49670120848,27364.49570120848,nan,,,,,,,,,,
-5.98701540260768,exhale,27365.533701208693,27364.49670120848,27364.78670120854,,,,,,,,,,
nan,pause,27365.534701208693,27365.533701208693,nan,,,,,,,,,,
3.891597998295314,inhale,27366.40770120887,27365.534701208693,27365.786701208744,,,,,,,,,,
nan,pause,27366.40870120887,27366.40770120887,nan,,,,,,,,,,
-5.59988150133006,exhale,27367.47970120909,27366.40870120887,27367.116701209015,,,,,,,,,,
nan,pause,27367.48070120909,27367.47970120909,nan,,,,,,,,,,
4.100060279809987,inhale,27368.21670120924,27367.48070120909,27367.616701209117,,,,,,,,,,
nan,pause,27368.21770120924,27368.21670120924,nan,,,,,,,,,,
-5.602332267844943,exhale,27369.160701209432,27368.21770120924,27368.45670120929,,,,,,,,,,
nan,pause,27369.161701209432,27369.160701209432,nan,,,,,,,,,,
4.558538729554038,inhale,27369.902701209583,27369.161701209432,27369.286701209458,,,,,,,,,,
nan,pause,27369.903701209583,27369.902701209583,nan,,,,,,,,,,
-4.3198975806095,exhale,27370.901701209787,27369.903701209583,27370.456701209696,,,,,,,,,,
nan,pause,27370.902701209787,27370.901701209787,nan,,,,,,,,,,
4.400075687981826,inhale,27371.643701209938,27370.902701209787,27371.11670120983,,,,,,,,,,
nan,pause,27371.644701209938,27371.643701209938,nan,,,,,,,,,,
-4.851191638912286,exhale,27372.54070121012,27371.644701209938,27371.95670121,,,,,,,,,,
nan,pause,27372.54170121012,27372.54070121012,nan,,,,,,,,,,
4.190577835710907,inhale,27373.254701210266,27372.54170121012,27372.78670121017,,,,,,,,,,
nan,pause,27373.255701210266,27373.254701210266,nan,,,,,,,,,,
-4.883275527983287,exhale,27374.132701210445,27373.255701210266,27373.61670121034,,,,,,,,,,
nan,pause,27374.133701210445,27374.132701210445,nan,,,,,,,,,,
4.125579460252971,inhale,27374.85070121059,27374.133701210445,27374.286701210476,,,,,,,,,,
nan,pause,27374.85170121059,27374.85070121059,nan,,,,,,,,,,
-3.6332811571279895,exhale,27375.706701210765,27374.85170121059,27375.116701210645,,,,,,,,,,
nan,pause,27375.707701210766,27375.706701210765,nan,,,,,,,,,,
4.032677655863565,inhale,27376.41170121091,27375.707701210766,27375.956701210816,,,,,,,,,,
nan,pause,27376.41270121091,27376.41170121091,nan,,,,,,,,,,
-4.016508495362798,exhale,27377.213701211072,27376.41270121091,27377.116701211053,,,,,,,,,,
nan,pause,27377.214701211073,27377.213701211072,nan,,,,,,,,,,
3.963971713647623,inhale,27377.872701211207,27377.214701211073,27377.456701211122,,,,,,,,,,
nan,pause,27377.873701211207,27377.872701211207,nan,,,,,,,,,,
-5.283261629699661,exhale,27378.67770121137,27377.873701211207,27378.116701211256,,,,,,,,,,
nan,pause,27378.67870121137,27378.67770121137,nan,,,,,,,,,,
4.485817768592489,inhale,27379.333701211504,27378.67870121137,27378.786701211393,,,,,,,,,,
nan,pause,27379.334701211505,27379.333701211504,nan,,,,,,,,,,
-5.2332662298982155,exhale,27380.213701211684,27379.334701211505,27379.616701211562,,,,,,,,,,
nan,pause,27380.214701211684,27380.213701211684,nan,,,,,,,,,,
3.7880402308353065,inhale,27380.87870121182,27380.214701211684,27380.456701211733,,,,,,,,,,
nan,pause,27380.87970121182,27380.87870121182,nan,,,,,,,,,,
-5.333259004642509,exhale,27381.691701211985,27380.87970121182,27381.116701211868,,,,,,,,,,
nan,pause,27381.692701211985,27381.691701211985,nan,,,,,,,,,,
3.7830648881737656,inhale,27382.35870121212,27381.692701211985,27381.946701212037,,,,,,,,,,
nan,pause,27382.35970121212,27382.35870121212,nan,,,,,,,,,,
-6.927980148791649,exhale,27383.218701212296,27382.35970121212,27382.94670121224,,,,,,,,,,
nan,pause,27383.219701212296,27383.218701212296,nan,,,,,,,,,,
3.266230875275438,pause,27383.28670121231,27383.219701212296,27383.28570121231,,,,,,,,,,
