Extremum Values,Event Types,Event End Times,Event Start Times,Extremum Times,,Zelano Parameters,,,,,,,,
,,,,,,Breathing Rate,Inter-Breath Interval,Tidal Volume,Minute Ventilation,Duty Cycle,CV Duty Cycle,CV Breathing Rate,CV Breath Volumes,Inhale-Exhale Volumes
0.6498999999999937,inhale,21433.1227000001,21432.6167,21432.6167,,0.3746383454195798,2.669240915208614,-0.28067495810669607,-6.309096114348149,0.4689415369320094,0.2962984898035855,1.3279759335971117,-9.597082547692727,-0.4494134949048849
nan,pause,21433.123700000102,21433.1227000001,nan,,nan,nan,nan,nan,nan,nan,nan,nan,0.42949461959388546
-0.8000999967923625,exhale,21434.256700000333,21433.123700000102,21434.116700000304,,nan,nan,nan,nan,nan,nan,nan,nan,1.004364453635175
nan,pause,21434.257700000333,21434.256700000333,nan,,nan,nan,nan,nan,nan,nan,nan,nan,-1.519058174742924
1.0831999999999937,inhale,21435.402700000566,21434.257700000333,21434.456700000374,,nan,nan,nan,nan,nan,nan,nan,nan,-2.291800701390372
nan,pause,21435.403700000566,21435.402700000566,nan,,nan,nan,nan,nan,nan,nan,nan,nan,-1.5318324562902799
-0.5964713785953092,exhale,21436.019700000692,21435.403700000566,21435.946700000677,,nan,nan,nan,nan,nan,nan,nan,nan,-2.8921158505652285
nan,pause,21436.020700000692,21436.019700000692,nan,,nan,nan,nan,nan,nan,nan,nan,nan,-2.0913186041251004
0.8331999871579779,inhale,21436.24870000074,21436.020700000692,21436.11670000071,,nan,nan,nan,nan,nan,nan,nan,nan,-3.4999845260178675
nan,pause,21506.06070001496,21436.24870000074,nan,,nan,nan,nan,nan,nan,nan,nan,nan,-3.5229171073748047
-0.7994406898129464,exhale,21507.09270001517,21506.06070001496,21506.94670001514,,nan,nan,nan,nan,nan,nan,nan,nan,-3.283693930588421
nan,pause,21508.690700015497,21507.09270001517,nan,,nan,nan,nan,nan,nan,nan,nan,nan,-2.1071047183824314
-1.2977218247078508,exhale,21509.6867000157,21508.690700015497,21509.28670001562,,nan,nan,nan,nan,nan,nan,nan,nan,-4.059449337146469
nan,pause,21509.6877000157,21509.6867000157,nan,,nan,nan,nan,nan,nan,nan,nan,nan,-3.878967876953133
0.5664999999999937,inhale,21511.29870001603,21509.6877000157,21509.78670001572,,nan,nan,nan,nan,nan,nan,nan,nan,-2.1178523423472235
nan,pause,21511.29970001603,21511.29870001603,nan,,nan,nan,nan,nan,nan,nan,nan,nan,-1.6089094483219206
-4.933805317419056,exhale,21512.112700016194,21511.29970001603,21511.94670001616,,nan,nan,nan,nan,nan,nan,nan,nan,-3.861169605301666
nan,pause,21512.113700016194,21512.112700016194,nan,,nan,nan,nan,nan,nan,nan,nan,nan,-3.444689760890064
3.034602986365869,inhale,21513.789700016536,21512.113700016194,21512.28670001623,,nan,nan,nan,nan,nan,nan,nan,nan,-1.2724135004903054
nan,pause,21513.790700016536,21513.789700016536,nan,,nan,nan,nan,nan,nan,nan,nan,nan,-4.020306324209177
-9.206248555660416,exhale,21514.607700016702,21513.790700016536,21514.286700016637,,nan,nan,nan,nan,nan,nan,nan,nan,3.350627892887646
nan,pause,21514.608700016703,21514.607700016702,nan,,nan,nan,nan,nan,nan,nan,nan,nan,3.6734329367528122
4.434941558026886,inhale,21516.147700017016,21514.608700016703,21514.78670001674,,nan,nan,nan,nan,nan,nan,nan,nan,0.025663800257174074
nan,pause,21516.148700017016,21516.147700017016,nan,,nan,nan,nan,nan,nan,nan,nan,nan,-0.4114587168737698
-9.683499360287566,exhale,21516.90570001717,21516.148700017016,21516.61670001711,,nan,nan,nan,nan,nan,nan,nan,nan,-0.7468546267685099
nan,pause,21516.90670001717,21516.90570001717,nan,,nan,nan,nan,nan,nan,nan,nan,nan,-1.4809307157332503
6.24989905469933,inhale,21518.446700017485,21516.90670001717,21517.116700017214,,nan,nan,nan,nan,nan,nan,nan,nan,-0.41306516944144267
nan,pause,21518.447700017485,21518.446700017485,nan,,nan,nan,nan,nan,nan,nan,nan,nan,-3.237973188906616
-13.793223334349488,exhale,21519.269700017652,21518.447700017485,21518.946700017586,,nan,nan,nan,nan,nan,nan,nan,nan,-1.4890611137972503
nan,pause,21519.270700017652,21519.269700017652,nan,,nan,nan,nan,nan,nan,nan,nan,nan,-1.696463517133969
6.4456407085719984,inhale,21520.93270001799,21519.270700017652,21519.45670001769,,nan,nan,nan,nan,nan,nan,nan,nan,-2.75860490350859
nan,pause,21520.93370001799,21520.93270001799,nan,,nan,nan,nan,nan,nan,nan,nan,nan,-2.186605705071818
-13.675557846342434,exhale,21521.71270001815,21520.93370001799,21521.446700018096,,nan,nan,nan,nan,nan,nan,nan,nan,-2.362048000941072
nan,pause,21521.71370001815,21521.71270001815,nan,,nan,nan,nan,nan,nan,nan,nan,nan,-3.8124430674090855
5.360434145279259,inhale,21523.350700018484,21521.71370001815,21521.946700018198,,nan,nan,nan,nan,nan,nan,nan,nan,-1.948700441662922
nan,pause,21523.351700018484,21523.350700018484,nan,,nan,nan,nan,nan,nan,nan,nan,nan,-3.874459700292139
-14.226234314126879,exhale,21524.098700018636,21523.351700018484,21523.77670001857,,nan,nan,nan,nan,nan,nan,nan,nan,-3.3318029307148436
nan,pause,21524.099700018636,21524.098700018636,nan,,nan,nan,nan,nan,nan,nan,nan,nan,-2.0702346942503365
7.468654442768287,inhale,21525.78670001898,21524.099700018636,21524.286700018674,,nan,nan,nan,nan,nan,nan,nan,nan,-0.9663172894785781
nan,pause,21525.78770001898,21525.78670001898,nan,,nan,nan,nan,nan,nan,nan,nan,nan,-3.485705590781132
-19.250098370574502,exhale,21526.506700019127,21525.78770001898,21526.116700019047,,nan,nan,nan,nan,nan,nan,nan,nan,-3.700447688732668
nan,pause,21526.507700019127,21526.506700019127,nan,,nan,nan,nan,nan,nan,nan,nan,nan,2.377833642120632
6.360749599753822,inhale,21528.106700019453,21526.507700019127,21526.77670001918,,nan,nan,nan,nan,nan,nan,nan,nan,2.98700357137138
nan,pause,21528.107700019453,21528.106700019453,nan,,nan,nan,nan,nan,nan,nan,nan,nan,-3.814285391675102
-17.510231300892183,exhale,21528.852700019605,21528.107700019453,21528.44670001952,,nan,nan,nan,nan,nan,nan,nan,nan,-2.8593079842227187
nan,pause,21528.853700019605,21528.852700019605,nan,,nan,nan,nan,nan,nan,nan,nan,nan,-1.7209278624218047
6.349755979749222,inhale,21530.49770001994,21528.853700019605,21528.956700019626,,nan,nan,nan,nan,nan,nan,nan,nan,-1.716265639621942
nan,pause,21530.49870001994,21530.49770001994,nan,,nan,nan,nan,nan,nan,nan,nan,nan,-0.912943499318656
-15.87942079184241,exhale,21531.259700020095,21530.49870001994,21530.78670002,,nan,nan,nan,nan,nan,nan,nan,nan,-1.5541824999795377
nan,pause,21531.260700020095,21531.259700020095,nan,,nan,nan,nan,nan,nan,nan,nan,nan,4.209402288547955
8.146835063593686,inhale,21532.772700020403,21531.260700020095,21531.456700020135,,nan,nan,nan,nan,nan,nan,nan,nan,3.8716207693065696
nan,pause,21532.773700020403,21532.772700020403,nan,,nan,nan,nan,nan,nan,nan,nan,nan,3.2418005397142844
-16.466799531132715,exhale,21533.569700020566,21532.773700020403,21533.116700020473,,nan,nan,nan,nan,nan,nan,nan,nan,0.10367079319594175
nan,pause,21533.570700020566,21533.569700020566,nan,,nan,nan,nan,nan,nan,nan,nan,nan,0.6206637526861791
5.485948483812632,inhale,21535.278700020914,21533.570700020566,21533.78670002061,,nan,nan,nan,nan,nan,nan,nan,nan,-2.0178271451147234
nan,pause,21535.279700020914,21535.278700020914,nan,,nan,nan,nan,nan,nan,nan,nan,nan,-0.33847419794667966
-18.700098650636427,exhale,21536.016700021064,21535.279700020914,21535.616700020983,,nan,nan,nan,nan,nan,nan,nan,nan,0.055855354341223074
nan,pause,21536.017700021064,21536.016700021064,nan,,nan,nan,nan,nan,nan,nan,nan,nan,-1.5788193169426463
8.249898523024251,inhale,21537.644700021396,21536.017700021064,21536.116700021084,,nan,nan,nan,nan,nan,nan,nan,nan,-0.14825185405763408
nan,pause,21537.645700021396,21537.644700021396,nan,,nan,nan,nan,nan,nan,nan,nan,nan,0.205301358147875
-19.995871024170125,exhale,21538.39670002155,21537.645700021396,21537.946700021457,,nan,nan,nan,nan,nan,nan,nan,nan,-0.1463362208339882
nan,pause,21538.39770002155,21538.39670002155,nan,,nan,nan,nan,nan,nan,nan,nan,nan,-0.048703702254570824
10.649898342918968,inhale,21539.996700021875,21538.39770002155,21538.616700021594,,nan,nan,nan,nan,nan,nan,nan,nan,0.022135219050973237
nan,pause,21539.997700021875,21539.996700021875,nan,,nan,nan,nan,nan,nan,nan,nan,nan,-0.13836008968137734
-17.825025392735256,exhale,21540.829700022045,21539.997700021875,21540.446700021967,,nan,nan,nan,nan,nan,nan,nan,nan,0.2549484212220549
nan,pause,21540.830700022045,21540.829700022045,nan,,nan,nan,nan,nan,nan,nan,nan,nan,0.12266073672105514
8.91649911576017,inhale,21542.319700022348,21540.830700022045,21541.116700022103,,nan,nan,nan,nan,nan,nan,nan,nan,-1.9486668887943008
nan,pause,21542.32070002235,21542.319700022348,nan,,nan,nan,nan,nan,nan,nan,nan,nan,-1.0717209220923076
-20.366797564367804,exhale,21543.125700022512,21542.32070002235,21542.61670002241,,nan,nan,nan,nan,nan,nan,nan,nan,-1.6305670369939602
nan,pause,21543.126700022513,21543.125700022512,nan,,nan,nan,nan,nan,nan,nan,nan,nan,-2.480884509610841
8.937295995484941,inhale,21544.78770002285,21543.126700022513,21543.286700022545,,nan,nan,nan,nan,nan,nan,nan,nan,-3.6480187503957278
nan,pause,21544.78870002285,21544.78770002285,nan,,nan,nan,nan,nan,nan,nan,nan,nan,-2.6033041786996316
-20.28349760175734,exhale,21545.556700023008,21544.78870002285,21545.116700022918,,nan,nan,nan,nan,nan,nan,nan,nan,-1.0776585090632316
nan,pause,21545.557700023008,21545.556700023008,nan,,nan,nan,nan,nan,nan,nan,nan,nan,-2.7123051473639235
11.071021674841456,inhale,21547.109700023324,21545.557700023008,21545.786700023054,,nan,nan,nan,nan,nan,nan,nan,nan,-3.817863279285441
nan,pause,21547.110700023324,21547.109700023324,nan,,nan,nan,nan,nan,nan,nan,nan,nan,-3.9976588377208007
-17.59373495951894,exhale,21547.896700023484,21547.110700023324,21547.456700023395,,nan,nan,nan,nan,nan,nan,nan,nan,-3.723016191990707
nan,pause,21547.897700023485,21547.896700023484,nan,,nan,nan,nan,nan,nan,nan,nan,nan,-2.329714947371973
8.133198780943053,inhale,21549.49670002381,21547.897700023485,21548.11670002353,,nan,nan,nan,nan,nan,nan,nan,nan,3.5008235016018125
nan,pause,21549.49770002381,21549.49670002381,nan,,nan,nan,nan,nan,nan,nan,nan,nan,0.8906524999389385
-19.113133579171716,exhale,21550.311700023976,21549.49770002381,21549.78670002387,,nan,nan,nan,nan,nan,nan,nan,nan,5.86664969436799
nan,pause,21550.312700023977,21550.311700023976,nan,,nan,nan,nan,nan,nan,nan,nan,nan,-5.120539713241196
15.34148406685095,inhale,21551.928700024306,21550.312700023977,21551.446700024208,,nan,nan,nan,nan,nan,nan,nan,nan,0.13796543251479676
nan,pause,21551.929700024306,21551.928700024306,nan,,nan,nan,nan,nan,nan,nan,nan,nan,-4.405989274922957
-12.53539435408741,exhale,21552.941700024512,21551.929700024306,21552.77670002448,,nan,nan,nan,nan,nan,nan,nan,nan,-3.557398061812896
nan,pause,21552.942700024512,21552.941700024512,nan,,nan,nan,nan,nan,nan,nan,nan,nan,-2.6736972994033454
29.883193350796887,pause,21554.147700024758,21552.942700024512,21553.116700024548,,nan,nan,nan,nan,nan,nan,nan,nan,-2.5432020249503324
nan,pause,21554.148700024758,21554.147700024758,nan,,nan,nan,nan,nan,nan,nan,nan,nan,-2.566496945198077
-9.098761602720407,exhale,21555.054700024943,21554.148700024758,21554.45670002482,,nan,nan,nan,nan,nan,nan,nan,nan,-2.8204787644799287
nan,pause,21555.055700024943,21555.054700024943,nan,,nan,nan,nan,nan,nan,nan,nan,nan,-0.6570378790563165
13.788345368783189,inhale,21556.478700025233,21555.055700024943,21555.28670002499,,nan,nan,nan,nan,nan,nan,nan,nan,1.405892919196332
nan,pause,21556.479700025233,21556.478700025233,nan,,nan,nan,nan,nan,nan,nan,nan,nan,1.1054956085703802
-8.900099301325438,exhale,21557.430700025427,21556.479700025233,21557.116700025363,,nan,nan,nan,nan,nan,nan,nan,nan,-1.3977511558068736
nan,pause,21557.431700025427,21557.430700025427,nan,,nan,nan,nan,nan,nan,nan,nan,nan,-0.23966171673673387
11.249897712459743,inhale,21558.840700025714,21557.431700025427,21557.616700025465,,nan,nan,nan,nan,nan,nan,nan,nan,0.19681176918296028
nan,pause,21558.841700025714,21558.840700025714,nan,,nan,nan,nan,nan,nan,nan,nan,nan,0.9633135681554847
-14.01656114005001,exhale,21559.787700025907,21558.841700025714,21559.286700025805,,nan,nan,nan,nan,nan,nan,nan,nan,-0.22406899938514346
nan,pause,21559.788700025907,21559.787700025907,nan,,nan,nan,nan,nan,nan,nan,nan,nan,-1.6778757423551758
10.119084703727298,inhale,21561.294700026214,21559.788700025907,21559.95670002594,,nan,nan,nan,nan,nan,nan,nan,nan,-0.11189242290109647
nan,pause,21561.295700026214,21561.294700026214,nan,,nan,nan,nan,nan,nan,nan,nan,nan,-1.7776169489425593
-10.09678705838753,exhale,21562.25970002641,21561.295700026214,21561.786700026314,,nan,nan,nan,nan,nan,nan,nan,nan,-0.9749589310845224
nan,pause,21562.26070002641,21562.25970002641,nan,,nan,nan,nan,nan,nan,nan,nan,nan,0.7769432602658854
9.071765515807181,inhale,21563.693700026703,21562.26070002641,21562.45670002645,,nan,nan,nan,nan,nan,nan,nan,nan,3.7449203585318624
nan,pause,21563.694700026703,21563.693700026703,nan,,nan,nan,nan,nan,nan,nan,nan,nan,-0.5058269971345828
-13.050098580902665,exhale,21564.592700026886,21563.694700026703,21564.11670002679,,nan,nan,nan,nan,nan,nan,nan,nan,0.17465908637269312
nan,pause,21564.593700026886,21564.592700026886,nan,,nan,nan,nan,nan,nan,nan,nan,nan,0.35278989086783485
13.504025491716408,inhale,21565.98370002717,21564.593700026886,21564.786700026925,,nan,nan,nan,nan,nan,nan,nan,nan,0.31486460358200574
nan,pause,21565.98470002717,21565.98370002717,nan,,nan,nan,nan,nan,nan,nan,nan,nan,-0.3250312111975042
-10.258090366476987,exhale,21566.92370002736,21565.98470002717,21566.456700027265,,nan,nan,nan,nan,nan,nan,nan,nan,-0.2799948384325741
nan,pause,21566.92470002736,21566.92370002736,nan,,nan,nan,nan,nan,nan,nan,nan,nan,0.13478984414746395
7.416498826066586,inhale,21568.468700027675,21566.92470002736,21567.1167000274,,nan,nan,nan,nan,nan,nan,nan,nan,0.028720898794467237
nan,pause,21568.469700027676,21568.468700027675,nan,,nan,nan,nan,nan,nan,nan,nan,nan,0.17601457909998536
-13.704562347662957,exhale,21569.339700027853,21568.469700027676,21568.78670002774,,nan,nan,nan,nan,nan,nan,nan,nan,-0.08041038757942381
nan,pause,21569.340700027853,21569.339700027853,nan,,nan,nan,nan,nan,nan,nan,nan,nan,1.2500292377622222
7.543055931253301,inhale,21570.94870002818,21569.340700027853,21569.456700027877,,nan,nan,nan,nan,nan,nan,nan,nan,-0.617240359171239
nan,pause,21570.94970002818,21570.94870002818,nan,,nan,nan,nan,nan,nan,nan,nan,nan,-3.1910604954867337
-14.670242541315599,exhale,21571.745700028343,21570.94970002818,21571.28670002825,,nan,nan,nan,nan,nan,nan,nan,nan,-2.887525902068569
nan,pause,21571.746700028343,21571.745700028343,nan,,nan,nan,nan,nan,nan,nan,nan,nan,-3.47681480788708
9.933197898748586,inhale,21573.14570002863,21571.746700028343,21572.11670002842,,nan,nan,nan,nan,nan,nan,nan,nan,-3.6591759096687797
nan,pause,21573.14670002863,21573.14570002863,nan,,nan,nan,nan,nan,nan,nan,nan,nan,-0.28736849244351514
-14.489096547881585,exhale,21573.978700028798,21573.14670002863,21573.45670002869,,nan,nan,nan,nan,nan,nan,nan,nan,-0.8094722094746776
nan,pause,21573.979700028798,21573.978700028798,nan,,nan,nan,nan,nan,nan,nan,nan,nan,-2.452370615068131
8.849898499816554,inhale,21575.435700029095,21573.979700028798,21574.116700028826,,nan,nan,nan,nan,nan,nan,nan,nan,0.528609298086697
nan,pause,21575.436700029095,21575.435700029095,nan,,nan,nan,nan,nan,nan,nan,nan,nan,-2.379181490223538
-15.592180469658299,exhale,21576.23970002926,21575.436700029095,21575.9467000292,,nan,nan,nan,nan,nan,nan,nan,nan,7.763161935485608
nan,pause,21576.24070002926,21576.23970002926,nan,,nan,nan,nan,nan,nan,nan,nan,nan,0.045994945567807394
7.63812533209909,inhale,21577.81170002958,21576.24070002926,21576.456700029303,,nan,nan,nan,nan,nan,nan,nan,nan,0.04460537685757393
nan,pause,21577.81270002958,21577.81170002958,nan,,nan,nan,nan,nan,nan,nan,nan,nan,0.064646686500567
-16.900097829778073,exhale,21578.629700029745,21577.81270002958,21578.11670002964,,nan,nan,nan,nan,nan,nan,nan,nan,-0.2107886389307005
nan,pause,21578.630700029746,21578.629700029745,nan,,nan,nan,nan,nan,nan,nan,nan,nan,0.6480466605262317
9.103583150218576,inhale,21580.148700030055,21578.630700029746,21578.786700029777,,nan,nan,nan,nan,nan,nan,nan,nan,-0.08493234351822775
nan,pause,21580.149700030055,21580.148700030055,nan,,nan,nan,nan,nan,nan,nan,nan,nan,0.14212513894205547
-17.800098352503703,exhale,21581.00070003023,21580.149700030055,21580.61670003015,,nan,nan,nan,nan,nan,nan,nan,nan,1.4893556855016954
nan,pause,21581.00170003023,21581.00070003023,nan,,nan,nan,nan,nan,nan,nan,nan,nan,0.09442147537801744
5.863440584624263,inhale,21582.58470003055,21581.00170003023,21581.286700030287,,nan,nan,nan,nan,nan,nan,nan,nan,-0.09391327453337192
nan,pause,21582.58570003055,21582.58470003055,nan,,nan,nan,nan,nan,nan,nan,nan,nan,-0.11649916533864643
-15.979209977649303,exhale,21583.399700030717,21582.58570003055,21582.946700030625,,nan,nan,nan,nan,nan,nan,nan,nan,-0.12994671218132156
nan,pause,21583.400700030717,21583.399700030717,nan,,nan,nan,nan,nan,nan,nan,nan,nan,0.011895864048823916
7.716498744728656,inhale,21584.98970003104,21583.400700030717,21583.61670003076,,nan,nan,nan,nan,nan,nan,nan,nan,0.022843369867314403
nan,pause,21584.99070003104,21584.98970003104,nan,,nan,nan,nan,nan,nan,nan,nan,nan,-0.0856688435370899
-18.87769381875367,exhale,21585.796700031206,21584.99070003104,21585.2867000311,,nan,nan,nan,nan,nan,nan,nan,nan,-0.02445862581182498
nan,pause,21585.797700031206,21585.796700031206,nan,,nan,nan,nan,nan,nan,nan,nan,nan,-0.005449185927138882
7.916499999999994,inhale,21587.43470003154,21585.797700031206,21585.956700031238,,nan,nan,nan,nan,nan,nan,nan,nan,-0.006474423227613754
nan,pause,21587.43570003154,21587.43470003154,nan,,nan,nan,nan,nan,nan,nan,nan,nan,-0.23762281784876754
-20.256248362535462,exhale,21588.27070003171,21587.43570003154,21587.78670003161,,nan,nan,nan,nan,nan,nan,nan,nan,-0.6224296015503767
nan,pause,21588.27170003171,21588.27070003171,nan,,nan,nan,nan,nan,nan,nan,nan,nan,-0.7013200480792101
7.799897892839076,inhale,21589.865700032035,21588.27170003171,21588.61670003178,,nan,nan,nan,nan,nan,nan,nan,nan,-0.30907760930878386
nan,pause,21589.866700032035,21589.865700032035,nan,,nan,nan,nan,nan,nan,nan,nan,nan,0.3856023753718797
-17.32129185381306,exhale,21590.757700032216,21589.866700032035,21590.28670003212,,nan,nan,nan,nan,nan,nan,nan,nan,0.17801391056152457
nan,pause,21590.758700032216,21590.757700032216,nan,,nan,nan,nan,nan,nan,nan,nan,nan,-0.3827043222112978
8.678269381616941,inhale,21592.50270003257,21590.758700032216,21590.956700032257,,nan,nan,nan,nan,nan,nan,nan,nan,-0.5532371688493479
nan,pause,21592.503700032572,21592.50270003257,nan,,nan,nan,nan,nan,nan,nan,nan,nan,-0.1309024031943405
-16.986774067504264,exhale,21593.360700032747,21592.503700032572,21592.946700032662,,nan,nan,nan,nan,nan,nan,nan,nan,0.30443386285148955
nan,pause,21593.361700032747,21593.360700032747,nan,,nan,nan,nan,nan,nan,nan,nan,nan,-0.030948449358208285
11.766497156551779,inhale,21594.978700033076,21593.361700032747,21593.6167000328,,nan,nan,nan,nan,nan,nan,nan,nan,-0.4343143618566167
nan,pause,21594.979700033076,21594.978700033076,nan,,nan,nan,nan,nan,nan,nan,nan,nan,-0.0826348523487727
-15.81865201154952,exhale,21595.871700033258,21594.979700033076,21595.44670003317,,nan,nan,nan,nan,nan,nan,nan,nan,-0.0049607453389781675
nan,pause,21595.87270003326,21595.871700033258,nan,,nan,nan,nan,nan,nan,nan,nan,nan,-0.028332172496221886
8.716498692263078,inhale,21597.45670003358,21595.87270003326,21596.116700033308,,nan,nan,nan,nan,nan,nan,nan,nan,-0.059569268018973026
nan,pause,21597.45770003358,21597.45670003358,nan,,nan,nan,nan,nan,nan,nan,nan,nan,0.09198049099708186
-16.797129576653415,exhale,21598.28970003375,21597.45770003358,21597.94670003368,,nan,nan,nan,nan,nan,nan,nan,nan,0.13227661903707788
nan,pause,21598.29070003375,21598.28970003375,nan,,nan,nan,nan,nan,nan,nan,nan,nan,-0.09545190217668514
6.257794377218755,inhale,21599.941700034087,21598.29070003375,21598.456700033785,,nan,nan,nan,nan,nan,nan,nan,nan,-0.37405752341598225
nan,pause,21599.942700034087,21599.941700034087,nan,,nan,nan,nan,nan,nan,nan,nan,nan,0.03980555113845083
-16.636163327292056,exhale,21600.759700034254,21599.942700034087,21600.286700034158,,nan,nan,nan,nan,nan,nan,nan,nan,0.05274193937278565
nan,pause,21600.760700034254,21600.759700034254,nan,,nan,nan,nan,nan,nan,nan,nan,nan,0.16842422523804682
7.460182889617156,inhale,21602.4557000346,21600.760700034254,21600.956700034294,,nan,nan,nan,nan,nan,nan,nan,nan,0.14963873149247514
nan,pause,21602.4567000346,21602.4557000346,nan,,nan,nan,nan,nan,nan,nan,nan,nan,-0.30462174494478983
-6.900099532488366,exhale,21603.4437000348,21602.4567000346,21603.116700034734,,nan,nan,nan,nan,nan,nan,nan,nan,0.15780220986960808
nan,pause,21603.4447000348,21603.4437000348,nan,,nan,nan,nan,nan,nan,nan,nan,nan,-0.27207963188023204
22.63319478823871,pause,21604.61870003504,21603.4447000348,21603.616700034836,,nan,nan,nan,nan,nan,nan,nan,nan,0.1229029346053715
nan,pause,21604.61970003504,21604.61870003504,nan,,nan,nan,nan,nan,nan,nan,nan,nan,-0.10113732584366773
-14.25268466156246,exhale,21605.512700035222,21604.61970003504,21604.95670003511,,nan,nan,nan,nan,nan,nan,nan,nan,-0.08411377945517276
nan,pause,21605.513700035222,21605.512700035222,nan,,nan,nan,nan,nan,nan,nan,nan,nan,-0.043143836935931656
5.430140580132986,inhale,21607.107700035547,21605.513700035222,21605.786700035278,,nan,nan,nan,nan,nan,nan,nan,nan,-0.0966231070933119
nan,pause,21607.108700035547,21607.107700035547,nan,,nan,nan,nan,nan,nan,nan,nan,nan,0.044982563507324325
-14.032828790672987,exhale,21607.945700035718,21607.108700035547,21607.45670003562,,nan,nan,nan,nan,nan,nan,nan,nan,-0.11956743612714393
nan,pause,21607.946700035718,21607.945700035718,nan,,nan,nan,nan,nan,nan,nan,nan,nan,-0.027068142742654122
5.753295940556127,inhale,21609.61970003606,21607.946700035718,21608.276700035785,,nan,nan,nan,nan,nan,nan,nan,nan,-0.4695393212344259
nan,pause,21609.62070003606,21609.61970003606,nan,,nan,nan,nan,nan,nan,nan,nan,nan,-0.6748140972857364
-15.276655902382462,exhale,21610.421700036222,21609.62070003606,21609.956700036128,,nan,nan,nan,nan,nan,nan,nan,nan,-0.417707326965441
nan,pause,21610.422700036223,21610.421700036222,nan,,nan,nan,nan,nan,nan,nan,nan,nan,-0.5109994026793541
9.716497412608687,inhale,21612.014700036547,21610.422700036223,21610.616700036262,,nan,nan,nan,nan,nan,nan,nan,nan,-0.3877225942333258
nan,pause,21612.015700036547,21612.014700036547,nan,,nan,nan,nan,nan,nan,nan,nan,nan,-0.566395529957785
-13.112840344960377,exhale,21612.91870003673,21612.015700036547,21612.446700036635,,nan,nan,nan,nan,nan,nan,nan,nan,0.03305236332351624
nan,pause,21612.91970003673,21612.91870003673,nan,,nan,nan,nan,nan,nan,nan,nan,nan,0.12974977660581977
11.499896103066204,inhale,21614.447700037043,21612.91970003673,21613.11670003677,,nan,nan,nan,nan,nan,nan,nan,nan,-0.35006897408403626
nan,pause,21614.448700037043,21614.447700037043,nan,,nan,nan,nan,nan,nan,nan,nan,nan,-0.2311955537631618
-13.44772180967423,exhale,21615.36970003723,21614.448700037043,21614.78670003711,,nan,nan,nan,nan,nan,nan,nan,nan,-0.0004775397892560207
nan,pause,21615.37070003723,21615.36970003723,nan,,nan,nan,nan,nan,nan,nan,nan,nan,-0.0804676102002786
13.14989542064732,inhale,21616.753700037512,21615.37070003723,21615.61670003728,,nan,nan,nan,nan,nan,nan,nan,nan,-1.173926301470037
nan,pause,21616.754700037513,21616.753700037512,nan,,nan,nan,nan,nan,nan,nan,nan,nan,-2.018562484177824
-11.395000963374741,exhale,21617.602700037685,21616.754700037513,21617.28670003762,,nan,nan,nan,nan,nan,nan,nan,nan,-0.3670408445213069
nan,pause,21617.603700037685,21617.602700037685,nan,,nan,nan,nan,nan,nan,nan,nan,nan,-3.2393778493621754
7.251926587632982,inhale,21619.159700038002,21617.603700037685,21617.786700037723,,nan,nan,nan,nan,nan,nan,nan,nan,-2.793888637115523
nan,pause,21619.160700038003,21619.159700038002,nan,,nan,nan,nan,nan,nan,nan,nan,nan,-1.1487635332143147
-10.788425229624638,exhale,21620.07870003819,21619.160700038003,21619.456700038063,,nan,nan,nan,nan,nan,nan,nan,nan,-1.5766040982283664
nan,pause,21620.07970003819,21620.07870003819,nan,,nan,nan,nan,nan,nan,nan,nan,nan,-3.190179395436256
13.165850240289263,inhale,21621.474700038474,21620.07970003819,21620.286700038232,,nan,nan,nan,nan,nan,nan,nan,nan,-2.3935244362435633
nan,pause,21621.475700038474,21621.474700038474,nan,,nan,nan,nan,nan,nan,nan,nan,nan,-2.515940553400082
-8.527995279464461,exhale,21622.39370003866,21621.475700038474,21621.94670003857,,nan,nan,nan,nan,nan,nan,nan,nan,-1.3838091818211868
nan,pause,21622.39470003866,21622.39370003866,nan,,nan,nan,nan,nan,nan,nan,nan,nan,-0.8450400838146397
13.099897724952019,inhale,21623.642700038916,21622.39470003866,21622.616700038707,,nan,nan,nan,nan,nan,nan,nan,nan,-1.612228037095118
nan,pause,21623.643700038916,21623.642700038916,nan,,nan,nan,nan,nan,nan,nan,nan,nan,-0.9621549628884756
-4.85009946491247,exhale,21624.671700039125,21623.643700038916,21624.116700039012,,nan,nan,nan,nan,nan,nan,nan,nan,-2.5486068235560717
nan,pause,21624.672700039126,21624.671700039125,nan,,nan,nan,nan,nan,nan,nan,nan,nan,-2.3637135794933117
10.053481991463011,inhale,21625.858700039367,21624.672700039126,21624.94670003918,,nan,nan,nan,nan,nan,nan,nan,nan,-2.429221439917886
nan,pause,21625.859700039367,21625.858700039367,nan,,nan,nan,nan,nan,nan,nan,nan,nan,-1.6148863909331128
-2.4667986924144842,exhale,21626.75070003955,21625.859700039367,21626.61670003952,,nan,nan,nan,nan,nan,nan,nan,nan,-1.3808790869276297
nan,pause,21626.75170003955,21626.75070003955,nan,,nan,nan,nan,nan,nan,nan,nan,nan,-1.3670383229966054
3.46640382126842,inhale,21627.78270003976,21626.75170003955,21626.95670003959,,nan,nan,nan,nan,nan,nan,nan,nan,-0.8159154184861306
nan,pause,21627.78370003976,21627.78270003976,nan,,nan,nan,nan,nan,nan,nan,nan,nan,-2.583026324397024
-2.383499615710625,exhale,21628.855700039978,21627.78370003976,21628.61670003993,,nan,nan,nan,nan,nan,nan,nan,nan,-2.7007898241451063
nan,pause,21628.856700039978,21628.855700039978,nan,,nan,nan,nan,nan,nan,nan,nan,nan,-49.97593155631937
2.499899654170587,inhale,21629.835700040177,21628.856700039978,21629.11670004003,,nan,nan,nan,nan,nan,nan,nan,nan,74.79736094607786
nan,pause,21629.836700040178,21629.835700040177,nan,,nan,nan,nan,nan,nan,nan,nan,nan,-0.26651614018323694
-1.8936850291650347,exhale,21630.502700040313,21629.836700040178,21630.28670004027,,nan,nan,nan,nan,nan,nan,nan,nan,-1.9264182601018074
nan,pause,21630.503700040314,21630.502700040313,nan,,nan,nan,nan,nan,nan,nan,nan,nan,0.9338382420850224
2.779461383322161,inhale,21631.108700040437,21630.503700040314,21630.78670004037,,nan,nan,nan,nan,nan,nan,nan,nan,-0.3214701934169235
nan,pause,21631.109700040437,21631.108700040437,nan,,nan,nan,nan,nan,nan,nan,nan,nan,0.06808502846222142
-6.4000989234206695,exhale,21631.9157000406,21631.109700040437,21631.61670004054,,nan,nan,nan,nan,nan,nan,nan,nan,-0.5444581490953015
nan,pause,21631.9167000406,21631.9157000406,nan,,nan,nan,nan,nan,nan,nan,nan,nan,1.41988659435474
2.3498989592174677,inhale,21633.343700040892,21631.9167000406,21632.116700040642,,nan,nan,nan,nan,nan,nan,nan,nan,-1.137072570517138
nan,pause,21633.502700040925,21633.343700040892,nan,,nan,nan,nan,nan,nan,nan,nan,nan,-0.1752490480539317
0.4331997534250382,inhale,21633.861700040998,21633.502700040925,21633.616700040948,,nan,nan,nan,nan,nan,nan,nan,nan,-0.4514438514402296
nan,pause,21635.321700041295,21633.861700040998,nan,,nan,nan,nan,nan,nan,nan,nan,nan,-0.36761047734439056
-0.9987812880940834,exhale,21636.3247000415,21635.321700041295,21635.946700041422,,nan,nan,nan,nan,nan,nan,nan,nan,-0.08082905388761796
nan,pause,21636.3257000415,21636.3247000415,nan,,nan,nan,nan,nan,nan,nan,nan,nan,-0.4230378034890143
0.38319979363219886,inhale,21636.8147000416,21636.3257000415,21636.61670004156,,nan,nan,nan,nan,nan,nan,nan,nan,-0.37691803256524326
nan,pause,21637.16170004167,21636.8147000416,nan,,nan,nan,nan,nan,nan,nan,nan,nan,-0.21945827712915755
0.6386821059811293,inhale,21637.486700041736,21637.16170004167,21637.286700041695,,nan,nan,nan,nan,nan,nan,nan,nan,-0.5776659013081402
nan,pause,21637.487700041736,21637.486700041736,nan,,nan,nan,nan,nan,nan,nan,nan,nan,-0.35916336283285055
-0.3500997323594536,exhale,21637.761700041792,21637.487700041736,21637.616700041763,,nan,nan,nan,nan,nan,nan,nan,nan,0.19135242080097203
nan,pause,21637.828700041806,21637.761700041792,nan,,nan,nan,nan,nan,nan,nan,nan,nan,0.22898998961539974
-0.6915221283918774,exhale,21638.604700041964,21637.828700041806,21638.44670004193,,nan,nan,nan,nan,nan,nan,nan,nan,-0.20242404026636573
nan,pause,21639.017700042048,21638.604700041964,nan,,nan,nan,nan,nan,nan,nan,nan,nan,0.6109941805925131
0.36649982515849655,inhale,21639.438700042134,21639.017700042048,21639.11670004207,,nan,nan,nan,nan,nan,nan,nan,nan,0.003105818180976147
nan,pause,21640.876700042427,21639.438700042134,nan,,nan,nan,nan,nan,nan,nan,nan,nan,-0.701340922898748
-4.866797662083025,exhale,21641.991700042654,21640.876700042427,21641.616700042578,,nan,nan,nan,nan,nan,nan,nan,nan,0.0032494575294930994
nan,pause,21643.49970004296,21641.991700042654,nan,,nan,nan,nan,nan,nan,nan,nan,nan,-1.0228433560635923
-1.7500989591450529,exhale,21644.268700043118,21643.49970004296,21644.116700043087,,nan,nan,nan,nan,nan,nan,nan,nan,-0.30907582152433677
nan,pause,21645.343700043337,21644.268700043118,nan,,nan,nan,nan,nan,nan,nan,nan,nan,-0.10199338007047931
-0.8297593402317632,exhale,21646.597700043592,21645.343700043337,21646.28670004353,,nan,nan,nan,nan,nan,nan,nan,nan,-0.399024615788814
nan,pause,21646.598700043593,21646.597700043592,nan,,nan,nan,nan,nan,nan,nan,nan,nan,-0.3623082935479589
0.6607217614825882,inhale,21647.549700043786,21646.598700043593,21646.78670004363,,nan,nan,nan,nan,nan,nan,nan,nan,-0.2207502262681713
nan,pause,21647.550700043786,21647.549700043786,nan,,nan,nan,nan,nan,nan,nan,nan,nan,-0.06874342433107317
-0.6805304703848327,exhale,21648.660700044013,21647.550700043786,21648.44670004397,,nan,nan,nan,nan,nan,nan,nan,nan,-0.2382602577128392
nan,pause,21648.661700044013,21648.660700044013,nan,,nan,nan,nan,nan,nan,nan,nan,nan,-0.516569680778955
0.8593613352507885,inhale,21649.520700044188,21648.661700044013,21648.78670004404,,nan,nan,nan,nan,nan,nan,nan,nan,0.07911149314051547
nan,pause,21650.003700044286,21649.520700044188,nan,,nan,nan,nan,nan,nan,nan,nan,nan,-0.2784092629200241
-0.6000996255455779,exhale,21650.393700044366,21650.003700044286,21650.11670004431,,nan,nan,nan,nan,nan,nan,nan,nan,-0.013788166063982699
nan,pause,21650.784700044445,21650.393700044366,nan,,nan,nan,nan,nan,nan,nan,nan,nan,-0.0733012451401216
-1.0127137615969972,exhale,21651.11070004451,21650.784700044445,21650.94670004448,,nan,nan,nan,nan,nan,nan,nan,nan,-0.3251196918067991
nan,pause,21653.26870004495,21651.11070004451,nan,,nan,nan,nan,nan,nan,nan,nan,nan,-0.2533387239255216
0.3432994441608189,inhale,21653.484700044995,21653.26870004495,21653.446700044988,,nan,nan,nan,nan,nan,nan,nan,nan,-0.006709353343930635
nan,pause,21653.485700044996,21653.484700044995,nan,,nan,nan,nan,nan,nan,nan,nan,nan,0.2473950332845558
-1.316798922428477,exhale,21653.762700045052,21653.485700044996,21653.616700045022,,nan,nan,nan,nan,nan,nan,nan,nan,0.053945117622986594
nan,pause,21653.763700045052,21653.762700045052,nan,,nan,nan,nan,nan,nan,nan,nan,nan,-0.2202395518003808
0.7498996714524976,inhale,21654.351700045172,21653.763700045052,21654.116700045124,,nan,nan,nan,nan,nan,nan,nan,nan,-0.22282764324537552
nan,pause,21654.352700045172,21654.351700045172,nan,,nan,nan,nan,nan,nan,nan,nan,nan,-0.1880161528090576
-0.39943280893701766,exhale,21655.502700045407,21654.352700045172,21654.456700045193,,nan,nan,nan,nan,nan,nan,nan,nan,-0.6273024651425358
nan,pause,21655.503700045407,21655.502700045407,nan,,nan,nan,nan,nan,nan,nan,nan,nan,0.4142081785450067
0.3825208067546939,inhale,21656.480700045606,21655.503700045407,21655.786700045464,,nan,nan,nan,nan,nan,nan,nan,nan,0.04982084653400709
nan,pause,21657.596700045833,21656.480700045606,nan,,nan,nan,nan,nan,nan,nan,nan,nan,-0.1532133728490237
0.6634405706004771,inhale,21658.682700046054,21657.596700045833,21657.786700045872,,nan,nan,nan,nan,nan,nan,nan,nan,-0.11073777300917653
nan,pause,21664.25070004719,21658.682700046054,nan,,nan,nan,nan,nan,nan,nan,nan,nan,0.01144444528499955
0.4906609640269722,inhale,21664.59270004726,21664.25070004719,21664.44670004723,,nan,nan,nan,nan,nan,nan,nan,nan,0.3316060566564132
nan,pause,21665.2847000474,21664.59270004726,nan,,nan,nan,nan,nan,nan,nan,nan,nan,0.22753065159615904
-0.33349969169107124,exhale,21665.73570004749,21665.2847000474,21665.616700047467,,nan,nan,nan,nan,nan,nan,nan,nan,0.13838860920692775
nan,pause,21670.227700048406,21665.73570004749,nan,,nan,nan,nan,nan,nan,nan,nan,nan,-0.10964665473763224
-0.36411917673323824,exhale,21671.22770004861,21670.227700048406,21670.956700048555,,nan,nan,nan,nan,nan,nan,nan,nan,-0.1497673218785347
nan,pause,21672.50570004887,21671.22770004861,nan,,nan,nan,nan,nan,nan,nan,nan,nan,0.1668065811498347
-0.3815191956070104,exhale,21673.72770004912,21672.50570004887,21673.276700049028,,nan,nan,nan,nan,nan,nan,nan,nan,-0.057097399258892345
nan,pause,21674.630700049303,21673.72770004912,nan,,nan,nan,nan,nan,nan,nan,nan,nan,0.13967474272056424
1.4304680434492414,inhale,21674.920700049362,21674.630700049303,21674.786700049335,,nan,nan,nan,nan,nan,nan,nan,nan,0.1746098883225331
nan,pause,21674.921700049363,21674.920700049362,nan,,nan,nan,nan,nan,nan,nan,nan,nan,0.4184224884313912
-0.48151908120196973,exhale,21675.89270004956,21674.921700049363,21675.776700049537,,nan,nan,nan,nan,nan,nan,nan,nan,-0.05756885392852773
nan,pause,21677.032700049793,21675.89270004956,nan,,nan,nan,nan,nan,nan,nan,nan,nan,0.11914403092104342
-0.33349997537406356,exhale,21678.060700050002,21677.032700049793,21677.61670004991,,nan,nan,nan,nan,nan,nan,nan,nan,-0.05013208691386972
nan,pause,21693.453700053138,21678.060700050002,nan,,nan,nan,nan,nan,nan,nan,nan,nan,1.1788568659760106
0.5498994969787174,inhale,21693.7607000532,21693.453700053138,21693.61670005317,,nan,nan,nan,nan,nan,nan,nan,nan,-0.007463783434190678
nan,pause,21713.133700057148,21693.7607000532,nan,,nan,nan,nan,nan,nan,nan,nan,nan,0.19441397585868816
-0.45184341973769077,exhale,21713.3887000572,21713.133700057148,21713.28670005718,,nan,nan,nan,nan,nan,nan,nan,nan,-3.364523176694186
nan,pause,21724.814700059527,21713.3887000572,nan,,nan,nan,nan,nan,nan,nan,nan,nan,-3.4387850710288625
1.2032847783392415,inhale,21725.42270005965,21724.814700059527,21725.286700059623,,nan,nan,nan,nan,nan,nan,nan,nan,-1.7885857542000707
nan,pause,21725.42370005965,21725.42270005965,nan,,nan,nan,nan,nan,nan,nan,nan,nan,-0.9848031614578101
-0.45009951343189886,exhale,21726.24470005982,21725.42370005965,21726.116700059792,,nan,nan,nan,nan,nan,nan,nan,nan,-1.1970015373189162
nan,pause,21731.619700060914,21726.24470005982,nan,,nan,nan,nan,nan,nan,nan,nan,nan,-1.020800056418735
-1.1933442706016022,exhale,21731.99370006099,21731.619700060914,21731.786700060948,,nan,nan,nan,nan,nan,nan,nan,nan,-1.1343205178730171
nan,pause,21733.22770006124,21731.99370006099,nan,,nan,nan,nan,nan,nan,nan,nan,nan,-0.6189767194368478
-4.523600114965933,exhale,21734.182700061436,21733.22770006124,21733.946700061388,,nan,nan,nan,nan,nan,nan,nan,nan,0.3046616898882921
nan,pause,21734.183700061436,21734.182700061436,nan,,nan,nan,nan,nan,nan,nan,nan,nan,-1.5473372537946215
0.5818395674910983,inhale,21735.506700061705,21734.183700061436,21734.286700061457,,nan,nan,nan,nan,nan,nan,nan,nan,-1.6956641283975395
nan,pause,21735.507700061706,21735.506700061705,nan,,nan,nan,nan,nan,nan,nan,nan,nan,-1.7464062343768756
-4.900098751512697,exhale,21736.42070006189,21735.507700061706,21736.11670006183,,nan,nan,nan,nan,nan,nan,nan,nan,0.03400987148437373
nan,pause,21736.421700061892,21736.42070006189,nan,,nan,nan,nan,nan,nan,nan,nan,nan,-1.3747300415529153
0.8331997521900362,inhale,21738.652700062346,21736.421700061892,21736.61670006193,,nan,nan,nan,nan,nan,nan,nan,nan,-0.8745256323797745
nan,pause,21738.653700062347,21738.652700062346,nan,,nan,nan,nan,nan,nan,nan,nan,nan,-0.6683261385734403
-3.7026111003977475,exhale,21739.717700062563,21738.653700062347,21739.446700062508,,nan,nan,nan,nan,nan,nan,nan,nan,-0.5059784586968847
nan,pause,21739.718700062564,21739.717700062563,nan,,nan,nan,nan,nan,nan,nan,nan,nan,-0.9978398482428847
1.460471149419826,inhale,21741.41270006291,21739.718700062564,21739.956700062612,,nan,nan,nan,nan,nan,nan,nan,nan,-0.08781130590018726
nan,pause,21741.41370006291,21741.41270006291,nan,,nan,nan,nan,nan,nan,nan,nan,nan,3.283536264241705
-4.4667993751345865,exhale,21742.44370006312,21741.41370006291,21742.116700063052,,nan,nan,nan,nan,nan,nan,nan,nan,-2.924431359242088
nan,pause,21742.44470006312,21742.44370006312,nan,,nan,nan,nan,nan,nan,nan,nan,nan,-5.6191103248193475
1.9246150981225691,inhale,21743.96570006343,21742.44470006312,21742.776700063187,,nan,nan,nan,nan,nan,nan,nan,nan,-1.215841174305507
nan,pause,21743.96670006343,21743.96570006343,nan,,nan,nan,nan,nan,nan,nan,nan,nan,0.4043663625517322
-7.083497560005455,exhale,21744.894700063618,21743.96670006343,21744.61670006356,,nan,nan,nan,nan,nan,nan,nan,nan,1.4252796176102462
nan,pause,21744.89570006362,21744.894700063618,nan,,nan,nan,nan,nan,nan,nan,nan,nan,-3.0011544611630714
2.5831988464369777,inhale,21746.41970006393,21744.89570006362,21745.116700063663,,nan,nan,nan,nan,nan,nan,nan,nan,0.06788338431153296
nan,pause,21746.42070006393,21746.41970006393,nan,,nan,nan,nan,nan,nan,nan,nan,nan,-2.2055043891669306
-9.264160802345817,exhale,21747.270700064102,21746.42070006393,21746.946700064036,,nan,nan,nan,nan,nan,nan,nan,nan,-1.1519636938319233
nan,pause,21747.271700064102,21747.270700064102,nan,,nan,nan,nan,nan,nan,nan,nan,nan,1.172054355239165
4.66649838436536,inhale,21748.88370006443,21747.271700064102,21747.616700064173,,nan,nan,nan,nan,nan,nan,nan,nan,0.48106965112015976
nan,pause,21748.88470006443,21748.88370006443,nan,,nan,nan,nan,nan,nan,nan,nan,nan,0.9229268747359858
-13.522990273589128,exhale,21749.66870006459,21748.88470006443,21749.286700064513,,nan,nan,nan,nan,nan,nan,nan,nan,1.3389219672257915
nan,pause,21749.66970006459,21749.66870006459,nan,,nan,nan,nan,nan,nan,nan,nan,nan,1.4786567962863786
6.741093740728994,inhale,21751.562700064977,21749.66970006459,21749.946700064647,,nan,nan,nan,nan,nan,nan,nan,nan,0.23749035118221418
nan,pause,21751.563700064977,21751.562700064977,nan,,nan,nan,nan,nan,nan,nan,nan,nan,-0.5013553719894508
-10.08081917013051,exhale,21752.397700065147,21751.563700064977,21751.956700065057,,nan,nan,nan,nan,nan,nan,nan,nan,-0.6742910155386941
nan,pause,21752.398700065147,21752.397700065147,nan,,nan,nan,nan,nan,nan,nan,nan,nan,-0.10407851642540189
6.816496301068389,inhale,21754.314700065537,21752.398700065147,21752.61670006519,,nan,nan,nan,nan,nan,nan,nan,nan,1.2440038603512535
nan,pause,21754.315700065537,21754.314700065537,nan,,nan,nan,nan,nan,nan,nan,nan,nan,2.005343374659938
-9.60009553643131,exhale,21755.348700065748,21754.315700065537,21755.1167000657,,nan,nan,nan,nan,nan,nan,nan,nan,-0.034618915678582274
nan,pause,21755.349700065748,21755.348700065748,nan,,nan,nan,nan,nan,nan,nan,nan,nan,0.5866066502582874
9.049895538221842,inhale,21756.800700066044,21755.349700065748,21755.616700065802,,nan,nan,nan,nan,nan,nan,nan,nan,-0.07719292506175016
nan,pause,21756.801700066044,21756.800700066044,nan,,nan,nan,nan,nan,nan,nan,nan,nan,-4.250562203752137
-15.98582257768185,exhale,21757.66370006622,21756.801700066044,21757.286700066143,,nan,nan,nan,nan,nan,nan,nan,nan,-1.8097976534747415
nan,pause,21757.66470006622,21757.66370006622,nan,,nan,nan,nan,nan,nan,nan,nan,nan,-3.744430592162753
5.977260696588672,inhale,21759.33670006656,21757.66470006622,21757.946700066277,,nan,nan,nan,nan,nan,nan,nan,nan,-2.360711875865097
nan,pause,21759.33770006656,21759.33670006656,nan,,nan,nan,nan,nan,nan,nan,nan,nan,-1.7236696751973133
-15.380044297902248,exhale,21760.21870006674,21759.33770006656,21759.786700066652,,nan,nan,nan,nan,nan,nan,nan,nan,-2.82238256347933
nan,pause,21760.21970006674,21760.21870006674,nan,,nan,nan,nan,nan,nan,nan,nan,nan,-0.6283243981870203
8.337314299685683,inhale,21761.64370006703,21760.21970006674,21760.446700066786,,nan,nan,nan,nan,nan,nan,nan,nan,-0.09734560976366824
nan,pause,21761.64470006703,21761.64370006703,nan,,nan,nan,nan,nan,nan,nan,nan,nan,-2.2184808943055514
-20.049192351646546,exhale,21762.417700067188,21761.64470006703,21761.956700067094,,nan,nan,nan,nan,nan,nan,nan,nan,-3.6838510718481157
nan,pause,21762.41870006719,21762.417700067188,nan,,nan,nan,nan,nan,nan,nan,nan,nan,-1.5881646412982233
8.033196912576893,inhale,21763.89270006749,21762.41870006719,21762.61670006723,,nan,nan,nan,nan,nan,nan,nan,nan,-1.5342429708016594
nan,pause,21763.89370006749,21763.89270006749,nan,,nan,nan,nan,nan,nan,nan,nan,nan,0.21742697518841236
-15.665143306463044,exhale,21764.68070006765,21763.89370006749,21764.28670006757,,nan,nan,nan,nan,nan,nan,nan,nan,-1.8278033507294733
nan,pause,21764.68170006765,21764.68070006765,nan,,nan,nan,nan,nan,nan,nan,nan,nan,-0.7503614418447162
8.381527185362788,inhale,21766.069700067932,21764.68170006765,21764.946700067703,,nan,nan,nan,nan,nan,nan,nan,nan,-0.985625740379513
nan,pause,21766.070700067932,21766.069700067932,nan,,nan,nan,nan,nan,nan,nan,nan,nan,-2.443799058712937
-16.79791908317472,exhale,21766.635700068047,21766.070700067932,21766.44670006801,,nan,nan,nan,nan,nan,nan,nan,nan,-3.8749733748681106
nan,pause,21766.636700068048,21766.635700068047,nan,,nan,nan,nan,nan,nan,nan,nan,nan,-1.575812882752479
18.516600304819647,pause,21767.620700068248,21766.636700068048,21766.786700068078,,nan,nan,nan,nan,nan,nan,nan,nan,0.6817910668514529
nan,pause,21767.621700068248,21767.620700068248,nan,,nan,nan,nan,nan,nan,nan,nan,nan,-1.6732205569667373
-10.73349893378304,exhale,21768.61570006845,21767.621700068248,21768.11670006835,,nan,nan,nan,nan,nan,nan,nan,nan,-1.049589458762382
nan,pause,21768.61670006845,21768.61570006845,nan,,nan,nan,nan,nan,nan,nan,nan,nan,1.27041990319188
12.666370026425515,inhale,21770.149700068763,21768.61670006845,21768.946700068518,,nan,nan,nan,nan,nan,nan,nan,nan,1.498845078471171
nan,pause,21770.150700068763,21770.149700068763,nan,,nan,nan,nan,nan,nan,nan,nan,nan,1.8809608968114904
-0.5793650873792788,exhale,21770.38170006881,21770.150700068763,21770.28670006879,,nan,nan,nan,nan,nan,nan,nan,nan,0.5706230024577339
nan,pause,21770.38270006881,21770.38170006881,nan,,nan,nan,nan,nan,nan,nan,nan,nan,0.5028822833874897
1.233197520955875,inhale,21771.184700068974,21770.38270006881,21771.11670006896,,nan,nan,nan,nan,nan,nan,nan,nan,1.1582940491898825
nan,pause,21771.185700068974,21771.184700068974,nan,,nan,nan,nan,nan,nan,nan,nan,nan,2.436705653851304
-8.513442243848234,exhale,21772.24170006919,21771.185700068974,21771.786700069097,,nan,nan,nan,nan,nan,nan,nan,nan,-2.0292411178985583
nan,pause,21772.24270006919,21772.24170006919,nan,,nan,nan,nan,nan,nan,nan,nan,nan,-0.7778888593114625
8.605017172693536,inhale,21774.16370006958,21772.24270006919,21772.456700069233,,nan,nan,nan,nan,nan,nan,nan,nan,-0.4747347222645393
nan,pause,21774.16470006958,21774.16370006958,nan,,nan,nan,nan,nan,nan,nan,nan,nan,-0.05704263016255662
-6.172934345293802,exhale,21775.28870006981,21774.16470006958,21774.776700069706,,nan,nan,nan,nan,nan,nan,nan,nan,0.2122000461034052
nan,pause,21775.28970006981,21775.28870006981,nan,,nan,nan,nan,nan,nan,nan,nan,nan,-0.8370750576687807
7.670471073068327,inhale,21776.61970007008,21775.28970006981,21775.456700069844,,nan,nan,nan,nan,nan,nan,nan,nan,0.6605086943012252
nan,pause,21776.62070007008,21776.61970007008,nan,,nan,nan,nan,nan,nan,nan,nan,nan,-0.6847616026954176
-14.233498501689864,exhale,21777.54970007027,21776.62070007008,21777.116700070183,,nan,nan,nan,nan,nan,nan,nan,nan,-0.05553903166459939
nan,pause,21777.55070007027,21777.54970007027,nan,,nan,nan,nan,nan,nan,nan,nan,nan,0.7042441857716193
10.552592139572393,inhale,21778.87370007054,21777.55070007027,21777.78670007032,,nan,nan,nan,nan,nan,nan,nan,nan,0.009033196620041428
nan,pause,21778.87470007054,21778.87370007054,nan,,nan,nan,nan,nan,nan,nan,nan,nan,0.10520234275107887
-16.96215628908641,exhale,21779.74870007072,21778.87470007054,21779.446700070657,,nan,nan,nan,nan,nan,nan,nan,nan,-0.05691986190772455
nan,pause,21779.74970007072,21779.74870007072,nan,,nan,nan,nan,nan,nan,nan,nan,nan,-0.06614143198745032
8.987171071326628,inhale,21781.123700071,21779.74970007072,21779.95670007076,,nan,nan,nan,nan,nan,nan,nan,nan,0.049747396330169585
nan,pause,21781.124700071,21781.123700071,nan,,nan,nan,nan,nan,nan,nan,nan,nan,0.13540058997132876
-18.006463250075754,exhale,21781.898700071157,21781.124700071,21781.456700071067,,nan,nan,nan,nan,nan,nan,nan,nan,0.07805203861159993
nan,pause,21781.899700071157,21781.898700071157,nan,,nan,nan,nan,nan,nan,nan,nan,nan,-0.3943561120648475
10.633196241340551,inhale,21783.230700071428,21781.899700071157,21782.1167000712,,nan,nan,nan,nan,nan,nan,nan,nan,-0.09332224454342991
nan,pause,21783.23170007143,21783.230700071428,nan,,nan,nan,nan,nan,nan,nan,nan,nan,-0.03469601107823134
-19.716795161506703,exhale,21783.995700071584,21783.23170007143,21783.616700071507,,nan,nan,nan,nan,nan,nan,nan,nan,-0.13519969220579592
nan,pause,21783.996700071584,21783.995700071584,nan,,nan,nan,nan,nan,nan,nan,nan,nan,0.26350025660479737
9.239909958489795,inhale,21785.337700071857,21783.996700071584,21784.27670007164,,nan,nan,nan,nan,nan,nan,nan,nan,-0.15490143734719608
nan,pause,21785.338700071858,21785.337700071857,nan,,nan,nan,nan,nan,nan,nan,nan,nan,-0.29103505903593296
-17.049259428999903,exhale,21786.076700072008,21785.338700071858,21785.776700071947,,nan,nan,nan,nan,nan,nan,nan,nan,-0.34955735024574086
nan,pause,21786.077700072008,21786.076700072008,nan,,nan,nan,nan,nan,nan,nan,nan,nan,-0.10031493803640745
9.964544961642638,inhale,21787.40870007228,21786.077700072008,21786.28670007205,,nan,nan,nan,nan,nan,nan,nan,nan,-0.2514864716218598
nan,pause,21787.40970007228,21787.40870007228,nan,,nan,nan,nan,nan,nan,nan,nan,nan,-0.13441893534322213
-20.673983218920487,exhale,21788.14170007243,21787.40970007228,21787.786700072356,,nan,nan,nan,nan,nan,nan,nan,nan,-0.03191001012726202
nan,pause,21788.14270007243,21788.14170007243,nan,,nan,nan,nan,nan,nan,nan,nan,nan,-0.30910383598752345
7.446702555751714,inhale,21789.67070007274,21788.14270007243,21788.44670007249,,nan,nan,nan,nan,nan,nan,nan,nan,-0.09237252239330696
nan,pause,21789.67170007274,21789.67070007274,nan,,nan,nan,nan,nan,nan,nan,nan,nan,-0.1658744917515167
-12.933497230642695,exhale,21790.4507000729,21789.67170007274,21790.11670007283,,nan,nan,nan,nan,nan,nan,nan,nan,-0.19948144783470445
nan,pause,21790.4517000729,21790.4507000729,nan,,nan,nan,nan,nan,nan,nan,nan,nan,0.016184496460579734
11.16649401054491,inhale,21792.632700073344,21790.4517000729,21790.616700072933,,nan,nan,nan,nan,nan,nan,nan,nan,0.03653059802994241
nan,pause,21792.633700073344,21792.632700073344,nan,,nan,nan,nan,nan,nan,nan,nan,nan,0.309968008748959
-6.953805395554719,exhale,21793.723700073566,21792.633700073344,21793.44670007351,,nan,nan,nan,nan,nan,nan,nan,nan,-0.09756576011213919
nan,pause,21793.724700073566,21793.723700073566,nan,,nan,nan,nan,nan,nan,nan,nan,nan,-0.45474062119184216
12.874803790757822,inhale,21795.07570007384,21793.724700073566,21793.94670007361,,nan,nan,nan,nan,nan,nan,nan,nan,-0.3122614753933311
nan,pause,21795.07670007384,21795.07570007384,nan,,nan,nan,nan,nan,nan,nan,nan,nan,0.19123421573972144
-6.850098510164614,exhale,21796.05070007404,21795.07670007384,21795.61670007395,,nan,nan,nan,nan,nan,nan,nan,nan,0.10807161085859068
nan,pause,21796.05170007404,21796.05070007404,nan,,nan,nan,nan,nan,nan,nan,nan,nan,0.1487767154273603
8.834927922339373,inhale,21797.397700074314,21796.05170007404,21796.286700074088,,nan,nan,nan,nan,nan,nan,nan,nan,-0.010596638374597789
nan,pause,21797.398700074315,21797.397700074314,nan,,nan,nan,nan,nan,nan,nan,nan,nan,0.01807721769025289
-9.533495650869076,exhale,21798.348700074508,21797.398700074315,21798.11670007446,,nan,nan,nan,nan,nan,nan,nan,nan,-0.004149340607153454
nan,pause,21798.34970007451,21798.348700074508,nan,,nan,nan,nan,nan,nan,nan,nan,nan,0.4072102726463278
9.566496609869148,inhale,21799.695700074783,21798.34970007451,21798.616700074563,,nan,nan,nan,nan,nan,nan,nan,nan,0.412063803770217
nan,pause,21799.696700074783,21799.695700074783,nan,,nan,nan,nan,nan,nan,nan,nan,nan,-1.3223364074930721
-8.950098940842116,exhale,21800.603700074967,21799.696700074783,21800.11670007487,,nan,nan,nan,nan,nan,nan,nan,nan,-1.3476897004249724
nan,pause,21800.604700074968,21800.603700074967,nan,,nan,nan,nan,nan,nan,nan,nan,nan,-0.8700123666773694
10.667265806784906,inhale,21801.818700075215,21800.604700074968,21800.786700075005,,nan,nan,nan,nan,nan,nan,nan,nan,-0.7787738393587678
nan,pause,21801.819700075215,21801.818700075215,nan,,nan,nan,nan,nan,nan,nan,nan,nan,-2.1152967134975063
-9.128387511496353,exhale,21802.746700075404,21801.819700075215,21802.28670007531,,nan,nan,nan,nan,nan,nan,nan,nan,0.8975478682031173
nan,pause,21802.747700075404,21802.746700075404,nan,,nan,nan,nan,nan,nan,nan,nan,nan,-4.268330954052503
11.11644966008783,inhale,21803.94570007565,21802.747700075404,21802.956700075447,,nan,nan,nan,nan,nan,nan,nan,nan,-2.2311231023113125
nan,pause,21803.94670007565,21803.94570007565,nan,,nan,nan,nan,nan,nan,nan,nan,nan,-1.7340852885306557
-9.333493664903255,exhale,21804.823700075827,21803.94670007565,21804.616700075785,,nan,nan,nan,nan,nan,nan,nan,nan,-1.751828905341121
nan,pause,21804.824700075827,21804.823700075827,nan,,nan,nan,nan,nan,nan,nan,nan,nan,-0.6003667964522261
9.966496009417655,inhale,21805.86370007604,21804.824700075827,21805.116700075887,,nan,nan,nan,nan,nan,nan,nan,nan,-0.6320705156870412
nan,pause,21805.86470007604,21805.86370007604,nan,,nan,nan,nan,nan,nan,nan,nan,nan,-0.34082164859512076
-9.366793322545504,exhale,21806.812700076232,21805.86470007604,21806.616700076193,,nan,nan,nan,nan,nan,nan,nan,nan,-0.7303220593418551
nan,pause,21806.813700076233,21806.812700076232,nan,,nan,nan,nan,nan,nan,nan,nan,nan,2.9081078217157126
8.43319653106239,inhale,21808.096700076494,21806.813700076233,21807.116700076294,,nan,nan,nan,nan,nan,nan,nan,nan,0.25073687008762596
nan,pause,21808.097700076494,21808.096700076494,nan,,nan,nan,nan,nan,nan,nan,nan,nan,-3.4537615533369284
-10.968617276696428,exhale,21809.019700076682,21808.097700076494,21808.456700076567,,nan,nan,nan,nan,nan,nan,nan,nan,-1.7496292386909333
nan,pause,21809.020700076682,21809.019700076682,nan,,nan,nan,nan,nan,nan,nan,nan,nan,-1.8433911574312085
8.94307302786928,inhale,21810.96970007708,21809.020700076682,21809.286700076736,,nan,nan,nan,nan,nan,nan,nan,nan,0.0889715553774697
nan,pause,21810.97070007708,21810.96970007708,nan,,nan,nan,nan,nan,nan,nan,nan,nan,-1.3346321370244443
-5.950091754051051,exhale,21812.216700077333,21810.97070007708,21812.116700077313,,nan,nan,nan,nan,nan,nan,nan,nan,-0.81143428821618
nan,pause,21812.217700077334,21812.216700077333,nan,,nan,nan,nan,nan,nan,nan,nan,nan,1.4661649396631111
8.310485089028136,inhale,21813.76270007765,21812.217700077334,21812.44670007738,,nan,nan,nan,nan,nan,nan,nan,nan,-1.5746480354726935
nan,pause,21813.76370007765,21813.76270007765,nan,,nan,nan,nan,nan,nan,nan,nan,nan,-2.4759211101546006
-8.832763070830705,exhale,21814.835700077867,21813.76370007765,21814.286700077755,,nan,nan,nan,nan,nan,nan,nan,nan,-3.8644253924961838
nan,pause,21814.836700077867,21814.835700077867,nan,,nan,nan,nan,nan,nan,nan,nan,nan,1.0247998676916135
6.866497731341944,inhale,21816.306700078167,21814.836700077867,21815.116700077924,,nan,nan,nan,nan,nan,nan,nan,nan,-1.3160721226951582
nan,pause,21816.307700078167,21816.306700078167,nan,,nan,nan,nan,nan,nan,nan,nan,nan,-0.5928850991836829
-9.633497992000468,exhale,21817.26170007836,21816.307700078167,21816.61670007823,,nan,nan,nan,nan,nan,nan,nan,nan,-1.3840955656151093
nan,pause,21817.26270007836,21817.26170007836,nan,,nan,nan,nan,nan,nan,nan,nan,nan,-2.9684803032936644
9.933195527619334,inhale,21818.62770007864,21817.26270007836,21817.616700078433,,nan,nan,nan,nan,nan,nan,nan,nan,0.3897411858915305
nan,pause,21818.62870007864,21818.62770007864,nan,,nan,nan,nan,nan,nan,nan,nan,nan,-1.7287898939630013
-7.466799378353037,exhale,21819.56370007883,21818.62870007864,21819.11670007874,,nan,nan,nan,nan,nan,nan,nan,nan,-0.6966947653233724
nan,pause,21819.56470007883,21819.56370007883,nan,,nan,nan,nan,nan,nan,nan,nan,nan,-0.26977246534489474
6.783186569713043,inhale,21820.917700079106,21819.56470007883,21819.786700078876,,nan,nan,nan,nan,nan,nan,nan,nan,1.3217245703944605
nan,pause,21820.918700079106,21820.917700079106,nan,,nan,nan,nan,nan,nan,nan,nan,nan,-1.3005311284380614
-1.7834973704081276,exhale,21821.23270007917,21820.918700079106,21821.116700079147,,nan,nan,nan,nan,nan,nan,nan,nan,-0.31948735858322236
nan,pause,21821.803700079287,21821.23270007917,nan,,nan,nan,nan,nan,nan,nan,nan,nan,0.4356589114689377
-2.9750008213555494,exhale,21822.64970007946,21821.803700079287,21822.286700079385,,nan,nan,nan,nan,nan,nan,nan,nan,0.6394718220204911
nan,pause,21822.65070007946,21822.64970007946,nan,,nan,nan,nan,nan,nan,nan,nan,nan,-0.2132684741579185
2.266499388308494,inhale,21824.658700079868,21822.65070007946,21823.616700079656,,nan,nan,nan,nan,nan,nan,nan,nan,-0.14551077859823858
nan,pause,21824.65970007987,21824.658700079868,nan,,nan,nan,nan,nan,nan,nan,nan,nan,0.21948779566683171
-5.221528968410521,exhale,21825.981700080138,21824.65970007987,21825.776700080096,,nan,nan,nan,nan,nan,nan,nan,nan,0.030426103233598213
nan,pause,21825.982700080138,21825.981700080138,nan,,nan,nan,nan,nan,nan,nan,nan,nan,-0.11117656884879362
3.49989794099762,inhale,21827.305700080407,21825.982700080138,21826.116700080165,,nan,nan,nan,nan,nan,nan,nan,nan,-0.010467739616541683
nan,pause,21827.306700080408,21827.305700080407,nan,,nan,nan,nan,nan,nan,nan,nan,nan,-0.18995738994857708
-2.5042532666232633,exhale,21828.49270008065,21827.306700080408,21828.276700080605,,nan,nan,nan,nan,nan,nan,nan,nan,-0.05071669541542034
nan,pause,21828.49370008065,21828.49270008065,nan,,nan,nan,nan,nan,nan,nan,nan,nan,-0.5896135484800008
2.7331981607227935,inhale,21829.605700080876,21828.49370008065,21828.616700080674,,nan,nan,nan,nan,nan,nan,nan,nan,-1.0352610030848728
nan,pause,21829.606700080876,21829.605700080876,nan,,nan,nan,nan,nan,nan,nan,nan,nan,-1.185019536285492
-1.6147903776404262,exhale,21830.677700081094,21829.606700080876,21829.956700080947,,nan,nan,nan,nan,nan,nan,nan,nan,-2.373410792923974
nan,pause,21830.678700081095,21830.677700081094,nan,,nan,nan,nan,nan,nan,nan,nan,nan,-3.5549383178639813
1.4289100413583657,inhale,21831.73970008131,21830.678700081095,21830.94670008115,,nan,nan,nan,nan,nan,nan,nan,nan,-1.6240946384797201
nan,pause,21831.74070008131,21831.73970008131,nan,,nan,nan,nan,nan,nan,nan,nan,nan,-2.309010789927144
-0.9167996266706845,exhale,21832.849700081537,21831.74070008131,21832.116700081388,,nan,nan,nan,nan,nan,nan,nan,nan,0.8408023560710172
nan,pause,21832.850700081537,21832.849700081537,nan,,nan,nan,nan,nan,nan,nan,nan,nan,-0.594312115456292
0.5325383442596359,inhale,21833.956700081762,21832.850700081537,21833.276700081624,,nan,nan,nan,nan,nan,nan,nan,nan,-4.429198086188294
nan,pause,21833.957700081763,21833.956700081762,nan,,nan,nan,nan,nan,nan,nan,nan,nan,-1.3513273181326575
-0.8654807589742942,exhale,21835.047700081985,21833.957700081763,21834.77670008193,,nan,nan,nan,nan,nan,nan,nan,nan,-3.4826605564982556
nan,pause,21835.048700081985,21835.047700081985,nan,,nan,nan,nan,nan,nan,nan,nan,nan,-1.8428735911023848
0.5164994583532317,inhale,21836.139700082207,21835.048700081985,21835.116700082,,nan,nan,nan,nan,nan,nan,nan,nan,-0.6630899020868029
nan,pause,21836.140700082207,21836.139700082207,nan,,nan,nan,nan,nan,nan,nan,nan,nan,-2.2699284697671853
-1.3834990938585277,exhale,21837.14370008241,21836.140700082207,21836.616700082304,,nan,nan,nan,nan,nan,nan,nan,nan,-1.8414324435828604
nan,pause,21838.057700082598,21837.14370008241,nan,,nan,nan,nan,nan,nan,nan,nan,nan,-3.209802201062513
-1.6640811575872656,exhale,21839.09670008281,21838.057700082598,21838.786700082746,,nan,nan,nan,nan,nan,nan,nan,nan,-3.9523884085793766
nan,pause,21840.212700083037,21839.09670008281,nan,,nan,nan,nan,nan,nan,nan,nan,nan,3.9344664595734162
-2.1167975923598847,exhale,21841.271700083253,21840.212700083037,21841.11670008322,,nan,nan,nan,nan,nan,nan,nan,nan,-3.5933642737604834
nan,pause,21843.16470008364,21841.271700083253,nan,,nan,nan,nan,nan,nan,nan,nan,nan,-3.089852650936999
-1.383499516022753,exhale,21844.378700083886,21843.16470008364,21843.61670008373,,nan,nan,nan,nan,nan,nan,nan,nan,-2.175609572727824
nan,pause,21845.37670008409,21844.378700083886,nan,,nan,nan,nan,nan,nan,nan,nan,nan,-1.1718052714536036
-0.6331691526269853,exhale,21846.27070008427,21845.37670008409,21845.946700084205,,nan,nan,nan,nan,nan,nan,nan,nan,1.1191884771450216
nan,pause,21846.497700084317,21846.27070008427,nan,,nan,nan,nan,nan,nan,nan,nan,nan,-1.683532885402062
-0.5528631214467675,exhale,21846.920700084404,21846.497700084317,21846.786700084376,,nan,nan,nan,nan,nan,nan,nan,nan,-0.8482042344833909
nan,pause,21863.042700087688,21846.920700084404,nan,,nan,nan,nan,nan,nan,nan,nan,nan,-0.8346181341340211
-0.9848448862630912,exhale,21863.39070008776,21863.042700087688,21863.286700087738,,nan,nan,nan,nan,nan,nan,nan,nan,0.15419817376353562
nan,pause,21863.39170008776,21863.39070008776,nan,,nan,nan,nan,nan,nan,nan,nan,nan,-0.14615475551431123
0.5277941315271178,inhale,21863.615700087805,21863.39170008776,21863.456700087772,,nan,nan,nan,nan,nan,nan,nan,nan,-1.8390431445160846
nan,pause,21869.947700089095,21863.615700087805,nan,,nan,nan,nan,nan,nan,nan,nan,nan,1.8015015604378917
-0.416799267693395,exhale,21870.235700089153,21869.947700089095,21870.11670008913,,nan,nan,nan,nan,nan,nan,nan,nan,-0.9860667906806113
nan,pause,21881.20770009139,21870.235700089153,nan,,nan,nan,nan,nan,nan,nan,nan,nan,0.2098707208431554
0.31188128514671504,inhale,21881.575700091464,21881.20770009139,21881.446700091437,,nan,nan,nan,nan,nan,nan,nan,nan,0.19983085724684546
nan,pause,21889.617700093102,21881.575700091464,nan,,nan,nan,nan,nan,nan,nan,nan,nan,-0.04771142509255277
0.6069319409373236,inhale,21890.067700093194,21889.617700093102,21889.94670009317,,nan,nan,nan,nan,nan,nan,nan,nan,0.9300854484140584
nan,pause,21890.456700093273,21890.067700093194,nan,,nan,nan,nan,nan,nan,nan,nan,nan,0.5582843044909234
-0.40009918341844103,exhale,21890.721700093327,21890.456700093273,21890.616700093306,,nan,nan,nan,nan,nan,nan,nan,nan,-0.0062557977082198235
nan,pause,21909.032700097057,21890.721700093327,nan,,nan,nan,nan,nan,nan,nan,nan,nan,0.12854433401761955
-0.35009953623266404,exhale,21909.946700097244,21909.032700097057,21909.616700097176,,nan,nan,nan,nan,nan,nan,nan,nan,0.009871670854564973
nan,pause,21913.692700098007,21909.946700097244,nan,,nan,nan,nan,nan,nan,nan,nan,nan,0.6519801197459401
-0.37723022845247284,exhale,21914.58670009819,21913.692700098007,21914.44670009816,,nan,nan,nan,nan,nan,nan,nan,nan,0.34912061879564327
nan,pause,21914.58770009819,21914.58670009819,nan,,nan,nan,nan,nan,nan,nan,nan,nan,0.6097875084919449
0.5488243843640536,inhale,21914.89170009825,21914.58770009819,21914.78670009823,,nan,nan,nan,nan,nan,nan,nan,nan,0.26700561448240046
nan,pause,21915.945700098466,21914.89170009825,nan,,nan,nan,nan,nan,nan,nan,nan,nan,0.2627453991837949
-0.5500990133531437,exhale,21916.246700098527,21915.945700098466,21916.1167000985,,nan,nan,nan,nan,nan,nan,nan,nan,0.3363921915828816
nan,pause,21916.789700098638,21916.246700098527,nan,,nan,nan,nan,nan,nan,nan,nan,nan,0.3535696918904103
1.7139349168844675,inhale,21917.0967000987,21916.789700098638,21916.94670009867,,nan,nan,nan,nan,nan,nan,nan,nan,0.23211822205562904
nan,pause,21931.639700101663,21917.0967000987,nan,,nan,nan,nan,nan,nan,nan,nan,nan,0.23002236857309222
0.4233423566369573,inhale,21931.932700101723,21931.639700101663,21931.786700101693,,nan,nan,nan,nan,nan,nan,nan,nan,0.14445089151011303
nan,pause,21932.125700101762,21931.932700101723,nan,,nan,nan,nan,nan,nan,nan,nan,nan,0.27863410113254306
0.3090226315639186,inhale,21932.426700101823,21932.125700101762,21932.286700101795,,nan,nan,nan,nan,nan,nan,nan,nan,0.2798252249870563
nan,pause,21932.427700101824,21932.426700101823,nan,,nan,nan,nan,nan,nan,nan,nan,nan,0.13552641646476293
-0.5167994847445645,exhale,21932.914700101923,21932.427700101824,21932.616700101862,,nan,nan,nan,nan,nan,nan,nan,nan,0.4646968149789057
nan,pause,21942.505700103877,21932.914700101923,nan,,nan,nan,nan,nan,nan,nan,nan,nan,0.29055235007331004
-0.5668421422702232,exhale,21942.901700103957,21942.505700103877,21942.786700103934,,nan,nan,nan,nan,nan,nan,nan,nan,-0.11787404316061756
nan,pause,21950.991700105606,21942.901700103957,nan,,nan,nan,nan,nan,nan,nan,nan,nan,0.013748167934138023
-2.040530790391671,exhale,21952.600700105933,21950.991700105606,21952.446700105902,,nan,nan,nan,nan,nan,nan,nan,nan,0.17622270455821565
nan,pause,21952.601700105934,21952.600700105933,nan,,nan,nan,nan,nan,nan,nan,nan,nan,0.2589660620455345
2.819601615767355,inhale,21954.268700106273,21952.601700105934,21952.78670010597,,nan,nan,nan,nan,nan,nan,nan,nan,0.19770654438401714
nan,pause,21954.269700106273,21954.268700106273,nan,,nan,nan,nan,nan,nan,nan,nan,nan,0.4834352618622295
-0.9755810371028714,exhale,21955.23070010647,21954.269700106273,21954.94670010641,,nan,nan,nan,nan,nan,nan,nan,nan,0.5957428324244325
nan,pause,21955.23170010647,21955.23070010647,nan,,nan,nan,nan,nan,nan,nan,nan,nan,0.4066511966952553
0.754293288937044,inhale,21955.754700106576,21955.23170010647,21955.446700106513,,nan,nan,nan,nan,nan,nan,nan,nan,0.2105419750033104
nan,pause,21955.909700106607,21955.754700106576,nan,,nan,nan,nan,nan,nan,nan,nan,nan,0.35486337242894805
0.44989940101964987,inhale,21956.499700106728,21955.909700106607,21956.11670010665,,nan,nan,nan,nan,nan,nan,nan,nan,0.19141171530010448
nan,pause,21956.869700106803,21956.499700106728,nan,,nan,nan,nan,nan,nan,nan,nan,nan,0.5821841017099283
-1.666798344923174,exhale,21958.005700107034,21956.869700106803,21957.616700106955,,nan,nan,nan,nan,nan,nan,nan,nan,0.3837669270814661
nan,pause,21959.480700107335,21958.005700107034,nan,,nan,nan,nan,nan,nan,nan,nan,nan,0.3342258104958764
1.5972579447320838,inhale,21960.114700107464,21959.480700107335,21959.94670010743,,nan,nan,nan,nan,nan,nan,nan,nan,0.4055227887439772
nan,pause,21960.115700107464,21960.114700107464,nan,,nan,nan,nan,nan,nan,nan,nan,nan,0.4267479267469305
-7.226347490061057,exhale,21961.07770010766,21960.115700107464,21960.7867001076,,nan,nan,nan,nan,nan,nan,nan,nan,0.08058341950351222
nan,pause,21961.07870010766,21961.07770010766,nan,,nan,nan,nan,nan,nan,nan,nan,nan,0.28886973271429084
3.133582746472696,inhale,21962.623700107975,21961.07870010766,21961.286700107703,,nan,nan,nan,nan,nan,nan,nan,nan,0.3536720239488058
nan,pause,21962.624700107976,21962.623700107975,nan,,nan,nan,nan,nan,nan,nan,nan,nan,0.36306436807996856
-10.407423064149276,exhale,21963.456700108145,21962.624700107976,21962.956700108043,,nan,nan,nan,nan,nan,nan,nan,nan,0.3782151856958189
nan,pause,21963.457700108145,21963.456700108145,nan,,nan,nan,nan,nan,nan,nan,nan,nan,0.28092926854428657
4.599897301335256,inhale,21964.978700108455,21963.457700108145,21963.616700108178,,nan,nan,nan,nan,nan,nan,nan,nan,0.1990874867545407
nan,pause,21964.979700108455,21964.978700108455,nan,,nan,nan,nan,nan,nan,nan,nan,nan,0.194588000412103
-15.755758227043062,exhale,21965.79570010862,21964.979700108455,21965.44670010855,,nan,nan,nan,nan,nan,nan,nan,nan,0.33758902516753353
nan,pause,21965.79670010862,21965.79570010862,nan,,nan,nan,nan,nan,nan,nan,nan,nan,0.3116119745858057
4.299899094381242,inhale,21967.397700108948,21965.79670010862,21966.116700108687,,nan,nan,nan,nan,nan,nan,nan,nan,0.07939615102659703
nan,pause,21967.398700108948,21967.397700108948,nan,,nan,nan,nan,nan,nan,nan,nan,nan,0.410665281950517
-16.004632564016383,exhale,21968.19170010911,21967.398700108948,21967.786700109027,,nan,nan,nan,nan,nan,nan,nan,nan,0.13254920977401108
nan,pause,21968.19270010911,21968.19170010911,nan,,nan,nan,nan,nan,nan,nan,nan,nan,-0.08347616006181635
10.091379935572224,inhale,21969.699700109417,21968.19270010911,21968.456700109164,,nan,nan,nan,nan,nan,nan,nan,nan,0.06141682257002001
nan,pause,21969.700700109417,21969.699700109417,nan,,nan,nan,nan,nan,nan,nan,nan,nan,0.19532932841543138
-14.833492920872285,exhale,21970.519700109584,21969.700700109417,21970.116700109502,,nan,nan,nan,nan,nan,nan,nan,nan,0.13106187350422183
nan,pause,21970.520700109584,21970.519700109584,nan,,nan,nan,nan,nan,nan,nan,nan,nan,0.0694214404907828
4.635960978239954,inhale,21972.331700109953,21970.520700109584,21970.78670010964,,nan,nan,nan,nan,nan,nan,nan,nan,-0.004596170366922392
nan,pause,21972.332700109953,21972.331700109953,nan,,nan,nan,nan,nan,nan,nan,nan,nan,0.12520548872135462
-10.190963650893591,exhale,21973.19570011013,21972.332700109953,21972.786700110046,,nan,nan,nan,nan,nan,nan,nan,nan,-0.5762114965696667
nan,pause,21973.19670011013,21973.19570011013,nan,,nan,nan,nan,nan,nan,nan,nan,nan,-1.517224850675692
9.06520868607685,inhale,21974.81370011046,21973.19670011013,21973.44670011018,,nan,nan,nan,nan,nan,nan,nan,nan,-1.205158758128494
nan,pause,21974.81470011046,21974.81370011046,nan,,nan,nan,nan,nan,nan,nan,nan,nan,-1.2226764915306343
-10.148042101908052,exhale,21975.866700110673,21974.81470011046,21975.45670011059,,nan,nan,nan,nan,nan,nan,nan,nan,-0.8569744264362162
nan,pause,21975.867700110673,21975.866700110673,nan,,nan,nan,nan,nan,nan,nan,nan,nan,-1.0446432236478986
7.849894680811396,inhale,21977.61670011103,21975.867700110673,21976.116700110724,,nan,nan,nan,nan,nan,nan,nan,nan,-0.9318294264970661
nan,pause,21977.61770011103,21977.61670011103,nan,,nan,nan,nan,nan,nan,nan,nan,nan,-1.5732498675532263
-11.64273269127572,exhale,21978.568700111224,21977.61770011103,21977.9567001111,,nan,nan,nan,nan,nan,nan,nan,nan,-0.980297400291434
nan,pause,21978.569700111224,21978.568700111224,nan,,nan,nan,nan,nan,nan,nan,nan,nan,-0.5146625671880689
8.44074989394113,inhale,21980.005700111516,21978.569700111224,21978.786700111268,,nan,nan,nan,nan,nan,nan,nan,nan,-1.3806933326366386
nan,pause,21980.006700111517,21980.005700111516,nan,,nan,nan,nan,nan,nan,nan,nan,nan,0.3307303009013034
-11.383495234207686,exhale,21980.928700111705,21980.006700111517,21980.61670011164,,nan,nan,nan,nan,nan,nan,nan,nan,-0.9231081084438486
nan,pause,21980.929700111705,21980.928700111705,nan,,nan,nan,nan,nan,nan,nan,nan,nan,-1.6171894427311337
10.131487211286093,inhale,21982.206700111965,21980.929700111705,21981.286700111777,,nan,nan,nan,nan,nan,nan,nan,nan,-1.4486501391284827
nan,pause,21982.207700111965,21982.206700111965,nan,,nan,nan,nan,nan,nan,nan,nan,nan,-0.6322423905990995
-1.233103519408453,exhale,21982.58370011204,21982.207700111965,21982.28670011198,,nan,nan,nan,nan,nan,nan,nan,nan,-0.6979719478354562
nan,pause,21982.584700112042,21982.58370011204,nan,,nan,nan,nan,nan,nan,nan,nan,nan,-1.3835445380431874
1.120324939882287,inhale,21982.91470011211,21982.584700112042,21982.786700112083,,nan,nan,nan,nan,nan,nan,nan,nan,0.018489385655034773
nan,pause,21983.424700112213,21982.91470011211,nan,,nan,nan,nan,nan,nan,nan,nan,nan,-0.5354450137308611
0.3802303590333001,inhale,21984.213700112374,21983.424700112213,21983.94670011232,,nan,nan,nan,nan,nan,nan,nan,nan,-0.7825360542802429
nan,pause,21984.526700112438,21984.213700112374,nan,,nan,nan,nan,nan,nan,nan,nan,nan,-0.8908284404499138
-0.3321792990910702,exhale,21985.100700112554,21984.526700112438,21984.946700112523,,nan,nan,nan,nan,nan,nan,nan,nan,-0.371861463804362
nan,pause,21986.11770011276,21985.100700112554,nan,,nan,nan,nan,nan,nan,nan,nan,nan,-0.5007858699647634
0.41583280220167673,inhale,21986.84870011291,21986.11770011276,21986.45670011283,,nan,nan,nan,nan,nan,nan,nan,nan,-0.8784820464930334
nan,pause,21986.84970011291,21986.84870011291,nan,,nan,nan,nan,nan,nan,nan,nan,nan,-0.7142399518552893
-0.3000997692165345,exhale,21987.53670011305,21986.84970011291,21987.116700112965,,nan,nan,nan,nan,nan,nan,nan,nan,-0.5014188618556257
nan,pause,21987.53770011305,21987.53670011305,nan,,nan,nan,nan,nan,nan,nan,nan,nan,-0.36131587283030564
0.411813538142646,inhale,21988.2737001132,21987.53770011305,21987.956700113136,,nan,nan,nan,nan,nan,nan,nan,nan,-1.054168161119736
nan,pause,21988.2747001132,21988.2737001132,nan,,nan,nan,nan,nan,nan,nan,nan,nan,-0.8954725960856185
-0.40888124586153834,exhale,21988.66370011328,21988.2747001132,21988.446700113236,,nan,nan,nan,nan,nan,nan,nan,nan,-0.7096478417572634
nan,pause,21988.66470011328,21988.66370011328,nan,,nan,nan,nan,nan,nan,nan,nan,nan,0.3510090316981733
0.6075907319124025,inhale,21989.033700113356,21988.66470011328,21988.946700113338,,nan,nan,nan,nan,nan,nan,nan,nan,-0.4153796830351957
nan,pause,21989.35570011342,21989.033700113356,nan,,nan,nan,nan,nan,nan,nan,nan,nan,-0.14297347374076153
-0.7567035654991522,exhale,21990.893700113735,21989.35570011342,21989.456700113442,,nan,nan,nan,nan,nan,nan,nan,nan,-0.2616235418823607
nan,pause,21989.35570011342,21990.893700113735,nan,,nan,nan,nan,nan,nan,nan,nan,nan,-0.09194743648391812
-0.4535958378897745,exhale,21990.893700113735,21989.35570011342,21990.77670011371,,nan,nan,nan,nan,nan,nan,nan,nan,-0.3569598839155691
nan,pause,21992.48870011406,21990.893700113735,nan,,nan,nan,nan,nan,nan,nan,nan,nan,-0.39617925275187016
-2.766788852193506,exhale,21992.677700114098,21992.48870011406,21992.616700114086,,nan,nan,nan,nan,nan,nan,nan,nan,-0.5176049451459049
nan,pause,21992.6787001141,21992.677700114098,nan,,nan,nan,nan,nan,nan,nan,nan,nan,-0.24094495698457263
4.658738614659584,inhale,21992.93270011415,21992.6787001141,21992.78670011412,,nan,nan,nan,nan,nan,nan,nan,nan,-0.676780986951083
nan,pause,21994.340700114437,21992.93270011415,nan,,nan,nan,nan,nan,nan,nan,nan,nan,-0.28547927705224496
-0.7437023369013301,exhale,21994.520700114474,21994.340700114437,21994.44670011446,,nan,nan,nan,nan,nan,nan,nan,nan,-0.12903421749456112
nan,pause,21994.521700114474,21994.520700114474,nan,,nan,nan,nan,nan,nan,nan,nan,nan,-0.20864789745209067
1.0164981582427415,inhale,21994.94070011456,21994.521700114474,21994.616700114493,,nan,nan,nan,nan,nan,nan,nan,nan,-0.14533890436260677
nan,pause,21995.6407001147,21994.94070011456,nan,,nan,nan,nan,nan,nan,nan,nan,nan,-0.2843951414643191
0.3954800548140611,inhale,21996.07170011479,21995.6407001147,21995.78670011473,,nan,nan,nan,nan,nan,nan,nan,nan,-0.38610531965572803
nan,pause,21996.490700114875,21996.07170011479,nan,,nan,nan,nan,nan,nan,nan,nan,nan,-0.34748697715512933
0.36649999999999366,inhale,21996.848700114948,21996.490700114875,21996.626700114903,,nan,nan,nan,nan,nan,nan,nan,nan,-0.2227709312700109
nan,pause,21996.849700114948,21996.848700114948,nan,,nan,nan,nan,nan,nan,nan,nan,nan,-0.4441240892562832
-0.9164236259456885,exhale,21997.30370011504,21996.849700114948,21997.276700115035,,nan,nan,nan,nan,nan,nan,nan,nan,-0.43512603406117206
nan,pause,21997.30470011504,21997.30370011504,nan,,nan,nan,nan,nan,nan,nan,nan,nan,-0.43174918278740637
6.385055708227655,inhale,21997.806700115143,21997.30470011504,21997.44670011507,,nan,nan,nan,nan,nan,nan,nan,nan,-0.3510890453499016
nan,pause,21997.807700115143,21997.806700115143,nan,,nan,nan,nan,nan,nan,nan,nan,nan,-0.06142731031022031
-8.59652277300096,exhale,21998.28270011524,21997.807700115143,21997.94670011517,,nan,nan,nan,nan,nan,nan,nan,nan,-0.06391389386806168
nan,pause,21998.28370011524,21998.28270011524,nan,,nan,nan,nan,nan,nan,nan,nan,nan,0.14086235372994516
11.628275209277817,inhale,21998.592700115303,21998.28370011524,21998.446700115273,,nan,nan,nan,nan,nan,nan,nan,nan,-0.36139698462913716
nan,pause,21998.593700115303,21998.592700115303,nan,,nan,nan,nan,nan,nan,nan,nan,nan,-0.33223589585458146
-1.9834916487801217,exhale,21998.833700115352,21998.593700115303,21998.616700115308,,nan,nan,nan,nan,nan,nan,nan,nan,0.1734650387880139
nan,pause,21999.336700115455,21998.833700115352,nan,,nan,nan,nan,nan,nan,nan,nan,nan,-0.046788739066594864
-0.8094130660945059,exhale,21999.573700115503,21999.336700115455,21999.446700115477,,nan,nan,nan,nan,nan,nan,nan,nan,0.23712819217559344
nan,pause,22000.456700115683,21999.573700115503,nan,,nan,nan,nan,nan,nan,nan,nan,nan,0.14876657158577022
-0.41679951561578116,exhale,22001.87070011597,22000.456700115683,22000.616700115716,,nan,nan,nan,nan,nan,nan,nan,nan,0.3179003538880303
nan,pause,22000.456700115683,22001.87070011597,nan,,nan,nan,nan,nan,nan,nan,nan,nan,0.35256804513522266
-0.566799461708032,exhale,22001.87070011597,22000.456700115683,22001.61670011592,,nan,nan,nan,nan,nan,nan,nan,nan,0.2650783819389597
nan,pause,22001.87170011597,22001.87070011597,nan,,nan,nan,nan,nan,nan,nan,nan,nan,0.390554387741465
0.6164994654303153,inhale,22002.335700116066,22001.87170011597,22002.11670011602,,nan,nan,nan,nan,nan,nan,nan,nan,0.5606508027347924
nan,pause,22002.336700116066,22002.335700116066,nan,,nan,nan,nan,nan,nan,nan,nan,nan,1.0502855080958693
-0.6960130970376738,exhale,22002.55770011611,22002.336700116066,22002.44670011609,,nan,nan,nan,nan,nan,nan,nan,nan,0.46747458415995546
nan,pause,22007.522700117122,22002.55770011611,nan,,nan,nan,nan,nan,nan,nan,nan,nan,0.48380173457493747
-0.3500994712218314,exhale,22007.94870011721,22007.522700117122,22007.61670011714,,nan,nan,nan,nan,nan,nan,nan,nan,0.20660936939531704
nan,pause,22007.94970011721,22007.94870011721,nan,,nan,nan,nan,nan,nan,nan,nan,nan,0.3499126348273922
0.3831993064997165,inhale,22008.280700117277,22007.94970011721,22008.116700117243,,nan,nan,nan,nan,nan,nan,nan,nan,0.2908030671434556
nan,pause,22008.281700117277,22008.280700117277,nan,,nan,nan,nan,nan,nan,nan,nan,nan,0.3596410232110461
-0.7679911821563705,exhale,22008.721700117367,22008.281700117277,22008.44670011731,,nan,nan,nan,nan,nan,nan,nan,nan,0.02257431868526316
nan,pause,22008.722700117367,22008.721700117367,nan,,nan,nan,nan,nan,nan,nan,nan,nan,0.008368767228041474
0.43319926485053795,inhale,22009.27070011748,22008.722700117367,22009.116700117447,,nan,nan,nan,nan,nan,nan,nan,nan,-0.08891496104469154
nan,pause,22009.644700117555,22009.27070011748,nan,,nan,nan,nan,nan,nan,nan,nan,nan,0.18657802512796295
-1.6821678108883467,exhale,22009.897700117606,22009.644700117555,22009.786700117584,,nan,nan,nan,nan,nan,nan,nan,nan,-0.015996842457593474
nan,pause,22010.31070011769,22009.897700117606,nan,,nan,nan,nan,nan,nan,nan,nan,nan,-0.10316663037959883
-2.164337181350921,exhale,22010.55570011774,22010.31070011769,22010.446700117718,,nan,nan,nan,nan,nan,nan,nan,nan,-0.27827247900318697
nan,pause,22010.55670011774,22010.55570011774,nan,,nan,nan,nan,nan,nan,nan,nan,nan,-0.09696273868780891
1.2664961735389448,inhale,22010.75670011778,22010.55670011774,22010.616700117753,,nan,nan,nan,nan,nan,nan,nan,nan,-0.19868367901313655
nan,pause,22012.381700118112,22010.75670011778,nan,,nan,nan,nan,nan,nan,nan,nan,nan,-0.1431485282458016
0.5465955307232601,inhale,22012.85670011821,22012.381700118112,22012.776700118193,,nan,nan,nan,nan,nan,nan,nan,nan,0.0387481159264893
nan,pause,22013.313700118302,22012.85670011821,nan,,nan,nan,nan,nan,nan,nan,nan,nan,0.4062294774927979
-1.2038041585246788,exhale,22013.560700118353,22013.313700118302,22013.44670011833,,nan,nan,nan,nan,nan,nan,nan,nan,-0.038221685947985806
nan,pause,22013.561700118353,22013.560700118353,nan,,nan,nan,nan,nan,nan,nan,nan,nan,-0.09140515101202251
0.6164979953322489,inhale,22013.74970011839,22013.561700118353,22013.616700118364,,nan,nan,nan,nan,nan,nan,nan,nan,-0.11398622443402984
nan,pause,22013.99770011844,22013.74970011839,nan,,nan,nan,nan,nan,nan,nan,nan,nan,0.028611469478673324
-0.5834978932607686,exhale,22014.19070011848,22013.99770011844,22014.116700118466,,nan,nan,nan,nan,nan,nan,nan,nan,0.19032671347801322
nan,pause,22014.19170011848,22014.19070011848,nan,,nan,nan,nan,nan,nan,nan,nan,nan,-0.15905975724603633
0.7012025262390235,inhale,22014.441700118532,22014.19170011848,22014.2867001185,,nan,nan,nan,nan,nan,nan,nan,nan,-0.48184119512618984
nan,pause,22014.792700118604,22014.441700118532,nan,,nan,nan,nan,nan,nan,nan,nan,nan,-0.6773062541169959
0.5709911562055141,inhale,22015.102700118667,22014.792700118604,22014.946700118635,,nan,nan,nan,nan,nan,nan,nan,nan,-1.430239860674273
nan,pause,22015.51570011875,22015.102700118667,nan,,nan,nan,nan,nan,nan,nan,nan,nan,-1.9966831921023438
-0.3667987729735168,exhale,22015.70370011879,22015.51570011875,22015.61670011877,,nan,nan,nan,nan,nan,nan,nan,nan,-1.6168832714921577
nan,pause,22016.357700118922,22015.70370011879,nan,,nan,nan,nan,nan,nan,nan,nan,nan,-2.109925967277368
0.562413412452417,inhale,22016.58870011897,22016.357700118922,22016.44670011894,,nan,nan,nan,nan,nan,nan,nan,nan,-1.7906612541593905
nan,pause,22016.58970011897,22016.58870011897,nan,,nan,nan,nan,nan,nan,nan,nan,nan,-0.12305943846906864
-0.9256240383161045,exhale,22016.914700119036,22016.58970011897,22016.78670011901,,nan,nan,nan,nan,nan,nan,nan,nan,-0.9457432035558613
nan,pause,22016.915700119036,22016.914700119036,nan,,nan,nan,nan,nan,nan,nan,nan,nan,-0.7691397945944605
0.47164122674848435,inhale,22017.42470011914,22016.915700119036,22017.28670011911,,nan,nan,nan,nan,nan,nan,nan,nan,-1.4320449923770333
nan,pause,22022.156700120104,22017.42470011914,nan,,nan,nan,nan,nan,nan,nan,nan,nan,-1.2422948554063318
-1.0046040780461385,exhale,22022.404700120154,22022.156700120104,22022.28670012013,,nan,nan,nan,nan,nan,nan,nan,nan,-1.150692937906551
nan,pause,22022.405700120155,22022.404700120154,nan,,nan,nan,nan,nan,nan,nan,nan,nan,-1.0459267519530702
0.38119036587754274,inhale,22022.73070012022,22022.405700120155,22022.456700120165,,nan,nan,nan,nan,nan,nan,nan,nan,-1.6578109225721471
nan,pause,22023.178700120312,22022.73070012022,nan,,nan,nan,nan,nan,nan,nan,nan,nan,-0.5804430745321945
-0.4987836455204605,exhale,22023.380700120353,22023.178700120312,22023.286700120334,,nan,nan,nan,nan,nan,nan,nan,nan,-1.2984434847656692
nan,pause,22023.381700120353,22023.380700120353,nan,,nan,nan,nan,nan,nan,nan,nan,nan,-0.8862484829580408
0.34901359994445647,inhale,22023.571700120392,22023.381700120353,22023.446700120367,,nan,nan,nan,nan,nan,nan,nan,nan,-0.9305182319238305
nan,pause,22027.14470012112,22023.571700120392,nan,,nan,nan,nan,nan,nan,nan,nan,nan,-1.3797399588293322
0.6059414632296739,inhale,22027.521700121197,22027.14470012112,22027.44670012118,,nan,nan,nan,nan,nan,nan,nan,nan,0.06534189691744974
nan,pause,22027.522700121197,22027.521700121197,nan,,nan,nan,nan,nan,nan,nan,nan,nan,-1.2184944164475424
-0.8000979347877765,exhale,22027.753700121244,22027.522700121197,22027.616700121216,,nan,nan,nan,nan,nan,nan,nan,nan,-0.9723851244762898
nan,pause,22028.142700121323,22027.753700121244,nan,,nan,nan,nan,nan,nan,nan,nan,nan,-0.8828929413906841
-0.3549026347602603,exhale,22028.387700121373,22028.142700121323,22028.286700121353,,nan,nan,nan,nan,nan,nan,nan,nan,-1.096037122696972
nan,pause,22029.16470012153,22028.387700121373,nan,,nan,nan,nan,nan,nan,nan,nan,nan,-0.46547307872704824
0.4831993318595929,inhale,22030.206700121744,22029.16470012153,22029.616700121624,,nan,nan,nan,nan,nan,nan,nan,nan,-0.857184043226082
nan,pause,22030.991700121904,22030.206700121744,nan,,nan,nan,nan,nan,nan,nan,nan,nan,-0.6218938343015585
0.9664968665479657,inhale,22031.203700121947,22030.991700121904,22031.11670012193,,nan,nan,nan,nan,nan,nan,nan,nan,-1.0353691294115137
nan,pause,22031.204700121947,22031.203700121947,nan,,nan,nan,nan,nan,nan,nan,nan,nan,-0.165930832348546
-1.536571603494569,exhale,22031.585700122025,22031.204700121947,22031.446700121996,,nan,nan,nan,nan,nan,nan,nan,nan,-1.1817965192548203
nan,pause,22031.91270012209,22031.585700122025,nan,,nan,nan,nan,nan,nan,nan,nan,nan,0.9114700384184675
0.8998987940880708,inhale,22032.30570012217,22031.91270012209,22032.116700122133,,nan,nan,nan,nan,nan,nan,nan,nan,-0.11104241697150763
nan,pause,22032.30670012217,22032.30570012217,nan,,nan,nan,nan,nan,nan,nan,nan,nan,0.030259262709129375
-3.633493599951116,exhale,22032.767700122266,22032.30670012217,22032.616700122235,,nan,nan,nan,nan,nan,nan,nan,nan,0.9969769751572122
nan,pause,22032.768700122266,22032.767700122266,nan,,nan,nan,nan,nan,nan,nan,nan,nan,0.3510208998596275
3.911270673830927,inhale,22033.100700122333,22032.768700122266,22032.946700122302,,nan,nan,nan,nan,nan,nan,nan,nan,-0.7565919018474866
nan,pause,22034.75970012267,22033.100700122333,nan,,nan,nan,nan,nan,nan,nan,nan,nan,-0.41093623466366136
0.39593982348097556,inhale,22035.011700122723,22034.75970012267,22034.94670012271,,nan,nan,nan,nan,nan,nan,nan,nan,-0.9253031270326495
nan,pause,22036.290700122983,22035.011700122723,nan,,nan,nan,nan,nan,nan,nan,nan,nan,-0.2964711893084152
-3.378830258634296,exhale,22036.595700123045,22036.290700122983,22036.446700123015,,nan,nan,nan,nan,nan,nan,nan,nan,0.2475794527202002
nan,pause,22036.596700123046,22036.595700123045,nan,,nan,nan,nan,nan,nan,nan,nan,nan,-1.078641863941443
0.4831966197540277,pause,22036.71270012307,22036.596700123046,22036.61670012305,,nan,nan,nan,nan,nan,nan,nan,nan,0.11827920921335666
nan,pause,22037.21470012317,22036.71270012307,nan,,nan,nan,nan,nan,nan,nan,nan,nan,0.03981440707558548
-0.7667985391856061,exhale,22037.780700123287,22037.21470012317,22037.616700123253,,nan,nan,nan,nan,nan,nan,nan,nan,-0.03298150421424739
nan,pause,22037.781700123287,22037.780700123287,nan,,nan,nan,nan,nan,nan,nan,nan,nan,0.023632754755923635
0.7219812204281211,inhale,22039.202700123577,22037.781700123287,22038.946700123524,,nan,nan,nan,nan,nan,nan,nan,nan,-0.18151237147461785
nan,pause,22039.203700123577,22039.202700123577,nan,,nan,nan,nan,nan,nan,nan,nan,nan,-0.10015161390032357
-0.3709213784001721,exhale,22039.386700123614,22039.203700123577,22039.286700123594,,nan,nan,nan,nan,nan,nan,nan,nan,-0.007807391147118148
nan,pause,22039.623700123662,22039.386700123614,nan,,nan,nan,nan,nan,nan,nan,nan,nan,0.0576823733865357
0.7998999999999937,inhale,22040.10070012376,22039.623700123662,22039.786700123695,,nan,nan,nan,nan,nan,nan,nan,nan,-0.0001623083539029624
nan,pause,22040.478700123836,22040.10070012376,nan,,nan,nan,nan,nan,nan,nan,nan,nan,-0.696150308800616
-0.400099363892598,exhale,22041.549700124055,22040.478700123836,22040.616700123865,,nan,nan,nan,nan,nan,nan,nan,nan,0.34202460070763085
nan,pause,22042.11770012417,22041.549700124055,nan,,nan,nan,nan,nan,nan,nan,nan,nan,-0.469842636790603
0.3805191464503408,inhale,22042.689700124287,22042.11770012417,22042.45670012424,,nan,nan,nan,nan,nan,nan,nan,nan,-0.057187037891359815
nan,pause,22042.690700124287,22042.689700124287,nan,,nan,nan,nan,nan,nan,nan,nan,nan,-0.08371664682910518
-1.2542213753854552,exhale,22043.554700124463,22042.690700124287,22043.28670012441,,nan,nan,nan,nan,nan,nan,nan,nan,-0.07520810916771281
nan,pause,22043.555700124463,22043.554700124463,nan,,nan,nan,nan,nan,nan,nan,nan,nan,0.025806750557647584
0.38319888237279404,inhale,22043.78470012451,22043.555700124463,22043.616700124476,,nan,nan,nan,nan,nan,nan,nan,nan,-0.0041928481196185086
nan,pause,22044.483700124652,22043.78470012451,nan,,nan,nan,nan,nan,nan,nan,nan,nan,0.02926988504109851
-1.7667968912300926,exhale,22045.763700124913,22044.483700124652,22045.616700124883,,nan,nan,nan,nan,nan,nan,nan,nan,-0.11770176098662644
nan,pause,22045.764700124913,22045.763700124913,nan,,nan,nan,nan,nan,nan,nan,nan,nan,0.03034632036977636
0.34758965033996075,inhale,22047.203700125207,22045.764700124913,22045.94670012495,,nan,nan,nan,nan,nan,nan,nan,nan,0.009670687230994401
nan,pause,22047.204700125207,22047.203700125207,nan,,nan,nan,nan,nan,nan,nan,nan,nan,0.08349406297115336
-0.9834992882345155,exhale,22047.929700125354,22047.204700125207,22047.61670012529,,nan,nan,nan,nan,nan,nan,nan,nan,0.1637080986859013
nan,pause,22048.481700125467,22047.929700125354,nan,,nan,nan,nan,nan,nan,nan,nan,nan,0.13078850344930126
-0.4434997978691025,exhale,22048.919700125556,22048.481700125467,22048.776700125527,,nan,nan,nan,nan,nan,nan,nan,nan,-0.07275828964313047
nan,pause,22049.554700125685,22048.919700125556,nan,,nan,nan,nan,nan,nan,nan,nan,nan,0.09790595720908091
-2.101829228787798,exhale,22049.934700125763,22049.554700125685,22049.786700125733,,nan,nan,nan,nan,nan,nan,nan,nan,0.03303438948103621
nan,pause,22051.958700126175,22049.934700125763,nan,,nan,nan,nan,nan,nan,nan,nan,nan,0.12621242408311484
-0.7768958657870614,exhale,22052.699700126326,22051.958700126175,22052.27670012624,,nan,nan,nan,nan,nan,nan,nan,nan,0.1623129192664341
nan,pause,22052.700700126326,22052.699700126326,nan,,nan,nan,nan,nan,nan,nan,nan,nan,0.16703936747789372
0.6886811213393221,inhale,22053.244700126437,22052.700700126326,22052.946700126377,,nan,nan,nan,nan,nan,nan,nan,nan,0.04384482086503105
nan,pause,22054.024700126596,22053.244700126437,nan,,nan,nan,nan,nan,nan,nan,nan,nan,0.1933492839989015
-0.6667981755039922,exhale,22054.252700126643,22054.024700126596,22054.116700126615,,nan,nan,nan,nan,nan,nan,nan,nan,0.4663005884709358
nan,pause,22054.253700126643,22054.252700126643,nan,,nan,nan,nan,nan,nan,nan,nan,nan,-0.05881315564457634
0.7998980699554928,inhale,22055.22770012684,22054.253700126643,22055.11670012682,,nan,nan,nan,nan,nan,nan,nan,nan,0.11045160486156214
nan,pause,22055.22870012684,22055.22770012684,nan,,nan,nan,nan,nan,nan,nan,nan,nan,0.04946367832355558
-0.8072314834022148,exhale,22056.071700127013,22055.22870012684,22055.946700126988,,nan,nan,nan,nan,nan,nan,nan,nan,0.13489507848591864
nan,pause,22056.072700127013,22056.071700127013,nan,,nan,nan,nan,nan,nan,nan,nan,nan,0.11576299443543836
1.0778022336267594,inhale,22057.060700127215,22056.072700127013,22056.286700127057,,nan,nan,nan,nan,nan,nan,nan,nan,-0.09443095618107866
nan,pause,22057.990700127404,22057.060700127215,nan,,nan,nan,nan,nan,nan,nan,nan,nan,0.0723786608935646
0.31649915795485895,inhale,22058.237700127454,22057.990700127404,22058.11670012743,,nan,nan,nan,nan,nan,nan,nan,nan,-0.006259181132179714
nan,pause,22061.333700128085,22058.237700127454,nan,,nan,nan,nan,nan,nan,nan,nan,nan,0.0026877760145346263
0.6484132714497917,inhale,22061.925700128206,22061.333700128085,22061.45670012811,,nan,nan,nan,nan,nan,nan,nan,nan,0.049429661261319646
nan,pause,22087.95570013351,22061.925700128206,nan,,nan,nan,nan,nan,nan,nan,nan,nan,-0.006510371449693297
-0.883498301673102,exhale,22088.780700133677,22087.95570013351,22088.11670013354,,nan,nan,nan,nan,nan,nan,nan,nan,-0.15854158950292008
nan,pause,22089.011700133724,22088.780700133677,nan,,nan,nan,nan,nan,nan,nan,nan,nan,-0.4987302445804185
-0.4000984061970503,exhale,22089.19570013376,22089.011700133724,22089.116700133745,,nan,nan,nan,nan,nan,nan,nan,nan,-1.575674118130621
nan,pause,22089.19670013376,22089.19570013376,nan,,nan,nan,nan,nan,nan,nan,nan,nan,-1.7877862335705936
0.42164117688319985,inhale,22089.410700133805,22089.19670013376,22089.28670013378,,nan,nan,nan,nan,nan,nan,nan,nan,-78.57331253182012
nan,pause,22098.799700135718,22089.410700133805,nan,,nan,nan,nan,nan,nan,nan,nan,nan,0.16767114377512948
0.3095705990319549,inhale,22099.019700135763,22098.799700135718,22098.946700135748,,nan,nan,nan,nan,nan,nan,nan,nan,-0.0715088648889598
nan,pause,22099.020700135763,22099.019700135763,nan,,nan,nan,nan,nan,nan,nan,nan,nan,-0.10508546565652976
-0.43349913186081884,exhale,22099.584700135878,22099.020700135763,22099.116700135783,,nan,nan,nan,nan,nan,nan,nan,nan,0.11397504012571573
nan,pause,22109.727700137944,22099.584700135878,nan,,nan,nan,nan,nan,nan,nan,nan,nan,-0.9677654348933475
-0.4661403569839052,exhale,22110.629700138128,22109.727700137944,22110.44670013809,,nan,nan,nan,nan,nan,nan,nan,nan,-1.7094731355377326
nan,pause,22110.63070013813,22110.629700138128,nan,,nan,nan,nan,nan,nan,nan,nan,nan,-1.438333048905311
0.8729705577201577,inhale,22111.876700138382,22110.63070013813,22110.946700138193,,nan,nan,nan,nan,nan,nan,nan,nan,-1.7819610767299805
nan,pause,22111.877700138382,22111.876700138382,nan,,nan,nan,nan,nan,nan,nan,nan,nan,-1.9167365067958104
-0.4161287803662667,exhale,22112.85270013858,22111.877700138382,22112.4567001385,,nan,nan,nan,nan,nan,nan,nan,nan,-1.3163209269093041
nan,pause,22112.85370013858,22112.85270013858,nan,,nan,nan,nan,nan,nan,nan,nan,nan,-0.029150927784695746
0.41047108104241004,inhale,22113.947700138804,22112.85370013858,22112.956700138602,,nan,nan,nan,nan,nan,nan,nan,nan,-2.3477394133919596
nan,pause,22113.948700138804,22113.947700138804,nan,,nan,nan,nan,nan,nan,nan,nan,nan,-2.1384564023549126
-0.46679949561440115,exhale,22114.832700138984,22113.948700138804,22114.61670013894,,nan,nan,nan,nan,nan,nan,nan,nan,-1.1531236624323373
nan,pause,22114.833700138985,22114.832700138984,nan,,nan,nan,nan,nan,nan,nan,nan,nan,-1.6779120551205953
0.34989999999999366,inhale,22115.721700139165,22114.833700138985,22114.95670013901,,nan,nan,nan,nan,nan,nan,nan,nan,-1.3862081014894798
nan,pause,22115.722700139166,22115.721700139165,nan,,nan,nan,nan,nan,nan,nan,nan,nan,1.690165017152447
-0.3984009501971199,exhale,22116.710700139367,22115.722700139166,22116.28670013928,,nan,nan,nan,nan,nan,nan,nan,nan,-2.637938235122986
nan,pause,22116.711700139367,22116.710700139367,nan,,nan,nan,nan,nan,nan,nan,nan,nan,-2.1301740376650526
0.4792405088381385,inhale,22117.95770013962,22116.711700139367,22116.946700139415,,nan,nan,nan,nan,nan,nan,nan,nan,-0.7541317937550485
nan,pause,22117.95870013962,22117.95770013962,nan,,nan,nan,nan,nan,nan,nan,nan,nan,-0.9943835761007414
-0.38085903577799185,exhale,22118.68670013977,22117.95870013962,22118.44670013972,,nan,nan,nan,nan,nan,nan,nan,nan,0.44576239741008905
nan,pause,22118.68770013977,22118.68670013977,nan,,nan,nan,nan,nan,nan,nan,nan,nan,0.6033492086090075
0.5779200341664299,inhale,22120.240700140086,22118.68770013977,22118.946700139822,,nan,nan,nan,nan,nan,nan,nan,nan,0.5111085946029577
nan,pause,22120.241700140086,22120.240700140086,nan,,nan,nan,nan,nan,nan,nan,nan,nan,0.8210527919863204
-0.4768958126992679,exhale,22120.929700140226,22120.241700140086,22120.776700140195,,nan,nan,nan,nan,nan,nan,nan,nan,0.7361108853119713
nan,pause,22120.930700140227,22120.929700140226,nan,,nan,nan,nan,nan,nan,nan,nan,nan,0.3796589409828184
0.639340015338861,inhale,22121.607700140365,22120.930700140227,22121.44670014033,,nan,nan,nan,nan,nan,nan,nan,nan,0.33320181369917323
nan,pause,22124.605700140975,22121.607700140365,nan,,nan,nan,nan,nan,nan,nan,nan,nan,1.8217392089129196
0.4664991262616423,inhale,22125.31870014112,22124.605700140975,22125.11670014108,,nan,nan,nan,nan,nan,nan,nan,nan,-0.7906958823602235
nan,pause,22125.31970014112,22125.31870014112,nan,,nan,nan,nan,nan,nan,nan,nan,nan,0.35127543283909723
-0.4974605742545029,exhale,22126.09270014128,22125.31970014112,22125.94670014125,,nan,nan,nan,nan,nan,nan,nan,nan,0.9559956371676319
nan,pause,22126.509700141363,22126.09270014128,nan,,nan,nan,nan,nan,nan,nan,nan,nan,0.27402570655825814
-0.3667995465869762,exhale,22127.349700141534,22126.509700141363,22126.616700141385,,nan,nan,nan,nan,nan,nan,nan,nan,0.11234207523684477
nan,pause,22127.350700141535,22127.349700141534,nan,,nan,nan,nan,nan,nan,nan,nan,nan,-0.6643830955361842
0.533199171646478,inhale,22128.914700141853,22127.350700141535,22127.61670014159,,nan,nan,nan,nan,nan,nan,nan,nan,-0.19248921478959663
nan,pause,22130.1207001421,22128.914700141853,nan,,nan,nan,nan,nan,nan,nan,nan,nan,-0.21216354531782217
-1.370865304618704,exhale,22130.445700142165,22130.1207001421,22130.286700142133,,nan,nan,nan,nan,nan,nan,nan,nan,-0.4415887630544698
nan,pause,22134.87870014307,22130.445700142165,nan,,nan,nan,nan,nan,nan,nan,nan,nan,-0.3974184830469224
0.4331985560793016,inhale,22135.204700143135,22134.87870014307,22135.116700143117,,nan,nan,nan,nan,nan,nan,nan,nan,0.3520100573437402
nan,pause,22135.205700143135,22135.204700143135,nan,,nan,nan,nan,nan,nan,nan,nan,nan,-0.286881925486579
-0.3699014670690979,exhale,22135.37870014317,22135.205700143135,22135.28670014315,,nan,nan,nan,nan,nan,nan,nan,nan,-0.34683139530483476
nan,pause,22135.37970014317,22135.37870014317,nan,,nan,nan,nan,nan,nan,nan,nan,nan,-0.1595607990336656
0.29989975846259986,inhale,22136.30870014336,22135.37970014317,22135.61670014322,,nan,nan,nan,nan,nan,nan,nan,nan,-0.2507213071614467
nan,pause,22136.30970014336,22136.30870014336,nan,,nan,nan,nan,nan,nan,nan,nan,nan,0.09611420139660332
-0.5209604975521804,exhale,22136.60670014342,22136.30970014336,22136.446700143388,,nan,nan,nan,nan,nan,nan,nan,nan,0.34327003048554117
nan,pause,22138.701700143847,22136.60670014342,nan,,nan,nan,nan,nan,nan,nan,nan,nan,-0.0882736398673254
0.3923096682106003,inhale,22139.097700143928,22138.701700143847,22138.946700143897,,nan,nan,nan,nan,nan,nan,nan,nan,-0.5976792318996235
nan,pause,22147.664700145673,22139.097700143928,nan,,nan,nan,nan,nan,nan,nan,nan,nan,-0.3658576794654508
-0.698741573423376,exhale,22148.560700145856,22147.664700145673,22148.2867001458,,nan,nan,nan,nan,nan,nan,nan,nan,-0.2852573080586859
nan,pause,22148.561700145856,22148.560700145856,nan,,nan,nan,nan,nan,nan,nan,nan,nan,0.06477112617313405
0.8797998540974656,inhale,22149.941700146137,22148.561700145856,22148.7867001459,,nan,nan,nan,nan,nan,nan,nan,nan,0.009737961560306763
nan,pause,22149.942700146137,22149.941700146137,nan,,nan,nan,nan,nan,nan,nan,nan,nan,0.009451508176893983
-0.7648191184251878,exhale,22150.765700146305,22149.942700146137,22150.276700146205,,nan,nan,nan,nan,nan,nan,nan,nan,0.6472266372589242
nan,pause,22150.766700146305,22150.765700146305,nan,,nan,nan,nan,nan,nan,nan,nan,nan,0.31772733415675786
0.34582064017774405,inhale,22151.549700146465,22150.766700146305,22151.28670014641,,nan,nan,nan,nan,nan,nan,nan,nan,0.4524556450962752
nan,pause,22152.007700146558,22151.549700146465,nan,,nan,nan,nan,nan,nan,nan,nan,nan,0.03130275712975654
0.38319936134633753,inhale,22152.384700146635,22152.007700146558,22152.11670014658,,nan,nan,nan,nan,nan,nan,nan,nan,-2.5300335419080504
nan,pause,22152.385700146635,22152.384700146635,nan,,nan,nan,nan,nan,nan,nan,nan,nan,-0.6593733795474708
-0.7049025460091245,exhale,22153.516700146865,22152.385700146635,22152.786700146717,,nan,nan,nan,nan,nan,nan,nan,nan,-1.9032983064336015
nan,pause,22153.517700146866,22153.516700146865,nan,,nan,nan,nan,nan,nan,nan,nan,nan,1.5302820277070732
0.6831987578146911,inhale,22154.100700146984,22153.517700146866,22153.616700146886,,nan,nan,nan,nan,nan,nan,nan,nan,-3.4868063494139796
nan,pause,22154.101700146985,22154.100700146984,nan,,nan,nan,nan,nan,nan,nan,nan,nan,-2.661771693771522
-0.33990159861120756,exhale,22154.399700147045,22154.101700146985,22154.286700147022,,nan,nan,nan,nan,nan,nan,nan,nan,-1.5965838547141136
nan,pause,22154.400700147045,22154.399700147045,nan,,nan,nan,nan,nan,nan,nan,nan,nan,-0.931351944233362
0.5759400593947658,inhale,22155.10270014719,22154.400700147045,22154.946700147157,,nan,nan,nan,nan,nan,nan,nan,nan,-2.8147436138974427
nan,pause,22155.10370014719,22155.10270014719,nan,,nan,nan,nan,nan,nan,nan,nan,nan,-4.4802063504463305
-0.6500986467565708,exhale,22156.254700147423,22155.10370014719,22156.116700147395,,nan,nan,nan,nan,nan,nan,nan,nan,0.03450999878242733
nan,pause,22156.255700147423,22156.254700147423,nan,,nan,nan,nan,nan,nan,nan,nan,nan,-1.144369295830582
0.5906607362490245,inhale,22157.788700147736,22156.255700147423,22156.446700147462,,nan,nan,nan,nan,nan,nan,nan,nan,-1.7681013610032252
nan,pause,22156.255700147423,22157.788700147736,nan,,nan,nan,nan,nan,nan,nan,nan,nan,-2.049011652779676
0.8363705779378673,inhale,22157.788700147736,22156.255700147423,22157.446700147666,,nan,nan,nan,nan,nan,nan,nan,nan,-1.2056612272096925
nan,pause,22157.789700147736,22157.788700147736,nan,,nan,nan,nan,nan,nan,nan,nan,nan,-1.0265287983715092
-0.5667985374441289,exhale,22158.73670014793,22157.789700147736,22158.616700147904,,nan,nan,nan,nan,nan,nan,nan,nan,0.1358721899799754
nan,pause,22158.73770014793,22158.73670014793,nan,,nan,nan,nan,nan,nan,nan,nan,nan,-4.354433818239161
0.39131508807680687,inhale,22159.43670014807,22158.73770014793,22159.27670014804,,nan,nan,nan,nan,nan,nan,nan,nan,-2.606124102952766
nan,pause,22159.492700148083,22159.43670014807,nan,,nan,nan,nan,nan,nan,nan,nan,nan,-1.6923916580563954
0.360560727757552,inhale,22160.10870014821,22159.492700148083,22159.946700148175,,nan,nan,nan,nan,nan,nan,nan,nan,-1.9759973053915005
nan,pause,22160.40870014827,22160.10870014821,nan,,nan,nan,nan,nan,nan,nan,nan,nan,-0.8305181918060125
-0.38349927516282606,exhale,22161.523700148497,22160.40870014827,22160.61670014831,,nan,nan,nan,nan,nan,nan,nan,nan,-1.1685184587876227
nan,pause,22160.40870014827,22161.523700148497,nan,,nan,nan,nan,nan,nan,nan,nan,nan,-1.090123011384518
-0.29942078618263696,exhale,22161.523700148497,22160.40870014827,22161.28670014845,,nan,nan,nan,nan,nan,nan,nan,nan,-2.089879213621365
nan,pause,22161.524700148497,22161.523700148497,nan,,nan,nan,nan,nan,nan,nan,nan,nan,-0.7932149288610142
0.3492383310286506,inhale,22163.11570014882,22161.524700148497,22161.776700148548,,nan,nan,nan,nan,nan,nan,nan,nan,-1.3654454317199196
nan,pause,22163.11670014882,22163.11570014882,nan,,nan,nan,nan,nan,nan,nan,nan,nan,-1.0863623555151043
-0.6668000000000063,exhale,22163.965700148994,22163.11670014882,22163.626700148925,,nan,nan,nan,nan,nan,nan,nan,nan,0.5075959415983161
nan,pause,22163.966700148994,22163.965700148994,nan,,nan,nan,nan,nan,nan,nan,nan,nan,-0.41122336564175976
0.7664990835003375,inhale,22165.253700149256,22163.966700148994,22164.116700149025,,nan,nan,nan,nan,nan,nan,nan,nan,0.08642224998851444
nan,pause,22165.254700149257,22165.253700149256,nan,,nan,nan,nan,nan,nan,nan,nan,nan,-0.3689198896667222
-1.0785491229884994,exhale,22166.05570014942,22165.254700149257,22165.946700149398,,nan,nan,nan,nan,nan,nan,nan,nan,-0.033012580833399086
nan,pause,22166.05670014942,22166.05570014942,nan,,nan,nan,nan,nan,nan,nan,nan,nan,0.44555463950149754
1.5008637997481937,inhale,22167.415700149697,22166.05670014942,22166.286700149467,,nan,nan,nan,nan,nan,nan,nan,nan,0.19051284884083097
nan,pause,22167.416700149697,22167.415700149697,nan,,nan,nan,nan,nan,nan,nan,nan,nan,0.5266403077126109
-1.4980903569866584,exhale,22168.193700149855,22167.416700149697,22167.956700149807,,nan,nan,nan,nan,nan,nan,nan,nan,-0.14117723208609756
nan,pause,22168.194700149856,22168.193700149855,nan,,nan,nan,nan,nan,nan,nan,nan,nan,-0.3897205557056065
1.6471790642270374,inhale,22169.54970015013,22168.194700149856,22168.286700149874,,nan,nan,nan,nan,nan,nan,nan,nan,-0.13023297507432696
nan,pause,22169.550700150132,22169.54970015013,nan,,nan,nan,nan,nan,nan,nan,nan,nan,-0.11551837209808957
-1.312176361272205,exhale,22170.47870015032,22169.550700150132,22170.27670015028,,nan,nan,nan,nan,nan,nan,nan,nan,-0.13981853051990922
nan,pause,22170.47970015032,22170.47870015032,nan,,nan,nan,nan,nan,nan,nan,nan,nan,-0.1736332614862357
1.7831974171131704,inhale,22171.787700150588,22170.47970015032,22170.61670015035,,nan,nan,nan,nan,nan,nan,nan,nan,-0.10986151418067669
nan,pause,22171.788700150588,22171.787700150588,nan,,nan,nan,nan,nan,nan,nan,nan,nan,0.005579196057529212
-1.7311879242879744,exhale,22172.617700150757,22171.788700150588,22172.446700150722,,nan,nan,nan,nan,nan,nan,nan,nan,-0.06742480641965143
nan,pause,22172.618700150757,22172.617700150757,nan,,nan,nan,nan,nan,nan,nan,nan,nan,-0.2774912780420049
1.4035826904825637,inhale,22174.071700151053,22172.618700150757,22172.78670015079,,nan,nan,nan,nan,nan,nan,nan,nan,-0.08796005323205802
nan,pause,22174.072700151053,22174.071700151053,nan,,nan,nan,nan,nan,nan,nan,nan,nan,-0.06982729021099776
-1.2000998446400757,exhale,22174.958700151234,22174.072700151053,22174.616700151164,,nan,nan,nan,nan,nan,nan,nan,nan,-0.06315503327779526
nan,pause,22174.959700151234,22174.958700151234,nan,,nan,nan,nan,nan,nan,nan,nan,nan,-0.18583931173816592
1.71649751591129,inhale,22176.107700151468,22174.959700151234,22175.116700151266,,nan,nan,nan,nan,nan,nan,nan,nan,0.11280720324555671
nan,pause,22176.108700151468,22176.107700151468,nan,,nan,nan,nan,nan,nan,nan,nan,nan,-0.11310782804390507
-2.5834983474142463,exhale,22176.931700151636,22176.108700151468,22176.61670015157,,nan,nan,nan,nan,nan,nan,nan,nan,-0.28594072504560275
nan,pause,22176.932700151636,22176.931700151636,nan,,nan,nan,nan,nan,nan,nan,nan,nan,-0.08215962982190028
2.44989572096642,inhale,22178.27870015191,22176.932700151636,22177.116700151673,,nan,nan,nan,nan,nan,nan,nan,nan,-0.06281612736417053
nan,pause,22178.27970015191,22178.27870015191,nan,,nan,nan,nan,nan,nan,nan,nan,nan,0.009555991987903578
-3.270291725760519,exhale,22179.038700152065,22178.27970015191,22178.77670015201,,nan,nan,nan,nan,nan,nan,nan,nan,-0.05609552670588469
nan,pause,22179.039700152065,22179.038700152065,nan,,nan,nan,nan,nan,nan,nan,nan,nan,-0.008574405869037793
2.0998965874710316,inhale,22180.370700152336,22179.039700152065,22179.11670015208,,nan,nan,nan,nan,nan,nan,nan,nan,-0.05603116558113297
nan,pause,22180.371700152336,22180.370700152336,nan,,nan,nan,nan,nan,nan,nan,nan,nan,-0.04567575750114372
-3.243301734839951,exhale,22181.135700152492,22180.371700152336,22180.78670015242,,nan,nan,nan,nan,nan,nan,nan,nan,-0.010882110276547952
nan,pause,22181.136700152492,22181.135700152492,nan,,nan,nan,nan,nan,nan,nan,nan,nan,-0.06800345814939468
2.1080445824390046,inhale,22182.70270015281,22181.136700152492,22181.286700152523,,nan,nan,nan,nan,nan,nan,nan,nan,-0.1490412036794193
nan,pause,22182.70370015281,22182.70270015281,nan,,nan,nan,nan,nan,nan,nan,nan,nan,0.0412367483246745
-2.9334995454363333,exhale,22183.53070015298,22182.70370015281,22183.116700152896,,nan,nan,nan,nan,nan,nan,nan,nan,-0.04325025949404693
nan,pause,22183.53170015298,22183.53070015298,nan,,nan,nan,nan,nan,nan,nan,nan,nan,0.05047243224609699
2.1015429980859306,inhale,22184.84870015325,22183.53170015298,22183.786700153032,,nan,nan,nan,nan,nan,nan,nan,nan,0.059368926978664804
nan,pause,22184.84970015325,22184.84870015325,nan,,nan,nan,nan,nan,nan,nan,nan,nan,0.03863602148452916
-3.994156858261338,exhale,22185.560700153394,22184.84970015325,22185.276700153336,,nan,nan,nan,nan,nan,nan,nan,nan,-0.10091788608119856
nan,pause,22185.561700153394,22185.560700153394,nan,,nan,nan,nan,nan,nan,nan,nan,nan,-0.0011785706374315419
2.313823000789441,inhale,22186.792700153645,22185.561700153394,22185.78670015344,,nan,nan,nan,nan,nan,nan,nan,nan,-0.03298021356897296
nan,pause,22186.793700153645,22186.792700153645,nan,,nan,nan,nan,nan,nan,nan,nan,nan,-0.1486967812861738
-3.408876371303865,exhale,22187.5637001538,22186.793700153645,22187.276700153743,,nan,nan,nan,nan,nan,nan,nan,nan,-0.02029911286585384
nan,pause,22187.564700153802,22187.5637001538,nan,,nan,nan,nan,nan,nan,nan,nan,nan,-0.09819858202701381
2.654303791503996,inhale,22188.810700154056,22187.564700153802,22187.786700153847,,nan,nan,nan,nan,nan,nan,nan,nan,0.017284658896310923
nan,pause,22188.811700154056,22188.810700154056,nan,,nan,nan,nan,nan,nan,nan,nan,nan,-0.11109897866496565
-3.08349865770794,exhale,22189.57670015421,22188.811700154056,22189.116700154118,,nan,nan,nan,nan,nan,nan,nan,nan,-0.24081576861709592
nan,pause,22189.577700154212,22189.57670015421,nan,,nan,nan,nan,nan,nan,nan,nan,nan,-0.13755028107721967
2.485904730755896,inhale,22190.84970015447,22189.577700154212,22189.786700154255,,nan,nan,nan,nan,nan,nan,nan,nan,-0.15890708954501037
nan,pause,22190.85070015447,22190.84970015447,nan,,nan,nan,nan,nan,nan,nan,nan,nan,-0.12418657562246332
-2.5667991975165547,exhale,22191.649700154634,22190.85070015447,22191.116700154525,,nan,nan,nan,nan,nan,nan,nan,nan,-0.3338556553238321
nan,pause,22191.650700154634,22191.649700154634,nan,,nan,nan,nan,nan,nan,nan,nan,nan,-0.45210454152484036
2.5230434694392034,inhale,22192.85170015488,22191.650700154634,22191.786700154662,,nan,nan,nan,nan,nan,nan,nan,nan,-0.1511773661966922
nan,pause,22192.85270015488,22192.85170015488,nan,,nan,nan,nan,nan,nan,nan,nan,nan,-0.47663057138253206
-2.500098858014527,exhale,22193.660700155044,22192.85270015488,22193.116700154933,,nan,nan,nan,nan,nan,nan,nan,nan,-1.1070975059536292
nan,pause,22193.661700155044,22193.660700155044,nan,,nan,nan,nan,nan,nan,nan,nan,nan,-0.454704142871166
2.789984093633437,inhale,22194.81370015528,22193.661700155044,22193.78670015507,,nan,nan,nan,nan,nan,nan,nan,nan,-1.3093576011052677
nan,pause,22194.81470015528,22194.81370015528,nan,,nan,nan,nan,nan,nan,nan,nan,nan,-0.4052153340766491
-2.4821766732083237,exhale,22195.54970015543,22194.81470015528,22195.276700155373,,nan,nan,nan,nan,nan,nan,nan,nan,-0.914725283930796
nan,pause,22195.55070015543,22195.54970015543,nan,,nan,nan,nan,nan,nan,nan,nan,nan,-0.5468428831577734
2.6845462893140524,inhale,22196.69070015566,22195.55070015543,22195.786700155477,,nan,nan,nan,nan,nan,nan,nan,nan,-0.9006538895180789
nan,pause,22196.69170015566,22196.69070015566,nan,,nan,nan,nan,nan,nan,nan,nan,nan,-0.6764402792916924
-2.820770909929175,exhale,22197.487700155823,22196.69170015566,22196.956700155715,,nan,nan,nan,nan,nan,nan,nan,nan,-2.2182388039258107
nan,pause,22197.488700155824,22197.487700155823,nan,,nan,nan,nan,nan,nan,nan,nan,nan,-3.879392992624889
3.3498945772509843,inhale,22198.70070015607,22197.488700155824,22197.61670015585,,nan,nan,nan,nan,nan,nan,nan,nan,-0.4496360857490673
nan,pause,22198.70170015607,22198.70070015607,nan,,nan,nan,nan,nan,nan,nan,nan,nan,-2.493898015598357
-2.7702915264644234,exhale,22199.504700156234,22198.70170015607,22199.276700156188,,nan,nan,nan,nan,nan,nan,nan,nan,-1.0570709617705454
nan,pause,22199.505700156235,22199.504700156234,nan,,nan,nan,nan,nan,nan,nan,nan,nan,-0.710570104897088
3.216494442857593,inhale,22200.672700156472,22199.505700156235,22199.616700156257,,nan,nan,nan,nan,nan,nan,nan,nan,-1.8241651888333852
nan,pause,22200.673700156472,22200.672700156472,nan,,nan,nan,nan,nan,nan,nan,nan,nan,-1.9235367854585208
-5.866797406708391,exhale,22201.40070015662,22200.673700156472,22201.116700156563,,nan,nan,nan,nan,nan,nan,nan,nan,-1.9956283049451349
nan,pause,22201.40170015662,22201.40070015662,nan,,nan,nan,nan,nan,nan,nan,nan,nan,0.04864917259362489
4.0664949049795505,inhale,22202.72870015689,22201.40170015662,22201.616700156665,,nan,nan,nan,nan,nan,nan,nan,nan,0.24361589409252637
nan,pause,22202.72970015689,22202.72870015689,nan,,nan,nan,nan,nan,nan,nan,nan,nan,-1.402589700361982
-11.216791910231303,exhale,22203.372700157022,22202.72970015689,22203.11670015697,,nan,nan,nan,nan,nan,nan,nan,nan,-1.6552051397291176
nan,pause,22203.373700157023,22203.372700157022,nan,,nan,nan,nan,nan,nan,nan,nan,nan,-1.1222472286246834
6.119084100769931,inhale,22205.846700157526,22203.373700157023,22203.45670015704,,nan,nan,nan,nan,nan,nan,nan,nan,1.8452723013919234
nan,pause,22205.847700157527,22205.846700157526,nan,,nan,nan,nan,nan,nan,nan,nan,nan,-0.6463196572092857
-9.316793476108957,exhale,22206.824700157726,22205.847700157527,22206.11670015758,,nan,nan,nan,nan,nan,nan,nan,nan,-0.6936234681352107
nan,pause,22206.825700157726,22206.824700157726,nan,,nan,nan,nan,nan,nan,nan,nan,nan,3.6101045825924007
7.140993648235019,inhale,22208.792700158127,22206.825700157726,22206.956700157752,,nan,nan,nan,nan,nan,nan,nan,nan,0.2234329246225073
nan,pause,22208.793700158127,22208.792700158127,nan,,nan,nan,nan,nan,nan,nan,nan,nan,0.36570627152377977
-16.4702886293503,exhale,22209.74670015832,22208.793700158127,22208.95670015816,,nan,nan,nan,nan,nan,nan,nan,nan,-0.14198956305321908
nan,pause,22209.74770015832,22209.74670015832,nan,,nan,nan,nan,nan,nan,nan,nan,nan,0.037994057972577155
4.451193123150353,inhale,22211.70970015872,22209.74770015832,22211.446700158667,,nan,nan,nan,nan,nan,nan,nan,nan,0.13498803799940218
nan,pause,22211.71070015872,22211.70970015872,nan,,nan,nan,nan,nan,nan,nan,nan,nan,0.03215386225150796
-13.433491029148598,exhale,22212.54070015889,22211.71070015872,22212.116700158804,,nan,nan,nan,nan,nan,nan,nan,nan,-0.018128112624674175
nan,pause,22212.54170015889,22212.54070015889,nan,,nan,nan,nan,nan,nan,nan,nan,nan,0.001719689805685154
5.313808751537567,inhale,22214.075700159203,22212.54170015889,22213.786700159144,,nan,nan,nan,nan,nan,nan,nan,nan,0.16029594054890295
nan,pause,22214.076700159203,22214.075700159203,nan,,nan,nan,nan,nan,nan,nan,nan,nan,0.19133830268264299
-13.299286694222566,exhale,22214.859700159363,22214.076700159203,22214.44670015928,,nan,nan,nan,nan,nan,nan,nan,nan,-0.4233301006506076
nan,pause,22214.860700159363,22214.859700159363,nan,,nan,nan,nan,nan,nan,nan,nan,nan,-0.3042015640707305
7.2164939882572865,inhale,22216.329700159662,22214.860700159363,22216.11670015962,,nan,nan,nan,nan,nan,nan,nan,nan,0.2900999323474813
nan,pause,22216.330700159662,22216.329700159662,nan,,nan,nan,nan,nan,nan,nan,nan,nan,-0.1798471097279406
-18.166781424299742,exhale,22217.190700159837,22216.330700159662,22216.61670015972,,nan,nan,nan,nan,nan,nan,nan,nan,0.04050769725061243
nan,pause,22217.191700159838,22217.190700159837,nan,,nan,nan,nan,nan,nan,nan,nan,nan,0.41651852730041794
4.537265152224314,inhale,22218.741700160153,22217.191700159838,22217.286700159857,,nan,nan,nan,nan,nan,nan,nan,nan,0.20110329936271265
nan,pause,22218.742700160154,22218.741700160153,nan,,nan,nan,nan,nan,nan,nan,nan,nan,0.3196997286023806
-16.466785278927528,exhale,22219.537700160316,22218.742700160154,22219.11670016023,,nan,nan,nan,nan,nan,nan,nan,nan,0.5298012626940056
nan,pause,22219.538700160316,22219.537700160316,nan,,nan,nan,nan,nan,nan,nan,nan,nan,0.37207660599698356
9.892162736900547,inhale,22220.973700160608,22219.538700160316,22220.78670016057,,nan,nan,nan,nan,nan,nan,nan,nan,0.44524063682047466
nan,pause,22220.97470016061,22220.973700160608,nan,,nan,nan,nan,nan,nan,nan,nan,nan,0.5968337883697132
-16.537931366087502,exhale,22221.843700160785,22220.97470016061,22221.286700160672,,nan,nan,nan,nan,nan,nan,nan,nan,0.8913271857151561
nan,pause,22221.844700160786,22221.843700160785,nan,,nan,nan,nan,nan,nan,nan,nan,nan,0.30180202517384536
5.866497504975628,inhale,22223.3957001611,22221.844700160786,22223.116700161045,,nan,nan,nan,nan,nan,nan,nan,nan,0.033056373861725996
nan,pause,22223.3967001611,22223.3957001611,nan,,nan,nan,nan,nan,nan,nan,nan,nan,0.2667389275287593
-14.16678715932592,exhale,22224.251700161276,22223.3967001611,22223.616700161147,,nan,nan,nan,nan,nan,nan,nan,nan,-0.01985209604187621
nan,pause,22224.252700161276,22224.251700161276,nan,,nan,nan,nan,nan,nan,nan,nan,nan,0.028936887128667488
8.3726694443795,inhale,22225.763700161584,22224.252700161276,22224.456700161318,,nan,nan,nan,nan,nan,nan,nan,nan,0.5061785507538823
nan,pause,22225.764700161584,22225.763700161584,nan,,nan,nan,nan,nan,nan,nan,nan,nan,0.41511969996751863
-16.95008507593202,exhale,22226.58170016175,22225.764700161584,22226.116700161656,,nan,nan,nan,nan,nan,nan,nan,nan,-0.07735166311233854
nan,pause,22226.58270016175,22226.58170016175,nan,,nan,nan,nan,nan,nan,nan,nan,nan,0.005397917213575187
7.367250731097675,inhale,22228.19870016208,22226.58270016175,22226.786700161792,,nan,nan,nan,nan,nan,nan,nan,nan,-0.019517162285455303
nan,pause,22228.19970016208,22228.19870016208,nan,,nan,nan,nan,nan,nan,nan,nan,nan,1.0035017235271777
-13.2219649460565,exhale,22229.12970016227,22228.19970016208,22228.456700162133,,nan,nan,nan,nan,nan,nan,nan,nan,0.2645798710973457
nan,pause,22229.13070016227,22229.12970016227,nan,,nan,nan,nan,nan,nan,nan,nan,nan,0.540210191768524
5.849234669805132,inhale,22230.537700162557,22229.13070016227,22229.446700162334,,nan,nan,nan,nan,nan,nan,nan,nan,-0.9690471140743141
nan,pause,22230.538700162557,22230.537700162557,nan,,nan,nan,nan,nan,nan,nan,nan,nan,-0.08416932034212965
-13.695653143206545,exhale,22231.418700162736,22230.538700162557,22230.94670016264,,nan,nan,nan,nan,nan,nan,nan,nan,-0.33065416269319337
nan,pause,22231.419700162736,22231.418700162736,nan,,nan,nan,nan,nan,nan,nan,nan,nan,-0.16836122583072943
8.349890478294602,inhale,22232.930700163044,22231.419700162736,22231.616700162776,,nan,nan,nan,nan,nan,nan,nan,nan,-0.1252183132794582
nan,pause,22232.931700163044,22232.930700163044,nan,,nan,nan,nan,nan,nan,nan,nan,nan,0.551140742686577
-12.446798378576295,exhale,22233.869700163235,22232.931700163044,22233.276700163115,,nan,nan,nan,nan,nan,nan,nan,nan,-0.14876907184629307
nan,pause,22233.870700163236,22233.869700163235,nan,,nan,nan,nan,nan,nan,nan,nan,nan,0.06070841898393131
4.599898083638021,inhale,22235.341700163535,22233.870700163236,22234.116700163286,,nan,nan,nan,nan,nan,nan,nan,nan,-0.27709069885163995
nan,pause,22235.342700163535,22235.341700163535,nan,,nan,nan,nan,nan,nan,nan,nan,nan,-0.01997702628237419
-13.75008534261787,exhale,22236.189700163708,22235.342700163535,22235.61670016359,,nan,nan,nan,nan,nan,nan,nan,nan,-0.26937691635849226
nan,pause,22236.19070016371,22236.189700163708,nan,,nan,nan,nan,nan,nan,nan,nan,nan,0.051503788282627916
6.037321229925354,inhale,22237.620700164,22236.19070016371,22236.286700163728,,nan,nan,nan,nan,nan,nan,nan,nan,0.2565692111851201
nan,pause,22237.621700164,22237.620700164,nan,,nan,nan,nan,nan,nan,nan,nan,nan,0.09458906469170891
-14.220578112312625,exhale,22238.483700164175,22237.621700164,22237.956700164068,,nan,nan,nan,nan,nan,nan,nan,nan,0.08255583528232191
nan,pause,22238.484700164176,22238.483700164175,nan,,nan,nan,nan,nan,nan,nan,nan,nan,-0.0032246314360022676
6.1664931256884135,inhale,22239.964700164477,22238.484700164176,22238.616700164202,,nan,nan,nan,nan,nan,nan,nan,nan,0.07234299769225938
nan,pause,22239.965700164477,22239.964700164477,nan,,nan,nan,nan,nan,nan,nan,nan,nan,0.7696711174050972
-13.395042618364824,exhale,22240.82170016465,22239.965700164477,22240.286700164543,,nan,nan,nan,nan,nan,nan,nan,nan,0.06831414045664719
nan,pause,22240.822700164652,22240.82170016465,nan,,nan,nan,nan,nan,nan,nan,nan,nan,-0.06590313643947354
6.034297238365896,inhale,22242.350700164963,22240.822700164652,22240.95670016468,,nan,nan,nan,nan,nan,nan,nan,nan,0.0327456642379762
nan,pause,22242.351700164963,22242.350700164963,nan,,nan,nan,nan,nan,nan,nan,nan,nan,0.03414679191725034
-12.533491012972819,exhale,22243.22470016514,22242.351700164963,22242.616700165017,,nan,nan,nan,nan,nan,nan,nan,nan,0.003315187461157887
nan,pause,22243.22570016514,22243.22470016514,nan,,nan,nan,nan,nan,nan,nan,nan,nan,-0.07601163227132035
5.488656731437885,inhale,22244.79470016546,22243.22570016514,22243.446700165186,,nan,nan,nan,nan,nan,nan,nan,nan,0.0651326101698988
nan,pause,22244.79570016546,22244.79470016546,nan,,nan,nan,nan,nan,nan,nan,nan,nan,0.011353825071190649
-13.316791665393978,exhale,22245.587700165623,22244.79570016546,22245.116700165527,,nan,nan,nan,nan,nan,nan,nan,nan,-0.21681562419543243
nan,pause,22245.588700165623,22245.587700165623,nan,,nan,nan,nan,nan,nan,nan,nan,nan,-0.5663986839286543
6.281187867766797,inhale,22247.10370016593,22245.588700165623,22245.786700165663,,nan,nan,nan,nan,nan,nan,nan,nan,-2.108843334860949
nan,pause,22247.10470016593,22247.10370016593,nan,,nan,nan,nan,nan,nan,nan,nan,nan,-1.3728394321917268
-15.313676728034162,exhale,22247.857700166085,22247.10470016593,22247.446700166,,nan,nan,nan,nan,nan,nan,nan,nan,-1.793098085284762
nan,pause,22247.858700166085,22247.857700166085,nan,,nan,nan,nan,nan,nan,nan,nan,nan,-1.1956444928252994
7.199893444966282,inhale,22249.335700166386,22247.858700166085,22248.116700166138,,nan,nan,nan,nan,nan,nan,nan,nan,-1.215807933850722
nan,pause,22249.336700166386,22249.335700166386,nan,,nan,nan,nan,nan,nan,nan,nan,nan,-0.896994552841484
-12.190195671766212,exhale,22250.14270016655,22249.336700166386,22249.776700166476,,nan,nan,nan,nan,nan,nan,nan,nan,-1.0476658499312768
nan,pause,22250.14370016655,22250.14270016655,nan,,nan,nan,nan,nan,nan,nan,nan,nan,-0.026592133912148874
5.109064324444744,inhale,22251.626700166853,22250.14370016655,22250.28670016658,,nan,nan,nan,nan,nan,nan,nan,nan,-1.3975854742802012
nan,pause,22251.627700166853,22251.626700166853,nan,,nan,nan,nan,nan,nan,nan,nan,nan,-2.277690591128575
-15.405582235384218,exhale,22252.426700167016,22251.627700166853,22251.946700166918,,nan,nan,nan,nan,nan,nan,nan,nan,-1.154403802477165
nan,pause,22252.427700167016,22252.426700167016,nan,,nan,nan,nan,nan,nan,nan,nan,nan,1.8527358435371166
7.116488842738551,inhale,22253.928700167322,22252.427700167016,22252.616700167055,,nan,nan,nan,nan,nan,nan,nan,nan,-2.0208305052887625
nan,pause,22253.929700167322,22253.928700167322,nan,,nan,nan,nan,nan,nan,nan,nan,nan,4.129836516406949
-14.218825394913999,exhale,22254.734700167486,22253.929700167322,22254.286700167395,,nan,nan,nan,nan,nan,nan,nan,nan,0.6485899600432843
nan,pause,22254.735700167486,22254.734700167486,nan,,nan,nan,nan,nan,nan,nan,nan,nan,-2.242634201088551
5.466491152157951,inhale,22256.304700167806,22254.735700167486,22256.116700167768,,nan,nan,nan,nan,nan,nan,nan,nan,-1.9468211730904095
nan,pause,22256.305700167806,22256.304700167806,nan,,nan,nan,nan,nan,nan,nan,nan,nan,-0.5855220178377802
-65.27306658378907,pause,22258.449700168243,22256.305700167806,22257.94670016814,,nan,nan,nan,nan,nan,nan,nan,nan,-3.4361096607764896
nan,pause,22258.450700168243,22258.449700168243,nan,,nan,nan,nan,nan,nan,nan,nan,nan,-2.4300655279981678
125.98833067438309,pause,22261.601700168885,22258.450700168243,22258.78670016831,,nan,nan,nan,nan,nan,nan,nan,nan,-2.0642870054583975
nan,pause,22261.96570016896,22261.601700168885,nan,,nan,nan,nan,nan,nan,nan,nan,nan,-2.1044062962810317
-0.3334991040320551,exhale,22262.682700169105,22261.96570016896,22262.11670016899,,nan,nan,nan,nan,nan,nan,nan,nan,-2.636211707145038
nan,pause,22263.079700169186,22262.682700169105,nan,,nan,nan,nan,nan,nan,nan,nan,nan,-1.8869112449019338
0.3072573977598895,inhale,22263.38470016925,22263.079700169186,22263.276700169226,,nan,nan,nan,nan,nan,nan,nan,nan,-0.16881987503201312
nan,pause,22264.1227001694,22263.38470016925,nan,,nan,nan,nan,nan,nan,nan,nan,nan,-1.3739454649042298
0.5199419908132287,inhale,22264.41970016946,22264.1227001694,22264.286700169432,,nan,nan,nan,nan,nan,nan,nan,nan,-0.9313833039131731
nan,pause,22267.139700170013,22264.41970016946,nan,,nan,nan,nan,nan,nan,nan,nan,nan,-0.09996469631833182
0.30834122364929084,inhale,22267.41470017007,22267.139700170013,22267.286700170043,,nan,nan,nan,nan,nan,nan,nan,nan,-0.06521359071982147
nan,pause,22269.32770017046,22267.41470017007,nan,,nan,nan,nan,nan,nan,nan,nan,nan,-0.06717252744895053
-0.2994006591633546,exhale,22270.74770017075,22269.32770017046,22269.615700170518,,nan,nan,nan,nan,nan,nan,nan,nan,0.5639410292875504
nan,pause,22269.32770017046,22270.74770017075,nan,,nan,nan,nan,nan,nan,nan,nan,nan,0.6628773489986646
-0.33349931354526824,exhale,22270.74770017075,22269.32770017046,22270.11670017062,,nan,nan,nan,nan,nan,nan,nan,nan,-0.031434231722414774
nan,pause,22272.847700171176,22270.74770017075,nan,,nan,nan,nan,nan,nan,nan,nan,nan,0.1782686225726755
0.5831985983206213,inhale,22273.773700171365,22272.847700171176,22273.616700171333,,nan,nan,nan,nan,nan,nan,nan,nan,0.22548923052467984
nan,pause,22274.447700171502,22273.773700171365,nan,,nan,nan,nan,nan,nan,nan,nan,nan,-0.10111479021613179
0.4498990538881561,inhale,22274.840700171582,22274.447700171502,22274.616700171537,,nan,nan,nan,nan,nan,nan,nan,nan,0.09446864970428814
nan,pause,22275.451700171707,22274.840700171582,nan,,nan,nan,nan,nan,nan,nan,nan,nan,0.30162249614299463
1.4575905603144137,inhale,22276.184700171856,22275.451700171707,22275.946700171808,,nan,nan,nan,nan,nan,nan,nan,nan,-0.14235009714679614
nan,pause,22276.185700171856,22276.184700171856,nan,,nan,nan,nan,nan,nan,nan,nan,nan,-0.6701136830118292
-7.48759251440777,exhale,22277.03670017203,22276.185700171856,22276.78670017198,,nan,nan,nan,nan,nan,nan,nan,nan,-0.6908279548606243
nan,pause,22277.03770017203,22277.03670017203,nan,,nan,nan,nan,nan,nan,nan,nan,nan,-0.7292742187298725
3.910748968909813,inhale,22278.883700172406,22277.03770017203,22277.27670017208,,nan,nan,nan,nan,nan,nan,nan,nan,-0.5269716345576607
nan,pause,22278.884700172406,22278.883700172406,nan,,nan,nan,nan,nan,nan,nan,nan,nan,-0.4655229780917482
-3.921586068649712,exhale,22280.044700172642,22278.884700172406,22279.286700172488,,nan,nan,nan,nan,nan,nan,nan,nan,-0.3742504943526327
nan,pause,22280.045700172643,22280.044700172642,nan,,nan,nan,nan,nan,nan,nan,nan,nan,-0.3135882123153274
2.102562759442967,inhale,22280.76270017279,22280.045700172643,22280.28670017269,,nan,nan,nan,nan,nan,nan,nan,nan,-0.2890046227362797
nan,pause,22281.480700172935,22280.76270017279,nan,,nan,nan,nan,nan,nan,nan,nan,nan,-0.2063436185625408
-3.2246599581438735,exhale,22282.39370017312,22281.480700172935,22281.786700172997,,nan,nan,nan,nan,nan,nan,nan,nan,-0.3002028956201006
nan,pause,22282.39470017312,22282.39370017312,nan,,nan,nan,nan,nan,nan,nan,nan,nan,-0.3499061313768139
2.06649753572213,inhale,22283.576700173362,22282.39470017312,22282.616700173166,,nan,nan,nan,nan,nan,nan,nan,nan,0.044342072213886974
nan,pause,22283.577700173362,22283.576700173362,nan,,nan,nan,nan,nan,nan,nan,nan,nan,0.4679155482686124
-1.8960806997967592,exhale,22284.573700173565,22283.577700173362,22283.95670017344,,nan,nan,nan,nan,nan,nan,nan,nan,-0.4531774381695531
nan,pause,22284.574700173565,22284.573700173565,nan,,nan,nan,nan,nan,nan,nan,nan,nan,-0.6363316005960014
1.5393608895982906,inhale,22285.97970017385,22284.574700173565,22284.78670017361,,nan,nan,nan,nan,nan,nan,nan,nan,0.3081081373359824
nan,pause,22285.98070017385,22285.97970017385,nan,,nan,nan,nan,nan,nan,nan,nan,nan,-0.6019412220664976
-2.8500980896591654,exhale,22286.925700174044,22285.98070017385,22286.61670017398,,nan,nan,nan,nan,nan,nan,nan,nan,-0.5155701854578884
nan,pause,22286.926700174045,22286.925700174044,nan,,nan,nan,nan,nan,nan,nan,nan,nan,-0.16542518578376475
6.397714352699986,inhale,22288.115700174287,22286.926700174045,22287.946700174252,,nan,nan,nan,nan,nan,nan,nan,nan,-0.028421991411035297
nan,pause,22288.116700174287,22288.115700174287,nan,,nan,nan,nan,nan,nan,nan,nan,nan,-0.006386381844175171
-2.3334940208613317,exhale,22288.928700174452,22288.116700174287,22288.61670017439,,nan,nan,nan,nan,nan,nan,nan,nan,0.10516542112770844
nan,pause,22290.52970017478,22288.928700174452,nan,,nan,nan,nan,nan,nan,nan,nan,nan,-0.19610916726604516
-2.8306747311994824,exhale,22291.432700174963,22290.52970017478,22291.27670017493,,nan,nan,nan,nan,nan,nan,nan,nan,-0.3866757626814971
nan,pause,22291.433700174963,22291.432700174963,nan,,nan,nan,nan,nan,nan,nan,nan,nan,0.263841218843621
0.33051912615306406,inhale,22292.1157001751,22291.433700174963,22291.456700174967,,nan,nan,nan,nan,nan,nan,nan,nan,0.18952199879235224
nan,pause,22292.416700175163,22292.1157001751,nan,,nan,nan,nan,nan,nan,nan,nan,nan,0.3801955249871287
-1.9454797650061557,exhale,22293.97570017548,22292.416700175163,22293.77670017544,,nan,nan,nan,nan,nan,nan,nan,nan,-1.6620207102234255
nan,pause,22293.97670017548,22293.97570017548,nan,,nan,nan,nan,nan,nan,nan,nan,nan,0.44496621495398037
1.43319683801094,inhale,22294.585700175605,22293.97670017548,22294.11670017551,,nan,nan,nan,nan,nan,nan,nan,nan,-1.542815981577988
nan,pause,22295.20270017573,22294.585700175605,nan,,nan,nan,nan,nan,nan,nan,nan,nan,-1.9159877236623046
-1.2288789665886042,exhale,22296.17570017593,22295.20270017573,22295.946700175882,,nan,nan,nan,nan,nan,nan,nan,nan,-2.366298311153439
nan,pause,22296.17670017593,22296.17570017593,nan,,nan,nan,nan,nan,nan,nan,nan,nan,-2.2945437183264534
1.3597016877931594,inhale,22297.391700176177,22296.17670017593,22296.28670017595,,nan,nan,nan,nan,nan,nan,nan,nan,-1.5525718104955941
nan,pause,22297.392700176177,22297.391700176177,nan,,nan,nan,nan,nan,nan,nan,nan,nan,-1.2763707839157834
-1.5801943602981785,exhale,22298.38170017638,22297.392700176177,22298.276700176357,,nan,nan,nan,nan,nan,nan,nan,nan,-1.829844742855724
nan,pause,22298.38270017638,22298.38170017638,nan,,nan,nan,nan,nan,nan,nan,nan,nan,-2.6594074048899126
1.416498682785596,inhale,22299.90370017669,22298.38270017638,22298.616700176426,,nan,nan,nan,nan,nan,nan,nan,nan,-2.4414973591789892
nan,pause,22299.90470017669,22299.90370017669,nan,,nan,nan,nan,nan,nan,nan,nan,nan,-2.166585132161807
-1.6308570711362993,exhale,22300.99470017691,22299.90470017669,22300.776700176866,,nan,nan,nan,nan,nan,nan,nan,nan,-3.0959233854843617
nan,pause,22300.99570017691,22300.99470017691,nan,,nan,nan,nan,nan,nan,nan,nan,nan,-2.240896292893429
1.9831969758496306,inhale,22302.287700177174,22300.99570017691,22301.116700176935,,nan,nan,nan,nan,nan,nan,nan,nan,-2.380036847414151
nan,pause,22302.288700177174,22302.287700177174,nan,,nan,nan,nan,nan,nan,nan,nan,nan,-0.7883188436276702
-1.7494407212573222,exhale,22303.223700177365,22302.288700177174,22302.94670017731,,nan,nan,nan,nan,nan,nan,nan,nan,-2.545353179338536
nan,pause,22303.224700177365,22303.223700177365,nan,,nan,nan,nan,nan,nan,nan,nan,nan,-2.329644940917796
2.2564737257892133,inhale,22304.392700177603,22303.224700177365,22303.44670017741,,nan,nan,nan,nan,nan,nan,nan,nan,-4.636817635923461
nan,pause,22304.393700177603,22304.392700177603,nan,,nan,nan,nan,nan,nan,nan,nan,nan,-1.8191403205237098
-2.433499128661288,exhale,22305.3687001778,22304.393700177603,22305.11670017775,,nan,nan,nan,nan,nan,nan,nan,nan,-0.41740998905008553
nan,pause,22305.369700177802,22305.3687001778,nan,,nan,nan,nan,nan,nan,nan,nan,nan,-1.6812736011451328
1.862480697169196,inhale,22306.53770017804,22305.369700177802,22305.45670017782,,nan,nan,nan,nan,nan,nan,nan,nan,-1.0998843919747197
nan,pause,22306.53870017804,22306.53770017804,nan,,nan,nan,nan,nan,nan,nan,nan,nan,1.7363007212878427
-2.6055762575226304,exhale,22307.507700178237,22306.53870017804,22307.27670017819,,nan,nan,nan,nan,nan,nan,nan,nan,-0.7212716391724401
nan,pause,22307.508700178238,22307.507700178237,nan,,nan,nan,nan,nan,nan,nan,nan,nan,-0.35965656890547315
2.8831954473413766,inhale,22308.8027001785,22307.508700178238,22307.61670017826,,nan,nan,nan,nan,nan,nan,nan,nan,-0.10610737058579023
nan,pause,22308.8037001785,22308.8027001785,nan,,nan,nan,nan,nan,nan,nan,nan,nan,-0.33323449529959515
-2.9500992310075547,exhale,22309.692700178683,22308.8037001785,22309.116700178565,,nan,nan,nan,nan,nan,nan,nan,nan,0.3664400383712887
nan,pause,22309.693700178683,22309.692700178683,nan,,nan,nan,nan,nan,nan,nan,nan,nan,-0.028674106729556614
2.7818780934093406,inhale,22311.019700178953,22309.693700178683,22309.946700178734,,nan,nan,nan,nan,nan,nan,nan,nan,0.1400922879677129
nan,pause,22311.020700178953,22311.019700178953,nan,,nan,nan,nan,nan,nan,nan,nan,nan,0.1595027743117987
-3.7413941884802364,exhale,22311.88470017913,22311.020700178953,22311.456700179042,,nan,nan,nan,nan,nan,nan,nan,nan,-0.8225875231574523
nan,pause,22311.88570017913,22311.88470017913,nan,,nan,nan,nan,nan,nan,nan,nan,nan,-0.09240048498982056
4.049894076764347,inhale,22313.138700179385,22311.88570017913,22312.116700179176,,nan,nan,nan,nan,nan,nan,nan,nan,-0.1901547534007764
nan,pause,22313.139700179385,22313.138700179385,nan,,nan,nan,nan,nan,nan,nan,nan,nan,-0.3037575312415982
-4.216798434232923,exhale,22313.981700179556,22313.139700179385,22313.616700179482,,nan,nan,nan,nan,nan,nan,nan,nan,0.13725462252454795
nan,pause,22313.982700179557,22313.981700179556,nan,,nan,nan,nan,nan,nan,nan,nan,nan,-0.46098944571253114
4.716493073613508,inhale,22315.149700179794,22313.982700179557,22314.116700179584,,nan,nan,nan,nan,nan,nan,nan,nan,-0.3476182767823123
nan,pause,22315.150700179795,22315.149700179794,nan,,nan,nan,nan,nan,nan,nan,nan,nan,-0.3696123325116577
-3.65009920835601,exhale,22316.00870017997,22315.150700179795,22315.61670017989,,nan,nan,nan,nan,nan,nan,nan,nan,-0.2099943544183845
nan,pause,22316.00970017997,22316.00870017997,nan,,nan,nan,nan,nan,nan,nan,nan,nan,0.0914266658434017
4.189429197846287,inhale,22317.225700180217,22316.00970017997,22316.276700180024,,nan,nan,nan,nan,nan,nan,nan,nan,-0.9134613519521978
nan,pause,22317.226700180217,22317.225700180217,nan,,nan,nan,nan,nan,nan,nan,nan,nan,0.0008510573521998133
-3.2994423293019404,exhale,22318.07970018039,22317.226700180217,22317.77670018033,,nan,nan,nan,nan,nan,nan,nan,nan,-0.09110536232973832
nan,pause,22318.08070018039,22318.07970018039,nan,,nan,nan,nan,nan,nan,nan,nan,nan,0.0157121153728228
4.063185394231541,inhale,22319.39170018066,22318.08070018039,22318.286700180433,,nan,nan,nan,nan,nan,nan,nan,nan,-0.0043387034571954475
nan,pause,22319.39270018066,22319.39170018066,nan,,nan,nan,nan,nan,nan,nan,nan,nan,-0.020942279554253096
-3.546139970799907,exhale,22320.33370018085,22319.39270018066,22319.94670018077,,nan,nan,nan,nan,nan,nan,nan,nan,0.0853396197030305
nan,pause,22321.789700181147,22320.33370018085,nan,,nan,nan,nan,nan,nan,nan,nan,nan,-0.09718038855893163
3.999390752062371,inhale,22322.10270018121,22321.789700181147,22321.94670018118,,nan,nan,nan,nan,nan,nan,nan,nan,-0.043013526643427724
nan,pause,22322.10370018121,22322.10270018121,nan,,nan,nan,nan,nan,nan,nan,nan,nan,0.17360976861300315
-0.35009550145350793,exhale,22322.275700181246,22322.10370018121,22322.116700181214,,nan,nan,nan,nan,nan,nan,nan,nan,0.12770585173676188
nan,pause,22322.64370018132,22322.275700181246,nan,,nan,nan,nan,nan,nan,nan,nan,nan,0.04766722143738017
-1.0521814638616918,exhale,22323.043700181403,22322.64370018132,22322.78670018135,,nan,nan,nan,nan,nan,nan,nan,nan,0.03149532678885053
nan,pause,22324.320700181663,22323.043700181403,nan,,nan,nan,nan,nan,nan,nan,nan,nan,0.07811978525742874
0.3409912723378878,inhale,22324.631700181726,22324.320700181663,22324.44670018169,,nan,nan,nan,nan,nan,nan,nan,nan,-0.07224326094650235
nan,pause,22324.632700181726,22324.631700181726,nan,,nan,nan,nan,nan,nan,nan,nan,nan,-0.7646023322537829
-0.3263610460980477,exhale,22324.94170018179,22324.632700181726,22324.786700181758,,nan,nan,nan,nan,nan,nan,nan,nan,0.8589541203885396
nan,pause,22324.94270018179,22324.94170018179,nan,,nan,nan,nan,nan,nan,nan,nan,nan,-2.6413860860236182
0.34989825261538404,inhale,22325.19370018184,22324.94270018179,22325.116700181825,,nan,nan,nan,nan,nan,nan,nan,nan,-2.305257487417611
nan,pause,22325.796700181963,22325.19370018184,nan,,nan,nan,nan,nan,nan,nan,nan,nan,-2.0736990365609245
-2.626087463779765,exhale,22326.144700182034,22325.796700181963,22325.946700181994,,nan,nan,nan,nan,nan,nan,nan,nan,-1.9275398527644665
nan,pause,22326.145700182034,22326.144700182034,nan,,nan,nan,nan,nan,nan,nan,nan,nan,-1.9452958266138936
0.3985395192341191,inhale,22326.50970018211,22326.145700182034,22326.286700182063,,nan,nan,nan,nan,nan,nan,nan,nan,-2.382751641206488
nan,pause,22326.51070018211,22326.50970018211,nan,,nan,nan,nan,nan,nan,nan,nan,nan,-2.23998846666449
-0.5834980741920006,exhale,22327.019700182213,22326.51070018211,22326.61670018213,,nan,nan,nan,nan,nan,nan,nan,nan,-1.852212451331554
nan,pause,22327.625700182336,22327.019700182213,nan,,nan,nan,nan,nan,nan,nan,nan,nan,-1.7497621967420183
-1.8117007462963057,exhale,22328.692700182553,22327.625700182336,22327.78670018237,,nan,nan,nan,nan,nan,nan,nan,nan,-2.2474230745722097
nan,pause,22328.693700182554,22328.692700182553,nan,,nan,nan,nan,nan,nan,nan,nan,nan,-2.0632241135730265
1.2257621712219036,inhale,22330.139700182848,22328.693700182554,22328.786700182573,,nan,nan,nan,nan,nan,nan,nan,nan,-2.141354741124985
nan,pause,22328.693700182554,22330.139700182848,nan,,nan,nan,nan,nan,nan,nan,nan,nan,-0.0672893567210533
0.33183951894881597,inhale,22330.139700182848,22328.693700182554,22329.786700182776,,nan,nan,nan,nan,nan,nan,nan,nan,-2.6421072656207967
nan,pause,22330.14070018285,22330.139700182848,nan,,nan,nan,nan,nan,nan,nan,nan,nan,-1.9832407319747136
-2.0108574767244347,exhale,22331.203700183065,22330.14070018285,22330.776700182978,,nan,nan,nan,nan,nan,nan,nan,nan,-1.94888788310827
nan,pause,22331.204700183065,22331.203700183065,nan,,nan,nan,nan,nan,nan,nan,nan,nan,-1.9376924147685353
2.298352823815487,inhale,22332.576700183345,22331.204700183065,22331.446700183114,,nan,nan,nan,nan,nan,nan,nan,nan,-2.5455846697691573
nan,pause,22332.577700183345,22332.576700183345,nan,,nan,nan,nan,nan,nan,nan,nan,nan,-1.3389531832768258
-2.1107710407125797,exhale,22333.507700183534,22332.577700183345,22332.956700183422,,nan,nan,nan,nan,nan,nan,nan,nan,-2.234636693955405
nan,pause,22333.508700183535,22333.507700183534,nan,,nan,nan,nan,nan,nan,nan,nan,nan,-1.5300034682038959
2.0998970530098284,inhale,22334.91170018382,22333.508700183535,22333.616700183557,,nan,nan,nan,nan,nan,nan,nan,nan,-1.6459613494483714
nan,pause,22334.91270018382,22334.91170018382,nan,,nan,nan,nan,nan,nan,nan,nan,nan,-2.179391538413748
-2.1668000000000065,exhale,22335.791700184,22334.91270018382,22335.286700183897,,nan,nan,nan,nan,nan,nan,nan,nan,-1.2681297455110219
nan,pause,22335.792700184,22335.791700184,nan,,nan,nan,nan,nan,nan,nan,nan,nan,-1.0668106110726798
2.647026240975719,inhale,22337.050700184256,22335.792700184,22335.956700184033,,nan,nan,nan,nan,nan,nan,nan,nan,-1.763306779118452
nan,pause,22337.051700184256,22337.050700184256,nan,,nan,nan,nan,nan,nan,nan,nan,nan,-1.1187377557257374
-2.73349948884074,exhale,22337.90670018443,22337.051700184256,22337.61670018437,,nan,nan,nan,nan,nan,nan,nan,nan,-0.5023500222977533
nan,pause,22337.90770018443,22337.90670018443,nan,,nan,nan,nan,nan,nan,nan,nan,nan,-1.1719760532638226
2.7664952319179292,inhale,22339.248700184704,22337.90770018443,22338.116700184473,,nan,nan,nan,nan,nan,nan,nan,nan,-0.9511401847087004
nan,pause,22339.249700184704,22339.248700184704,nan,,nan,nan,nan,nan,nan,nan,nan,nan,-0.8577724485789613
-2.5817988877413574,exhale,22340.150700184888,22339.249700184704,22339.786700184814,,nan,nan,nan,nan,nan,nan,nan,nan,-1.273571770136896
nan,pause,22340.151700184888,22340.150700184888,nan,,nan,nan,nan,nan,nan,nan,nan,nan,-0.4253159016935326
2.1302294992917927,inhale,22341.453700185153,22340.151700184888,22340.446700184948,,nan,nan,nan,nan,nan,nan,nan,nan,-0.6878739131347635
nan,pause,22341.454700185153,22341.453700185153,nan,,nan,nan,nan,nan,nan,nan,nan,nan,-0.5092996363462334
-2.4487415576738387,exhale,22342.251700185316,22341.454700185153,22341.78670018522,,nan,nan,nan,nan,nan,nan,nan,nan,-0.4916156647332448
nan,pause,22342.252700185316,22342.251700185316,nan,,nan,nan,nan,nan,nan,nan,nan,nan,-0.08217198634144562
1.9381250239800993,inhale,22343.59470018559,22342.252700185316,22342.446700185355,,nan,nan,nan,nan,nan,nan,nan,nan,0.4235039502912601
nan,pause,22343.59570018559,22343.59470018559,nan,,nan,nan,nan,nan,nan,nan,nan,nan,0.016601097501360407
-2.2781382437470548,exhale,22344.47970018577,22343.59570018559,22343.956700185663,,nan,nan,nan,nan,nan,nan,nan,nan,0.1780536963766315
nan,pause,22344.48070018577,22344.47970018577,nan,,nan,nan,nan,nan,nan,nan,nan,nan,0.11249581187695346
2.6680142973646714,inhale,22345.66570018601,22344.48070018577,22344.77670018583,,nan,nan,nan,nan,nan,nan,nan,nan,0.12370000905205703
nan,pause,22345.66670018601,22345.66570018601,nan,,nan,nan,nan,nan,nan,nan,nan,nan,-0.29011791260709163
-2.8167991425363623,exhale,22346.560700186194,22345.66670018601,22346.116700186103,,nan,nan,nan,nan,nan,nan,nan,nan,-0.15600832181487978
nan,pause,22346.561700186194,22346.560700186194,nan,,nan,nan,nan,nan,nan,nan,nan,nan,-0.14837183021508715
2.551243960510535,inhale,22347.81470018645,22346.561700186194,22346.78670018624,,nan,nan,nan,nan,nan,nan,nan,nan,-0.11108277672987404
nan,pause,22347.81570018645,22347.81470018645,nan,,nan,nan,nan,nan,nan,nan,nan,nan,-0.5235637576372232
-3.008981814618529,exhale,22348.639700186617,22347.81570018645,22348.286700186545,,nan,nan,nan,nan,nan,nan,nan,nan,-0.5108842751884497
nan,pause,22348.640700186617,22348.639700186617,nan,,nan,nan,nan,nan,nan,nan,nan,nan,-0.31306923558378763
3.015862515592633,inhale,22350.141700186923,22348.640700186617,22348.786700186647,,nan,nan,nan,nan,nan,nan,nan,nan,-0.2394912570049057
nan,pause,22350.142700186923,22350.141700186923,nan,,nan,nan,nan,nan,nan,nan,nan,nan,-0.06548464681666011
-2.7334992182120033,exhale,22351.035700187105,22350.142700186923,22350.61670018702,,nan,nan,nan,nan,nan,nan,nan,nan,-0.04968143502722655
nan,pause,22351.036700187105,22351.035700187105,nan,,nan,nan,nan,nan,nan,nan,nan,nan,-0.024141723511809765
2.6019252131484847,inhale,22352.4797001874,22351.036700187105,22351.286700187156,,nan,nan,nan,nan,nan,nan,nan,nan,0.3994970684043997
nan,pause,22352.4807001874,22352.4797001874,nan,,nan,nan,nan,nan,nan,nan,nan,nan,0.8460822351029746
-2.5453413693157185,exhale,22353.356700187578,22352.4807001874,22352.786700187462,,nan,nan,nan,nan,nan,nan,nan,nan,0.6521679047515058
nan,pause,22353.35770018758,22353.356700187578,nan,,nan,nan,nan,nan,nan,nan,nan,nan,0.4560632399289226
2.616496920835381,inhale,22354.60070018783,22353.35770018758,22353.61670018763,,nan,nan,nan,nan,nan,nan,nan,nan,0.32172074896169
nan,pause,22354.60170018783,22354.60070018783,nan,,nan,nan,nan,nan,nan,nan,nan,nan,0.4847515108259133
-2.8500993488286577,exhale,22355.454700188006,22354.60170018783,22355.116700187937,,nan,nan,nan,nan,nan,nan,nan,nan,-0.24427033865997383
nan,pause,22355.455700188006,22355.454700188006,nan,,nan,nan,nan,nan,nan,nan,nan,nan,0.01938216876944021
3.4664938683247546,inhale,22356.71070018826,22355.455700188006,22355.61670018804,,nan,nan,nan,nan,nan,nan,nan,nan,-0.10008890558860073
nan,pause,22356.71170018826,22356.71070018826,nan,,nan,nan,nan,nan,nan,nan,nan,nan,-0.3525239898660548
-2.7667998144438317,exhale,22357.564700188435,22356.71170018826,22357.116700188344,,nan,nan,nan,nan,nan,nan,nan,nan,0.02960021504864896
nan,pause,22357.565700188436,22357.564700188435,nan,,nan,nan,nan,nan,nan,nan,nan,nan,-0.07407524959940548
3.018963792022862,inhale,22358.938700188715,22357.565700188436,22357.78670018848,,nan,nan,nan,nan,nan,nan,nan,nan,-0.16824017453248108
nan,pause,22358.939700188716,22358.938700188715,nan,,nan,nan,nan,nan,nan,nan,nan,nan,0.07442905918584053
-3.4128401148944185,exhale,22359.818700188895,22358.939700188716,22359.44670018882,,nan,nan,nan,nan,nan,nan,nan,nan,0.17855936165485953
nan,pause,22359.819700188895,22359.818700188895,nan,,nan,nan,nan,nan,nan,nan,nan,nan,0.34140581784376334
3.125832605702382,inhale,22361.160700189168,22359.819700188895,22359.956700188923,,nan,nan,nan,nan,nan,nan,nan,nan,-0.0510659430810656
nan,pause,22361.16170018917,22361.160700189168,nan,,nan,nan,nan,nan,nan,nan,nan,nan,0.7218257066004037
-2.9000996782336648,exhale,22362.020700189343,22361.16170018917,22361.61670018926,,nan,nan,nan,nan,nan,nan,nan,nan,0.1437692570405782
nan,pause,22362.021700189343,22362.020700189343,nan,,nan,nan,nan,nan,nan,nan,nan,nan,-0.010391721395023534
3.401975431022709,inhale,22363.271700189598,22362.021700189343,22362.276700189395,,nan,nan,nan,nan,nan,nan,nan,nan,0.048441890320494174
nan,pause,22363.2727001896,22363.271700189598,nan,,nan,nan,nan,nan,nan,nan,nan,nan,-0.011972914835892023
-3.183499429680865,exhale,22364.091700189765,22363.2727001896,22363.61670018967,,nan,nan,nan,nan,nan,nan,nan,nan,0.3669470932455239
nan,pause,22364.092700189765,22364.091700189765,nan,,nan,nan,nan,nan,nan,nan,nan,nan,0.14487560365255714
2.513781071979034,inhale,22365.58670019007,22364.092700189765,22364.286700189805,,nan,nan,nan,nan,nan,nan,nan,nan,-0.04276532471205707
nan,pause,22365.58770019007,22365.58670019007,nan,,nan,nan,nan,nan,nan,nan,nan,nan,0.07195383888138507
-2.571884744320373,exhale,22366.52170019026,22365.58770019007,22366.286700190212,,nan,nan,nan,nan,nan,nan,nan,nan,-0.13991476682721693
nan,pause,22366.52270019026,22366.52170019026,nan,,nan,nan,nan,nan,nan,nan,nan,nan,-0.6801757752200501
3.0999271969304996,inhale,22367.393700190438,22366.52270019026,22366.786700190314,,nan,nan,nan,nan,nan,nan,nan,nan,-1.5138840485162417
nan,pause,22368.698700190704,22367.393700190438,nan,,nan,nan,nan,nan,nan,nan,nan,nan,-2.600611687284172
-3.7502767683382263,exhale,22369.745700190917,22368.698700190704,22369.446700190856,,nan,nan,nan,nan,nan,nan,nan,nan,-1.8190645105108758
nan,pause,22369.746700190917,22369.745700190917,nan,,nan,nan,nan,nan,nan,nan,nan,nan,-2.016778960384272
1.954984737558145,inhale,22371.252700191224,22369.746700190917,22370.286700191027,,nan,nan,nan,nan,nan,nan,nan,nan,-3.474481740408364
nan,pause,22371.253700191224,22371.252700191224,nan,,nan,nan,nan,nan,nan,nan,nan,nan,-2.913286792637101
-2.43248014657061,exhale,22372.25570019143,22371.253700191224,22371.786700191333,,nan,nan,nan,nan,nan,nan,nan,nan,-1.6734115451646954
nan,pause,22372.25670019143,22372.25570019143,nan,,nan,nan,nan,nan,nan,nan,nan,nan,0.40072328725566564
2.7850279128252136,inhale,22373.73170019173,22372.25670019143,22372.446700191467,,nan,nan,nan,nan,nan,nan,nan,nan,0.9358291799347249
nan,pause,22373.73270019173,22373.73170019173,nan,,nan,nan,nan,nan,nan,nan,nan,nan,-1.9621574238894985
-2.633498836587412,exhale,22374.641700191914,22373.73270019173,22374.116700191807,,nan,nan,nan,nan,nan,nan,nan,nan,-2.154276055676175
nan,pause,22374.642700191915,22374.641700191914,nan,,nan,nan,nan,nan,nan,nan,nan,nan,-2.2284744547752755
3.010422589413644,inhale,22375.877700192166,22374.642700191915,22374.786700191944,,nan,nan,nan,nan,nan,nan,nan,nan,-3.36269216284985
nan,pause,22375.878700192166,22375.877700192166,nan,,nan,nan,nan,nan,nan,nan,nan,nan,-2.3561664200369794
-2.464419661454001,exhale,22376.911700192377,22375.878700192166,22376.28670019225,,nan,nan,nan,nan,nan,nan,nan,nan,-1.9613208672369513
nan,pause,22376.912700192377,22376.911700192377,nan,,nan,nan,nan,nan,nan,nan,nan,nan,-3.4211932182466516
2.399896780862472,inhale,22378.115700192622,22376.912700192377,22377.11670019242,,nan,nan,nan,nan,nan,nan,nan,nan,-3.1033276280703204
nan,pause,22378.116700192622,22378.115700192622,nan,,nan,nan,nan,nan,nan,nan,nan,nan,-1.139082701097939
-2.816799264685678,exhale,22379.03270019281,22378.116700192622,22378.616700192724,,nan,nan,nan,nan,nan,nan,nan,nan,-2.9324739716283776
nan,pause,22379.03370019281,22379.03270019281,nan,,nan,nan,nan,nan,nan,nan,nan,nan,-3.9564266845724845
2.4393608299246052,inhale,22380.4617001931,22379.03370019281,22379.28670019286,,nan,nan,nan,nan,nan,nan,nan,nan,-3.1859352469680884
nan,pause,22380.4627001931,22380.4617001931,nan,,nan,nan,nan,nan,nan,nan,nan,nan,0.11938725820542118
-2.0668000000000064,exhale,22381.362700193284,22380.4627001931,22380.786700193166,,nan,nan,nan,nan,nan,nan,nan,nan,1.666592420343168
nan,pause,22381.363700193284,22381.362700193284,nan,,nan,nan,nan,nan,nan,nan,nan,nan,-2.183773424159079
2.833196752763911,inhale,22382.61770019354,22381.363700193284,22381.616700193335,,nan,nan,nan,nan,nan,nan,nan,nan,-2.4855620383944776
nan,pause,22382.61870019354,22382.61770019354,nan,,nan,nan,nan,nan,nan,nan,nan,nan,-2.323393323323618
-2.7447422567011737,exhale,22383.464700193712,22382.61870019354,22382.95670019361,,nan,nan,nan,nan,nan,nan,nan,nan,-1.9969997126543646
nan,pause,22383.465700193712,22383.464700193712,nan,,nan,nan,nan,nan,nan,nan,nan,nan,-2.432186925421356
2.8498944391130823,inhale,22384.877700194,22383.465700193712,22383.616700193743,,nan,nan,nan,nan,nan,nan,nan,nan,-0.6477090423789811
nan,pause,22384.878700194,22384.877700194,nan,,nan,nan,nan,nan,nan,nan,nan,nan,-0.7321233356118739
-2.7108606779300786,exhale,22385.746700194177,22384.878700194,22385.446700194116,,nan,nan,nan,nan,nan,nan,nan,nan,0.29329420180464005
nan,pause,22385.747700194177,22385.746700194177,nan,,nan,nan,nan,nan,nan,nan,nan,nan,0.8471168070124571
2.661093780321401,inhale,22387.14470019446,22385.747700194177,22385.95670019422,,nan,nan,nan,nan,nan,nan,nan,nan,2.0317071987824766
nan,pause,22387.145700194462,22387.14470019446,nan,,nan,nan,nan,nan,nan,nan,nan,nan,0.9040747469249388
-2.5334991784233636,exhale,22388.01470019464,22387.145700194462,22387.616700194558,,nan,nan,nan,nan,nan,nan,nan,nan,0.9262871810781466
nan,pause,22388.01570019464,22388.01470019464,nan,,nan,nan,nan,nan,nan,nan,nan,nan,1.1414263650080534
2.6331958309028627,inhale,22389.218700194884,22388.01570019464,22388.11670019466,,nan,nan,nan,nan,nan,nan,nan,nan,1.2645439984986546
nan,pause,22389.219700194884,22389.218700194884,nan,,nan,nan,nan,nan,nan,nan,nan,nan,1.5093481385825407
-2.629538271946551,exhale,22390.050700195054,22389.219700194884,22389.776700194998,,nan,nan,nan,nan,nan,nan,nan,nan,0.8336076124951854
nan,pause,22390.051700195054,22390.050700195054,nan,,nan,nan,nan,nan,nan,nan,nan,nan,1.229158701998612
2.428142422820067,inhale,22391.345700195317,22390.051700195054,22390.2867001951,,nan,nan,nan,nan,nan,nan,nan,nan,0.9508755038709298
nan,pause,22391.346700195318,22391.345700195317,nan,,nan,nan,nan,nan,nan,nan,nan,nan,0.6676648963925014
-1.814820045648917,exhale,22392.203700195492,22391.346700195318,22391.94670019544,,nan,nan,nan,nan,nan,nan,nan,nan,0.25104060620179247
nan,pause,22392.204700195492,22392.203700195492,nan,,nan,nan,nan,nan,nan,nan,nan,nan,0.788575673610376
2.2006620475389083,inhale,22393.356700195727,22392.204700195492,22392.44670019554,,nan,nan,nan,nan,nan,nan,nan,nan,0.3171006980561768
nan,pause,22393.357700195727,22393.356700195727,nan,,nan,nan,nan,nan,nan,nan,nan,nan,1.0406333622969919
-1.9961398320502686,exhale,22394.181700195895,22393.357700195727,22393.946700195847,,nan,nan,nan,nan,nan,nan,nan,nan,71.76123825989602
nan,pause,22394.182700195895,22394.181700195895,nan,,nan,nan,nan,nan,nan,nan,nan,nan,-0.20254012604043337
2.0624205807828844,inhale,22395.53270019617,22394.182700195895,22394.286700195917,,nan,nan,nan,nan,nan,nan,nan,nan,-0.15621244992743877
nan,pause,22395.53370019617,22395.53270019617,nan,,nan,nan,nan,nan,nan,nan,nan,nan,0.04505268562291581
-2.083500000000006,exhale,22396.348700196337,22395.53370019617,22395.956700196257,,nan,nan,nan,nan,nan,nan,nan,nan,0.01877304351000253
nan,pause,22396.349700196337,22396.348700196337,nan,,nan,nan,nan,nan,nan,nan,nan,nan,-0.19251655952450264
1.849897358950576,inhale,22397.923700196658,22396.349700196337,22396.61670019639,,nan,nan,nan,nan,nan,nan,nan,nan,-0.10902441040720606
nan,pause,22397.924700196658,22397.923700196658,nan,,nan,nan,nan,nan,nan,nan,nan,nan,-0.1789200529576086
-2.0667982816055326,exhale,22398.852700196847,22397.924700196658,22398.6167001968,,nan,nan,nan,nan,nan,nan,nan,nan,-0.13977351706842356
nan,pause,22398.853700196847,22398.852700196847,nan,,nan,nan,nan,nan,nan,nan,nan,nan,-0.21287989567213705
1.933197438089543,inhale,22400.323700197147,22398.853700196847,22399.1167001969,,nan,nan,nan,nan,nan,nan,nan,nan,0.11124479305509405
nan,pause,22400.324700197147,22400.323700197147,nan,,nan,nan,nan,nan,nan,nan,nan,nan,-0.08698536299025239
-2.199439981889314,exhale,22401.200700197325,22400.324700197147,22400.946700197273,,nan,nan,nan,nan,nan,nan,nan,nan,-0.11142496732831231
nan,pause,22401.201700197325,22401.200700197325,nan,,nan,nan,nan,nan,nan,nan,nan,nan,-0.14075286156673983
1.9102319805450945,inhale,22402.5537001976,22401.201700197325,22401.446700197375,,nan,nan,nan,nan,nan,nan,nan,nan,-0.32970616115301765
nan,pause,22402.5547001976,22402.5537001976,nan,,nan,nan,nan,nan,nan,nan,nan,nan,-0.41326239665310394
-2.082175429898393,exhale,22403.456700197785,22402.5547001976,22403.276700197748,,nan,nan,nan,nan,nan,nan,nan,nan,-0.55144455087068
nan,pause,22403.457700197785,22403.456700197785,nan,,nan,nan,nan,nan,nan,nan,nan,nan,0.38851991498262306
2.633194997677898,inhale,22404.819700198062,22403.457700197785,22403.616700197817,,nan,nan,nan,nan,nan,nan,nan,nan,-0.10886040222643012
nan,pause,22404.820700198063,22404.819700198062,nan,,nan,nan,nan,nan,nan,nan,nan,nan,-0.037966551074319455
-2.2000993223182226,exhale,22405.661700198234,22404.820700198063,22405.116700198123,,nan,nan,nan,nan,nan,nan,nan,nan,-0.6669081485545127
nan,pause,22405.662700198234,22405.661700198234,nan,,nan,nan,nan,nan,nan,nan,nan,nan,-0.42160333183341825
2.191400524204703,inhale,22406.9717001985,22405.662700198234,22405.78670019826,,nan,nan,nan,nan,nan,nan,nan,nan,-0.11609497890369225
nan,pause,22406.9727001985,22406.9717001985,nan,,nan,nan,nan,nan,nan,nan,nan,nan,0.05599412030895623
-2.213399801434097,exhale,22407.75770019866,22406.9727001985,22407.286700198565,,nan,nan,nan,nan,nan,nan,nan,nan,-0.4935759116572713
nan,pause,22407.75870019866,22407.75770019866,nan,,nan,nan,nan,nan,nan,nan,nan,nan,-0.37667419940681857
2.828316504103827,inhale,22409.010700198916,22407.75870019866,22407.9567001987,,nan,nan,nan,nan,nan,nan,nan,nan,-0.23840538961560043
nan,pause,22409.011700198917,22409.010700198916,nan,,nan,nan,nan,nan,nan,nan,nan,nan,0.389092758734249
-2.2158101148234963,exhale,22409.827700199083,22409.011700198917,22409.446700199005,,nan,nan,nan,nan,nan,nan,nan,nan,-0.28376037262991405
nan,pause,22409.828700199083,22409.827700199083,nan,,nan,nan,nan,nan,nan,nan,nan,nan,0.44602519711759214
3.1097553320940263,inhale,22411.002700199322,22409.828700199083,22409.95670019911,,nan,nan,nan,nan,nan,nan,nan,nan,0.2641642347609032
nan,pause,22411.003700199322,22411.002700199322,nan,,nan,nan,nan,nan,nan,nan,nan,nan,0.12322318068525795
-2.1500964586581874,exhale,22411.811700199487,22411.003700199322,22411.616700199447,,nan,nan,nan,nan,nan,nan,nan,nan,-0.16454434614217872
nan,pause,22411.812700199487,22411.811700199487,nan,,nan,nan,nan,nan,nan,nan,nan,nan,-0.6171366960273055
2.637026356898799,inhale,22413.00470019973,22411.812700199487,22411.956700199516,,nan,nan,nan,nan,nan,nan,nan,nan,0.07373208894141792
nan,pause,22413.00570019973,22413.00470019973,nan,,nan,nan,nan,nan,nan,nan,nan,nan,0.13188225941403253
-2.2494327935390834,exhale,22413.8337001999,22413.00570019973,22413.456700199822,,nan,nan,nan,nan,nan,nan,nan,nan,-0.05353553142826817
nan,pause,22413.8347001999,22413.8337001999,nan,,nan,nan,nan,nan,nan,nan,nan,nan,-0.47782582645237426
2.65841287766827,inhale,22415.091700200155,22413.8347001999,22413.956700199924,,nan,nan,nan,nan,nan,nan,nan,nan,-0.3981966464430249
nan,pause,22415.092700200155,22415.091700200155,nan,,nan,nan,nan,nan,nan,nan,nan,nan,0.2362629088702004
-2.166799194383202,exhale,22415.970700200334,22415.092700200155,22415.616700200262,,nan,nan,nan,nan,nan,nan,nan,nan,0.25115493282828805
nan,pause,22415.971700200334,22415.970700200334,nan,,nan,nan,nan,nan,nan,nan,nan,nan,0.6632562150647163
1.899897472707402,inhale,22417.192700200583,22415.971700200334,22416.116700200364,,nan,nan,nan,nan,nan,nan,nan,nan,0.036370867974464316
nan,pause,22417.193700200583,22417.192700200583,nan,,nan,nan,nan,nan,nan,nan,nan,nan,-0.23541489930844417
-2.400098116521781,exhale,22417.984700200745,22417.193700200583,22417.61670020067,,nan,nan,nan,nan,nan,nan,nan,nan,0.4805385952618839
nan,pause,22417.985700200745,22417.984700200745,nan,,nan,nan,nan,nan,nan,nan,nan,nan,0.03772384340076895
2.4498960262819303,inhale,22418.918700200935,22417.985700200745,22418.11670020077,,nan,nan,nan,nan,nan,nan,nan,nan,0.07904868012843669
nan,pause,22419.493700201052,22418.918700200935,nan,,nan,nan,nan,nan,nan,nan,nan,nan,-0.937574728565469
-0.3334972027642116,exhale,22419.666700201087,22419.493700201052,22419.616700201077,,nan,nan,nan,nan,nan,nan,nan,nan,-0.3131112803819256
nan,pause,22420.303700201217,22419.666700201087,nan,,nan,nan,nan,nan,nan,nan,nan,nan,0.2736857988352904
-0.7006313446704024,exhale,22420.61670020128,22420.303700201217,22420.446700201246,,nan,nan,nan,nan,nan,nan,nan,nan,-3.2792300585530114
nan,pause,22420.94770020135,22420.61670020128,nan,,nan,nan,nan,nan,nan,nan,nan,nan,-2.0203422696129625
-0.34283805012417956,exhale,22421.377700201436,22420.94770020135,22421.276700201415,,nan,nan,nan,nan,nan,nan,nan,nan,-1.5580069485295613
nan,pause,22423.471700201862,22421.377700201436,nan,,nan,nan,nan,nan,nan,nan,nan,nan,-1.073894278813785
0.3498979241199973,inhale,22423.690700201907,22423.471700201862,22423.616700201892,,nan,nan,nan,nan,nan,nan,nan,nan,0.2512509520390669
nan,pause,22423.691700201907,22423.690700201907,nan,,nan,nan,nan,nan,nan,nan,nan,nan,-1.9799562318297697
-0.4212617207172169,exhale,22423.90370020195,22423.691700201907,22423.786700201927,,nan,nan,nan,nan,nan,nan,nan,nan,-0.13375080652064186
nan,pause,22423.90470020195,22423.90370020195,nan,,nan,nan,nan,nan,nan,nan,nan,nan,-2.4445182150107376
1.4735014905400026,inhale,22424.804700202134,22423.90470020195,22424.44670020206,,nan,nan,nan,nan,nan,nan,nan,nan,-2.2503992852733212
nan,pause,22424.805700202134,22424.804700202134,nan,,nan,nan,nan,nan,nan,nan,nan,nan,-1.5687797678375546
-0.7000976972544493,exhale,22425.253700202225,22424.805700202134,22425.116700202198,,nan,nan,nan,nan,nan,nan,nan,nan,-1.4658969443586827
nan,pause,22427.965700202778,22425.253700202225,nan,,nan,nan,nan,nan,nan,nan,nan,nan,-4.241003687905306
0.8509926270143852,inhale,22429.127700203015,22427.965700202778,22428.946700202978,,nan,nan,nan,nan,nan,nan,nan,nan,-2.424761792949796
nan,pause,22429.128700203015,22429.127700203015,nan,,nan,nan,nan,nan,nan,nan,nan,nan,-1.9844733136712027
-6.254742046044881,exhale,22430.015700203196,22429.128700203015,22429.45670020308,,nan,nan,nan,nan,nan,nan,nan,nan,-1.922110471818415
nan,pause,22430.016700203196,22430.015700203196,nan,,nan,nan,nan,nan,nan,nan,nan,nan,-1.9686377489565139
2.933193761687913,inhale,22431.624700203523,22430.016700203196,22430.116700203216,,nan,nan,nan,nan,nan,nan,nan,nan,-3.0299086825297294
nan,pause,22431.625700203524,22431.624700203523,nan,,nan,nan,nan,nan,nan,nan,nan,nan,-2.3328653761001497
-10.94732613538487,exhale,22432.40170020368,22431.625700203524,22431.95670020359,,nan,nan,nan,nan,nan,nan,nan,nan,-2.532704595071521
nan,pause,22432.402700203682,22432.40170020368,nan,,nan,nan,nan,nan,nan,nan,nan,nan,-2.588285981034451
5.499891086490163,inhale,22433.91670020399,22432.402700203682,22432.616700203725,,nan,nan,nan,nan,nan,nan,nan,nan,-1.4944418178823167
nan,pause,22433.91770020399,22433.91670020399,nan,,nan,nan,nan,nan,nan,nan,nan,nan,-2.7285426448157613
-10.292664058356761,exhale,22434.718700204154,22433.91770020399,22434.286700204066,,nan,nan,nan,nan,nan,nan,nan,nan,-2.4883475437841502
nan,pause,22434.719700204154,22434.718700204154,nan,,nan,nan,nan,nan,nan,nan,nan,nan,-1.2129999987528168
7.860151409955316,inhale,22436.133700204442,22434.719700204154,22434.9467002042,,nan,nan,nan,nan,nan,nan,nan,nan,-2.0286032863484706
nan,pause,22436.134700204442,22436.133700204442,nan,,nan,nan,nan,nan,nan,nan,nan,nan,-1.8357938782220784
-12.375605641099073,exhale,22436.9067002046,22436.134700204442,22436.446700204506,,nan,nan,nan,nan,nan,nan,nan,nan,-1.771235997563636
nan,pause,22436.9077002046,22436.9067002046,nan,,nan,nan,nan,nan,nan,nan,nan,nan,-1.9572935434143552
7.483188870532518,inhale,22438.27970020488,22436.9077002046,22437.116700204642,,nan,nan,nan,nan,nan,nan,nan,nan,0.1289562291158104
nan,pause,22438.28070020488,22438.27970020488,nan,,nan,nan,nan,nan,nan,nan,nan,nan,-1.5913425782752888
-11.183492726712124,exhale,22439.048700205036,22438.28070020488,22438.616700204948,,nan,nan,nan,nan,nan,nan,nan,nan,-1.4702766528490254
nan,pause,22439.049700205036,22439.048700205036,nan,,nan,nan,nan,nan,nan,nan,nan,nan,-1.9333406653219964
8.424089908578031,inhale,22440.408700205313,22439.049700205036,22439.286700205084,,nan,nan,nan,nan,nan,nan,nan,nan,-0.0341151977096561
nan,pause,22440.409700205313,22440.408700205313,nan,,nan,nan,nan,nan,nan,nan,nan,nan,0.6663054371174706
-13.652931245989857,exhale,22441.213700205477,22440.409700205313,22440.78670020539,,nan,nan,nan,nan,nan,nan,nan,nan,0.6661803499700181
nan,pause,22441.214700205477,22441.213700205477,nan,,nan,nan,nan,nan,nan,nan,nan,nan,0.9168599771304939
7.386650931829343,inhale,22442.837700205808,22441.214700205477,22441.446700205524,,nan,nan,nan,nan,nan,nan,nan,nan,0.934870557425969
nan,pause,22442.838700205808,22442.837700205808,nan,,nan,nan,nan,nan,nan,nan,nan,nan,0.42522363273560315
-11.300088473918203,exhale,22443.702700205984,22442.838700205808,22443.116700205865,,nan,nan,nan,nan,nan,nan,nan,nan,0.2983795685287103
nan,pause,22443.703700205984,22443.702700205984,nan,,nan,nan,nan,nan,nan,nan,nan,nan,-0.04143474722367024
6.642946540847246,inhale,22445.182700206286,22443.703700205984,22443.946700206034,,nan,nan,nan,nan,nan,nan,nan,nan,-0.4102904241911012
nan,pause,22445.183700206286,22445.182700206286,nan,,nan,nan,nan,nan,nan,nan,nan,nan,-0.5867586320739391
-10.616792917764702,exhale,22446.069700206466,22445.183700206286,22445.616700206374,,nan,nan,nan,nan,nan,nan,nan,nan,-0.1602947435002231
nan,pause,22446.070700206466,22446.069700206466,nan,,nan,nan,nan,nan,nan,nan,nan,nan,-0.30256067357982275
6.068581355689157,inhale,22447.103700206677,22446.070700206466,22446.28670020651,,nan,nan,nan,nan,nan,nan,nan,nan,-0.245707107794793
nan,pause,22448.53570020697,22447.103700206677,nan,,nan,nan,nan,nan,nan,nan,nan,nan,0.22880354313477103
-5.76679759276996,exhale,22449.654700207197,22448.53570020697,22449.116700207087,,nan,nan,nan,nan,nan,nan,nan,nan,0.0276880562516002
nan,pause,22449.655700207197,22449.654700207197,nan,,nan,nan,nan,nan,nan,nan,nan,nan,-0.0011304053100920086
6.135960576929051,inhale,22451.6347002076,22449.655700207197,22451.28670020753,,nan,nan,nan,nan,nan,nan,nan,nan,0.39019249741727613
nan,pause,22451.6357002076,22451.6347002076,nan,,nan,nan,nan,nan,nan,nan,nan,nan,0.037911797613825016
-11.160001624453137,exhale,22452.606700207798,22451.6357002076,22451.78670020763,,nan,nan,nan,nan,nan,nan,nan,nan,1.1006682863114632
nan,pause,22452.6077002078,22452.606700207798,nan,,nan,nan,nan,nan,nan,nan,nan,nan,-0.011986180430023197
6.5716262313254035,inhale,22454.249700208133,22452.6077002078,22452.786700207835,,nan,nan,nan,nan,nan,nan,nan,nan,0.25093003733166386
nan,pause,22454.250700208133,22454.249700208133,nan,,nan,nan,nan,nan,nan,nan,nan,nan,0.3402877973398146
-12.366792401027514,exhale,22455.139700208314,22454.250700208133,22454.616700208207,,nan,nan,nan,nan,nan,nan,nan,nan,0.18137945542562584
nan,pause,22455.140700208314,22455.139700208314,nan,,nan,nan,nan,nan,nan,nan,nan,nan,0.2919108284429943
6.336286507540297,inhale,22456.849700208662,22455.140700208314,22455.286700208344,,nan,nan,nan,nan,nan,nan,nan,nan,0.22570338406585488
nan,pause,22456.850700208663,22456.849700208662,nan,,nan,nan,nan,nan,nan,nan,nan,nan,0.24951329017126245
-10.476888454887538,exhale,22457.653700208826,22456.850700208663,22457.446700208784,,nan,nan,nan,nan,nan,nan,nan,nan,0.1521675534447846
nan,pause,22457.654700208826,22457.653700208826,nan,,nan,nan,nan,nan,nan,nan,nan,nan,0.27715088270064125
9.82026776611437,inhale,22459.156700209132,22457.654700208826,22457.786700208853,,nan,nan,nan,nan,nan,nan,nan,nan,1.290744048865656
nan,pause,22459.157700209133,22459.156700209132,nan,,nan,nan,nan,nan,nan,nan,nan,nan,-0.49784682255985424
-12.266788733637478,exhale,22459.965700209297,22459.157700209133,22459.616700209226,,nan,nan,nan,nan,nan,nan,nan,nan,-0.1942463548543656
nan,pause,22459.966700209297,22459.965700209297,nan,,nan,nan,nan,nan,nan,nan,nan,nan,-0.5206842463904695
8.299890395179192,inhale,22461.4477002096,22459.966700209297,22460.116700209328,,nan,nan,nan,nan,nan,nan,nan,nan,0.5621241131972958
nan,pause,22461.4487002096,22461.4477002096,nan,,nan,nan,nan,nan,nan,nan,nan,nan,2.142381371965256
-13.138879184245313,exhale,22462.260700209765,22461.4487002096,22461.9467002097,,nan,nan,nan,nan,nan,nan,nan,nan,-0.9154510891532146
nan,pause,22462.261700209765,22462.260700209765,nan,,nan,nan,nan,nan,nan,nan,nan,nan,-0.30438230290382196
7.627552203675527,inhale,22463.879700210095,22462.261700209765,22462.456700209805,,nan,nan,nan,nan,nan,nan,nan,nan,-0.5717002610632784
nan,pause,22463.880700210095,22463.879700210095,nan,,nan,nan,nan,nan,nan,nan,nan,nan,-0.3459170609034572
-12.710195151439821,exhale,22464.660700210254,22463.880700210095,22464.276700210175,,nan,nan,nan,nan,nan,nan,nan,nan,-0.2917939124641171
nan,pause,22464.661700210254,22464.660700210254,nan,,nan,nan,nan,nan,nan,nan,nan,nan,-0.6070982683919506
8.18494070654169,inhale,22466.135700210554,22464.661700210254,22464.78670021028,,nan,nan,nan,nan,nan,nan,nan,nan,-0.42934152012897653
nan,pause,22466.136700210554,22466.135700210554,nan,,nan,nan,nan,nan,nan,nan,nan,nan,0.29413731547291055
-14.247084566102247,exhale,22466.919700210714,22466.136700210554,22466.45670021062,,nan,nan,nan,nan,nan,nan,nan,nan,-0.40647169594105836
nan,pause,22466.920700210714,22466.919700210714,nan,,nan,nan,nan,nan,nan,nan,nan,nan,0.2846978768184112
8.249892112562078,inhale,22468.285700210992,22466.920700210714,22467.116700210754,,nan,nan,nan,nan,nan,nan,nan,nan,-0.2119880005244048
nan,pause,22468.286700210992,22468.285700210992,nan,,nan,nan,nan,nan,nan,nan,nan,nan,-0.04969651012036058
-14.016788163363382,exhale,22468.997700211137,22468.286700210992,22468.61670021106,,nan,nan,nan,nan,nan,nan,nan,nan,0.18331077879274194
nan,pause,22468.998700211137,22468.997700211137,nan,,nan,nan,nan,nan,nan,nan,nan,nan,0.07840347144123427
8.487170134701863,inhale,22470.459700211435,22468.998700211137,22469.276700211194,,nan,nan,nan,nan,nan,nan,nan,nan,-0.10617695633933621
nan,pause,22470.460700211435,22470.459700211435,nan,,nan,nan,nan,nan,nan,nan,nan,nan,0.38593661799185863
-13.692024354713208,exhale,22471.31170021161,22470.460700211435,22470.7867002115,,nan,nan,nan,nan,nan,nan,nan,nan,-0.2365244004908993
nan,pause,22471.31270021161,22471.31170021161,nan,,nan,nan,nan,nan,nan,nan,nan,nan,0.09771627576435282
5.499899115167984,inhale,22472.976700211948,22471.31270021161,22471.61670021167,,nan,nan,nan,nan,nan,nan,nan,nan,0.6836451689199827
nan,pause,22472.977700211948,22472.976700211948,nan,,nan,nan,nan,nan,nan,nan,nan,nan,0.3680806624065669
-9.096469843505085,exhale,22473.894700212135,22472.977700211948,22473.446700212044,,nan,nan,nan,nan,nan,nan,nan,nan,0.23380652028026683
nan,pause,22473.895700212135,22473.894700212135,nan,,nan,nan,nan,nan,nan,nan,nan,nan,0.3914349183072665
8.266477786542413,inhale,22475.771700212517,22473.895700212135,22475.616700212486,,nan,nan,nan,nan,nan,nan,nan,nan,0.32385435967480314
nan,pause,22475.772700212518,22475.771700212517,nan,,nan,nan,nan,nan,nan,nan,nan,nan,0.22046874138628403
-6.041715490896639,exhale,22476.81670021273,22475.772700212518,22476.446700212655,,nan,nan,nan,nan,nan,nan,nan,nan,0.3500805501958484
nan,pause,22476.81770021273,22476.81670021273,nan,,nan,nan,nan,nan,nan,nan,nan,nan,0.4362000780162758
2.3164991545508373,inhale,22477.909700212953,22476.81770021273,22477.616700212893,,nan,nan,nan,nan,nan,nan,nan,nan,0.35785985463953573
nan,pause,22477.910700212953,22477.909700212953,nan,,nan,nan,nan,nan,nan,nan,nan,nan,-0.1020379809732665
-5.747650566668663,exhale,22479.006700213176,22477.910700212953,22478.77670021313,,nan,nan,nan,nan,nan,nan,nan,nan,-2.7104514504667456
nan,pause,22479.007700213177,22479.006700213176,nan,,nan,nan,nan,nan,nan,nan,nan,nan,-2.5656008977645404
2.7831956151421156,inhale,22480.572700213495,22479.007700213177,22479.1167002132,,nan,nan,nan,nan,nan,nan,nan,nan,-1.7436875871436834
nan,pause,22480.573700213496,22480.572700213495,nan,,nan,nan,nan,nan,nan,nan,nan,nan,-1.7707485452549312
-18.466766788265,exhale,22481.343700213652,22480.573700213496,22481.116700213606,,nan,nan,nan,nan,nan,nan,nan,nan,-1.2491090956565971
nan,pause,22481.344700213653,22481.343700213652,nan,,nan,nan,nan,nan,nan,nan,nan,nan,-0.015723852231780633
8.957074391789687,inhale,22483.09270021401,22481.344700213653,22481.456700213676,,nan,nan,nan,nan,nan,nan,nan,nan,0.30260507621072374
nan,pause,22483.09370021401,22483.09270021401,nan,,nan,nan,nan,nan,nan,nan,nan,nan,-1.8435498491932858
-15.982684266575497,exhale,22483.859700214165,22483.09370021401,22483.456700214083,,nan,nan,nan,nan,nan,nan,nan,nan,-1.085444751034645
nan,pause,22483.860700214165,22483.859700214165,nan,,nan,nan,nan,nan,nan,nan,nan,nan,0.09697334119508005
7.349894682522745,inhale,22485.492700214498,22483.860700214165,22484.116700214217,,nan,nan,nan,nan,nan,nan,nan,nan,-4.212450574037152
nan,pause,22485.493700214498,22485.492700214498,nan,,nan,nan,nan,nan,nan,nan,nan,nan,-0.4901277747095478
-17.705620457216753,exhale,22486.28470021466,22485.493700214498,22485.786700214558,,nan,nan,nan,nan,nan,nan,nan,nan,-5.760796706531515
nan,pause,22486.28570021466,22486.28470021466,nan,,nan,nan,nan,nan,nan,nan,nan,nan,-5.5389834285569854
8.241426753391405,inhale,22487.85270021498,22486.28570021466,22486.456700214694,,nan,nan,nan,nan,nan,nan,nan,nan,-2.0167831919935684
nan,pause,22487.85370021498,22487.85270021498,nan,,nan,nan,nan,nan,nan,nan,nan,nan,-3.555160192315581
-8.01679177805638,exhale,22488.73670021516,22487.85370021498,22488.116700215032,,nan,nan,nan,nan,nan,nan,nan,nan,-2.9308515668533315
nan,pause,22488.73770021516,22488.73670021516,nan,,nan,nan,nan,nan,nan,nan,nan,nan,-2.0959466033744407
6.198315979656346,inhale,22490.275700215472,22488.73770021516,22488.956700215203,,nan,nan,nan,nan,nan,nan,nan,nan,-2.9848098651563584
nan,pause,22490.276700215472,22490.275700215472,nan,,nan,nan,nan,nan,nan,nan,nan,nan,-2.607340735270685
-18.550075207721996,exhale,22491.112700215643,22490.276700215472,22490.61670021554,,nan,nan,nan,nan,nan,nan,nan,nan,-2.674311875214121
nan,pause,22491.113700215643,22491.112700215643,nan,,nan,nan,nan,nan,nan,nan,nan,nan,0.2791221360995042
5.766485425028747,inhale,22492.784700215983,22491.113700215643,22492.61670021595,,nan,nan,nan,nan,nan,nan,nan,nan,-4.116106246655716
nan,pause,22492.785700215984,22492.784700215983,nan,,nan,nan,nan,nan,nan,nan,nan,nan,-3.2024319240568166
-10.816791211478149,exhale,22493.64970021616,22492.785700215984,22493.11670021605,,nan,nan,nan,nan,nan,nan,nan,nan,1.8043778369018044
nan,pause,22493.65070021616,22493.64970021616,nan,,nan,nan,nan,nan,nan,nan,nan,nan,-3.157013369290774
4.316492960435077,inhale,22495.343700216505,22493.65070021616,22495.11670021646,,nan,nan,nan,nan,nan,nan,nan,nan,-2.739181007915393
nan,pause,22495.344700216505,22495.343700216505,nan,,nan,nan,nan,nan,nan,nan,nan,nan,-3.166910612894557
-10.370580400769432,exhale,22496.21170021668,22495.344700216505,22495.786700216595,,nan,nan,nan,nan,nan,nan,nan,nan,-2.9126587843447913
nan,pause,22496.21270021668,22496.21170021668,nan,,nan,nan,nan,nan,nan,nan,nan,nan,-3.116381023732875
4.966488406899265,inhale,22497.789700217003,22496.21270021668,22497.616700216968,,nan,nan,nan,nan,nan,nan,nan,nan,-2.6463351988285817
nan,pause,22497.790700217003,22497.789700217003,nan,,nan,nan,nan,nan,nan,nan,nan,nan,-2.7479876235514262
-9.90359516797282,exhale,22498.674700217183,22497.790700217003,22498.276700217102,,nan,nan,nan,nan,nan,nan,nan,nan,-2.128421311248389
nan,pause,22498.675700217183,22498.674700217183,nan,,nan,nan,nan,nan,nan,nan,nan,nan,-0.3974621586525835
5.922183209616616,inhale,22500.069700217467,22498.675700217183,22498.94670021724,,nan,nan,nan,nan,nan,nan,nan,nan,-2.0683147429575444
nan,pause,22500.070700217468,22500.069700217467,nan,,nan,nan,nan,nan,nan,nan,nan,nan,-1.3396217123333232
-6.901543666605656,exhale,22500.96770021765,22500.070700217468,22500.28670021751,,nan,nan,nan,nan,nan,nan,nan,nan,-2.4597649801446027
nan,pause,22500.96870021765,22500.96770021765,nan,,nan,nan,nan,nan,nan,nan,nan,nan,-2.7488605542499105
5.843399069433576,inhale,22502.646700217992,22500.96870021765,22502.44670021795,,nan,nan,nan,nan,nan,nan,nan,nan,2.2241572751958714
nan,pause,22502.647700217993,22502.646700217992,nan,,nan,nan,nan,nan,nan,nan,nan,nan,-2.153811738789884
-7.315142494183342,exhale,22503.534700218173,22502.647700217993,22502.78670021802,,nan,nan,nan,nan,nan,nan,nan,nan,-2.647318744779306
nan,pause,22503.535700218174,22503.534700218173,nan,,nan,nan,nan,nan,nan,nan,nan,nan,-2.9944598057559983
3.954617674195901,inhale,22505.1457002185,22503.535700218174,22504.94670021846,,nan,nan,nan,nan,nan,nan,nan,nan,-2.624044906838792
nan,pause,22505.1467002185,22505.1457002185,nan,,nan,nan,nan,nan,nan,nan,nan,nan,-1.791918859531386
-4.924603460324414,exhale,22506.048700218686,22505.1467002185,22505.28670021853,,nan,nan,nan,nan,nan,nan,nan,nan,-0.8112448145790285
nan,pause,22506.049700218686,22506.048700218686,nan,,nan,nan,nan,nan,nan,nan,nan,nan,-0.7406128565449608
4.8244360826113555,inhale,22507.50170021898,22506.049700218686,22507.276700218936,,nan,nan,nan,nan,nan,nan,nan,nan,-1.8362642067392447
nan,pause,22507.50270021898,22507.50170021898,nan,,nan,nan,nan,nan,nan,nan,nan,nan,2.9375286500843885
-3.8334941583469617,exhale,22508.345700219154,22507.50270021898,22507.616700219005,,nan,nan,nan,nan,nan,nan,nan,nan,1.7103939443947316
nan,pause,22509.050700219297,22508.345700219154,nan,,nan,nan,nan,nan,nan,nan,nan,nan,2.3839869308848183
11.210086679627112,inhale,22510.00370021949,22509.050700219297,22509.446700219378,,nan,nan,nan,nan,nan,nan,nan,nan,0.038631205665393686
nan,pause,22510.00470021949,22510.00370021949,nan,,nan,nan,nan,nan,nan,nan,nan,nan,-0.13070350619629423
-3.2794205523075837,exhale,22511.041700219703,22510.00470021949,22510.78670021965,,nan,nan,nan,nan,nan,nan,nan,nan,-0.9383737158988263
nan,pause,22511.042700219703,22511.041700219703,nan,,nan,nan,nan,nan,nan,nan,nan,nan,0.6369963581046636
4.426060966324384,inhale,22512.34670021997,22511.042700219703,22511.286700219753,,nan,nan,nan,nan,nan,nan,nan,nan,-0.32135493740595944
nan,pause,22512.34770021997,22512.34670021997,nan,,nan,nan,nan,nan,nan,nan,nan,nan,1.087844074113257
-4.107662814169909,exhale,22513.52970022021,22512.34770021997,22513.28670022016,,nan,nan,nan,nan,nan,nan,nan,nan,0.28699248748007555
nan,pause,22513.53070022021,22513.52970022021,nan,,nan,nan,nan,nan,nan,nan,nan,nan,0.5183395406502418
3.207024217608195,inhale,22515.04770022052,22513.53070022021,22514.786700220466,,nan,nan,nan,nan,nan,nan,nan,nan,0.6739562298835367
nan,pause,22515.04870022052,22515.04770022052,nan,,nan,nan,nan,nan,nan,nan,nan,nan,0.656993005934837
-4.416799751012228,exhale,22515.98670022071,22515.04870022052,22515.616700220635,,nan,nan,nan,nan,nan,nan,nan,nan,0.8535255167613351
nan,pause,22515.98770022071,22515.98670022071,nan,,nan,nan,nan,nan,nan,nan,nan,nan,0.34765635654200566
3.566496473719526,inhale,22517.392700220997,22515.98770022071,22517.11670022094,,nan,nan,nan,nan,nan,nan,nan,nan,-0.6007660779890864
nan,pause,22517.393700220997,22517.392700220997,nan,,nan,nan,nan,nan,nan,nan,nan,nan,0.35987059918972975
-5.253403577107033,exhale,22518.357700221193,22517.393700220997,22517.95670022111,,nan,nan,nan,nan,nan,nan,nan,nan,0.7579041893434784
nan,pause,22518.358700221193,22518.357700221193,nan,,nan,nan,nan,nan,nan,nan,nan,nan,0.17649887604244952
3.866497314494341,inhale,22519.888700221505,22518.358700221193,22518.616700221246,,nan,nan,nan,nan,nan,nan,nan,nan,0.3548068017586439
nan,pause,22519.889700221505,22519.888700221505,nan,,nan,nan,nan,nan,nan,nan,nan,nan,1.103613405481811
-4.766128772039253,exhale,22520.860700221703,22519.889700221505,22520.45670022162,,nan,nan,nan,nan,nan,nan,nan,nan,-0.555762199269496
nan,pause,22520.861700221703,22520.860700221703,nan,,nan,nan,nan,nan,nan,nan,nan,nan,0.11085946938551383
4.73319625840616,inhale,22522.348700222006,22520.861700221703,22521.116700221755,,nan,nan,nan,nan,nan,nan,nan,nan,0.21129577830512236
nan,pause,22522.349700222007,22522.348700222006,nan,,nan,nan,nan,nan,nan,nan,nan,nan,0.8154431448291068
-3.5375230537215825,exhale,22523.35070022221,22522.349700222007,22522.786700222096,,nan,nan,nan,nan,nan,nan,nan,nan,-0.2240762491135656
nan,pause,22523.35170022221,22523.35070022221,nan,,nan,nan,nan,nan,nan,nan,nan,nan,-0.13523156740655695
4.366493919544633,inhale,22524.785700222503,22523.35170022221,22523.616700222265,,nan,nan,nan,nan,nan,nan,nan,nan,0.07225997760833136
nan,pause,22524.786700222503,22524.785700222503,nan,,nan,nan,nan,nan,nan,nan,nan,nan,-0.1170149926433306
-0.9167956979640797,exhale,22525.202700222588,22524.786700222503,22525.11670022257,,nan,nan,nan,nan,nan,nan,nan,nan,-0.003909241956626008
nan,pause,22525.203700222588,22525.202700222588,nan,,nan,nan,nan,nan,nan,nan,nan,nan,0.16150120948077018
0.8335821950537516,inhale,22525.615700222672,22525.203700222588,22525.286700222605,,nan,nan,nan,nan,nan,nan,nan,nan,0.03079906107928987
nan,pause,22525.963700222743,22525.615700222672,nan,,nan,nan,nan,nan,nan,nan,nan,nan,0.2764642840237572
-0.9500964876327886,exhale,22526.271700222806,22525.963700222743,22526.116700222774,,nan,nan,nan,nan,nan,nan,nan,nan,0.09422250576335633
nan,pause,22529.33170022343,22526.271700222806,nan,,nan,nan,nan,nan,nan,nan,nan,nan,0.48937844092415106
-0.7167973047790723,exhale,22529.751700223514,22529.33170022343,22529.616700223487,,nan,nan,nan,nan,nan,nan,nan,nan,0.16031468604729793
nan,pause,22541.342700225876,22529.751700223514,nan,,nan,nan,nan,nan,nan,nan,nan,nan,0.3200080322874115
-0.35558067621184053,exhale,22541.580700225924,22541.342700225876,22541.446700225897,,nan,nan,nan,nan,nan,nan,nan,nan,0.314885852251936
nan,pause,22541.839700225977,22541.580700225924,nan,,nan,nan,nan,nan,nan,nan,nan,nan,0.0764204149621941
-0.3559111390187453,exhale,22542.060700226022,22541.839700225977,22541.946700226,,nan,nan,nan,nan,nan,nan,nan,nan,-0.6709834317940387
nan,pause,22544.288700226476,22542.060700226022,nan,,nan,nan,nan,nan,nan,nan,nan,nan,-0.019853443587909192
4.391798881278325,inhale,22544.611700226542,22544.288700226476,22544.44670022651,,nan,nan,nan,nan,nan,nan,nan,nan,0.04552980631833092
nan,pause,22544.612700226542,22544.611700226542,nan,,nan,nan,nan,nan,nan,nan,nan,nan,0.1673939335817588
-0.6167977329142877,exhale,22545.253700226673,22544.612700226542,22545.116700226645,,nan,nan,nan,nan,nan,nan,nan,nan,0.15811973736009444
nan,pause,22557.95870022926,22545.253700226673,nan,,nan,nan,nan,nan,nan,nan,nan,nan,-0.2344118479527002
0.3331988844553938,inhale,22558.531700229378,22557.95870022926,22558.116700229293,,nan,nan,nan,nan,nan,nan,nan,nan,-0.10716566139332317
nan,pause,22573.625700232453,22558.531700229378,nan,,nan,nan,nan,nan,nan,nan,nan,nan,0.03001068931010542
0.3076618432131469,inhale,22573.90470023251,22573.625700232453,22573.786700232486,,nan,nan,nan,nan,nan,nan,nan,nan,0.16125409449538053
nan,pause,22574.632700232658,22573.90470023251,nan,,nan,nan,nan,nan,nan,nan,nan,nan,0.21539094904971823
2.5617678801590773,inhale,22574.94570023272,22574.632700232658,22574.78670023269,,nan,nan,nan,nan,nan,nan,nan,nan,0.0038561965183916413
nan,pause,22595.437700236896,22574.94570023272,nan,,nan,nan,nan,nan,nan,nan,nan,nan,-0.005652541705794656
0.38319802436356526,inhale,22595.719700236954,22595.437700236896,22595.616700236933,,nan,nan,nan,nan,nan,nan,nan,nan,0.07909252341353779
nan,pause,22603.35570023851,22595.719700236954,nan,,nan,nan,nan,nan,nan,nan,nan,nan,-0.13953659651826023
0.44989789644012695,inhale,22603.725700238585,22603.35570023851,22603.616700238563,,nan,nan,nan,nan,nan,nan,nan,nan,0.12409118216861947
nan,pause,22603.726700238585,22603.725700238585,nan,,nan,nan,nan,nan,nan,nan,nan,nan,0.1401036190742796
-0.6088802147583225,exhale,22604.58970023876,22603.726700238585,22604.446700238732,,nan,nan,nan,nan,nan,nan,nan,nan,-0.004734673010324153
nan,pause,22631.33170024421,22604.58970023876,nan,,nan,nan,nan,nan,nan,nan,nan,nan,-0.00811982582529247
1.9164912906011082,inhale,22632.21970024439,22631.33170024421,22632.11670024437,,nan,nan,nan,nan,nan,nan,nan,nan,0.18105690174715838
nan,pause,22632.22070024439,22632.21970024439,nan,,nan,nan,nan,nan,nan,nan,nan,nan,0.6099921076723093
-10.516783135626264,exhale,22633.167700244583,22632.22070024439,22632.61670024447,,nan,nan,nan,nan,nan,nan,nan,nan,-1.168416458557462
nan,pause,22633.168700244583,22633.167700244583,nan,,nan,nan,nan,nan,nan,nan,nan,nan,-1.6184524948005348
4.1352661377972515,inhale,22635.028700244962,22633.168700244583,22633.286700244607,,nan,nan,nan,nan,nan,nan,nan,nan,-1.0624012826986626
nan,pause,22635.176700244992,22635.028700244962,nan,,nan,nan,nan,nan,nan,nan,nan,nan,-0.21362693034063351
1.8198721516913021,inhale,22635.642700245087,22635.176700244992,22635.446700245047,,nan,nan,nan,nan,nan,nan,nan,nan,-0.5121484263547775
nan,pause,22635.643700245088,22635.642700245087,nan,,nan,nan,nan,nan,nan,nan,nan,nan,0.36093854546933146
-2.6854832290090895,exhale,22636.82770024533,22635.643700245088,22636.28670024522,,nan,nan,nan,nan,nan,nan,nan,nan,-0.5246255038654226
nan,pause,22636.82870024533,22636.82770024533,nan,,nan,nan,nan,nan,nan,nan,nan,nan,-0.7412548396779823
0.6271709849840567,inhale,22637.61570024549,22636.82870024533,22636.956700245355,,nan,nan,nan,nan,nan,nan,nan,nan,-0.8973647391912976
nan,pause,22638.11770024559,22637.61570024549,nan,,nan,nan,nan,nan,nan,nan,nan,nan,-2.2569663726235785
1.763858356517318,inhale,22639.121700245796,22638.11770024559,22638.94670024576,,nan,nan,nan,nan,nan,nan,nan,nan,-0.7027762307346466
nan,pause,22639.122700245796,22639.121700245796,nan,,nan,nan,nan,nan,nan,nan,nan,nan,0.7247184716234063
-6.039222068651804,exhale,22640.136700246003,22639.122700245796,22639.78670024593,,nan,nan,nan,nan,nan,nan,nan,nan,-3.382693376041302
nan,pause,22640.137700246003,22640.136700246003,nan,,nan,nan,nan,nan,nan,nan,nan,nan,-2.0855838565131095
2.1100421841964803,inhale,22642.007700246384,22640.137700246003,22640.286700246033,,nan,nan,nan,nan,nan,nan,nan,nan,-2.30774509297203
nan,pause,22642.008700246384,22642.007700246384,nan,,nan,nan,nan,nan,nan,nan,nan,nan,-3.043446520232808
-6.594819998494903,exhale,22642.902700246566,22642.008700246384,22642.446700246473,,nan,nan,nan,nan,nan,nan,nan,nan,-1.17804416309267
nan,pause,22642.903700246567,22642.902700246566,nan,,nan,nan,nan,nan,nan,nan,nan,nan,-1.0398014878147324
5.38318788905097,inhale,22644.33970024686,22642.903700246567,22643.11670024661,,nan,nan,nan,nan,nan,nan,nan,nan,-0.7046408525952859
nan,pause,22644.34070024686,22644.33970024686,nan,,nan,nan,nan,nan,nan,nan,nan,nan,-2.2183455175106896
-9.133489574720441,exhale,22645.205700247036,22644.34070024686,22644.616700246916,,nan,nan,nan,nan,nan,nan,nan,nan,-0.47470247204351734
nan,pause,22645.206700247036,22645.205700247036,nan,,nan,nan,nan,nan,nan,nan,nan,nan,-2.5285727964904945
2.948880129858155,inhale,22646.813700247363,22645.206700247036,22645.286700247052,,nan,nan,nan,nan,nan,nan,nan,nan,-1.5083106772786055
nan,pause,22646.814700247363,22646.813700247363,nan,,nan,nan,nan,nan,nan,nan,nan,nan,-1.7996219105187685
-10.595535824457132,exhale,22647.602700247524,22646.814700247363,22647.446700247492,,nan,nan,nan,nan,nan,nan,nan,nan,-0.5218056044154906
nan,pause,22647.603700247524,22647.602700247524,nan,,nan,nan,nan,nan,nan,nan,nan,nan,-0.08159689014020666
8.588011425923478,inhale,22649.217700247853,22647.603700247524,22647.78670024756,,nan,nan,nan,nan,nan,nan,nan,nan,0.8983074726382547
nan,pause,22649.218700247853,22649.217700247853,nan,,nan,nan,nan,nan,nan,nan,nan,nan,-0.3774383121639717
-11.134596630947206,exhale,22650.03870024802,22649.218700247853,22649.4567002479,,nan,nan,nan,nan,nan,nan,nan,nan,1.0842721441355587
nan,pause,22650.03970024802,22650.03870024802,nan,,nan,nan,nan,nan,nan,nan,nan,nan,-4.257136362724976
7.168253840064141,inhale,22650.939700248204,22650.03970024802,22650.28670024807,,nan,nan,nan,nan,nan,nan,nan,nan,-0.35588338820569865
nan,pause,22652.901700248603,22650.939700248204,nan,,nan,nan,nan,nan,nan,nan,nan,nan,-0.7162018745812744
-8.800085035601029,exhale,22654.01270024883,22652.901700248603,22653.116700248647,,nan,nan,nan,nan,nan,nan,nan,nan,-0.3413573468805988
nan,pause,22654.01370024883,22654.01270024883,nan,,nan,nan,nan,nan,nan,nan,nan,nan,0.03224861310605576
5.692630727176171,inhale,22656.11870024926,22654.01370024883,22655.946700249224,,nan,nan,nan,nan,nan,nan,nan,nan,0.4277617859090328
nan,pause,22656.11970024926,22656.11870024926,nan,,nan,nan,nan,nan,nan,nan,nan,nan,0.1909547293225764
-9.26943228995521,exhale,22657.131700249465,22656.11970024926,22656.456700249328,,nan,nan,nan,nan,nan,nan,nan,nan,-0.7905440038640226
nan,pause,22657.132700249465,22657.131700249465,nan,,nan,nan,nan,nan,nan,nan,nan,nan,0.3258759721602851
6.171625681495208,inhale,22658.67770024978,22657.132700249465,22657.286700249497,,nan,nan,nan,nan,nan,nan,nan,nan,0.669971700371272
nan,pause,22658.67870024978,22658.67770024978,nan,,nan,nan,nan,nan,nan,nan,nan,nan,0.08179628657220972
-16.672538578723348,exhale,22659.484700249945,22658.67870024978,22658.956700249837,,nan,nan,nan,nan,nan,nan,nan,nan,0.5774366842599581
nan,pause,22659.485700249945,22659.484700249945,nan,,nan,nan,nan,nan,nan,nan,nan,nan,0.7777230576873113
8.399877692765227,inhale,22661.12570025028,22659.485700249945,22659.61670024997,,nan,nan,nan,nan,nan,nan,nan,nan,0.9417756890024256
nan,pause,22661.12670025028,22661.12570025028,nan,,nan,nan,nan,nan,nan,nan,nan,nan,0.6402261443181232
-18.012248379017233,exhale,22661.895700250436,22661.12670025028,22661.456700250346,,nan,nan,nan,nan,nan,nan,nan,nan,0.4406302984922994
nan,pause,22661.896700250436,22661.895700250436,nan,,nan,nan,nan,nan,nan,nan,nan,nan,-0.093643335377805
10.159711121412807,inhale,22663.330700250728,22661.896700250436,22662.276700250513,,nan,nan,nan,nan,nan,nan,nan,nan,0.4247214234831922
nan,pause,22663.33170025073,22663.330700250728,nan,,nan,nan,nan,nan,nan,nan,nan,nan,0.8341682364443623
-12.933489358054988,exhale,22664.139700250893,22663.33170025073,22663.616700250786,,nan,nan,nan,nan,nan,nan,nan,nan,0.6957138851113498
nan,pause,22664.140700250893,22664.139700250893,nan,,nan,nan,nan,nan,nan,nan,nan,nan,0.11575496302122024
11.948225160827214,inhale,22665.45770025116,22664.140700250893,22664.286700250923,,nan,nan,nan,nan,nan,nan,nan,nan,0.28657083814950457
nan,pause,22665.45870025116,22665.45770025116,nan,,nan,nan,nan,nan,nan,nan,nan,nan,-0.426921674362986
-14.241344635779404,exhale,22666.264700251326,22665.45870025116,22665.78670025123,,nan,nan,nan,nan,nan,nan,nan,nan,0.879073138309068
nan,pause,22666.265700251326,22666.264700251326,nan,,nan,nan,nan,nan,nan,nan,nan,nan,0.4065133100658396
9.597213434667655,inhale,22667.76170025163,22666.265700251326,22666.456700251365,,nan,nan,nan,nan,nan,nan,nan,nan,0.4397644437686672
nan,pause,22667.76270025163,22667.76170025163,nan,,nan,nan,nan,nan,nan,nan,nan,nan,0.8572521414272436
-15.283483681694575,exhale,22668.613700251804,22667.76270025163,22668.116700251703,,nan,nan,nan,nan,nan,nan,nan,nan,0.4003598393174089
nan,pause,22668.614700251805,22668.613700251804,nan,,nan,nan,nan,nan,nan,nan,nan,nan,-0.2228737884440264
9.61144205975866,inhale,22670.046700252096,22668.614700251805,22668.78670025184,,nan,nan,nan,nan,nan,nan,nan,nan,0.13352930157020937
nan,pause,22670.047700252097,22670.046700252096,nan,,nan,nan,nan,nan,nan,nan,nan,nan,0.19947568161747808
-13.452935866947223,exhale,22670.860700252262,22670.047700252097,22670.446700252178,,nan,nan,nan,nan,nan,nan,nan,nan,-1.126936525479938
nan,pause,22670.861700252262,22670.860700252262,nan,,nan,nan,nan,nan,nan,nan,nan,nan,-0.18788875919252845
8.516488354409963,inhale,22672.32170025256,22670.861700252262,22671.116700252314,,nan,nan,nan,nan,nan,nan,nan,nan,0.19442701456775957
nan,pause,22672.32270025256,22672.32170025256,nan,,nan,nan,nan,nan,nan,nan,nan,nan,0.23719616062511428
-11.249441988143138,exhale,22673.20570025274,22672.32270025256,22672.776700252653,,nan,nan,nan,nan,nan,nan,nan,nan,-0.25936520155783716
nan,pause,22673.20670025274,22673.20570025274,nan,,nan,nan,nan,nan,nan,nan,nan,nan,-0.11382494512119168
6.678754232869145,inhale,22674.67670025304,22673.20670025274,22673.44670025279,,nan,nan,nan,nan,nan,nan,nan,nan,0.2133063407721716
nan,pause,22674.67770025304,22674.67670025304,nan,,nan,nan,nan,nan,nan,nan,nan,nan,0.30583392851721936
-16.30008015444287,exhale,22675.496700253207,22674.67770025304,22675.11670025313,,nan,nan,nan,nan,nan,nan,nan,nan,-0.14094846546540074
nan,pause,22675.497700253207,22675.496700253207,nan,,nan,nan,nan,nan,nan,nan,nan,nan,-0.3175947197337172
5.816484819236531,inhale,22677.13670025354,22675.497700253207,22675.61670025323,,nan,nan,nan,nan,nan,nan,nan,nan,0.5679273104957607
nan,pause,22677.13770025354,22677.13670025354,nan,,nan,nan,nan,nan,nan,nan,nan,nan,-0.03177415691448515
-15.716792480455041,exhale,22678.026700253722,22677.13770025354,22677.61670025364,,nan,nan,nan,nan,nan,nan,nan,nan,-0.7111857197683138
nan,pause,22678.027700253722,22678.026700253722,nan,,nan,nan,nan,nan,nan,nan,nan,nan,0.004941853388157558
6.878765529890203,inhale,22679.73770025407,22678.027700253722,22678.276700253773,,nan,nan,nan,nan,nan,nan,nan,nan,0.10708132981939089
nan,pause,22679.73870025407,22679.73770025407,nan,,nan,nan,nan,nan,nan,nan,nan,nan,-0.3168431345264644
-13.850088168440037,exhale,22680.538700254234,22679.73870025407,22680.116700254148,,nan,nan,nan,nan,nan,nan,nan,nan,-0.08500883534723735
nan,pause,22680.539700254234,22680.538700254234,nan,,nan,nan,nan,nan,nan,nan,nan,nan,-0.2661228423134201
10.072698004135516,inhale,22682.019700254536,22680.539700254234,22680.786700254284,,nan,nan,nan,nan,nan,nan,nan,nan,-0.12990384405248756
nan,pause,22682.020700254536,22682.019700254536,nan,,nan,nan,nan,nan,nan,nan,nan,nan,-0.1718769813732588
-10.265146548497436,exhale,22682.888700254713,22682.020700254536,22682.446700254623,,nan,nan,nan,nan,nan,nan,nan,nan,0.22474150819463912
nan,pause,22682.889700254713,22682.888700254713,nan,,nan,nan,nan,nan,nan,nan,nan,nan,0.02487995439026225
8.199888835543208,inhale,22684.268700254994,22682.889700254713,22683.11670025476,,nan,nan,nan,nan,nan,nan,nan,nan,-0.2771626833607881
nan,pause,22684.269700254994,22684.268700254994,nan,,nan,nan,nan,nan,nan,nan,nan,nan,-0.10123462972988073
-15.150082821502329,exhale,22685.068700255157,22684.269700254994,22684.616700255065,,nan,nan,nan,nan,nan,nan,nan,nan,-0.12453875137860004
nan,pause,22685.069700255157,22685.068700255157,nan,,nan,nan,nan,nan,nan,nan,nan,nan,-0.15291209153151097
10.585606625898368,inhale,22686.45670025544,22685.069700255157,22685.2867002552,,nan,nan,nan,nan,nan,nan,nan,nan,0.1550044683860592
nan,pause,22686.45770025544,22686.45670025544,nan,,nan,nan,nan,nan,nan,nan,nan,nan,0.05317058866721036
-15.143709804677771,exhale,22687.331700255618,22686.45770025544,22686.786700255507,,nan,nan,nan,nan,nan,nan,nan,nan,-0.281393682124637
nan,pause,22687.332700255618,22687.331700255618,nan,,nan,nan,nan,nan,nan,nan,nan,nan,-0.1943185933764836
9.081135949774552,inhale,22688.76870025591,22687.332700255618,22687.456700255643,,nan,nan,nan,nan,nan,nan,nan,nan,0.03667551673286362
nan,pause,22688.76970025591,22688.76870025591,nan,,nan,nan,nan,nan,nan,nan,nan,nan,0.14374346669078064
-10.138416968776584,exhale,22689.669700256094,22688.76970025591,22689.276700256014,,nan,nan,nan,nan,nan,nan,nan,nan,-0.2603183507296871
nan,pause,22689.670700256094,22689.669700256094,nan,,nan,nan,nan,nan,nan,nan,nan,nan,0.13861997075946586
8.843398723515277,inhale,22691.014700256368,22689.670700256094,22689.94670025615,,nan,nan,nan,nan,nan,nan,nan,nan,0.2911183093755235
nan,pause,22691.01570025637,22691.014700256368,nan,,nan,nan,nan,nan,nan,nan,nan,nan,-0.35939196523621697
-6.1848019057094055,exhale,22691.993700256568,22691.01570025637,22691.286700256424,,nan,nan,nan,nan,nan,nan,nan,nan,-0.3017213697370339
nan,pause,22691.994700256568,22691.993700256568,nan,,nan,nan,nan,nan,nan,nan,nan,nan,0.4939984507848219
7.951909402289218,inhale,22693.215700256816,22691.994700256568,22692.286700256627,,nan,nan,nan,nan,nan,nan,nan,nan,-1.7645802567362396
nan,pause,22693.216700256817,22693.215700256816,nan,,nan,nan,nan,nan,nan,nan,nan,nan,-0.6761613854501314
-3.383497301518539,exhale,22694.201700257017,22693.216700256817,22693.6167002569,,nan,nan,nan,nan,nan,nan,nan,nan,-2.454022128112107
nan,pause,22694.202700257018,22694.201700257017,nan,,nan,nan,nan,nan,nan,nan,nan,nan,-1.5453968391261692
3.488452717399662,inhale,22695.468700257275,22694.202700257018,22694.446700257067,,nan,nan,nan,nan,nan,nan,nan,nan,-2.4025435996926765
nan,pause,22695.469700257276,22695.468700257275,nan,,nan,nan,nan,nan,nan,nan,nan,nan,-2.058815825531083
-2.6167947677305485,exhale,22696.389700257463,22695.469700257276,22695.616700257306,,nan,nan,nan,nan,nan,nan,nan,nan,-2.5763591082677477
nan,pause,22696.390700257463,22696.389700257463,nan,,nan,nan,nan,nan,nan,nan,nan,nan,-1.6696640766067623
2.066498011833689,inhale,22697.65370025772,22696.390700257463,22696.61670025751,,nan,nan,nan,nan,nan,nan,nan,nan,-2.4915974723600325
nan,pause,22697.65470025772,22697.65370025772,nan,,nan,nan,nan,nan,nan,nan,nan,nan,-1.7273547945158665
-1.6667993148430382,exhale,22698.668700257927,22697.65470025772,22698.116700257815,,nan,nan,nan,nan,nan,nan,nan,nan,-1.117275435853542
nan,pause,22698.669700257928,22698.668700257927,nan,,nan,nan,nan,nan,nan,nan,nan,nan,-0.43524360432947073
2.245209417475093,inhale,22699.995700258198,22698.669700257928,22698.956700257986,,nan,nan,nan,nan,nan,nan,nan,nan,-1.2410082322596576
nan,pause,22699.996700258198,22699.995700258198,nan,,nan,nan,nan,nan,nan,nan,nan,nan,-46.519329597159754
-1.5334971008949365,exhale,22700.9827002584,22699.996700258198,22700.116700258222,,nan,nan,nan,nan,nan,nan,nan,nan,-0.16966263058905387
nan,pause,22700.9837002584,22700.9827002584,nan,,nan,nan,nan,nan,nan,nan,nan,nan,-0.49985986874746746
4.975705057449396,inhale,22702.427700258693,22700.9837002584,22701.28670025846,,nan,nan,nan,nan,nan,nan,nan,nan,-0.5005728375036635
nan,pause,22702.428700258693,22702.427700258693,nan,,nan,nan,nan,nan,nan,nan,nan,nan,-0.490955257608515
-1.9167963183012875,exhale,22703.38870025889,22702.428700258693,22702.61670025873,,nan,nan,nan,nan,nan,nan,nan,nan,-0.4404655836535689
nan,pause,22703.38970025889,22703.38870025889,nan,,nan,nan,nan,nan,nan,nan,nan,nan,-0.25289364396939673
5.683188680673192,inhale,22704.96470025921,22703.38970025889,22703.616700258935,,nan,nan,nan,nan,nan,nan,nan,nan,-0.7759960656626792
nan,pause,22704.96570025921,22704.96470025921,nan,,nan,nan,nan,nan,nan,nan,nan,nan,-0.509047668286204
-8.200087805963799,exhale,22706.00070025942,22704.96570025921,22705.616700259343,,nan,nan,nan,nan,nan,nan,nan,nan,-0.1550815505270493
nan,pause,22706.00170025942,22706.00070025942,nan,,nan,nan,nan,nan,nan,nan,nan,nan,-0.6200231980548929
5.9664728250343,inhale,22706.28570025948,22706.00170025942,22706.116700259445,,nan,nan,nan,nan,nan,nan,nan,nan,-0.5569842033959878
nan,pause,22707.50970025973,22706.28570025948,nan,,nan,nan,nan,nan,nan,nan,nan,nan,-0.1413914401905989
-2.76831996434186,exhale,22708.68670025997,22707.50970025973,22708.44670025992,,nan,nan,nan,nan,nan,nan,nan,nan,-0.2479415556676241
nan,pause,22708.68770025997,22708.68670025997,nan,,nan,nan,nan,nan,nan,nan,nan,nan,-0.3955111240072504
2.207321133801466,inhale,22709.91570026022,22708.68770025997,22708.78670025999,,nan,nan,nan,nan,nan,nan,nan,nan,0.14766975016468686
nan,pause,22709.91670026022,22709.91570026022,nan,,nan,nan,nan,nan,nan,nan,nan,nan,0.39494723722307923
-2.850096714940267,exhale,22710.86070026041,22709.91670026022,22710.61670026036,,nan,nan,nan,nan,nan,nan,nan,nan,1.021877942201995
nan,pause,22710.86170026041,22710.86070026041,nan,,nan,nan,nan,nan,nan,nan,nan,nan,0.3110556059065641
2.1498999999999935,inhale,22712.301700260705,22710.86170026041,22710.95670026043,,nan,nan,nan,nan,nan,nan,nan,nan,0.12459538047336527
nan,pause,22712.302700260705,22712.301700260705,nan,,nan,nan,nan,nan,nan,nan,nan,nan,0.10908266864670124
-1.9980602514670427,exhale,22713.21370026089,22712.302700260705,22712.786700260804,,nan,nan,nan,nan,nan,nan,nan,nan,0.2836627090009829
nan,pause,22713.21470026089,22713.21370026089,nan,,nan,nan,nan,nan,nan,nan,nan,nan,-0.05232379060220138
1.1822087467589184,inhale,22714.04470026106,22713.21470026089,22713.446700260938,,nan,nan,nan,nan,nan,nan,nan,nan,-0.49466609253203475
nan,pause,22714.04570026106,22714.04470026106,nan,,nan,nan,nan,nan,nan,nan,nan,nan,-0.43386086362418674
-1.050095896978549,exhale,22714.793700261213,22714.04570026106,22714.616700261176,,nan,nan,nan,nan,nan,nan,nan,nan,-0.25652561133403373
nan,pause,22715.27070026131,22714.793700261213,nan,,nan,nan,nan,nan,nan,nan,nan,nan,-0.41691983530508403
0.4909904239026692,inhale,22715.577700261372,22715.27070026131,22715.446700261346,,nan,nan,nan,nan,nan,nan,nan,nan,0.6899444110744244
nan,pause,22715.732700261404,22715.577700261372,nan,,nan,nan,nan,nan,nan,nan,nan,nan,0.03192036778829538
0.311550318727948,inhale,22716.115700261482,22715.732700261404,22715.946700261447,,nan,nan,nan,nan,nan,nan,nan,nan,-0.11018133189819171
nan,pause,22716.561700261573,22716.115700261482,nan,,nan,nan,nan,nan,nan,nan,nan,nan,-0.8059612663956379
-1.837892412757342,exhale,22717.73270026181,22716.561700261573,22717.446700261753,,nan,nan,nan,nan,nan,nan,nan,nan,-0.14643490444885576
nan,pause,22717.73370026181,22717.73270026181,nan,,nan,nan,nan,nan,nan,nan,nan,nan,0.20791944241253046
0.8272607507304536,inhale,22719.720700262216,22717.73370026181,22717.946700261855,,nan,nan,nan,nan,nan,nan,nan,nan,0.15112906848998686
nan,pause,22717.73370026181,22719.720700262216,nan,,nan,nan,nan,nan,nan,nan,nan,nan,-0.04696841926688733
0.8304810141466501,inhale,22719.720700262216,22717.73370026181,22719.286700262128,,nan,nan,nan,nan,nan,nan,nan,nan,0.22162618026448921
nan,pause,22719.721700262216,22719.720700262216,nan,,nan,nan,nan,nan,nan,nan,nan,nan,-0.1500035474322461
-0.8382203707546174,exhale,22720.095700262293,22719.721700262216,22719.946700262262,,nan,nan,nan,nan,nan,nan,nan,nan,0.044215828311472416
nan,pause,22720.32470026234,22720.095700262293,nan,,nan,nan,nan,nan,nan,nan,nan,nan,0.012511757158226944
-1.08349544062921,exhale,22720.77070026243,22720.32470026234,22720.6167002624,,nan,nan,nan,nan,nan,nan,nan,nan,0.041552545367367966
nan,pause,22722.28470026274,22720.77070026243,nan,,nan,nan,nan,nan,nan,nan,nan,nan,0.10948913142285033
-1.7834985551504954,exhale,22723.404700262967,22722.28470026274,22723.116700262908,,nan,nan,nan,nan,nan,nan,nan,nan,0.154196411555112
nan,pause,22723.405700262967,22723.404700262967,nan,,nan,nan,nan,nan,nan,nan,nan,nan,0.18682815948282228
0.8998988254911183,inhale,22725.0317002633,22723.405700262967,22723.61670026301,,nan,nan,nan,nan,nan,nan,nan,nan,0.20247412904450668
nan,pause,22725.0327002633,22725.0317002633,nan,,nan,nan,nan,nan,nan,nan,nan,nan,0.1877601164309577
-2.2667513512165836,exhale,22726.0267002635,22725.0327002633,22725.456700263385,,nan,nan,nan,nan,nan,nan,nan,nan,0.12767716011329444
nan,pause,22726.0277002635,22726.0267002635,nan,,nan,nan,nan,nan,nan,nan,nan,nan,0.10542553808422728
1.868672265175125,inhale,22727.53670026381,22726.0277002635,22726.276700263552,,nan,nan,nan,nan,nan,nan,nan,nan,0.03729310872065694
nan,pause,22727.53770026381,22727.53670026381,nan,,nan,nan,nan,nan,nan,nan,nan,nan,0.08108199699155771
-1.8481198282765923,exhale,22728.52870026401,22727.53770026381,22727.946700263892,,nan,nan,nan,nan,nan,nan,nan,nan,0.25701880817989853
nan,pause,22728.52970026401,22728.52870026401,nan,,nan,nan,nan,nan,nan,nan,nan,nan,0.04724300837715978
2.079841093697558,inhale,22729.838700264278,22728.52970026401,22728.786700264063,,nan,nan,nan,nan,nan,nan,nan,nan,-0.004697460476986048
nan,pause,22729.839700264278,22729.838700264278,nan,,nan,nan,nan,nan,nan,nan,nan,nan,0.1865891508007711
-0.5667996655038439,exhale,22730.990700264512,22729.839700264278,22730.616700264436,,nan,nan,nan,nan,nan,nan,nan,nan,0.10710006404227101
nan,pause,22730.991700264512,22730.990700264512,nan,,nan,nan,nan,nan,nan,nan,nan,nan,0.017633407837633674
0.6498984940800601,inhale,22732.234700264766,22730.991700264512,22731.116700264538,,nan,nan,nan,nan,nan,nan,nan,nan,-0.022590320479305426
nan,pause,22732.235700264766,22732.234700264766,nan,,nan,nan,nan,nan,nan,nan,nan,nan,0.2890532285634928
-0.5667998901814365,exhale,22733.33470026499,22732.235700264766,22732.616700264844,,nan,nan,nan,nan,nan,nan,nan,nan,0.06761230750963132
nan,pause,22733.33570026499,22733.33470026499,nan,,nan,nan,nan,nan,nan,nan,nan,nan,0.06922197763734883
0.6591325220331727,inhale,22734.635700265255,22733.33570026499,22733.456700265015,,nan,nan,nan,nan,nan,nan,nan,nan,-0.04953211697078852
nan,pause,22734.636700265255,22734.635700265255,nan,,nan,nan,nan,nan,nan,nan,nan,nan,0.019666193499890294
-0.46510088718149567,exhale,22735.723700265477,22734.636700265255,22735.286700265387,,nan,nan,nan,nan,nan,nan,nan,nan,-0.10612134017315134
nan,pause,22735.724700265477,22735.723700265477,nan,,nan,nan,nan,nan,nan,nan,nan,nan,-0.2537293430045704
0.3135303563932374,inhale,22737.032700265743,22735.724700265477,22735.946700265522,,nan,nan,nan,nan,nan,nan,nan,nan,0.06049074076639105
nan,pause,22737.033700265743,22737.032700265743,nan,,nan,nan,nan,nan,nan,nan,nan,nan,-0.17286331330628113
-0.33250980058271373,exhale,22738.163700265974,22737.033700265743,22737.94670026593,,nan,nan,nan,nan,nan,nan,nan,nan,0.04366178474542948
nan,pause,22738.164700265974,22738.163700265974,nan,,nan,nan,nan,nan,nan,nan,nan,nan,-0.2679349817994121
0.33183948564987004,inhale,22739.31570026621,22738.164700265974,22738.286700266,,nan,nan,nan,nan,nan,nan,nan,nan,-0.07588473584997613
nan,pause,22739.31670026621,22739.31570026621,nan,,nan,nan,nan,nan,nan,nan,nan,nan,-0.14676448107745554
-0.33350000000000635,exhale,22740.341700266417,22739.31670026621,22739.786700266304,,nan,nan,nan,nan,nan,nan,nan,nan,0.06880568688557043
nan,pause,22740.342700266418,22740.341700266417,nan,,nan,nan,nan,nan,nan,nan,nan,nan,0.03688858121838723
0.47850941155632215,inhale,22741.54170026666,22740.342700266418,22740.45670026644,,nan,nan,nan,nan,nan,nan,nan,nan,0.06713770422651955
nan,pause,22741.542700266662,22741.54170026666,nan,,nan,nan,nan,nan,nan,nan,nan,nan,0.05977372954780691
-0.31578012393090266,exhale,22742.57070026687,22741.542700266662,22742.286700266814,,nan,nan,nan,nan,nan,nan,nan,nan,0.0203593415135932
nan,pause,22743.850700267132,22742.57070026687,nan,,nan,nan,nan,nan,nan,nan,nan,nan,0.03738369587115686
-0.29943278682404245,exhale,22744.87870026734,22743.850700267132,22744.456700267256,,nan,nan,nan,nan,nan,nan,nan,nan,0.24322653016249296
nan,pause,22752.292700268852,22744.87870026734,nan,,nan,nan,nan,nan,nan,nan,nan,nan,0.17225979481888043
-1.1849147544054037,exhale,22755.055700269415,22752.292700268852,22753.276700269053,,nan,nan,nan,nan,nan,nan,nan,nan,0.22417526742826754
nan,pause,22752.292700268852,22755.055700269415,nan,,nan,nan,nan,nan,nan,nan,nan,nan,0.10255082269946891
-0.3001000000000063,exhale,22755.055700269415,22752.292700268852,22754.126700269226,,nan,nan,nan,nan,nan,nan,nan,nan,-0.12831522492404357
nan,pause,22755.588700269524,22755.055700269415,nan,,nan,nan,nan,nan,nan,nan,nan,nan,0.3931138146496478
-1.0167992485119095,exhale,22756.9407002698,22755.588700269524,22756.616700269733,,nan,nan,nan,nan,nan,nan,nan,nan,-0.0012725576302664576
nan,pause,22756.9417002698,22756.9407002698,nan,,nan,nan,nan,nan,nan,nan,nan,nan,-0.28214033177695785
0.7831985372719222,inhale,22758.61970027014,22756.9417002698,22757.116700269835,,nan,nan,nan,nan,nan,nan,nan,nan,0.4543332277909627
nan,pause,22758.62070027014,22758.61970027014,nan,,nan,nan,nan,nan,nan,nan,nan,nan,0.05055082200966876
-0.8164689805636144,exhale,22759.717700270365,22758.62070027014,22758.946700270208,,nan,nan,nan,nan,nan,nan,nan,nan,-0.161770431180016
nan,pause,22759.718700270365,22759.717700270365,nan,,nan,nan,nan,nan,nan,nan,nan,nan,-0.17167889978248324
0.5641911942461357,inhale,22761.176700270662,22759.718700270365,22760.946700270615,,nan,nan,nan,nan,nan,nan,nan,nan,-0.3827876588814957
nan,pause,22761.177700270662,22761.176700270662,nan,,nan,nan,nan,nan,nan,nan,nan,nan,-0.9057051675534278
-0.7480903207203524,exhale,22762.19970027087,22761.177700270662,22761.45670027072,,nan,nan,nan,nan,nan,nan,nan,nan,-0.5850884628168638
nan,pause,22765.117700271465,22762.19970027087,nan,,nan,nan,nan,nan,nan,nan,nan,nan,0.35170858502672253
0.3267400960762725,inhale,22765.48270027154,22765.117700271465,22765.2867002715,,nan,nan,nan,nan,nan,nan,nan,nan,-1.2422175140608775
nan,pause,22766.479700271742,22765.48270027154,nan,,nan,nan,nan,nan,nan,nan,nan,nan,-0.382002183931724
0.39989802134786656,inhale,22766.7587002718,22766.479700271742,22766.61670027177,,nan,nan,nan,nan,nan,nan,nan,nan,-1.4235905512899079
nan,pause,22766.7597002718,22766.7587002718,nan,,nan,nan,nan,nan,nan,nan,nan,nan,-1.4514943986414468
-0.5164682293119631,exhale,22768.09270027207,22766.7597002718,22767.94670027204,,nan,nan,nan,nan,nan,nan,nan,nan,-0.294708242318122
nan,pause,22768.09370027207,22768.09270027207,nan,,nan,nan,nan,nan,nan,nan,nan,nan,-1.3805975226634262
0.5441193334352712,inhale,22769.6997002724,22768.09370027207,22768.28670027211,,nan,nan,nan,nan,nan,nan,nan,nan,-1.7530429482019354
nan,pause,22769.7007002724,22769.6997002724,nan,,nan,nan,nan,nan,nan,nan,nan,nan,-3.3712203407269783
-0.5321575338942386,exhale,22770.84570027263,22769.7007002724,22769.95670027245,,nan,nan,nan,nan,nan,nan,nan,nan,-1.1866772896385376
nan,pause,22770.846700272632,22770.84570027263,nan,,nan,nan,nan,nan,nan,nan,nan,nan,-1.9929399019148586
0.41315187335296827,inhale,22772.31470027293,22770.846700272632,22770.956700272654,,nan,nan,nan,nan,nan,nan,nan,nan,-1.030512295620773
nan,pause,22770.846700272632,22772.31470027293,nan,,nan,nan,nan,nan,nan,nan,nan,nan,-0.8557740358482784
0.4138609165763276,inhale,22772.31470027293,22770.846700272632,22771.946700272856,,nan,nan,nan,nan,nan,nan,nan,nan,-1.3804991664475725
nan,pause,22772.31570027293,22772.31470027293,nan,,nan,nan,nan,nan,nan,nan,nan,nan,-1.6078106144011306
-0.5335000000000063,exhale,22773.43070027316,22772.31570027293,22772.626700272995,,nan,nan,nan,nan,nan,nan,nan,nan,-1.751364106309147
nan,pause,22773.43170027316,22773.43070027316,nan,,nan,nan,nan,nan,nan,nan,nan,nan,-1.9317492454460359
0.416499137629081,inhale,22774.731700273423,22773.43170027316,22773.616700273196,,nan,nan,nan,nan,nan,nan,nan,nan,-0.5498014907776545
nan,pause,22774.732700273424,22774.731700273423,nan,,nan,nan,nan,nan,nan,nan,nan,nan,-1.8796244286817965
-0.7880419193725109,exhale,22775.819700273645,22774.732700273424,22774.95670027347,,nan,nan,nan,nan,nan,nan,nan,nan,-1.3363505530203978
nan,pause,22776.957700273877,22775.819700273645,nan,,nan,nan,nan,nan,nan,nan,nan,nan,-0.5916251848774357
3.1498867363640555,inhale,22777.42170027397,22776.957700273877,22777.11670027391,,nan,nan,nan,nan,nan,nan,nan,nan,-0.6051511542811641
nan,pause,22777.42270027397,22777.42170027397,nan,,nan,nan,nan,nan,nan,nan,nan,nan,-0.5476887874048932
-1.3657647792273655,exhale,22777.921700274073,22777.42270027397,22777.786700274046,,nan,nan,nan,nan,nan,nan,nan,nan,-1.662785134961216
nan,pause,22779.18870027433,22777.921700274073,nan,,nan,nan,nan,nan,nan,nan,nan,nan,-2.6899315988717776
-0.39500060834991074,exhale,22779.549700274405,22779.18870027433,22779.28670027435,,nan,nan,nan,nan,nan,nan,nan,nan,-2.6735606149684186
nan,pause,22782.22870027495,22779.549700274405,nan,,nan,nan,nan,nan,nan,nan,nan,nan,-2.331563997508816
0.4831970720759059,inhale,22782.70770027505,22782.22870027495,22782.61670027503,,nan,nan,nan,nan,nan,nan,nan,nan,-2.3230792619715634
nan,pause,22782.70870027505,22782.70770027505,nan,,nan,nan,nan,nan,nan,nan,nan,nan,-1.2241142646222833
-0.39194097164889036,exhale,22784.413700275396,22782.70870027505,22782.786700275065,,nan,nan,nan,nan,nan,nan,nan,nan,0.1688041514405878
nan,pause,22786.013700275722,22784.413700275396,nan,,nan,nan,nan,nan,nan,nan,nan,nan,-0.4408814512073622
0.3331993612583384,inhale,22787.404700276005,22786.013700275722,22787.116700275947,,nan,nan,nan,nan,nan,nan,nan,nan,-0.19654515271437267
nan,pause,22787.405700276006,22787.404700276005,nan,,nan,nan,nan,nan,nan,nan,nan,nan,1.3571060459250832
-0.6500988960999184,exhale,22788.55270027624,22787.405700276006,22787.61670027605,,nan,nan,nan,nan,nan,nan,nan,nan,0.9516714018657266
nan,pause,22788.55370027624,22788.55270027624,nan,,nan,nan,nan,nan,nan,nan,nan,nan,0.5090458067418813
0.36649854427244116,inhale,22790.148700276564,22788.55370027624,22788.616700276252,,nan,nan,nan,nan,nan,nan,nan,nan,1.847031438185426
nan,pause,22790.149700276565,22790.148700276564,nan,,nan,nan,nan,nan,nan,nan,nan,nan,1.5764089015848575
-0.9121810774302833,exhale,22791.223700276783,22790.149700276565,22790.446700276625,,nan,nan,nan,nan,nan,nan,nan,nan,1.425321554284087
nan,pause,22791.224700276784,22791.223700276783,nan,,nan,nan,nan,nan,nan,nan,nan,nan,1.268835982495852
0.7259399768697371,inhale,22792.82470027711,22791.224700276784,22791.44670027683,,nan,nan,nan,nan,nan,nan,nan,nan,1.1613384533687054
nan,pause,22792.82570027711,22792.82470027711,nan,,nan,nan,nan,nan,nan,nan,nan,nan,0.6962986924318835
-0.7000990988344967,exhale,22793.845700277318,22792.82570027711,22793.61670027727,,nan,nan,nan,nan,nan,nan,nan,nan,0.811824781716453
nan,pause,22793.846700277318,22793.845700277318,nan,,nan,nan,nan,nan,nan,nan,nan,nan,0.23878116392367432
0.7124806374688073,inhale,22795.206700277595,22793.846700277318,22793.95670027734,,nan,nan,nan,nan,nan,nan,nan,nan,0.3305197144069296
nan,pause,22793.846700277318,22795.206700277595,nan,,nan,nan,nan,nan,nan,nan,nan,nan,0.035510931852547056
0.3828690686083525,inhale,22795.206700277595,22793.846700277318,22794.946700277542,,nan,nan,nan,nan,nan,nan,nan,nan,0.23351631310507948
nan,pause,22795.207700277595,22795.206700277595,nan,,nan,nan,nan,nan,nan,nan,nan,nan,0.019595504970291278
-1.0603400842714348,exhale,22796.223700277802,22795.207700277595,22795.786700277713,,nan,nan,nan,nan,nan,nan,nan,nan,0.6979089077642537
nan,pause,22796.224700277802,22796.223700277802,nan,,nan,nan,nan,nan,nan,nan,nan,nan,-0.194268562365166
0.9082522348056934,inhale,22797.6917002781,22796.224700277802,22796.446700277847,,nan,nan,nan,nan,nan,nan,nan,nan,0.1690008879165688
nan,pause,22797.6927002781,22797.6917002781,nan,,nan,nan,nan,nan,nan,nan,nan,nan,0.22870757710325576
-1.0114421890943024,exhale,22798.71970027831,22797.6927002781,22797.956700278155,,nan,nan,nan,nan,nan,nan,nan,nan,0.17189246357841836
nan,pause,22798.72070027831,22798.71970027831,nan,,nan,nan,nan,nan,nan,nan,nan,nan,0.13537723888811187
0.9105602571165995,inhale,22800.220700278616,22798.72070027831,22798.946700278357,,nan,nan,nan,nan,nan,nan,nan,nan,0.17630056638022998
nan,pause,22800.221700278616,22800.220700278616,nan,,nan,nan,nan,nan,nan,nan,nan,nan,0.1402736126431915
-1.2301956871937016,exhale,22801.142700278804,22800.221700278616,22800.77670027873,,nan,nan,nan,nan,nan,nan,nan,nan,0.12944648064578707
nan,pause,22801.870700278952,22801.142700278804,nan,,nan,nan,nan,nan,nan,nan,nan,nan,-0.24511151160000544
0.5331983435754561,inhale,22802.415700279063,22801.870700278952,22802.116700279003,,nan,nan,nan,nan,nan,nan,nan,nan,-0.2663680066716146
nan,pause,22802.476700279076,22802.415700279063,nan,,nan,nan,nan,nan,nan,nan,nan,nan,-0.00388905189168981
0.48735317520756977,inhale,22802.904700279163,22802.476700279076,22802.776700279137,,nan,nan,nan,nan,nan,nan,nan,nan,0.003135885912625175
nan,pause,22803.313700279246,22802.904700279163,nan,,nan,nan,nan,nan,nan,nan,nan,nan,-0.824556744151266
-0.6117006008644474,exhale,22804.489700279486,22803.313700279246,22803.786700279343,,nan,nan,nan,nan,nan,nan,nan,nan,-0.7055977126089024
nan,pause,22804.490700279486,22804.489700279486,nan,,nan,nan,nan,nan,nan,nan,nan,nan,-0.48985422831273784
0.9832412819058474,inhale,22805.98170027979,22804.490700279486,22804.786700279546,,nan,nan,nan,nan,nan,nan,nan,nan,-0.05242122053607279
nan,pause,22805.98270027979,22805.98170027979,nan,,nan,nan,nan,nan,nan,nan,nan,nan,-0.4459543702741704
-0.9000982274908625,exhale,22807.150700280028,22805.98270027979,22806.116700279817,,nan,nan,nan,nan,nan,nan,nan,nan,-0.37519684718220203
nan,pause,22807.15170028003,22807.150700280028,nan,,nan,nan,nan,nan,nan,nan,nan,nan,-0.023258500942018534
0.5641216397444233,inhale,22808.746700280353,22807.15170028003,22807.286700280056,,nan,nan,nan,nan,nan,nan,nan,nan,-0.4877523631135954
nan,pause,22807.15170028003,22808.746700280353,nan,,nan,nan,nan,nan,nan,nan,nan,nan,-0.5443015839463035
0.4825406466688398,inhale,22808.746700280353,22807.15170028003,22808.446700280292,,nan,nan,nan,nan,nan,nan,nan,nan,-0.6506952758557945
nan,pause,22808.747700280353,22808.746700280353,nan,,nan,nan,nan,nan,nan,nan,nan,nan,-0.4530301247717894
-0.7821394798623057,exhale,22809.847700280578,22808.747700280353,22809.286700280463,,nan,nan,nan,nan,nan,nan,nan,nan,-0.6429022467781955
nan,pause,22809.848700280578,22809.847700280578,nan,,nan,nan,nan,nan,nan,nan,nan,nan,-0.0918605896943494
0.7164988030173588,inhale,22811.18270028085,22809.848700280578,22810.116700280632,,nan,nan,nan,nan,nan,nan,nan,nan,-0.3707466345671988
nan,pause,22811.18370028085,22811.18270028085,nan,,nan,nan,nan,nan,nan,nan,nan,nan,-0.2558922975857567
-1.0315199257833487,exhale,22812.199700281057,22811.18370028085,22811.946700281005,,nan,nan,nan,nan,nan,nan,nan,nan,-0.0294960919884506
nan,pause,22812.200700281057,22812.199700281057,nan,,nan,nan,nan,nan,nan,nan,nan,nan,-0.7274020403032657
1.0615498982623748,inhale,22813.576700281337,22812.200700281057,22812.446700281107,,nan,nan,nan,nan,nan,nan,nan,nan,-0.08477332682936112
nan,pause,22813.577700281337,22813.576700281337,nan,,nan,nan,nan,nan,nan,nan,nan,nan,-0.34684397830940794
-1.0334996157608018,exhale,22814.52670028153,22813.577700281337,22814.116700281447,,nan,nan,nan,nan,nan,nan,nan,nan,-0.33013426731620177
nan,pause,22814.52770028153,22814.52670028153,nan,,nan,nan,nan,nan,nan,nan,nan,nan,-0.06756555223527716
1.160557244162424,inhale,22815.877700281806,22814.52770028153,22814.77670028158,,nan,nan,nan,nan,nan,nan,nan,nan,-0.20635420309134345
nan,pause,22815.878700281806,22815.877700281806,nan,,nan,nan,nan,nan,nan,nan,nan,nan,-0.4444047100907489
-0.9661207595264439,exhale,22816.900700282014,22815.878700281806,22816.28670028189,,nan,nan,nan,nan,nan,nan,nan,nan,-0.3446921936924565
nan,pause,22816.901700282015,22816.900700282014,nan,,nan,nan,nan,nan,nan,nan,nan,nan,-0.2945890737158612
0.9998982289412223,inhale,22818.976700282437,22816.901700282015,22817.11670028206,,nan,nan,nan,nan,nan,nan,nan,nan,-0.5383456930380381
nan,pause,22818.977700282438,22818.976700282437,nan,,nan,nan,nan,nan,nan,nan,nan,nan,-0.7061895975384833
-0.6980903171762146,exhale,22819.97270028264,22818.977700282438,22819.456700282535,,nan,nan,nan,nan,nan,nan,nan,nan,-0.5445821251307974
nan,pause,22819.97370028264,22819.97270028264,nan,,nan,nan,nan,nan,nan,nan,nan,nan,0.3787762427469814
0.5164983929106932,inhale,22821.425700282936,22819.97370028264,22820.11670028267,,nan,nan,nan,nan,nan,nan,nan,nan,-0.32900199692427456
nan,pause,22821.807700283014,22821.425700282936,nan,,nan,nan,nan,nan,nan,nan,nan,nan,-0.48264948546508846
0.3906584589899166,inhale,22822.001700283054,22821.807700283014,22821.946700283042,,nan,nan,nan,nan,nan,nan,nan,nan,-0.3239019608937008
nan,pause,22822.002700283054,22822.001700283054,nan,,nan,nan,nan,nan,nan,nan,nan,nan,-0.27505929185211153
-0.8667961354361439,exhale,22822.314700283117,22822.002700283054,22822.116700283077,,nan,nan,nan,nan,nan,nan,nan,nan,-0.32810713498231747
nan,pause,22822.315700283118,22822.314700283117,nan,,nan,nan,nan,nan,nan,nan,nan,nan,-0.2781505129302637
0.6176921451444739,inhale,22822.607700283177,22822.315700283118,22822.446700283144,,nan,nan,nan,nan,nan,nan,nan,nan,-0.3653387198610436
nan,pause,22822.794700283215,22822.607700283177,nan,,nan,nan,nan,nan,nan,nan,nan,nan,-0.32664112251787447
0.46649644998110834,inhale,22823.188700283295,22822.794700283215,22823.11670028328,,nan,nan,nan,nan,nan,nan,nan,nan,-0.2633038639085279
nan,pause,22823.189700283296,22823.188700283295,nan,,nan,nan,nan,nan,nan,nan,nan,nan,-0.2745334562064454
-0.6654788700637763,exhale,22824.58270028358,22823.189700283296,22823.446700283348,,nan,nan,nan,nan,nan,nan,nan,nan,-0.5120976228924681
nan,pause,22825.383700283743,22824.58270028358,nan,,nan,nan,nan,nan,nan,nan,nan,nan,-0.6116901149626481
-0.40009823619873336,exhale,22825.76970028382,22825.383700283743,22825.61670028379,,nan,nan,nan,nan,nan,nan,nan,nan,-0.11435586374755813
nan,pause,22826.635700283998,22825.76970028382,nan,,nan,nan,nan,nan,nan,nan,nan,nan,-0.6122668695260027
0.38800002577865045,inhale,22826.89670028405,22826.635700283998,22826.78670028403,,nan,nan,nan,nan,nan,nan,nan,nan,-0.3947656176385381
nan,pause,22826.89770028405,22826.89670028405,nan,,nan,nan,nan,nan,nan,nan,nan,nan,0.3904306266477189
-0.8075572792722111,exhale,22827.948700284265,22826.89770028405,22827.27670028413,,nan,nan,nan,nan,nan,nan,nan,nan,0.5985476896872113
nan,pause,22827.949700284265,22827.948700284265,nan,,nan,nan,nan,nan,nan,nan,nan,nan,0.2783911453101955
2.5320545119769258,inhale,22828.6087002844,22827.949700284265,22828.446700284367,,nan,nan,nan,nan,nan,nan,nan,nan,0.6779223443971896
nan,pause,22828.795700284438,22828.6087002844,nan,,nan,nan,nan,nan,nan,nan,nan,nan,-0.17450264947427652
-1.1872234398260089,exhale,22829.422700284566,22828.795700284438,22829.286700284538,,nan,nan,nan,nan,nan,nan,nan,nan,0.9972188283722037
nan,pause,22831.298700284948,22829.422700284566,nan,,nan,nan,nan,nan,nan,nan,nan,nan,0.5436636606134688
2.347762563390693,inhale,22831.593700285008,22831.298700284948,22831.446700284978,,nan,nan,nan,nan,nan,nan,nan,nan,0.6552899321870438
nan,pause,22831.594700285008,22831.593700285008,nan,,nan,nan,nan,nan,nan,nan,nan,nan,0.5400078947144966
-0.3667952653041279,exhale,22832.941700285282,22831.594700285008,22831.616700285012,,nan,nan,nan,nan,nan,nan,nan,nan,0.3082546803889674
nan,pause,22831.594700285008,22832.941700285282,nan,,nan,nan,nan,nan,nan,nan,nan,nan,0.555451548351011
-0.5167987164588825,exhale,22832.941700285282,22831.594700285008,22832.616700285216,,nan,nan,nan,nan,nan,nan,nan,nan,0.07832246187081693
nan,pause,22833.357700285367,22832.941700285282,nan,,nan,nan,nan,nan,nan,nan,nan,nan,0.39036285207259946
-0.30558067627809965,exhale,22833.600700285417,22833.357700285367,22833.446700285385,,nan,nan,nan,nan,nan,nan,nan,nan,0.1704594879117769
nan,pause,22833.67270028543,22833.600700285417,nan,,nan,nan,nan,nan,nan,nan,nan,nan,0.3171152548969458
-0.6834893259373512,exhale,22834.15170028553,22833.67270028543,22834.11670028552,,nan,nan,nan,nan,nan,nan,nan,nan,0.1928305492079676
nan,pause,22834.15270028553,22834.15170028553,nan,,nan,nan,nan,nan,nan,nan,nan,nan,0.29891227501524464
2.47268633975573,inhale,22834.424700285585,22834.15270028553,22834.286700285556,,nan,nan,nan,nan,nan,nan,nan,nan,0.33125699340905723
nan,pause,22834.671700285635,22834.424700285585,nan,,nan,nan,nan,nan,nan,nan,nan,nan,0.2413856604685034
-0.6682017737208283,exhale,22835.43470028579,22834.671700285635,22835.28670028576,,nan,nan,nan,nan,nan,nan,nan,nan,0.3266713262998584
nan,pause,22836.866700286082,22835.43470028579,nan,,nan,nan,nan,nan,nan,nan,nan,nan,0.15603273445558208
-0.39772163518447506,exhale,22839.929700286706,22836.866700286082,22839.286700286575,,nan,nan,nan,nan,nan,nan,nan,nan,-1.019069097722587
nan,pause,22846.73170028809,22839.929700286706,nan,,nan,nan,nan,nan,nan,nan,nan,nan,0.13470094949355776
-0.34482169917966654,exhale,22847.139700288175,22846.73170028809,22846.946700288136,,nan,nan,nan,nan,nan,nan,nan,nan,-0.8497093714170948
nan,pause,22847.140700288175,22847.139700288175,nan,,nan,nan,nan,nan,nan,nan,nan,nan,0.13536551583529466
0.384940363706859,inhale,22847.373700288223,22847.140700288175,22847.286700288205,,nan,nan,nan,nan,nan,nan,nan,nan,0.0050437020230420515
nan,pause,22847.374700288223,22847.373700288223,nan,,nan,nan,nan,nan,nan,nan,nan,nan,-0.2883639731197767
-0.3267997117611341,exhale,22847.65170028828,22847.374700288223,22847.45670028824,,nan,nan,nan,nan,nan,nan,nan,nan,0.025664922877566942
nan,pause,22847.65270028828,22847.65170028828,nan,,nan,nan,nan,nan,nan,nan,nan,nan,0.18336392841402116
0.5947438661736311,inhale,22847.878700288325,22847.65270028828,22847.786700288307,,nan,nan,nan,nan,nan,nan,nan,nan,0.01628889807296563
nan,pause,22847.879700288326,22847.878700288325,nan,,nan,nan,nan,nan,nan,nan,nan,nan,0.014297583346937204
-0.4313456236365555,exhale,22848.110700288373,22847.879700288326,22847.95670028834,,nan,nan,nan,nan,nan,nan,nan,nan,0.11024742693953327
nan,pause,22849.004700288555,22848.110700288373,nan,,nan,nan,nan,nan,nan,nan,nan,nan,-0.08774838480435365
-0.4500978047767531,exhale,22849.394700288634,22849.004700288555,22849.116700288578,,nan,nan,nan,nan,nan,nan,nan,nan,-0.013303838057301842
nan,pause,22849.395700288635,22849.394700288634,nan,,nan,nan,nan,nan,nan,nan,nan,nan,0.07461636594122778
0.3998967449568292,inhale,22849.691700288695,22849.395700288635,22849.61670028868,,nan,nan,nan,nan,nan,nan,nan,nan,0.06103061609509397
nan,pause,22849.692700288695,22849.691700288695,nan,,nan,nan,nan,nan,nan,nan,nan,nan,0.28466282446776603
-0.47126140834425084,exhale,22849.91670028874,22849.692700288695,22849.786700288714,,nan,nan,nan,nan,nan,nan,nan,nan,0.13289418842790113
nan,pause,22850.84670028893,22849.91670028874,nan,,nan,nan,nan,nan,nan,nan,nan,nan,0.037690430103395345
-0.5002941015289368,pause,22850.967700288955,22850.84670028893,22850.94670028895,,nan,nan,nan,nan,nan,nan,nan,nan,0.16419940124312693
nan,pause,22850.968700288955,22850.967700288955,nan,,nan,nan,nan,nan,nan,nan,nan,nan,-0.04481707256667722
4.099881115542514,inhale,22851.466700289056,22850.968700288955,22851.116700288985,,nan,nan,nan,nan,nan,nan,nan,nan,-0.26319646300722566
nan,pause,22857.95770029038,22851.466700289056,nan,,nan,nan,nan,nan,nan,nan,nan,nan,-0.02425983962197953
-0.3667985935222828,exhale,22858.50570029049,22857.95770029038,22858.11670029041,,nan,nan,nan,nan,nan,nan,nan,nan,-0.1451936626938648
nan,pause,22859.29170029065,22858.50570029049,nan,,nan,nan,nan,nan,nan,nan,nan,nan,0.08108987317297034
-0.6203004995609989,exhale,22859.72770029074,22859.29170029065,22859.446700290682,,nan,nan,nan,nan,nan,nan,nan,nan,-0.12117242787347204
nan,pause,22867.164700292255,22859.72770029074,nan,,nan,nan,nan,nan,nan,nan,nan,nan,-0.1921442045041193
-0.32567953173218817,exhale,22867.427700292308,22867.164700292255,22867.28670029228,,nan,nan,nan,nan,nan,nan,nan,nan,-0.03980156508712618
nan,pause,22867.622700292348,22867.427700292308,nan,,nan,nan,nan,nan,nan,nan,nan,nan,-0.16510121957147095
-0.45456139514539307,exhale,22867.912700292407,22867.622700292348,22867.78670029238,,nan,nan,nan,nan,nan,nan,nan,nan,-0.09507681963396464
nan,pause,22868.287700292483,22867.912700292407,nan,,nan,nan,nan,nan,nan,nan,nan,nan,-0.09899507749305902
3.477963835653547,inhale,22868.605700292548,22868.287700292483,22868.446700292516,,nan,nan,nan,nan,nan,nan,nan,nan,-0.10169294043833732
nan,pause,22868.795700292587,22868.605700292548,nan,,nan,nan,nan,nan,nan,nan,nan,nan,-0.4012710480631545
-0.40830028816459357,exhale,22870.28170029289,22868.795700292587,22869.286700292687,,nan,nan,nan,nan,nan,nan,nan,nan,0.09442249034528905
nan,pause,22870.52470029294,22870.28170029289,nan,,nan,nan,nan,nan,nan,nan,nan,nan,0.055333946871768847
-0.3667993151857542,exhale,22871.533700293145,22870.52470029294,22871.11670029306,,nan,nan,nan,nan,nan,nan,nan,nan,0.1583243708775841
nan,pause,22872.866700293416,22871.533700293145,nan,,nan,nan,nan,nan,nan,nan,nan,nan,-0.7597762774880112
-2.0334923046670563,exhale,22874.049700293657,22872.866700293416,22873.61670029357,,nan,nan,nan,nan,nan,nan,nan,nan,-0.18613508818044022
nan,pause,22875.447700293942,22874.049700293657,nan,,nan,nan,nan,nan,nan,nan,nan,nan,0.0756976761556265
-2.680819078507461,exhale,22876.42770029414,22875.447700293942,22875.956700294046,,nan,nan,nan,nan,nan,nan,nan,nan,-0.2205843677651329
nan,pause,22876.428700294142,22876.42770029414,nan,,nan,nan,nan,nan,nan,nan,nan,nan,0.3821250508896241
0.32516125477269936,inhale,22878.13670029449,22876.428700294142,22876.456700294148,,nan,nan,nan,nan,nan,nan,nan,nan,-0.28520536401202223
nan,pause,22878.13770029449,22878.13670029449,nan,,nan,nan,nan,nan,nan,nan,nan,nan,-0.01912702458142812
-3.2301478430363755,exhale,22878.92370029465,22878.13770029449,22878.456700294555,,nan,nan,nan,nan,nan,nan,nan,nan,0.3480723844884749
nan,pause,22878.92470029465,22878.92370029465,nan,,nan,nan,nan,nan,nan,nan,nan,nan,0.11706808871431262
0.7478602311187909,inhale,22880.464700294964,22878.92470029465,22879.286700294724,,nan,nan,nan,nan,nan,nan,nan,nan,0.1506423200481209
nan,pause,22880.465700294964,22880.464700294964,nan,,nan,nan,nan,nan,nan,nan,nan,nan,-1.1505106356505581
-3.708761253672807,exhale,22881.37770029515,22880.465700294964,22880.956700295064,,nan,nan,nan,nan,nan,nan,nan,nan,-0.40216234281651553
nan,pause,22881.37870029515,22881.37770029515,nan,,nan,nan,nan,nan,nan,nan,nan,nan,-0.6312379122630345
1.798557529342942,inhale,22882.84770029545,22881.37870029515,22881.456700295166,,nan,nan,nan,nan,nan,nan,nan,nan,-0.41596915987733984
nan,pause,22882.84870029545,22882.84770029545,nan,,nan,nan,nan,nan,nan,nan,nan,nan,-0.16688567206804183
-3.859868753717819,exhale,22883.756700295635,22882.84870029545,22883.44670029557,,nan,nan,nan,nan,nan,nan,nan,nan,-1.263287365384639
nan,pause,22883.757700295635,22883.756700295635,nan,,nan,nan,nan,nan,nan,nan,nan,nan,-1.4799578739434942
2.494344716083217,inhale,22886.295700296152,22883.757700295635,22883.956700295676,,nan,nan,nan,nan,nan,nan,nan,nan,-0.3306655003283856
nan,pause,22886.296700296152,22886.295700296152,nan,,nan,nan,nan,nan,nan,nan,nan,nan,-0.43356891603561065
-4.395413410036257,exhale,22887.283700296353,22886.296700296152,22886.956700296287,,nan,nan,nan,nan,nan,nan,nan,nan,-0.6261499742376873
nan,pause,22887.284700296354,22887.283700296353,nan,,nan,nan,nan,nan,nan,nan,nan,nan,-2.0362462330768922
2.2970256343782163,inhale,22887.771700296453,22887.284700296354,22887.45670029639,,nan,nan,nan,nan,nan,nan,nan,nan,-1.4613705697828845
nan,pause,22889.447700296794,22887.771700296453,nan,,nan,nan,nan,nan,nan,nan,nan,nan,0.39105672284511117
-4.983498036025556,exhale,22890.433700296995,22889.447700296794,22890.11670029693,,nan,nan,nan,nan,nan,nan,nan,nan,-1.2349300838374613
nan,pause,22890.434700296995,22890.433700296995,nan,,nan,nan,nan,nan,nan,nan,nan,nan,-0.6748291945851337
3.3164893415212644,inhale,22891.428700297198,22890.434700296995,22890.616700297032,,nan,nan,nan,nan,nan,nan,nan,nan,-1.1828733693685543
nan,pause,22891.63270029724,22891.428700297198,nan,,nan,nan,nan,nan,nan,nan,nan,nan,-1.0434557488616951
-0.6549208489785608,exhale,22892.86670029749,22891.63270029724,22892.446700297405,,nan,nan,nan,nan,nan,nan,nan,nan,-1.1639326985373772
nan,pause,22892.86770029749,22892.86670029749,nan,,nan,nan,nan,nan,nan,nan,nan,nan,-0.1255671567658645
4.0617824087822525,inhale,22893.54670029763,22892.86770029749,22893.286700297576,,nan,nan,nan,nan,nan,nan,nan,nan,0.335922427304606
nan,pause,22893.54770029763,22893.54670029763,nan,,nan,nan,nan,nan,nan,nan,nan,nan,-1.176971030801857
-7.579822305890557,exhale,22894.53170029783,22893.54770029763,22894.276700297778,,nan,nan,nan,nan,nan,nan,nan,nan,-0.6705451573663113
nan,pause,22894.53270029783,22894.53170029783,nan,,nan,nan,nan,nan,nan,nan,nan,nan,-0.9471916476776134
4.62032589075059,inhale,22896.14570029816,22894.53270029783,22895.94670029812,,nan,nan,nan,nan,nan,nan,nan,nan,-0.20202373581915634
nan,pause,22896.14670029816,22896.14570029816,nan,,nan,nan,nan,nan,nan,nan,nan,nan,-1.1771444249500989
-10.896847949905483,exhale,22897.03070029834,22896.14670029816,22896.44670029822,,nan,nan,nan,nan,nan,nan,nan,nan,-1.217062614313031
nan,pause,22897.03170029834,22897.03070029834,nan,,nan,nan,nan,nan,nan,nan,nan,nan,-0.8834770380383046
4.583186295351088,inhale,22898.65170029867,22897.03170029834,22897.116700298357,,nan,nan,nan,nan,nan,nan,nan,nan,-0.16561127821249055
nan,pause,22898.65270029867,22898.65170029867,nan,,nan,nan,nan,nan,nan,nan,nan,nan,-0.7574040616297295
-9.316792552106486,exhale,22899.563700298855,22898.65270029867,22899.116700298764,,nan,nan,nan,nan,nan,nan,nan,nan,-1.3576654573286664
nan,pause,22899.564700298855,22899.563700298855,nan,,nan,nan,nan,nan,nan,nan,nan,nan,-1.4456501717514687
7.090065346147184,inhale,22901.044700299157,22899.564700298855,22899.7867002989,,nan,nan,nan,nan,nan,nan,nan,nan,-1.831474016590584
nan,pause,22901.045700299157,22901.044700299157,nan,,nan,nan,nan,nan,nan,nan,nan,nan,-1.5775483165143118
-10.255413108729904,exhale,22901.94270029934,22901.045700299157,22901.45670029924,,nan,nan,nan,nan,nan,nan,nan,nan,0.5470300992981376
nan,pause,22901.94370029934,22901.94270029934,nan,,nan,nan,nan,nan,nan,nan,nan,nan,-1.4645065536965336
6.9331862314373724,inhale,22903.76870029971,22901.94370029934,22902.116700299375,,nan,nan,nan,nan,nan,nan,nan,nan,-0.46176359696805713
nan,pause,22903.769700299712,22903.76870029971,nan,,nan,nan,nan,nan,nan,nan,nan,nan,-2.296372399905949
-8.710062294889578,exhale,22904.754700299913,22903.769700299712,22904.44670029985,,nan,nan,nan,nan,nan,nan,nan,nan,-1.814874680417741
nan,pause,22904.755700299913,22904.754700299913,nan,,nan,nan,nan,nan,nan,nan,nan,nan,-1.6045386430680892
6.868696521439502,inhale,22906.35370030024,22904.755700299913,22904.956700299954,,nan,nan,nan,nan,nan,nan,nan,nan,-0.39096564684603985
nan,pause,22906.35470030024,22906.35370030024,nan,,nan,nan,nan,nan,nan,nan,nan,nan,0.6510167671467735
-7.933481580608099,exhale,22907.507700300474,22906.35470030024,22906.616700300292,,nan,nan,nan,nan,nan,nan,nan,nan,-1.20533065920233
nan,pause,22907.508700300474,22907.507700300474,nan,,nan,nan,nan,nan,nan,nan,nan,nan,-1.4668718980579207
6.907445855602279,inhale,22909.034700300785,22907.508700300474,22907.77670030053,,nan,nan,nan,nan,nan,nan,nan,nan,-0.8684336731559972
nan,pause,22909.035700300785,22909.034700300785,nan,,nan,nan,nan,nan,nan,nan,nan,nan,-0.4745868638372466
-7.229023030266149,exhale,22910.13470030101,22909.035700300785,22909.286700300836,,nan,nan,nan,nan,nan,nan,nan,nan,0.21356755758982837
nan,pause,22910.13570030101,22910.13470030101,nan,,nan,nan,nan,nan,nan,nan,nan,nan,-1.1830266164606984
7.290380380950206,inhale,22911.679700301323,22910.13570030101,22910.28670030104,,nan,nan,nan,nan,nan,nan,nan,nan,1.0376394380874823
nan,pause,22911.680700301324,22911.679700301323,nan,,nan,nan,nan,nan,nan,nan,nan,nan,-1.1607630814357974
-9.581054631479564,exhale,22912.823700301557,22911.680700301324,22911.95670030138,,nan,nan,nan,nan,nan,nan,nan,nan,0.022686889228263674
nan,pause,22912.824700301557,22912.823700301557,nan,,nan,nan,nan,nan,nan,nan,nan,nan,0.46620601741676504
5.883190066925583,inhale,22914.054700301807,22912.824700301557,22913.116700301616,,nan,nan,nan,nan,nan,nan,nan,nan,1.9065352071364075
nan,pause,22914.055700301808,22914.054700301807,nan,,nan,nan,nan,nan,nan,nan,nan,nan,1.5631571559189767
-0.6500937667237233,exhale,22914.21070030184,22914.055700301808,22914.11670030182,,nan,nan,nan,nan,nan,nan,nan,nan,1.3610592878296077
nan,pause,22914.770700301953,22914.21070030184,nan,,nan,nan,nan,nan,nan,nan,nan,nan,-1.6344298953073066
-1.6834981599407663,exhale,22915.330700302067,22914.770700301953,22915.116700302024,,nan,nan,nan,nan,nan,nan,nan,nan,0.6217729551157052
nan,pause,22915.331700302067,22915.330700302067,nan,,nan,nan,nan,nan,nan,nan,nan,nan,0.7466893716619443
4.018701778849928,inhale,22915.602700302123,22915.331700302067,22915.44670030209,,nan,nan,nan,nan,nan,nan,nan,nan,0.745368261807904
nan,pause,22915.603700302123,22915.602700302123,nan,,nan,nan,nan,nan,nan,nan,nan,nan,1.0374990858879705
-1.4674636255514673,exhale,22916.438700302293,22915.603700302123,22916.286700302262,,nan,nan,nan,nan,nan,nan,nan,nan,0.9049550305447054
nan,pause,22916.82070030237,22916.438700302293,nan,,nan,nan,nan,nan,nan,nan,nan,nan,0.7413775791050918
0.34099024667494315,inhale,22917.041700302416,22916.82070030237,22916.946700302396,,nan,nan,nan,nan,nan,nan,nan,nan,0.6213520712860772
nan,pause,22917.4527003025,22917.041700302416,nan,,nan,nan,nan,nan,nan,nan,nan,nan,0.5597742361273674
2.8498814651571003,inhale,22917.723700302555,22917.4527003025,22917.616700302533,,nan,nan,nan,nan,nan,nan,nan,nan,0.19915466911040058
nan,pause,22917.724700302555,22917.723700302555,nan,,nan,nan,nan,nan,nan,nan,nan,nan,0.4164861874037742
-6.029335894561401,exhale,22918.749700302764,22917.724700302555,22918.456700302704,,nan,nan,nan,nan,nan,nan,nan,nan,0.35208411561585473
nan,pause,22918.750700302764,22918.749700302764,nan,,nan,nan,nan,nan,nan,nan,nan,nan,0.45051516190822627
3.1959149816412453,inhale,22920.876700303197,22918.750700302764,22918.946700302804,,nan,nan,nan,nan,nan,nan,nan,nan,0.2072703260357147
nan,pause,22920.877700303197,22920.876700303197,nan,,nan,nan,nan,nan,nan,nan,nan,nan,0.5054593223006996
-8.340386769656352,exhale,22921.835700303393,22920.877700303197,22921.27670030328,,nan,nan,nan,nan,nan,nan,nan,nan,0.09919706735922862
nan,pause,22921.836700303393,22921.835700303393,nan,,nan,nan,nan,nan,nan,nan,nan,nan,0.43207623940191753
3.9189386980637737,inhale,22923.723700303777,22921.836700303393,22921.956700303417,,nan,nan,nan,nan,nan,nan,nan,nan,0.9301992226616982
nan,pause,22923.724700303777,22923.723700303777,nan,,nan,nan,nan,nan,nan,nan,nan,nan,1.0281727507140972
-7.550097528342285,exhale,22924.707700303978,22923.724700303777,22924.116700303857,,nan,nan,nan,nan,nan,nan,nan,nan,0.4448021225839316
nan,pause,22924.708700303978,22924.707700303978,nan,,nan,nan,nan,nan,nan,nan,nan,nan,0.6897208077854216
4.316482796992341,inhale,22926.754700304395,22924.708700303978,22926.616700304367,,nan,nan,nan,nan,nan,nan,nan,nan,0.47431844104970367
nan,pause,22926.755700304395,22926.754700304395,nan,,nan,nan,nan,nan,nan,nan,nan,nan,0.32074422479267173
-5.793161480126947,exhale,22927.782700304604,22926.755700304395,22926.956700304436,,nan,nan,nan,nan,nan,nan,nan,nan,0.5133710639200737
nan,pause,22927.783700304604,22927.782700304604,nan,,nan,nan,nan,nan,nan,nan,nan,nan,0.4309627434954336
5.374644389085857,inhale,22929.441700304942,22927.783700304604,22927.946700304637,,nan,nan,nan,nan,nan,nan,nan,nan,0.33464891606051983
nan,pause,22929.442700304942,22929.441700304942,nan,,nan,nan,nan,nan,nan,nan,nan,nan,0.28982828722407616
-8.414760224947115,exhale,22930.346700305126,22929.442700304942,22929.786700305012,,nan,nan,nan,nan,nan,nan,nan,nan,0.4055001141626271
nan,pause,22930.347700305127,22930.346700305126,nan,,nan,nan,nan,nan,nan,nan,nan,nan,0.3108075884385908
4.983191637239649,inhale,22932.016700305467,22930.347700305127,22930.61670030518,,nan,nan,nan,nan,nan,nan,nan,nan,0.42990581842381836
nan,pause,22932.017700305467,22932.016700305467,nan,,nan,nan,nan,nan,nan,nan,nan,nan,0.40382379336441976
-6.410529420029678,exhale,22933.00670030567,22932.017700305467,22932.446700305554,,nan,nan,nan,nan,nan,nan,nan,nan,0.4075148412237777
nan,pause,22933.00770030567,22933.00670030567,nan,,nan,nan,nan,nan,nan,nan,nan,nan,0.31309401543297577
3.549891322029521,inhale,22933.678700305805,22933.00770030567,22933.11670030569,,nan,nan,nan,nan,nan,nan,nan,nan,0.3158564122515952
nan,pause,22935.401700306156,22933.678700305805,nan,,nan,nan,nan,nan,nan,nan,nan,nan,0.3150727357391345
-1.8667963859199228,exhale,22936.831700306448,22935.401700306156,22936.616700306404,,nan,nan,nan,nan,nan,nan,nan,nan,0.3352939263554049
nan,pause,22936.832700306448,22936.831700306448,nan,,nan,nan,nan,nan,nan,nan,nan,nan,0.37464041679029947
2.519803406435157,inhale,22938.179700306722,22936.832700306448,22936.956700306473,,nan,nan,nan,nan,nan,nan,nan,nan,0.3434524646610071
nan,pause,22938.180700306722,22938.179700306722,nan,,nan,nan,nan,nan,nan,nan,nan,nan,0.43069372331738975
-5.998977695023147,exhale,22939.211700306932,22938.180700306722,22938.94670030688,,nan,nan,nan,nan,nan,nan,nan,nan,0.10991916889236708
nan,pause,22939.212700306933,22939.211700306932,nan,,nan,nan,nan,nan,nan,nan,nan,nan,0.5746178066114418
3.7331963078753434,inhale,22940.86770030727,22939.212700306933,22940.61670030722,,nan,nan,nan,nan,nan,nan,nan,nan,0.3238717878975972
nan,pause,22940.86870030727,22940.86770030727,nan,,nan,nan,nan,nan,nan,nan,nan,nan,0.5002285328614815
-9.982123800208484,exhale,22941.777700307455,22940.86870030727,22941.286700307355,,nan,nan,nan,nan,nan,nan,nan,nan,0.760869688331338
nan,pause,22941.778700307455,22941.777700307455,nan,,nan,nan,nan,nan,nan,nan,nan,nan,0.2571379137104087
5.483188314365381,inhale,22943.340700307774,22941.778700307455,22943.116700307728,,nan,nan,nan,nan,nan,nan,nan,nan,0.06634895839430488
nan,pause,22943.341700307774,22943.340700307774,nan,,nan,nan,nan,nan,nan,nan,nan,nan,0.35751156844229026
-13.978003098317178,exhale,22944.242700307957,22943.341700307774,22943.786700307865,,nan,nan,nan,nan,nan,nan,nan,nan,0.688138071336424
nan,pause,22944.243700307958,22944.242700307957,nan,,nan,nan,nan,nan,nan,nan,nan,nan,0.5904705717049429
6.133186893466308,inhale,22945.896700308294,22944.243700307958,22945.616700308237,,nan,nan,nan,nan,nan,nan,nan,nan,0.47601871730946976
nan,pause,22945.897700308295,22945.896700308294,nan,,nan,nan,nan,nan,nan,nan,nan,nan,0.6352170213699971
-7.965479150707414,exhale,22946.732700308465,22945.897700308295,22946.27670030837,,nan,nan,nan,nan,nan,nan,nan,nan,0.2638711842133965
nan,pause,22946.733700308465,22946.732700308465,nan,,nan,nan,nan,nan,nan,nan,nan,nan,1.0763123370667027
5.738986806474744,inhale,22948.03170030873,22946.733700308465,22946.95670030851,,nan,nan,nan,nan,nan,nan,nan,nan,-1.983267135306746
nan,pause,22948.03270030873,22948.03170030873,nan,,nan,nan,nan,nan,nan,nan,nan,nan,-1.9988690790704717
-9.00009481192114,exhale,22948.92170030891,22948.03270030873,22948.61670030885,,nan,nan,nan,nan,nan,nan,nan,nan,-0.2234268251632925
nan,pause,22948.92270030891,22948.92170030891,nan,,nan,nan,nan,nan,nan,nan,nan,nan,-0.9875065215251217
4.4509864113447,inhale,22950.661700309265,22948.92270030891,22950.44670030922,,nan,nan,nan,nan,nan,nan,nan,nan,-0.9323294400063518
nan,pause,22950.662700309265,22950.661700309265,nan,,nan,nan,nan,nan,nan,nan,nan,nan,-0.9643560288079498
-7.188881222757579,exhale,22951.66270030947,22950.662700309265,22951.286700309392,,nan,nan,nan,nan,nan,nan,nan,nan,-0.42388039461491855
nan,pause,22951.66370030947,22951.66270030947,nan,,nan,nan,nan,nan,nan,nan,nan,nan,-0.5918374909248643
3.166492563504119,inhale,22953.621700309868,22951.66370030947,22953.116700309765,,nan,nan,nan,nan,nan,nan,nan,nan,-1.6191817279809313
nan,pause,22953.62270030987,22953.621700309868,nan,,nan,nan,nan,nan,nan,nan,nan,nan,-1.8761926166332403
-11.192202655202276,exhale,22954.474700310042,22953.62270030987,22953.946700309934,,nan,nan,nan,nan,nan,nan,nan,nan,-0.21767235039445598
nan,pause,22954.475700310042,22954.474700310042,nan,,nan,nan,nan,nan,nan,nan,nan,nan,-0.8079147398690156
6.216485099798686,inhale,22956.47470031045,22954.475700310042,22956.116700310376,,nan,nan,nan,nan,nan,nan,nan,nan,0.1958363579796467
nan,pause,22956.47570031045,22956.47470031045,nan,,nan,nan,nan,nan,nan,nan,nan,nan,-2.2250504291808273
-10.024685029219059,exhale,22957.75170031071,22956.47570031045,22957.286700310615,,nan,nan,nan,nan,nan,nan,nan,nan,-0.6090625141613666
nan,pause,22957.75270031071,22957.75170031071,nan,,nan,nan,nan,nan,nan,nan,nan,nan,-1.1536285584726453
6.73606248283417,inhale,22959.81970031113,22957.75270031071,22957.94670031075,,nan,nan,nan,nan,nan,nan,nan,nan,-0.44590691576719
nan,pause,22959.82070031113,22959.81970031113,nan,,nan,nan,nan,nan,nan,nan,nan,nan,-4.911554864233097
-7.892583413828012,exhale,22960.872700311345,22959.82070031113,22960.44670031126,,nan,nan,nan,nan,nan,nan,nan,nan,-4.135594792365156
nan,pause,22960.873700311346,22960.872700311345,nan,,nan,nan,nan,nan,nan,nan,nan,nan,-1.9290503079937853
3.5866414363389927,inhale,22962.845700311747,22960.873700311346,22962.286700311633,,nan,nan,nan,nan,nan,nan,nan,nan,-2.518041816854111
nan,pause,22962.846700311748,22962.845700311747,nan,,nan,nan,nan,nan,nan,nan,nan,nan,0.8270792467886476
-8.56678994888195,exhale,22963.872700311957,22962.846700311748,22963.116700311803,,nan,nan,nan,nan,nan,nan,nan,nan,-2.414071290738306
nan,pause,22963.873700311957,22963.872700311957,nan,,nan,nan,nan,nan,nan,nan,nan,nan,-1.7236569854714148
4.254803395532646,inhale,22965.95970031238,22963.873700311957,22965.776700312344,,nan,nan,nan,nan,nan,nan,nan,nan,-1.4131099551857211
nan,pause,22965.960700312382,22965.95970031238,nan,,nan,nan,nan,nan,nan,nan,nan,nan,-2.2593079942494674
-6.174590644018446,exhale,22966.871700312568,22965.960700312382,22966.44670031248,,nan,nan,nan,nan,nan,nan,nan,nan,-1.7576242848244163
nan,pause,22966.872700312568,22966.871700312568,nan,,nan,nan,nan,nan,nan,nan,nan,nan,-1.1767165967852975
3.2998989794409512,inhale,22968.64770031293,22966.872700312568,22967.116700312617,,nan,nan,nan,nan,nan,nan,nan,nan,-1.6348253541483029
nan,pause,22968.64870031293,22968.64770031293,nan,,nan,nan,nan,nan,nan,nan,nan,nan,0.5510669705971081
-7.93346520282465,exhale,22969.744700313153,22968.64870031293,22969.616700313127,,nan,nan,nan,nan,nan,nan,nan,nan,-3.116518508199235
nan,pause,22969.745700313153,22969.744700313153,nan,,nan,nan,nan,nan,nan,nan,nan,nan,-2.618229393983378
3.5594426224529143,inhale,22970.61570031333,22969.745700313153,22969.946700313194,,nan,nan,nan,nan,nan,nan,nan,nan,0.45456467129753264
nan,pause,22970.80370031337,22970.61570031333,nan,,nan,nan,nan,nan,nan,nan,nan,nan,0.22604120781475245
-0.3585498237972912,exhale,22971.085700313426,22970.80370031337,22970.946700313398,,nan,nan,nan,nan,nan,nan,nan,nan,-2.600585338130644
nan,pause,22972.96370031381,22971.085700313426,nan,,nan,nan,nan,nan,nan,nan,nan,nan,-3.3099152506414327
-2.000093375569724,exhale,22973.427700313903,22972.96370031381,22973.11670031384,,nan,nan,nan,nan,nan,nan,nan,nan,-1.5973297320972586
nan,pause,22973.428700313903,22973.427700313903,nan,,nan,nan,nan,nan,nan,nan,nan,nan,-2.0055591563227644
0.3164986319583661,inhale,22973.774700313974,22973.428700313903,22973.61670031394,,nan,nan,nan,nan,nan,nan,nan,nan,0.9663061873255341
nan,pause,22974.93370031421,22973.774700313974,nan,,nan,nan,nan,nan,nan,nan,nan,nan,-3.113837663906394
-3.2667863570538773,exhale,22976.25770031448,22974.93370031421,22976.11670031445,,nan,nan,nan,nan,nan,nan,nan,nan,-3.3994615582788006
nan,pause,22976.25870031448,22976.25770031448,nan,,nan,nan,nan,nan,nan,nan,nan,nan,-1.9693301016840463
0.9262699016745001,inhale,22978.26670031489,22976.25870031448,22976.44670031452,,nan,nan,nan,nan,nan,nan,nan,nan,-69.84478555758562
nan,pause,22976.25870031448,22978.26670031489,nan,,nan,nan,nan,nan,nan,nan,nan,nan,80.61080908105299
1.2498944409759478,inhale,22978.26670031489,22976.25870031448,22978.11670031486,,nan,nan,nan,nan,nan,nan,nan,nan,-0.8559726902159498
nan,pause,22978.26770031489,22978.26670031489,nan,,nan,nan,nan,nan,nan,nan,nan,nan,0.16717854767827492
-2.4980903074298357,exhale,22979.176700315074,22978.26770031489,22978.95670031503,,nan,nan,nan,nan,nan,nan,nan,nan,0.6623515633607238
nan,pause,22979.177700315075,22979.176700315074,nan,,nan,nan,nan,nan,nan,nan,nan,nan,1.1949071936350522
4.256749316398183,inhale,22979.44170031513,22979.177700315075,22979.286700315097,,nan,nan,nan,nan,nan,nan,nan,nan,0.03488485767313931
nan,pause,22979.671700315175,22979.44170031513,nan,,nan,nan,nan,nan,nan,nan,nan,nan,-0.32788030819136793
-0.41479030736873007,exhale,22980.220700315287,22979.671700315175,22979.956700315233,,nan,nan,nan,nan,nan,nan,nan,nan,2.0337799437016555
nan,pause,22980.403700315324,22980.220700315287,nan,,nan,nan,nan,nan,nan,nan,nan,nan,0.22973293933365513
-0.4500973144054937,exhale,22980.734700315392,22980.403700315324,22980.616700315368,,nan,nan,nan,nan,nan,nan,nan,nan,0.35552444639293435
nan,pause,23005.95670032053,22980.734700315392,nan,,nan,nan,nan,nan,nan,nan,nan,nan,-0.21119581545386612
4.999875078517548,inhale,23006.460700320633,23005.95670032053,23006.116700320563,,nan,nan,nan,nan,nan,nan,nan,nan,0.5918313724139468
nan,pause,23006.461700320633,23006.460700320633,nan,,nan,nan,nan,nan,nan,nan,nan,nan,0.8873305908147824
-0.9276623709049425,exhale,23006.926700320728,23006.461700320633,23006.7867003207,,nan,nan,nan,nan,nan,nan,nan,nan,1.7199580153128717
nan,pause,23042.71670032802,23006.926700320728,nan,,nan,nan,nan,nan,nan,nan,nan,nan,0.5590786103205321
-1.4304403166141373,exhale,23043.979700328277,23042.71670032802,23043.286700328135,,nan,nan,nan,nan,nan,nan,nan,nan,1.049370128378621
nan,pause,23043.980700328277,23043.979700328277,nan,,nan,nan,nan,nan,nan,nan,nan,nan,0.3760107864490707
1.0498973687982656,inhale,23045.301700328546,23043.980700328277,23044.116700328304,,nan,nan,nan,nan,nan,nan,nan,nan,0.18780739622185505
nan,pause,23045.302700328546,23045.301700328546,nan,,nan,nan,nan,nan,nan,nan,nan,nan,1.358824456612512
-1.6500991057161258,exhale,23046.227700328734,23045.302700328546,23045.61670032861,,nan,nan,nan,nan,nan,nan,nan,nan,0.6264687347768136
nan,pause,23046.228700328735,23046.227700328734,nan,,nan,nan,nan,nan,nan,nan,nan,nan,0.6533897175120793
0.7459404390080432,inhale,23047.714700329037,23046.228700328735,23046.44670032878,,nan,nan,nan,nan,nan,nan,nan,nan,0.7122192029556138
nan,pause,23047.715700329038,23047.714700329037,nan,,nan,nan,nan,nan,nan,nan,nan,nan,0.6703999099307756
-1.4500994781153558,exhale,23048.70870032924,23047.715700329038,23048.11670032912,,nan,nan,nan,nan,nan,nan,nan,nan,0.16968359643914377
nan,pause,23048.70970032924,23048.70870032924,nan,,nan,nan,nan,nan,nan,nan,nan,nan,0.48791853614223246
0.3801403155142198,inhale,23049.58670032942,23048.70970032924,23049.286700329358,,nan,nan,nan,nan,nan,nan,nan,nan,0.3872623647903153
nan,pause,23050.859700329678,23049.58670032942,nan,,nan,nan,nan,nan,nan,nan,nan,nan,0.3577864056730493
-0.30525179636775074,exhale,23051.081700329723,23050.859700329678,23050.946700329696,,nan,nan,nan,nan,nan,nan,nan,nan,0.30953821548412264
nan,pause,23051.56170032982,23051.081700329723,nan,,nan,nan,nan,nan,nan,nan,nan,nan,0.23777164167080533
0.42527961294238475,inhale,23052.04370032992,23051.56170032982,23051.9467003299,,nan,nan,nan,nan,nan,nan,nan,nan,0.02475219447683208
nan,pause,23052.04470032992,23052.04370032992,nan,,nan,nan,nan,nan,nan,nan,nan,nan,0.19702043319639706
-0.33349739323667105,exhale,23052.254700329962,23052.04470032992,23052.116700329934,,nan,nan,nan,nan,nan,nan,nan,nan,0.4083117032739453
nan,pause,23089.362700337522,23052.254700329962,nan,,nan,nan,nan,nan,nan,nan,nan,nan,0.2058864692942617
-0.43349892112839883,exhale,23090.342700337722,23089.362700337522,23090.116700337676,,nan,nan,nan,nan,nan,nan,nan,nan,1.2543589953183596
nan,pause,23091.65470033799,23090.342700337722,nan,,nan,nan,nan,nan,nan,nan,nan,nan,-0.9548870995969805
-0.5834995313505033,exhale,23092.516700338165,23091.65470033799,23092.116700338083,,nan,nan,nan,nan,nan,nan,nan,nan,-0.1980689802909429
nan,pause,23092.517700338165,23092.516700338165,nan,,nan,nan,nan,nan,nan,nan,nan,nan,0.3516725505185492
0.4164984616256435,inhale,23093.756700338417,23092.517700338165,23092.616700338185,,nan,nan,nan,nan,nan,nan,nan,nan,0.44763150449672984
nan,pause,23093.757700338418,23093.756700338417,nan,,nan,nan,nan,nan,nan,nan,nan,nan,0.4856833064953256
-0.6334997532361184,exhale,23094.590700338587,23093.757700338418,23094.11670033849,,nan,nan,nan,nan,nan,nan,nan,nan,0.24127716857174292
nan,pause,23094.591700338588,23094.590700338587,nan,,nan,nan,nan,nan,nan,nan,nan,nan,0.22668081800180162
0.36480085058355594,inhale,23095.671700338808,23094.591700338588,23094.786700338627,,nan,nan,nan,nan,nan,nan,nan,nan,0.2587151540307172
nan,pause,23095.672700338808,23095.671700338808,nan,,nan,nan,nan,nan,nan,nan,nan,nan,0.05161760317528763
-0.4328375012902194,exhale,23096.584700338994,23095.672700338808,23096.446700338965,,nan,nan,nan,nan,nan,nan,nan,nan,0.2785868221207205
nan,pause,23097.88570033926,23096.584700338994,nan,,nan,nan,nan,nan,nan,nan,nan,nan,0.39934709317977196
-0.7500962775100357,exhale,23098.747700339434,23097.88570033926,23098.616700339408,,nan,nan,nan,nan,nan,nan,nan,nan,0.52190573241483
nan,pause,23098.748700339434,23098.747700339434,nan,,nan,nan,nan,nan,nan,nan,nan,nan,0.5758006199210091
0.5102319191492783,inhale,23100.0437003397,23098.748700339434,23098.946700339475,,nan,nan,nan,nan,nan,nan,nan,nan,0.06018883640078665
nan,pause,23100.0447003397,23100.0437003397,nan,,nan,nan,nan,nan,nan,nan,nan,nan,0.39323076195138307
-1.0500989951456314,exhale,23100.876700339868,23100.0447003397,23100.616700339815,,nan,nan,nan,nan,nan,nan,nan,nan,0.16680901719509023
nan,pause,23100.877700339868,23100.876700339868,nan,,nan,nan,nan,nan,nan,nan,nan,nan,0.08927330479244844
1.0664971587078362,inhale,23102.189700340135,23100.877700339868,23101.116700339917,,nan,nan,nan,nan,nan,nan,nan,nan,0.18432899879240916
nan,pause,23102.190700340136,23102.189700340135,nan,,nan,nan,nan,nan,nan,nan,nan,nan,0.10970802274773539
-1.476894994981491,exhale,23102.9997003403,23102.190700340136,23102.776700340255,,nan,nan,nan,nan,nan,nan,nan,nan,0.0339836263544373
nan,pause,23103.0007003403,23102.9997003403,nan,,nan,nan,nan,nan,nan,nan,nan,nan,0.03578524792998594
1.2498953156188712,inhale,23104.554700340617,23103.0007003403,23103.116700340324,,nan,nan,nan,nan,nan,nan,nan,nan,0.38895143262760146
nan,pause,23105.01170034071,23104.554700340617,nan,,nan,nan,nan,nan,nan,nan,nan,nan,0.03384198958304008
-2.082281652973846,exhale,23106.023700340917,23105.01170034071,23105.4467003408,,nan,nan,nan,nan,nan,nan,nan,nan,0.06287960832145068
nan,pause,23106.024700340917,23106.023700340917,nan,,nan,nan,nan,nan,nan,nan,nan,nan,-0.020810243123212002
0.8331966151277395,inhale,23107.921700341303,23106.024700340917,23106.116700340935,,nan,nan,nan,nan,nan,nan,nan,nan,0.11931897970735894
nan,pause,23106.024700340917,23107.921700341303,nan,,nan,nan,nan,nan,nan,nan,nan,nan,0.1687129653698447
0.959063084387924,inhale,23107.921700341303,23106.024700340917,23107.786700341276,,nan,nan,nan,nan,nan,nan,nan,nan,0.4268565092875871
nan,pause,23107.922700341303,23107.921700341303,nan,,nan,nan,nan,nan,nan,nan,nan,nan,0.31860065073824995
-2.576128418626989,exhale,23108.902700341503,23107.922700341303,23108.456700341412,,nan,nan,nan,nan,nan,nan,nan,nan,0.1410581881438724
nan,pause,23108.903700341503,23108.902700341503,nan,,nan,nan,nan,nan,nan,nan,nan,nan,2.1039454632848207
2.872166982351416,inhale,23110.494700341827,23108.903700341503,23110.276700341783,,nan,nan,nan,nan,nan,nan,nan,nan,1.3357355370539428
nan,pause,23110.495700341828,23110.494700341827,nan,,nan,nan,nan,nan,nan,nan,nan,nan,0.07292413956007504
-4.891044017595387,exhale,23111.44770034202,23110.495700341828,23111.276700341987,,nan,nan,nan,nan,nan,nan,nan,nan,-0.41618884054862026
nan,pause,23111.44870034202,23111.44770034202,nan,,nan,nan,nan,nan,nan,nan,nan,nan,0.7290475054168555
4.799889979367685,inhale,23113.333700342406,23111.44870034202,23113.11670034236,,nan,nan,nan,nan,nan,nan,nan,nan,3.1047519819889717
nan,pause,23113.334700342406,23113.333700342406,nan,,nan,nan,nan,nan,nan,nan,nan,nan,0.7606173466397057
-8.106236533407543,exhale,23114.268700342596,23113.334700342406,23113.94670034253,,nan,nan,nan,nan,nan,nan,nan,nan,0.5994415196533475
nan,pause,23114.269700342596,23114.268700342596,nan,,nan,nan,nan,nan,nan,nan,nan,nan,-0.34816216832948
3.6775996162836337,inhale,23116.286700343007,23114.269700342596,23114.456700342635,,nan,nan,nan,nan,nan,nan,nan,nan,-0.8321251048224605
nan,pause,23116.287700343008,23116.286700343007,nan,,nan,nan,nan,nan,nan,nan,nan,nan,-1.6239787001720858
-13.266782107011043,exhale,23117.069700343167,23116.287700343008,23116.616700343075,,nan,nan,nan,nan,nan,nan,nan,nan,-1.6099897584514316
nan,pause,23117.070700343167,23117.069700343167,nan,,nan,nan,nan,nan,nan,nan,nan,nan,-2.2787207564486414
12.514237414951898,inhale,23118.41170034344,23117.070700343167,23117.28670034321,,nan,nan,nan,nan,nan,nan,nan,nan,-1.0127452165347948
nan,pause,23118.41270034344,23118.41170034344,nan,,nan,nan,nan,nan,nan,nan,nan,nan,-1.5952051667038143
-17.83346868379358,exhale,23119.1917003436,23118.41270034344,23118.616700343482,,nan,nan,nan,nan,nan,nan,nan,nan,-4.338574119442795
nan,pause,23119.1927003436,23119.1917003436,nan,,nan,nan,nan,nan,nan,nan,nan,nan,-2.7837641766689956
8.782836300359294,inhale,23120.652700343897,23119.1927003436,23119.44670034365,,nan,nan,nan,nan,nan,nan,nan,nan,-2.5286118519933813
nan,pause,23120.653700343897,23120.652700343897,nan,,nan,nan,nan,nan,nan,nan,nan,nan,-0.6344112378744793
-18.34775006718459,exhale,23121.50970034407,23120.653700343897,23120.95670034396,,nan,nan,nan,nan,nan,nan,nan,nan,-2.539981644416135
nan,pause,23121.51070034407,23121.50970034407,nan,,nan,nan,nan,nan,nan,nan,nan,nan,-0.9569152643017018
8.824725095898051,inhale,23123.039700344383,23121.51070034407,23121.786700344128,,nan,nan,nan,nan,nan,nan,nan,nan,-0.957477083663278
nan,pause,23123.040700344383,23123.039700344383,nan,,nan,nan,nan,nan,nan,nan,nan,nan,-3.12473382701185
-10.702239526018106,exhale,23124.00170034458,23123.040700344383,23123.286700344433,,nan,nan,nan,nan,nan,nan,nan,nan,0.29736574116613035
nan,pause,23124.00270034458,23124.00170034458,nan,,nan,nan,nan,nan,nan,nan,nan,nan,-3.1468537548301385
11.572860009950293,inhale,23125.73070034493,23124.00270034458,23125.446700344874,,nan,nan,nan,nan,nan,nan,nan,nan,-4.3100662813576385
nan,pause,23125.73170034493,23125.73070034493,nan,,nan,nan,nan,nan,nan,nan,nan,nan,-3.8248063197185753
-15.786306709014664,exhale,23126.74670034514,23125.73170034493,23125.956700344977,,nan,nan,nan,nan,nan,nan,nan,nan,-2.6490576406362436
nan,pause,23126.74770034514,23126.74670034514,nan,,nan,nan,nan,nan,nan,nan,nan,nan,-2.531748122914739
7.277231756266917,inhale,23128.258700345446,23126.74770034514,23127.946700345383,,nan,nan,nan,nan,nan,nan,nan,nan,-1.5461150248227984
nan,pause,23128.259700345447,23128.258700345446,nan,,nan,nan,nan,nan,nan,nan,nan,nan,-1.3313350423250254
-17.966776443754082,exhale,23129.174700345633,23128.259700345447,23128.61670034552,,nan,nan,nan,nan,nan,nan,nan,nan,-1.7887764729924829
nan,pause,23129.175700345633,23129.174700345633,nan,,nan,nan,nan,nan,nan,nan,nan,nan,-1.0464407908540094
10.250862897538074,inhale,23130.78370034596,23129.175700345633,23129.286700345656,,nan,nan,nan,nan,nan,nan,nan,nan,-2.1100037752212124
nan,pause,23130.78470034596,23130.78370034596,nan,,nan,nan,nan,nan,nan,nan,nan,nan,-3.1709809041552424
-17.366776190435004,exhale,23131.66870034614,23130.78470034596,23131.11670034603,,nan,nan,nan,nan,nan,nan,nan,nan,-2.485060826188647
nan,pause,23131.66970034614,23131.66870034614,nan,,nan,nan,nan,nan,nan,nan,nan,nan,-1.6849665681139747
9.871841326969594,inhale,23133.055700346424,23131.66970034614,23131.946700346198,,nan,nan,nan,nan,nan,nan,nan,nan,-1.0741560043663787
nan,pause,23133.056700346424,23133.055700346424,nan,,nan,nan,nan,nan,nan,nan,nan,nan,-1.1554744847818492
-20.761887925018115,exhale,23133.87570034659,23133.056700346424,23133.446700346503,,nan,nan,nan,nan,nan,nan,nan,nan,-1.4087698930480501
nan,pause,23133.87670034659,23133.87570034659,nan,,nan,nan,nan,nan,nan,nan,nan,nan,8.88123426016408
11.2664716335344,inhale,23135.409700346903,23133.87670034659,23134.11670034664,,nan,nan,nan,nan,nan,nan,nan,nan,0.6110450135917478
nan,pause,23135.410700346903,23135.409700346903,nan,,nan,nan,nan,nan,nan,nan,nan,nan,-0.24720067892926934
-17.427064847078377,exhale,23136.26970034708,23135.410700346903,23135.78670034698,,nan,nan,nan,nan,nan,nan,nan,nan,-0.7907983420918183
nan,pause,23136.27070034708,23136.26970034708,nan,,nan,nan,nan,nan,nan,nan,nan,nan,3.419383422052305
9.198314964075738,inhale,23138.404700347513,23136.27070034708,23136.456700347117,,nan,nan,nan,nan,nan,nan,nan,nan,2.610272846625454
nan,pause,23138.405700347514,23138.404700347513,nan,,nan,nan,nan,nan,nan,nan,nan,nan,0.7075697882950736
-14.650061009390228,exhale,23139.430700347722,23138.405700347514,23139.11670034766,,nan,nan,nan,nan,nan,nan,nan,nan,2.066209420641827
nan,pause,23139.431700347723,23139.430700347722,nan,,nan,nan,nan,nan,nan,nan,nan,nan,1.5116470169315546
11.799868250910277,inhale,23140.967700348036,23139.431700347723,23139.61670034776,,nan,nan,nan,nan,nan,nan,nan,nan,1.2093644348465995
nan,pause,23140.968700348036,23140.967700348036,nan,,nan,nan,nan,nan,nan,nan,nan,nan,1.731790931276315
-18.550181892088727,exhale,23141.840700348213,23140.968700348036,23141.2867003481,,nan,nan,nan,nan,nan,nan,nan,nan,1.575634058095798
nan,pause,23141.841700348214,23141.840700348213,nan,,nan,nan,nan,nan,nan,nan,nan,nan,2.0844089090344675
10.683176173300154,inhale,23143.2527003485,23141.841700348214,23142.11670034827,,nan,nan,nan,nan,nan,nan,nan,nan,1.6898006538283767
nan,pause,23143.2537003485,23143.2527003485,nan,,nan,nan,nan,nan,nan,nan,nan,nan,1.5579524188812413
-18.850078588572224,exhale,23144.07970034867,23143.2537003485,23143.616700348575,,nan,nan,nan,nan,nan,nan,nan,nan,0.30019914731580455
nan,pause,23144.08070034867,23144.07970034867,nan,,nan,nan,nan,nan,nan,nan,nan,nan,1.5173978779958341
11.47275102780481,inhale,23145.618700348983,23144.08070034867,23144.28670034871,,nan,nan,nan,nan,nan,nan,nan,nan,1.7893446346201953
nan,pause,23145.619700348983,23145.618700348983,nan,,nan,nan,nan,nan,nan,nan,nan,nan,2.6392427467586774
-19.41210174926265,exhale,23146.44470034915,23145.619700348983,23145.956700349052,,nan,nan,nan,nan,nan,nan,nan,nan,0.8747822202129466
nan,pause,23146.44570034915,23146.44470034915,nan,,nan,nan,nan,nan,nan,nan,nan,nan,1.1714255833679577
7.533181655771135,inhale,23148.082700349485,23146.44570034915,23146.616700349186,,nan,nan,nan,nan,nan,nan,nan,nan,1.2682724897457147
nan,pause,23148.083700349485,23148.082700349485,nan,,nan,nan,nan,nan,nan,nan,nan,nan,1.306395218264215
-19.69866380945286,exhale,23148.930700349658,23148.083700349485,23148.45670034956,,nan,nan,nan,nan,nan,nan,nan,nan,1.2636548576318838
nan,pause,23148.931700349658,23148.930700349658,nan,,nan,nan,nan,nan,nan,nan,nan,nan,1.1249133270316736
11.683152206665733,inhale,23150.935700350066,23148.931700349658,23149.116700349696,,nan,nan,nan,nan,nan,nan,nan,nan,0.6062579601386634
nan,pause,23151.512700350184,23150.935700350066,nan,,nan,nan,nan,nan,nan,nan,nan,nan,0.875426037609773
-4.2813454502837365,exhale,23152.744700350435,23151.512700350184,23151.956700350274,,nan,nan,nan,nan,nan,nan,nan,nan,0.79966656807865
nan,pause,23152.989700350485,23152.744700350435,nan,,nan,nan,nan,nan,nan,nan,nan,nan,0.5162908686873217
-1.335183063308504,exhale,23153.429700350574,23152.989700350485,23153.286700350545,,nan,nan,nan,nan,nan,nan,nan,nan,0.45236896492058043
nan,pause,23154.617700350816,23153.429700350574,nan,,nan,nan,nan,nan,nan,nan,nan,nan,-0.27679180357760913
2.215827767315353,inhale,23155.0207003509,23154.617700350816,23154.946700350883,,nan,nan,nan,nan,nan,nan,nan,nan,1.4478521084906342
nan,pause,23155.0217003509,23155.0207003509,nan,,nan,nan,nan,nan,nan,nan,nan,nan,0.7138253560557384
-5.560001337691821,exhale,23156.06470035111,23155.0217003509,23155.786700351055,,nan,nan,nan,nan,nan,nan,nan,nan,0.7896969836684966
nan,pause,23156.06570035111,23156.06470035111,nan,,nan,nan,nan,nan,nan,nan,nan,nan,0.979739150108204
3.391724691013056,inhale,23157.67870035144,23156.06570035111,23156.286700351156,,nan,nan,nan,nan,nan,nan,nan,nan,0.4202532634549443
nan,pause,23157.67970035144,23157.67870035144,nan,,nan,nan,nan,nan,nan,nan,nan,nan,0.681063217137312
-11.419626229748658,exhale,23158.542700351616,23157.67970035144,23158.276700351562,,nan,nan,nan,nan,nan,nan,nan,nan,0.6750479118825133
nan,pause,23158.543700351616,23158.542700351616,nan,,nan,nan,nan,nan,nan,nan,nan,nan,0.8455539523881211
3.813859291951908,inhale,23160.47070035201,23158.543700351616,23158.776700351664,,nan,nan,nan,nan,nan,nan,nan,nan,0.8580325010059922
nan,pause,23160.47170035201,23160.47070035201,nan,,nan,nan,nan,nan,nan,nan,nan,nan,0.6431788212237951
-10.980721868804086,exhale,23161.378700352194,23160.47170035201,23160.786700352073,,nan,nan,nan,nan,nan,nan,nan,nan,0.39016735587777807
nan,pause,23161.379700352194,23161.378700352194,nan,,nan,nan,nan,nan,nan,nan,nan,nan,0.7314763845696702
8.49988186322658,inhale,23162.83270035249,23161.379700352194,23161.616700352242,,nan,nan,nan,nan,nan,nan,nan,nan,0.506123306338252
nan,pause,23162.83370035249,23162.83270035249,nan,,nan,nan,nan,nan,nan,nan,nan,nan,0.47879214254848335
-15.082651477156556,exhale,23163.608700352648,23162.83370035249,23163.27670035258,,nan,nan,nan,nan,nan,nan,nan,nan,0.7897677423108529
nan,pause,23163.60970035265,23163.608700352648,nan,,nan,nan,nan,nan,nan,nan,nan,nan,0.3808423065583004
8.275802302304216,inhale,23165.103700352953,23163.60970035265,23163.946700352717,,nan,nan,nan,nan,nan,nan,nan,nan,0.8381907993459183
nan,pause,23165.104700352953,23165.103700352953,nan,,nan,nan,nan,nan,nan,nan,nan,nan,0.5808062590128835
-7.633498239797794,exhale,23166.03170035314,23165.104700352953,23165.616700353057,,nan,nan,nan,nan,nan,nan,nan,nan,0.5051904360224854
nan,pause,23166.032700353142,23166.03170035314,nan,,nan,nan,nan,nan,nan,nan,nan,nan,0.7657918940037638
6.30509229163654,inhale,23167.630700353468,23166.032700353142,23166.27670035319,,nan,nan,nan,nan,nan,nan,nan,nan,1.152570919128689
nan,pause,23167.631700353468,23167.630700353468,nan,,nan,nan,nan,nan,nan,nan,nan,nan,0.7613865225608285
-9.933494031710916,exhale,23168.536700353652,23167.631700353468,23168.116700353567,,nan,nan,nan,nan,nan,nan,nan,nan,0.6590653029818041
nan,pause,23168.537700353652,23168.536700353652,nan,,nan,nan,nan,nan,nan,nan,nan,nan,0.867867525486193
6.800563131816406,inhale,23170.04170035396,23168.537700353652,23168.786700353703,,nan,nan,nan,nan,nan,nan,nan,nan,0.6726305586442025
nan,pause,23170.04270035396,23170.04170035396,nan,,nan,nan,nan,nan,nan,nan,nan,nan,0.5219399218834793
-10.489082926243784,exhale,23170.921700354138,23170.04270035396,23170.44670035404,,nan,nan,nan,nan,nan,nan,nan,nan,-0.6654809286877974
nan,pause,23170.92270035414,23170.921700354138,nan,,nan,nan,nan,nan,nan,nan,nan,nan,1.6846430358972904
7.233180369721324,inhale,23172.45970035445,23170.92270035414,23171.116700354178,,nan,nan,nan,nan,nan,nan,nan,nan,1.7741025830978514
nan,pause,23172.46070035445,23172.45970035445,nan,,nan,nan,nan,nan,nan,nan,nan,nan,2.033857492790936
-9.14670168528597,exhale,23173.372700354637,23172.46070035445,23172.786700354518,,nan,nan,nan,nan,nan,nan,nan,nan,1.7641958349906637
nan,pause,23173.373700354638,23173.372700354637,nan,,nan,nan,nan,nan,nan,nan,nan,nan,1.0522046840233465
5.666494281582253,inhale,23174.946700354958,23173.373700354638,23173.616700354687,,nan,nan,nan,nan,nan,nan,nan,nan,0.8695345459062758
nan,pause,23174.94770035496,23174.946700354958,nan,,nan,nan,nan,nan,nan,nan,nan,nan,0.9460991600122983
-6.340920877248681,exhale,23175.872700355147,23174.94770035496,23175.286700355027,,nan,nan,nan,nan,nan,nan,nan,nan,0.6752714234685226
nan,pause,23175.873700355147,23175.872700355147,nan,,nan,nan,nan,nan,nan,nan,nan,nan,0.3707640221263273
4.566493417757218,inhale,23177.376700355453,23175.873700355147,23176.116700355196,,nan,nan,nan,nan,nan,nan,nan,nan,0.476420412024503
nan,pause,23177.377700355453,23177.376700355453,nan,,nan,nan,nan,nan,nan,nan,nan,nan,0.8756412449021442
-6.263690963807139,exhale,23178.29870035564,23177.377700355453,23177.776700355535,,nan,nan,nan,nan,nan,nan,nan,nan,1.1862966965977286
nan,pause,23178.29970035564,23178.29870035564,nan,,nan,nan,nan,nan,nan,nan,nan,nan,0.9212524989784834
5.575638682803773,inhale,23179.802700355947,23178.29970035564,23178.456700355673,,nan,nan,nan,nan,nan,nan,nan,nan,3.4586302604518107
nan,pause,23179.803700355948,23179.802700355947,nan,,,,,,,,,,
-9.954911305528167,exhale,23180.637700356117,23179.803700355948,23180.276700356044,,,,,,,,,,
nan,pause,23180.638700356118,23180.637700356117,nan,,,,,,,,,,
6.1624612951632765,inhale,23182.230700356442,23180.638700356118,23180.786700356148,,,,,,,,,,
nan,pause,23182.231700356442,23182.230700356442,nan,,,,,,,,,,
-1.8500969247179526,exhale,23183.34170035667,23182.231700356442,23183.116700356622,,,,,,,,,,
nan,pause,23183.34270035667,23183.34170035667,nan,,,,,,,,,,
2.316496322408177,inhale,23184.460700356896,23183.34270035667,23183.616700356724,,,,,,,,,,
nan,pause,23184.461700356896,23184.460700356896,nan,,,,,,,,,,
-3.7500949570872106,exhale,23185.384700357085,23184.461700356896,23185.11670035703,,,,,,,,,,
nan,pause,23185.385700357085,23185.384700357085,nan,,,,,,,,,,
2.499897684455499,inhale,23186.913700357396,23185.385700357085,23186.616700357336,,,,,,,,,,
nan,pause,23186.914700357396,23186.913700357396,nan,,,,,,,,,,
-3.7545884429969774,exhale,23187.829700357583,23186.914700357396,23187.446700357505,,,,,,,,,,
nan,pause,23187.830700357583,23187.829700357583,nan,,,,,,,,,,
3.1664931310376687,inhale,23189.152700357852,23187.830700357583,23188.11670035764,,,,,,,,,,
nan,pause,23189.153700357852,23189.152700357852,nan,,,,,,,,,,
-4.227332484344699,exhale,23190.07170035804,23189.153700357852,23189.446700357912,,,,,,,,,,
nan,pause,23190.07270035804,23190.07170035804,nan,,,,,,,,,,
3.0407478569938418,inhale,23191.50270035833,23190.07270035804,23191.276700358285,,,,,,,,,,
nan,pause,23191.50370035833,23191.50270035833,nan,,,,,,,,,,
-3.6664593522189253,exhale,23192.43070035852,23191.50370035833,23191.78670035839,,,,,,,,,,
nan,pause,23192.43170035852,23192.43070035852,nan,,,,,,,,,,
3.633191981552224,inhale,23193.86270035881,23192.43170035852,23192.616700358558,,,,,,,,,,
nan,pause,23193.863700358812,23193.86270035881,nan,,,,,,,,,,
-2.950096796131531,exhale,23194.901700359023,23193.863700358812,23194.116700358863,,,,,,,,,,
nan,pause,23194.902700359024,23194.901700359023,nan,,,,,,,,,,
2.6998945442449624,inhale,23196.133700359274,23194.902700359024,23195.116700359067,,,,,,,,,,
nan,pause,23196.134700359275,23196.133700359274,nan,,,,,,,,,,
-1.7667994275503855,exhale,23197.19970035949,23196.134700359275,23196.616700359373,,,,,,,,,,
nan,pause,23197.20070035949,23197.19970035949,nan,,,,,,,,,,
2.2131997214969505,inhale,23198.310700359718,23197.20070035949,23197.77670035961,,,,,,,,,,
nan,pause,23198.311700359718,23198.310700359718,nan,,,,,,,,,,
-2.5634518297815965,exhale,23199.320700359924,23198.311700359718,23198.95670035985,,,,,,,,,,
nan,pause,23199.321700359924,23199.320700359924,nan,,,,,,,,,,
2.7411899340052788,inhale,23200.505700360165,23199.321700359924,23199.45670035995,,,,,,,,,,
nan,pause,23200.506700360165,23200.505700360165,nan,,,,,,,,,,
-4.370065129045493,exhale,23201.61370036039,23200.506700360165,23201.446700360357,,,,,,,,,,
nan,pause,23201.61470036039,23201.61370036039,nan,,,,,,,,,,
1.8518827337619042,inhale,23202.78870036063,23201.61470036039,23201.786700360426,,,,,,,,,,
nan,pause,23202.78970036063,23202.78870036063,nan,,,,,,,,,,
-1.5167987145753181,exhale,23203.757700360828,23202.78970036063,23203.116700360697,,,,,,,,,,
nan,pause,23203.758700360828,23203.757700360828,nan,,,,,,,,,,
1.8752791682982293,inhale,23204.935700361068,23203.758700360828,23204.446700360968,,,,,,,,,,
nan,pause,23204.936700361068,23204.935700361068,nan,,,,,,,,,,
-1.1625059572372989,exhale,23206.0707003613,23204.936700361068,23205.946700361274,,,,,,,,,,
nan,pause,23206.0717003613,23206.0707003613,nan,,,,,,,,,,
1.682528758028226,inhale,23207.377700361565,23206.0717003613,23206.95670036148,,,,,,,,,,
nan,pause,23207.378700361565,23207.377700361565,nan,,,,,,,,,,
-2.4167961524101984,exhale,23208.364700361766,23207.378700361565,23208.116700361716,,,,,,,,,,
nan,pause,23208.365700361766,23208.364700361766,nan,,,,,,,,,,
2.5164955669091023,inhale,23209.685700362035,23208.365700361766,23208.616700361817,,,,,,,,,,
nan,pause,23209.686700362035,23209.685700362035,nan,,,,,,,,,,
-1.7298682446996547,exhale,23210.68170036224,23209.686700362035,23210.44670036219,,,,,,,,,,
nan,pause,23210.68270036224,23210.68170036224,nan,,,,,,,,,,
2.0103805718169037,inhale,23212.000700362507,23210.68270036224,23210.78670036226,,,,,,,,,,
nan,pause,23212.001700362507,23212.000700362507,nan,,,,,,,,,,
-1.8641566674663153,exhale,23213.009700362712,23212.001700362507,23212.776700362665,,,,,,,,,,
nan,pause,23213.010700362713,23213.009700362712,nan,,,,,,,,,,
1.9664940447303914,inhale,23214.490700363014,23213.010700362713,23213.116700362734,,,,,,,,,,
nan,pause,23214.491700363014,23214.490700363014,nan,,,,,,,,,,
-1.7814902930088616,exhale,23215.489700363218,23214.491700363014,23214.95670036311,,,,,,,,,,
nan,pause,23215.490700363218,23215.489700363218,nan,,,,,,,,,,
2.4664930733682793,inhale,23216.837700363492,23215.490700363218,23215.616700363244,,,,,,,,,,
nan,pause,23216.838700363493,23216.837700363492,nan,,,,,,,,,,
-1.7000963286774171,exhale,23217.826700363694,23216.838700363493,23217.61670036365,,,,,,,,,,
nan,pause,23217.827700363694,23217.826700363694,nan,,,,,,,,,,
2.2423835139064487,inhale,23219.13070036396,23217.827700363694,23217.95670036372,,,,,,,,,,
nan,pause,23219.13170036396,23219.13070036396,nan,,,,,,,,,,
-1.6667996203239672,exhale,23220.07470036415,23219.13170036396,23219.61670036406,,,,,,,,,,
nan,pause,23220.075700364152,23220.07470036415,nan,,,,,,,,,,
1.9363005830273157,inhale,23221.367700364415,23220.075700364152,23220.286700364195,,,,,,,,,,
nan,pause,23221.368700364415,23221.367700364415,nan,,,,,,,,,,
-1.6167976061209133,exhale,23222.346700364615,23221.368700364415,23222.116700364568,,,,,,,,,,
nan,pause,23222.347700364615,23222.346700364615,nan,,,,,,,,,,
1.8331961671842265,inhale,23223.731700364897,23222.347700364615,23222.61670036467,,,,,,,,,,
nan,pause,23223.732700364897,23223.731700364897,nan,,,,,,,,,,
-1.7638290884532821,exhale,23224.709700365096,23223.732700364897,23224.446700365042,,,,,,,,,,
nan,pause,23224.710700365096,23224.709700365096,nan,,,,,,,,,,
1.817793581521507,inhale,23226.00770036536,23224.710700365096,23224.956700365146,,,,,,,,,,
nan,pause,23226.00870036536,23226.00770036536,nan,,,,,,,,,,
-1.7815173427101043,exhale,23226.971700365557,23226.00870036536,23226.776700365517,,,,,,,,,,
nan,pause,23226.972700365557,23226.971700365557,nan,,,,,,,,,,
2.2331937201532113,inhale,23228.230700365813,23226.972700365557,23227.116700365586,,,,,,,,,,
nan,pause,23228.231700365814,23228.230700365813,nan,,,,,,,,,,
-1.7480601884058335,exhale,23229.19770036601,23228.231700365814,23228.786700365927,,,,,,,,,,
nan,pause,23229.19870036601,23229.19770036601,nan,,,,,,,,,,
2.0233001438081466,inhale,23230.604700366297,23229.19870036601,23229.44670036606,,,,,,,,,,
nan,pause,23230.605700366297,23230.604700366297,nan,,,,,,,,,,
-1.6168000000000062,exhale,23231.575700366495,23230.605700366297,23230.95670036637,,,,,,,,,,
nan,pause,23231.576700366495,23231.575700366495,nan,,,,,,,,,,
2.279501880391915,inhale,23232.844700366753,23231.576700366495,23231.786700366538,,,,,,,,,,
nan,pause,23232.845700366754,23232.844700366753,nan,,,,,,,,,,
-1.9167918883809516,exhale,23233.773700366943,23232.845700366754,23233.61670036691,,,,,,,,,,
nan,pause,23233.774700366943,23233.773700366943,nan,,,,,,,,,,
2.617599781241753,inhale,23235.455700367285,23233.774700366943,23233.95670036698,,,,,,,,,,
nan,pause,23235.456700367286,23235.455700367285,nan,,,,,,,,,,
-1.396751826014911,exhale,23236.5077003675,23235.456700367286,23235.956700367387,,,,,,,,,,
nan,pause,23236.5087003675,23236.5077003675,nan,,,,,,,,,,
1.3765952682714069,inhale,23237.93670036779,23236.5087003675,23236.776700367554,,,,,,,,,,
nan,pause,23238.352700367876,23237.93670036779,nan,,,,,,,,,,
-0.8980902915728749,exhale,23239.535700368117,23238.352700367876,23238.456700367897,,,,,,,,,,
nan,pause,23239.536700368117,23239.535700368117,nan,,,,,,,,,,
0.9546017711297172,inhale,23241.21370036846,23239.536700368117,23239.786700368168,,,,,,,,,,
nan,pause,23241.21470036846,23241.21370036846,nan,,,,,,,,,,
-1.079079724700193,exhale,23242.512700368723,23241.21470036846,23242.286700368677,,,,,,,,,,
nan,pause,23242.513700368723,23242.512700368723,nan,,,,,,,,,,
1.4331956735800395,inhale,23244.106700369048,23242.513700368723,23242.616700368744,,,,,,,,,,
nan,pause,23244.107700369048,23244.106700369048,nan,,,,,,,,,,
-1.6834987335754978,exhale,23245.184700369267,23244.107700369048,23244.61670036915,,,,,,,,,,
nan,pause,23245.185700369268,23245.184700369267,nan,,,,,,,,,,
1.510889802992734,inhale,23246.634700369563,23245.185700369268,23245.44670036932,,,,,,,,,,
nan,pause,23246.635700369563,23246.634700369563,nan,,,,,,,,,,
-1.6500997310844818,exhale,23247.678700369775,23246.635700369563,23247.11670036966,,,,,,,,,,
nan,pause,23247.679700369776,23247.678700369775,nan,,,,,,,,,,
1.8432953080204928,inhale,23249.088700370063,23247.679700369776,23248.77670037,,,,,,,,,,
nan,pause,23249.089700370063,23249.088700370063,nan,,,,,,,,,,
-1.8667985851501046,exhale,23250.06170037026,23249.089700370063,23249.61670037017,,,,,,,,,,
nan,pause,23250.06270037026,23250.06170037026,nan,,,,,,,,,,
2.29270352728937,inhale,23251.48770037055,23250.06270037026,23250.286700370307,,,,,,,,,,
nan,pause,23251.48870037055,23251.48770037055,nan,,,,,,,,,,
-1.7973809273980867,exhale,23252.51170037076,23251.48870037055,23251.786700370612,,,,,,,,,,
nan,pause,23252.51270037076,23252.51170037076,nan,,,,,,,,,,
2.002221298309227,inhale,23253.897700371042,23252.51270037076,23252.786700370816,,,,,,,,,,
nan,pause,23253.898700371043,23253.897700371042,nan,,,,,,,,,,
-1.8164685109994907,exhale,23254.849700371236,23253.898700371043,23254.446700371154,,,,,,,,,,
nan,pause,23254.850700371237,23254.849700371236,nan,,,,,,,,,,
2.1998959439150294,inhale,23256.315700371535,23254.850700371237,23255.11670037129,,,,,,,,,,
nan,pause,23256.316700371535,23256.315700371535,nan,,,,,,,,,,
-1.983498515742661,exhale,23257.257700371727,23256.316700371535,23256.616700371596,,,,,,,,,,
nan,pause,23257.258700371727,23257.257700371727,nan,,,,,,,,,,
2.3850158895921605,inhale,23258.520700371984,23257.258700371727,23257.456700371768,,,,,,,,,,
nan,pause,23258.521700371984,23258.520700371984,nan,,,,,,,,,,
-1.9307788864424695,exhale,23259.47570037218,23258.521700371984,23258.78670037204,,,,,,,,,,
nan,pause,23259.47670037218,23259.47570037218,nan,,,,,,,,,,
2.066492976154098,inhale,23261.073700372504,23259.47670037218,23259.616700372208,,,,,,,,,,
nan,pause,23261.074700372505,23261.073700372504,nan,,,,,,,,,,
-1.7668000000000064,exhale,23262.07570037271,23261.074700372505,23261.286700372548,,,,,,,,,,
nan,pause,23262.07670037271,23262.07570037271,nan,,,,,,,,,,
2.2464424923373025,inhale,23263.330700372964,23262.07670037271,23262.28670037275,,,,,,,,,,
nan,pause,23263.331700372964,23263.330700372964,nan,,,,,,,,,,
-1.7167988035171622,exhale,23264.280700373158,23263.331700372964,23263.616700373022,,,,,,,,,,
nan,pause,23264.281700373158,23264.280700373158,nan,,,,,,,,,,
2.1731025266482122,inhale,23265.627700373432,23264.281700373158,23264.456700373194,,,,,,,,,,
nan,pause,23265.628700373432,23265.627700373432,nan,,,,,,,,,,
-1.8282148420266449,exhale,23266.564700373623,23265.628700373432,23266.276700373564,,,,,,,,,,
nan,pause,23266.565700373623,23266.564700373623,nan,,,,,,,,,,
2.4182420275251593,inhale,23267.945700373904,23266.565700373623,23266.78670037367,,,,,,,,,,
nan,pause,23267.946700373905,23267.945700373904,nan,,,,,,,,,,
-1.7501000000000064,exhale,23268.878700374094,23267.946700373905,23268.286700373974,,,,,,,,,,
nan,pause,23268.879700374095,23268.878700374094,nan,,,,,,,,,,
2.1331955902129796,inhale,23270.220700374368,23268.879700374095,23269.116700374143,,,,,,,,,,
nan,pause,23270.221700374368,23270.220700374368,nan,,,,,,,,,,
-1.733499199886816,exhale,23271.195700374567,23270.221700374368,23270.61670037445,,,,,,,,,,
nan,pause,23271.196700374567,23271.195700374567,nan,,,,,,,,,,
2.050990906315656,inhale,23272.510700374834,23271.196700374567,23271.446700374618,,,,,,,,,,
nan,pause,23272.511700374835,23272.510700374834,nan,,,,,,,,,,
-1.7494207409485019,exhale,23273.390700375014,23272.511700374835,23272.78670037489,,,,,,,,,,
nan,pause,23273.391700375014,23273.390700375014,nan,,,,,,,,,,
2.0331949256382194,inhale,23274.69170037528,23273.391700375014,23273.61670037506,,,,,,,,,,
nan,pause,23274.69270037528,23274.69170037528,nan,,,,,,,,,,
-1.5994327760617184,exhale,23275.52870037545,23274.69270037528,23274.956700375333,,,,,,,,,,
nan,pause,23275.52970037545,23275.52870037545,nan,,,,,,,,,,
1.6164971844018818,inhale,23276.86370037572,23275.52970037545,23276.61670037567,,,,,,,,,,
nan,pause,23276.86470037572,23276.86370037572,nan,,,,,,,,,,
-1.4487806622499468,exhale,23277.904700375933,23276.86470037572,23277.276700375805,,,,,,,,,,
nan,pause,23277.905700375934,23277.904700375933,nan,,,,,,,,,,
1.3498977577256683,inhale,23279.277700376213,23277.905700375934,23278.116700375977,,,,,,,,,,
nan,pause,23279.278700376213,23279.277700376213,nan,,,,,,,,,,
-1.6623797147689692,exhale,23280.29270037642,23279.278700376213,23279.786700376317,,,,,,,,,,
nan,pause,23280.29370037642,23280.29270037642,nan,,,,,,,,,,
2.179657978065759,inhale,23281.51870037667,23280.29370037642,23280.456700376453,,,,,,,,,,
nan,pause,23281.51970037667,23281.51870037667,nan,,,,,,,,,,
-1.633499178667338,exhale,23282.45670037686,23281.51970037667,23282.11670037679,,,,,,,,,,
nan,pause,23282.45770037686,23282.45670037686,nan,,,,,,,,,,
2.24989144910229,inhale,23283.716700377117,23282.45770037686,23282.616700376893,,,,,,,,,,
nan,pause,23283.717700377118,23283.716700377117,nan,,,,,,,,,,
-1.6500997172835807,exhale,23284.626700377303,23283.717700377118,23284.1167003772,,,,,,,,,,
nan,pause,23284.627700377303,23284.626700377303,nan,,,,,,,,,,
2.232900153137493,inhale,23285.865700377555,23284.627700377303,23284.786700377335,,,,,,,,,,
nan,pause,23285.866700377555,23285.865700377555,nan,,,,,,,,,,
-1.714819944853246,exhale,23286.795700377745,23285.866700377555,23286.446700377674,,,,,,,,,,
nan,pause,23286.796700377745,23286.795700377745,nan,,,,,,,,,,
2.206402508315549,inhale,23288.022700377995,23286.796700377745,23286.956700377777,,,,,,,,,,
nan,pause,23288.023700377995,23288.022700377995,nan,,,,,,,,,,
-1.6335000000000064,exhale,23288.897700378173,23288.023700377995,23288.28670037805,,,,,,,,,,
nan,pause,23288.898700378173,23288.897700378173,nan,,,,,,,,,,
2.099894218084461,inhale,23290.15470037843,23288.898700378173,23289.116700378218,,,,,,,,,,
nan,pause,23290.15570037843,23290.15470037843,nan,,,,,,,,,,
-1.5800996214414575,exhale,23291.074700378616,23290.15570037843,23290.786700378558,,,,,,,,,,
nan,pause,23291.075700378617,23291.074700378616,nan,,,,,,,,,,
2.1145009770965757,inhale,23292.341700378875,23291.075700378617,23291.28670037866,,,,,,,,,,
nan,pause,23292.342700378875,23292.341700378875,nan,,,,,,,,,,
-1.633498895612198,exhale,23293.19970037905,23292.342700378875,23292.61670037893,,,,,,,,,,
nan,pause,23293.20070037905,23293.19970037905,nan,,,,,,,,,,
1.886369130563733,inhale,23294.37670037929,23293.20070037905,23293.4467003791,,,,,,,,,,
nan,pause,23294.37770037929,23294.37670037929,nan,,,,,,,,,,
-1.782818700233519,exhale,23295.242700379466,23294.37770037929,23294.786700379373,,,,,,,,,,
nan,pause,23295.243700379466,23295.242700379466,nan,,,,,,,,,,
2.283006141305212,inhale,23296.49370037972,23295.243700379466,23295.45670037951,,,,,,,,,,
nan,pause,23296.49470037972,23296.49370037972,nan,,,,,,,,,,
-1.7161207399717862,exhale,23297.3687003799,23296.49470037972,23296.78670037978,,,,,,,,,,
nan,pause,23297.3697003799,23297.3687003799,nan,,,,,,,,,,
2.149894863979092,inhale,23298.60870038015,23297.3697003799,23297.61670037995,,,,,,,,,,
nan,pause,23298.60970038015,23298.60870038015,nan,,,,,,,,,,
-1.9321575123011518,exhale,23299.49170038033,23298.60970038015,23298.956700380222,,,,,,,,,,
nan,pause,23299.49270038033,23299.49170038033,nan,,,,,,,,,,
1.7664955537095157,inhale,23300.8107003806,23299.49270038033,23299.616700380357,,,,,,,,,,
nan,pause,23300.8117003806,23300.8107003806,nan,,,,,,,,,,
-1.9001000000000063,exhale,23301.665700380774,23300.8117003806,23301.126700380664,,,,,,,,,,
nan,pause,23301.666700380774,23301.665700380774,nan,,,,,,,,,,
2.457361593528596,inhale,23303.01570038105,23301.666700380774,23301.7867003808,,,,,,,,,,
nan,pause,23303.01670038105,23303.01570038105,nan,,,,,,,,,,
-2.0331686234198565,exhale,23303.89870038123,23303.01670038105,23303.446700381137,,,,,,,,,,
nan,pause,23303.89970038123,23303.89870038123,nan,,,,,,,,,,
1.48319584093236,inhale,23305.27970038151,23303.89970038123,23304.116700381273,,,,,,,,,,
nan,pause,23305.28070038151,23305.27970038151,nan,,,,,,,,,,
-1.780195881801918,exhale,23306.199700381698,23305.28070038151,23305.77670038161,,,,,,,,,,
nan,pause,23306.200700381698,23306.199700381698,nan,,,,,,,,,,
1.3242905739618365,inhale,23307.748700382013,23306.200700381698,23307.44670038195,,,,,,,,,,
nan,pause,23307.749700382014,23307.748700382013,nan,,,,,,,,,,
-1.595811668651203,exhale,23308.81470038223,23307.749700382014,23308.446700382156,,,,,,,,,,
nan,pause,23308.81570038223,23308.81470038223,nan,,,,,,,,,,
1.4118806551094383,inhale,23310.24070038252,23308.81570038223,23309.94670038246,,,,,,,,,,
nan,pause,23310.24170038252,23310.24070038252,nan,,,,,,,,,,
-1.824789904608869,exhale,23311.226700382722,23310.24170038252,23310.456700382565,,,,,,,,,,
nan,pause,23311.227700382722,23311.226700382722,nan,,,,,,,,,,
1.6831963648289492,inhale,23312.552700382992,23311.227700382722,23312.116700382903,,,,,,,,,,
nan,pause,23312.553700382992,23312.552700382992,nan,,,,,,,,,,
-1.6797589667088557,exhale,23313.52570038319,23312.553700382992,23312.78670038304,,,,,,,,,,
nan,pause,23313.52670038319,23313.52570038319,nan,,,,,,,,,,
1.0910594115293,inhale,23314.722700383434,23313.52670038319,23313.786700383243,,,,,,,,,,
nan,pause,23314.723700383434,23314.722700383434,nan,,,,,,,,,,
-1.2574226786673488,exhale,23315.666700383626,23314.723700383434,23314.95670038348,,,,,,,,,,
nan,pause,23315.667700383627,23315.666700383626,nan,,,,,,,,,,
0.9135293329318428,inhale,23316.837700383865,23315.667700383627,23315.946700383683,,,,,,,,,,
nan,pause,23316.838700383865,23316.837700383865,nan,,,,,,,,,,
-1.1448183962875593,exhale,23317.74070038405,23316.838700383865,23317.276700383954,,,,,,,,,,
nan,pause,23317.74170038405,23317.74070038405,nan,,,,,,,,,,
1.1331978479660159,inhale,23318.865700384278,23317.74170038405,23318.616700384227,,,,,,,,,,
nan,pause,23318.86670038428,23318.865700384278,nan,,,,,,,,,,
-1.4667982210715433,exhale,23319.80870038447,23318.86670038428,23319.11670038433,,,,,,,,,,
nan,pause,23319.80970038447,23319.80870038447,nan,,,,,,,,,,
0.5498999999999937,inhale,23323.278700385177,23319.80970038447,23319.9567003845,,,,,,,,,,
nan,pause,23323.279700385177,23323.278700385177,nan,,,,,,,,,,
-0.5255761705927919,exhale,23323.93070038531,23323.279700385177,23323.77670038528,,,,,,,,,,
nan,pause,23324.116700385348,23323.93070038531,nan,,,,,,,,,,
-0.4334967641901956,exhale,23324.736700385474,23324.116700385348,23324.61670038545,,,,,,,,,,
nan,pause,23327.296700385996,23324.736700385474,nan,,,,,,,,,,
-1.4562326343296699,exhale,23327.95270038613,23327.296700385996,23327.776700386094,,,,,,,,,,
nan,pause,23327.95370038613,23327.95270038613,nan,,,,,,,,,,
0.3664980910874566,inhale,23329.074700386358,23327.95370038613,23328.116700386163,,,,,,,,,,
nan,pause,23329.97170038654,23329.074700386358,nan,,,,,,,,,,
-1.0625097754355017,exhale,23331.024700386755,23329.97170038654,23330.446700386638,,,,,,,,,,
nan,pause,23331.025700386755,23331.024700386755,nan,,,,,,,,,,
0.5664979091414056,inhale,23332.840700387125,23331.025700386755,23331.116700386774,,,,,,,,,,
nan,pause,23331.025700386755,23332.840700387125,nan,,,,,,,,,,
0.416499510972351,inhale,23332.840700387125,23331.025700386755,23332.61670038708,,,,,,,,,,
nan,pause,23332.841700387125,23332.840700387125,nan,,,,,,,,,,
-3.3284004390867814,exhale,23333.763700387313,23332.841700387125,23333.286700387216,,,,,,,,,,
nan,pause,23333.764700387313,23333.763700387313,nan,,,,,,,,,,
2.9320552146733747,inhale,23335.487700387665,23333.764700387313,23333.94670038735,,,,,,,,,,
nan,pause,23335.488700387665,23335.487700387665,nan,,,,,,,,,,
-4.673600777199659,exhale,23336.371700387845,23335.488700387665,23335.946700387758,,,,,,,,,,
nan,pause,23336.372700387845,23336.371700387845,nan,,,,,,,,,,
3.9164883101585666,inhale,23337.887700388153,23336.372700387845,23336.616700387895,,,,,,,,,,
nan,pause,23337.888700388154,23337.887700388153,nan,,,,,,,,,,
-6.624584470163461,exhale,23338.714700388322,23337.888700388154,23338.446700388267,,,,,,,,,,
nan,pause,23338.715700388322,23338.714700388322,nan,,,,,,,,,,
4.841951776553196,inhale,23340.23470038863,23338.715700388322,23338.94670038837,,,,,,,,,,
nan,pause,23340.23570038863,23340.23470038863,nan,,,,,,,,,,
-7.339067071812675,exhale,23341.11570038881,23340.23570038863,23340.776700388742,,,,,,,,,,
nan,pause,23341.11670038881,23341.11570038881,nan,,,,,,,,,,
5.149542881840773,inhale,23342.790700389152,23341.11670038881,23341.286700388846,,,,,,,,,,
nan,pause,23342.791700389153,23342.790700389152,nan,,,,,,,,,,
-7.412162757962265,exhale,23343.631700389324,23342.791700389153,23343.446700389286,,,,,,,,,,
nan,pause,23343.632700389324,23343.631700389324,nan,,,,,,,,,,
7.049867055365696,inhale,23345.639700389733,23343.632700389324,23343.786700389355,,,,,,,,,,
nan,pause,23345.640700389733,23345.639700389733,nan,,,,,,,,,,
-6.640856749135144,exhale,23346.669700389943,23345.640700389733,23346.276700389863,,,,,,,,,,
nan,pause,23346.670700389943,23346.669700389943,nan,,,,,,,,,,
5.987023924442323,inhale,23348.27370039027,23346.670700389943,23346.94670039,,,,,,,,,,
nan,pause,23348.27470039027,23348.27370039027,nan,,,,,,,,,,
-8.166795135377612,exhale,23349.192700390457,23348.27470039027,23348.61670039034,,,,,,,,,,
nan,pause,23349.193700390457,23349.192700390457,nan,,,,,,,,,,
6.629206973932755,inhale,23350.660700390756,23349.193700390457,23349.44670039051,,,,,,,,,,
nan,pause,23350.661700390756,23350.660700390756,nan,,,,,,,,,,
-9.700091525119827,exhale,23351.538700390935,23350.661700390756,23351.11670039085,,,,,,,,,,
nan,pause,23351.539700390935,23351.538700390935,nan,,,,,,,,,,
6.986624638643847,inhale,23353.04270039124,23351.539700390935,23351.786700390985,,,,,,,,,,
nan,pause,23353.04370039124,23353.04270039124,nan,,,,,,,,,,
-8.339868212370526,exhale,23353.92570039142,23353.04370039124,23353.446700391323,,,,,,,,,,
nan,pause,23353.92670039142,23353.92570039142,nan,,,,,,,,,,
7.299876868988458,inhale,23355.406700391723,23353.92670039142,23354.11670039146,,,,,,,,,,
nan,pause,23355.407700391723,23355.406700391723,nan,,,,,,,,,,
-11.349444973251922,exhale,23356.32170039191,23355.407700391723,23355.7867003918,,,,,,,,,,
nan,pause,23356.32270039191,23356.32170039191,nan,,,,,,,,,,
6.220470461151319,inhale,23357.85170039222,23356.32270039191,23356.456700391936,,,,,,,,,,
nan,pause,23357.85270039222,23357.85170039222,nan,,,,,,,,,,
-6.613497247969709,exhale,23358.810700392416,23357.85270039222,23358.446700392342,,,,,,,,,,
nan,pause,23358.811700392416,23358.810700392416,nan,,,,,,,,,,
5.890373694725014,inhale,23360.375700392735,23358.811700392416,23358.956700392446,,,,,,,,,,
nan,pause,23360.376700392735,23360.375700392735,nan,,,,,,,,,,
-7.171947947184148,exhale,23361.322700392928,23360.376700392735,23360.94670039285,,,,,,,,,,
nan,pause,23361.323700392928,23361.322700392928,nan,,,,,,,,,,
5.380519038931834,inhale,23362.790700393227,23361.323700392928,23361.456700392955,,,,,,,,,,
nan,pause,23362.791700393227,23362.790700393227,nan,,,,,,,,,,
-9.528875458725492,exhale,23363.655700393403,23362.791700393227,23363.276700393326,,,,,,,,,,
nan,pause,23363.656700393403,23363.655700393403,nan,,,,,,,,,,
5.980860244582312,inhale,23365.16870039371,23363.656700393403,23363.78670039343,,,,,,,,,,
nan,pause,23365.16970039371,23365.16870039371,nan,,,,,,,,,,
-9.0167927881336,exhale,23366.078700393897,23365.16970039371,23365.616700393803,,,,,,,,,,
nan,pause,23366.079700393897,23366.078700393897,nan,,,,,,,,,,
6.735304754111844,inhale,23367.701700394227,23366.079700393897,23366.28670039394,,,,,,,,,,
nan,pause,23367.702700394228,23367.701700394227,nan,,,,,,,,,,
-8.050095339154618,exhale,23368.636700394418,23367.702700394228,23368.116700394312,,,,,,,,,,
nan,pause,23368.637700394418,23368.636700394418,nan,,,,,,,,,,
5.414162278707397,inhale,23370.22270039474,23368.637700394418,23368.78670039445,,,,,,,,,,
nan,pause,23370.22370039474,23370.22270039474,nan,,,,,,,,,,
-7.005575680582264,exhale,23371.15170039493,23370.22370039474,23370.776700394854,,,,,,,,,,
nan,pause,23371.15270039493,23371.15170039493,nan,,,,,,,,,,
4.812461058462111,inhale,23372.800700395266,23371.15270039493,23371.286700394958,,,,,,,,,,
nan,pause,23372.801700395266,23372.800700395266,nan,,,,,,,,,,
-7.816793514280162,exhale,23373.687700395447,23372.801700395266,23373.11670039533,,,,,,,,,,
nan,pause,23373.688700395447,23373.687700395447,nan,,,,,,,,,,
6.865245658183047,inhale,23375.215700395758,23373.688700395447,23373.9467003955,,,,,,,,,,
nan,pause,23375.21670039576,23375.215700395758,nan,,,,,,,,,,
-7.350096645707728,exhale,23376.128700395944,23375.21670039576,23375.61670039584,,,,,,,,,,
nan,pause,23376.129700395944,23376.128700395944,nan,,,,,,,,,,
4.910380511138822,inhale,23377.67670039626,23376.129700395944,23376.286700395976,,,,,,,,,,
nan,pause,23377.67770039626,23377.67670039626,nan,,,,,,,,,,
-7.300091861867017,exhale,23378.624700396453,23377.67770039626,23378.11670039635,,,,,,,,,,
nan,pause,23378.625700396453,23378.624700396453,nan,,,,,,,,,,
5.671640283809807,inhale,23380.047700396743,23378.625700396453,23378.786700396486,,,,,,,,,,
nan,pause,23380.048700396743,23380.047700396743,nan,,,,,,,,,,
-7.338220576236943,exhale,23380.978700396932,23380.048700396743,23380.446700396824,,,,,,,,,,
nan,pause,23380.979700396932,23380.978700396932,nan,,,,,,,,,,
4.849883430634948,inhale,23382.62770039727,23380.979700396932,23381.11670039696,,,,,,,,,,
nan,pause,23382.62870039727,23382.62770039727,nan,,,,,,,,,,
-6.333499156329899,exhale,23383.582700397463,23382.62870039727,23383.116700397368,,,,,,,,,,
nan,pause,23383.583700397463,23383.582700397463,nan,,,,,,,,,,
5.0767805606938845,inhale,23385.172700397787,23383.583700397463,23383.786700397504,,,,,,,,,,
nan,pause,23385.173700397787,23385.172700397787,nan,,,,,,,,,,
-5.583500000000006,exhale,23386.150700397986,23385.173700397787,23385.62670039788,,,,,,,,,,
nan,pause,23386.151700397986,23386.150700397986,nan,,,,,,,,,,
3.432859348249295,inhale,23387.671700398296,23386.151700397986,23386.286700398014,,,,,,,,,,
nan,pause,23387.672700398296,23387.671700398296,nan,,,,,,,,,,
-5.300094971068801,exhale,23388.62270039849,23387.672700398296,23388.116700398386,,,,,,,,,,
nan,pause,23388.62370039849,23388.62270039849,nan,,,,,,,,,,
5.149883437859118,inhale,23390.077700398786,23388.62370039849,23388.786700398523,,,,,,,,,,
nan,pause,23390.078700398786,23390.077700398786,nan,,,,,,,,,,
-6.2694319759934904,exhale,23391.010700398976,23390.078700398786,23390.456700398863,,,,,,,,,,
nan,pause,23391.011700398976,23391.010700398976,nan,,,,,,,,,,
3.9226330819905217,inhale,23392.633700399307,23391.011700398976,23391.27670039903,,,,,,,,,,
nan,pause,23392.634700399307,23392.633700399307,nan,,,,,,,,,,
-5.534693502824064,exhale,23393.593700399502,23392.634700399307,23392.956700399372,,,,,,,,,,
nan,pause,23393.594700399502,23393.593700399502,nan,,,,,,,,,,
4.439302923155987,inhale,23395.117700399813,23393.594700399502,23393.78670039954,,,,,,,,,,
nan,pause,23395.118700399813,23395.117700399813,nan,,,,,,,,,,
-5.700096122771736,exhale,23396.0337004,23395.118700399813,23395.616700399914,,,,,,,,,,
nan,pause,23396.0347004,23396.0337004,nan,,,,,,,,,,
3.9100825832116146,inhale,23397.533700400305,23396.0347004,23396.28670040005,,,,,,,,,,
nan,pause,23397.534700400305,23397.533700400305,nan,,,,,,,,,,
-5.309867724424146,exhale,23398.530700400508,23397.534700400305,23397.94670040039,,,,,,,,,,
nan,pause,23398.53170040051,23398.530700400508,nan,,,,,,,,,,
3.0686717324486397,inhale,23399.9717004008,23398.53170040051,23398.77670040056,,,,,,,,,,
nan,pause,23399.972700400802,23399.9717004008,nan,,,,,,,,,,
-5.330778863373677,exhale,23400.90370040099,23399.972700400802,23400.286700400866,,,,,,,,,,
nan,pause,23400.90470040099,23400.90370040099,nan,,,,,,,,,,
3.39989239105641,inhale,23402.427700401302,23400.90470040099,23401.116700401035,,,,,,,,,,
nan,pause,23402.428700401302,23402.427700401302,nan,,,,,,,,,,
-6.101841905644965,exhale,23403.29470040148,23402.428700401302,23402.786700401375,,,,,,,,,,
nan,pause,23403.29570040148,23403.29470040148,nan,,,,,,,,,,
3.9870254683383144,inhale,23404.77970040178,23403.29570040148,23403.45670040151,,,,,,,,,,
nan,pause,23404.78070040178,23404.77970040178,nan,,,,,,,,,,
-5.300097684221573,exhale,23405.737700401976,23404.78070040178,23405.11670040185,,,,,,,,,,
nan,pause,23405.738700401977,23405.737700401976,nan,,,,,,,,,,
3.569609244169886,inhale,23407.3317004023,23405.738700401977,23405.95670040202,,,,,,,,,,
nan,pause,23407.3327004023,23407.3317004023,nan,,,,,,,,,,
-3.791518582925676,exhale,23408.387700402516,23407.3327004023,23407.77670040239,,,,,,,,,,
nan,pause,23408.388700402516,23408.387700402516,nan,,,,,,,,,,
2.2831954618266286,inhale,23409.82970040281,23408.388700402516,23408.616700402563,,,,,,,,,,
nan,pause,23409.83070040281,23409.82970040281,nan,,,,,,,,,,
-2.783167855707255,exhale,23410.85470040302,23409.83070040281,23410.446700402936,,,,,,,,,,
nan,pause,23410.85570040302,23410.85470040302,nan,,,,,,,,,,
1.9998966274322347,inhale,23412.28070040331,23410.85570040302,23411.116700403072,,,,,,,,,,
nan,pause,23412.28170040331,23412.28070040331,nan,,,,,,,,,,
-2.0334984091824224,exhale,23413.35570040353,23412.28170040331,23412.616700403378,,,,,,,,,,
nan,pause,23413.35670040353,23413.35570040353,nan,,,,,,,,,,
1.5291805617586927,inhale,23414.656700403793,23413.35670040353,23413.45670040355,,,,,,,,,,
nan,pause,23414.657700403794,23414.656700403793,nan,,,,,,,,,,
-2.050099146325541,exhale,23415.682700404002,23414.657700403794,23415.116700403887,,,,,,,,,,
nan,pause,23415.683700404003,23415.682700404002,nan,,,,,,,,,,
1.3956088380234573,inhale,23417.021700404275,23415.683700404003,23415.946700404056,,,,,,,,,,
nan,pause,23417.022700404275,23417.021700404275,nan,,,,,,,,,,
-1.6334982777392728,exhale,23418.138700404503,23417.022700404275,23417.616700404396,,,,,,,,,,
nan,pause,23418.139700404503,23418.138700404503,nan,,,,,,,,,,
1.2770804957401543,inhale,23419.423700404765,23418.139700404503,23418.286700404533,,,,,,,,,,
nan,pause,23419.424700404765,23419.423700404765,nan,,,,,,,,,,
-1.5168000000000064,exhale,23420.47770040498,23419.424700404765,23419.78670040484,,,,,,,,,,
nan,pause,23420.47870040498,23420.47770040498,nan,,,,,,,,,,
1.1331957273349007,inhale,23421.80270040525,23420.47870040498,23420.616700405008,,,,,,,,,,
nan,pause,23421.80370040525,23421.80270040525,nan,,,,,,,,,,
-1.4335000000000062,exhale,23422.873700405467,23421.80370040525,23422.456700405382,,,,,,,,,,
nan,pause,23422.874700405468,23422.873700405467,nan,,,,,,,,,,
0.8831986641513501,inhale,23424.16770040573,23422.874700405468,23423.116700405517,,,,,,,,,,
nan,pause,23424.16870040573,23424.16770040573,nan,,,,,,,,,,
-1.596360981441154,exhale,23425.217700405945,23424.16870040573,23424.786700405857,,,,,,,,,,
nan,pause,23425.218700405945,23425.217700405945,nan,,,,,,,,,,
0.9789088801691553,inhale,23426.600700406227,23425.218700405945,23425.44670040599,,,,,,,,,,
nan,pause,23426.601700406227,23426.600700406227,nan,,,,,,,,,,
-1.2288093135757143,exhale,23427.715700406454,23426.601700406227,23427.4567004064,,,,,,,,,,
nan,pause,23427.716700406454,23427.715700406454,nan,,,,,,,,,,
0.7989094930998327,inhale,23429.000700406716,23427.716700406454,23427.9467004065,,,,,,,,,,
nan,pause,23429.001700406716,23429.000700406716,nan,,,,,,,,,,
-1.680195772603699,exhale,23430.122700406944,23429.001700406716,23429.776700406874,,,,,,,,,,
nan,pause,23430.123700406944,23430.122700406944,nan,,,,,,,,,,
1.5873203300323668,inhale,23431.397700407204,23430.123700406944,23430.286700406978,,,,,,,,,,
nan,pause,23431.398700407204,23431.397700407204,nan,,,,,,,,,,
-1.7133995927159769,exhale,23432.523700407433,23431.398700407204,23431.786700407283,,,,,,,,,,
nan,pause,23432.524700407434,23432.523700407433,nan,,,,,,,,,,
1.3479187609761982,inhale,23433.8257004077,23432.524700407434,23432.776700407485,,,,,,,,,,
nan,pause,23433.8267004077,23433.8257004077,nan,,,,,,,,,,
-1.6001000000000063,exhale,23435.00370040794,23433.8267004077,23434.12670040776,,,,,,,,,,
nan,pause,23435.00470040794,23435.00370040794,nan,,,,,,,,,,
1.5331935284525247,inhale,23436.42870040823,23435.00470040794,23435.11670040796,,,,,,,,,,
nan,pause,23436.42970040823,23436.42870040823,nan,,,,,,,,,,
-1.733498342484547,exhale,23437.534700408454,23436.42970040823,23437.11670040837,,,,,,,,,,
nan,pause,23437.535700408454,23437.534700408454,nan,,,,,,,,,,
1.3331964754333971,inhale,23438.862700408725,23437.535700408454,23438.616700408675,,,,,,,,,,
nan,pause,23438.863700408725,23438.862700408725,nan,,,,,,,,,,
-1.6630609781929515,exhale,23440.01470040896,23438.863700408725,23439.28670040881,,,,,,,,,,
nan,pause,23440.01570040896,23440.01470040896,nan,,,,,,,,,,
1.2658414745123465,inhale,23441.53770040927,23440.01570040896,23440.276700409013,,,,,,,,,,
nan,pause,23441.53870040927,23441.53770040927,nan,,,,,,,,,,
-1.4640808964455434,exhale,23442.72070040951,23441.53870040927,23441.78670040932,,,,,,,,,,
nan,pause,23442.72170040951,23442.72070040951,nan,,,,,,,,,,
0.9135294927514138,inhale,23444.307700409834,23442.72170040951,23442.946700409557,,,,,,,,,,
nan,pause,23444.308700409834,23444.307700409834,nan,,,,,,,,,,
-1.1834993173300847,exhale,23445.491700410075,23444.308700409834,23444.616700409897,,,,,,,,,,
nan,pause,23445.492700410075,23445.491700410075,nan,,,,,,,,,,
1.1164956357420512,inhale,23446.865700410355,23445.492700410075,23445.6167004101,,,,,,,,,,
nan,pause,23446.866700410355,23446.865700410355,nan,,,,,,,,,,
-1.3828383068707746,exhale,23447.991700410585,23446.866700410355,23447.27670041044,,,,,,,,,,
nan,pause,23447.992700410585,23447.991700410585,nan,,,,,,,,,,
1.1164951902196576,inhale,23449.379700410867,23447.992700410585,23448.11670041061,,,,,,,,,,
nan,pause,23449.380700410868,23449.379700410867,nan,,,,,,,,,,
-1.0667975374771705,exhale,23450.550700411106,23449.380700410868,23449.616700410916,,,,,,,,,,
nan,pause,23450.551700411106,23450.550700411106,nan,,,,,,,,,,
0.7277597501199966,inhale,23451.819700411364,23450.551700411106,23450.786700411154,,,,,,,,,,
nan,pause,23451.820700411365,23451.819700411364,nan,,,,,,,,,,
-1.0161383316255561,exhale,23453.038700411613,23451.820700411365,23452.276700411458,,,,,,,,,,
nan,pause,23453.039700411613,23453.038700411613,nan,,,,,,,,,,
0.4325382317383241,inhale,23454.49070041191,23453.039700411613,23453.27670041166,,,,,,,,,,
nan,pause,23453.039700411613,23454.49070041191,nan,,,,,,,,,,
0.933195601373028,inhale,23454.49070041191,23453.039700411613,23454.116700411832,,,,,,,,,,
nan,pause,23454.49170041191,23454.49070041191,nan,,,,,,,,,,
-1.0980601607860017,exhale,23455.68070041215,23454.49170041191,23454.78670041197,,,,,,,,,,
nan,pause,23455.68170041215,23455.68070041215,nan,,,,,,,,,,
1.0282496850774667,inhale,23456.99270041242,23455.68170041215,23455.946700412205,,,,,,,,,,
nan,pause,23456.99370041242,23456.99270041242,nan,,,,,,,,,,
-1.7661207334400015,exhale,23458.03770041263,23456.99370041242,23457.28670041248,,,,,,,,,,
nan,pause,23458.03870041263,23458.03770041263,nan,,,,,,,,,,
1.7005219360862005,inhale,23459.335700412896,23458.03870041263,23458.286700412682,,,,,,,,,,
nan,pause,23459.336700412896,23459.335700412896,nan,,,,,,,,,,
-2.5500966402363323,exhale,23460.318700413096,23459.336700412896,23459.616700412953,,,,,,,,,,
nan,pause,23460.319700413096,23460.318700413096,nan,,,,,,,,,,
2.555735139248793,inhale,23461.61970041336,23460.319700413096,23460.456700413124,,,,,,,,,,
nan,pause,23461.62070041336,23461.61970041336,nan,,,,,,,,,,
-2.8638286417680225,exhale,23462.614700413564,23461.62070041336,23461.946700413428,,,,,,,,,,
nan,pause,23462.615700413564,23462.614700413564,nan,,,,,,,,,,
2.9645007849626985,inhale,23464.02170041385,23462.615700413564,23462.7867004136,,,,,,,,,,
nan,pause,23464.02270041385,23464.02170041385,nan,,,,,,,,,,
-2.6324800798124985,exhale,23465.04370041406,23464.02270041385,23464.286700413904,,,,,,,,,,
nan,pause,23465.04470041406,23465.04370041406,nan,,,,,,,,,,
2.2097012116227357,inhale,23466.357700414326,23465.04470041406,23465.286700414108,,,,,,,,,,
nan,pause,23466.358700414326,23466.357700414326,nan,,,,,,,,,,
-2.9667953383831636,exhale,23467.333700414525,23466.358700414326,23466.61670041438,,,,,,,,,,
nan,pause,23467.334700414525,23467.333700414525,nan,,,,,,,,,,
1.5641215455527306,inhale,23468.764700414817,23467.334700414525,23468.28670041472,,,,,,,,,,
nan,pause,23468.765700414817,23468.764700414817,nan,,,,,,,,,,
-2.9621093076569434,exhale,23469.742700415016,23468.765700414817,23468.956700414856,,,,,,,,,,
nan,pause,23469.743700415016,23469.742700415016,nan,,,,,,,,,,
2.3469035964258484,inhale,23471.04670041528,23469.743700415016,23469.946700415057,,,,,,,,,,
nan,pause,23471.04770041528,23471.04670041528,nan,,,,,,,,,,
-3.176699169337529,exhale,23472.034700415483,23471.04770041528,23471.28670041533,,,,,,,,,,
nan,pause,23472.035700415483,23472.034700415483,nan,,,,,,,,,,
2.9271210916142967,inhale,23473.331700415747,23472.035700415483,23472.286700415534,,,,,,,,,,
nan,pause,23473.332700415747,23473.331700415747,nan,,,,,,,,,,
-3.1834948052417906,exhale,23474.33470041595,23473.332700415747,23473.616700415805,,,,,,,,,,
nan,pause,23474.33570041595,23474.33470041595,nan,,,,,,,,,,
2.0724801383281983,inhale,23475.638700416217,23474.33570041595,23474.456700415976,,,,,,,,,,
nan,pause,23475.639700416217,23475.638700416217,nan,,,,,,,,,,
-2.8644195046422216,exhale,23476.58970041641,23475.639700416217,23475.786700416247,,,,,,,,,,
nan,pause,23476.59070041641,23476.58970041641,nan,,,,,,,,,,
2.5029024138768547,inhale,23477.888700416675,23476.59070041641,23476.78670041645,,,,,,,,,,
nan,pause,23477.889700416676,23477.888700416675,nan,,,,,,,,,,
-2.5334958033428303,exhale,23478.89170041688,23477.889700416676,23478.116700416722,,,,,,,,,,
nan,pause,23478.89270041688,23478.89170041688,nan,,,,,,,,,,
2.416493043207486,inhale,23480.290700417165,23478.89270041688,23479.116700416926,,,,,,,,,,
nan,pause,23480.291700417165,23480.290700417165,nan,,,,,,,,,,
-2.2335000000000065,exhale,23481.285700417367,23480.291700417165,23480.4567004172,,,,,,,,,,
nan,pause,23481.286700417368,23481.285700417367,nan,,,,,,,,,,
2.1598036020448736,inhale,23482.61570041764,23481.286700417368,23481.456700417402,,,,,,,,,,
nan,pause,23482.61670041764,23482.61570041764,nan,,,,,,,,,,
-2.2960203147281444,exhale,23483.65970041785,23482.61670041764,23482.786700417673,,,,,,,,,,
nan,pause,23483.66070041785,23483.65970041785,nan,,,,,,,,,,
2.3668812579348533,inhale,23485.011700418127,23483.66070041785,23483.786700417877,,,,,,,,,,
nan,pause,23485.012700418127,23485.011700418127,nan,,,,,,,,,,
-2.0593198959336725,exhale,23486.034700418335,23485.012700418127,23485.286700418183,,,,,,,,,,
nan,pause,23486.035700418335,23486.034700418335,nan,,,,,,,,,,
2.115182066218582,inhale,23487.457700418625,23486.035700418335,23486.286700418386,,,,,,,,,,
nan,pause,23487.458700418625,23487.457700418625,nan,,,,,,,,,,
-1.8473808889517698,exhale,23488.478700418833,23487.458700418625,23487.786700418692,,,,,,,,,,
nan,pause,23488.479700418833,23488.478700418833,nan,,,,,,,,,,
2.116494783790912,inhale,23489.724700419087,23488.479700418833,23488.61670041886,,,,,,,,,,
nan,pause,23489.725700419087,23489.724700419087,nan,,,,,,,,,,
-1.759432352566635,exhale,23490.696700419285,23489.725700419087,23489.956700419134,,,,,,,,,,
nan,pause,23490.697700419285,23490.696700419285,nan,,,,,,,,,,
2.326470674102813,inhale,23491.973700419545,23490.697700419285,23490.946700419336,,,,,,,,,,
nan,pause,23491.974700419545,23491.973700419545,nan,,,,,,,,,,
-1.4800995803905046,exhale,23492.98570041975,23491.974700419545,23492.28670041961,,,,,,,,,,
nan,pause,23492.98670041975,23492.98570041975,nan,,,,,,,,,,
2.1366910054234785,inhale,23494.246700420008,23492.98670041975,23493.27670041981,,,,,,,,,,
nan,pause,23494.24770042001,23494.246700420008,nan,,,,,,,,,,
-1.201393455277684,exhale,23495.202700420203,23494.24770042001,23494.45670042005,,,,,,,,,,
nan,pause,23495.203700420203,23495.202700420203,nan,,,,,,,,,,
1.5364991594922992,inhale,23496.493700420466,23495.203700420203,23495.456700420254,,,,,,,,,,
nan,pause,23496.494700420466,23496.493700420466,nan,,,,,,,,,,
-1.6167957096990528,exhale,23497.368700420644,23496.494700420466,23497.116700420593,,,,,,,,,,
nan,pause,23497.369700420644,23497.368700420644,nan,,,,,,,,,,
1.9831966280727988,inhale,23498.6247004209,23497.369700420644,23497.616700420695,,,,,,,,,,
nan,pause,23498.6257004209,23498.6247004209,nan,,,,,,,,,,
-1.583499331776309,exhale,23499.5997004211,23498.6257004209,23499.116700421,,,,,,,,,,
nan,pause,23499.6007004211,23499.5997004211,nan,,,,,,,,,,
1.9614003882161715,inhale,23500.915700421367,23499.6007004211,23499.786700421137,,,,,,,,,,
nan,pause,23500.916700421367,23500.915700421367,nan,,,,,,,,,,
-1.8335000000000063,exhale,23501.847700421557,23500.916700421367,23501.12670042141,,,,,,,,,,
nan,pause,23501.848700421557,23501.847700421557,nan,,,,,,,,,,
2.5998924932574834,inhale,23503.154700421823,23501.848700421557,23502.11670042161,,,,,,,,,,
nan,pause,23503.155700421823,23503.154700421823,nan,,,,,,,,,,
-1.883499608048905,exhale,23504.12670042202,23503.155700421823,23503.616700421917,,,,,,,,,,
nan,pause,23504.12770042202,23504.12670042202,nan,,,,,,,,,,
2.8447430104197022,inhale,23505.462700422293,23504.12770042202,23504.286700422053,,,,,,,,,,
nan,pause,23505.463700422293,23505.462700422293,nan,,,,,,,,,,
-2.0807788461739767,exhale,23506.407700422486,23505.463700422293,23505.78670042236,,,,,,,,,,
nan,pause,23506.408700422486,23506.407700422486,nan,,,,,,,,,,
1.8164967651531305,inhale,23507.823700422774,23506.408700422486,23506.616700422528,,,,,,,,,,
nan,pause,23507.824700422774,23507.823700422774,nan,,,,,,,,,,
-1.883498248101422,exhale,23508.88570042299,23507.824700422774,23508.116700422834,,,,,,,,,,
nan,pause,23508.88670042299,23508.88570042299,nan,,,,,,,,,,
1.94989553377334,inhale,23510.236700423266,23508.88670042299,23509.116700423037,,,,,,,,,,
nan,pause,23510.237700423266,23510.236700423266,nan,,,,,,,,,,
-2.066798642119743,exhale,23511.19570042346,23510.237700423266,23510.616700423343,,,,,,,,,,
nan,pause,23511.19670042346,23511.19570042346,nan,,,,,,,,,,
2.1006596275683034,inhale,23512.577700423742,23511.19670042346,23511.446700423512,,,,,,,,,,
nan,pause,23512.578700423743,23512.577700423742,nan,,,,,,,,,,
-1.800099782198983,exhale,23513.579700423947,23512.578700423743,23513.116700423852,,,,,,,,,,
nan,pause,23513.580700423947,23513.579700423947,nan,,,,,,,,,,
1.8549422301588225,inhale,23515.150700424267,23513.580700423947,23513.78670042399,,,,,,,,,,
nan,pause,23515.151700424267,23515.150700424267,nan,,,,,,,,,,
-1.5331593456062975,exhale,23516.179700424476,23515.151700424267,23515.786700424396,,,,,,,,,,
nan,pause,23516.180700424477,23516.179700424476,nan,,,,,,,,,,
1.5815491200800393,inhale,23517.654700424777,23516.180700424477,23516.44670042453,,,,,,,,,,
nan,pause,23517.655700424777,23517.654700424777,nan,,,,,,,,,,
-1.7121809586630157,exhale,23518.679700424986,23517.655700424777,23517.946700424836,,,,,,,,,,
nan,pause,23518.680700424986,23518.679700424986,nan,,,,,,,,,,
1.059900694433497,inhale,23519.988700425252,23518.680700424986,23518.94670042504,,,,,,,,,,
nan,pause,23519.989700425253,23519.988700425252,nan,,,,,,,,,,
-1.1161207308761234,exhale,23521.076700425474,23519.989700425253,23520.286700425313,,,,,,,,,,
nan,pause,23521.077700425474,23521.076700425474,nan,,,,,,,,,,
1.0944597271413352,inhale,23522.353700425734,23521.077700425474,23521.286700425517,,,,,,,,,,
nan,pause,23522.354700425734,23522.353700425734,nan,,,,,,,,,,
-1.2167984433128014,exhale,23523.387700425945,23522.354700425734,23522.616700425788,,,,,,,,,,
nan,pause,23523.388700425945,23523.387700425945,nan,,,,,,,,,,
0.9831979456718514,inhale,23524.74370042622,23523.388700425945,23523.61670042599,,,,,,,,,,
nan,pause,23524.74470042622,23524.74370042622,nan,,,,,,,,,,
-1.6834991929528704,exhale,23525.705700426417,23524.74470042622,23525.116700426297,,,,,,,,,,
nan,pause,23525.706700426417,23525.705700426417,nan,,,,,,,,,,
1.3890106258772068,inhale,23527.060700426693,23525.706700426417,23525.946700426466,,,,,,,,,,
nan,pause,23527.061700426693,23527.060700426693,nan,,,,,,,,,,
-1.7641190254003296,exhale,23528.03070042689,23527.061700426693,23527.456700426774,,,,,,,,,,
nan,pause,23528.03170042689,23528.03070042689,nan,,,,,,,,,,
1.636300332073523,inhale,23529.35470042716,23528.03170042689,23528.286700426943,,,,,,,,,,
nan,pause,23529.35570042716,23529.35470042716,nan,,,,,,,,,,
-1.9811194969406885,exhale,23530.323700427358,23529.35570042716,23529.78670042725,,,,,,,,,,
nan,pause,23530.324700427358,23530.323700427358,nan,,,,,,,,,,
1.6972190251557715,inhale,23531.685700427635,23530.324700427358,23530.456700427385,,,,,,,,,,
nan,pause,23531.686700427636,23531.685700427635,nan,,,,,,,,,,
-2.000099593883289,exhale,23532.631700427828,23531.686700427636,23532.116700427723,,,,,,,,,,
nan,pause,23532.63270042783,23532.631700427828,nan,,,,,,,,,,
1.83936010152676,inhale,23534.06470042812,23532.63270042783,23532.78670042786,,,,,,,,,,
nan,pause,23534.06570042812,23534.06470042812,nan,,,,,,,,,,
-1.8334989321248603,exhale,23535.04770042832,23534.06570042812,23534.616700428232,,,,,,,,,,
nan,pause,23535.04870042832,23535.04770042832,nan,,,,,,,,,,
1.7240206792658033,inhale,23536.46970042861,23535.04870042832,23535.28670042837,,,,,,,,,,
nan,pause,23536.47070042861,23536.46970042861,nan,,,,,,,,,,
-1.1151008055869516,exhale,23537.44670042881,23536.47070042861,23536.786700428675,,,,,,,,,,
nan,pause,23537.44770042881,23537.44670042881,nan,,,,,,,,,,
1.0498969153045017,inhale,23538.53570042903,23537.44770042881,23537.616700428844,,,,,,,,,,
nan,pause,23538.53670042903,23538.53570042903,nan,,,,,,,,,,
-1.2647601505202233,exhale,23539.57070042924,23538.53670042903,23538.786700429082,,,,,,,,,,
nan,pause,23539.571700429242,23539.57070042924,nan,,,,,,,,,,
0.8456094719683765,inhale,23540.8377004295,23539.571700429242,23540.44670042942,,,,,,,,,,
nan,pause,23540.8387004295,23540.8377004295,nan,,,,,,,,,,
-1.0500991719182364,exhale,23541.86370042971,23540.8387004295,23541.116700429557,,,,,,,,,,
nan,pause,23541.86470042971,23541.86370042971,nan,,,,,,,,,,
0.9831966285962335,inhale,23543.223700429986,23541.86470042971,23542.11670042976,,,,,,,,,,
nan,pause,23543.224700429986,23543.223700429986,nan,,,,,,,,,,
-1.0971298492368295,exhale,23544.213700430188,23543.224700429986,23543.946700430133,,,,,,,,,,
nan,pause,23544.214700430188,23544.213700430188,nan,,,,,,,,,,
0.7965989376356764,inhale,23545.65470043048,23544.214700430188,23544.446700430235,,,,,,,,,,
nan,pause,23545.65570043048,23545.65470043048,nan,,,,,,,,,,
-0.88151904926647,exhale,23546.63670043068,23545.65570043048,23546.276700430608,,,,,,,,,,
nan,pause,23546.63770043068,23546.63670043068,nan,,,,,,,,,,
0.9475194945161188,inhale,23548.027700430965,23546.63770043068,23546.78670043071,,,,,,,,,,
nan,pause,23548.028700430965,23548.027700430965,nan,,,,,,,,,,
-0.6808588824179769,exhale,23548.99070043116,23548.028700430965,23548.44670043105,,,,,,,,,,
nan,pause,23548.99170043116,23548.99070043116,nan,,,,,,,,,,
0.5664980908892792,inhale,23550.332700431434,23548.99170043116,23549.116700431186,,,,,,,,,,
nan,pause,23550.333700431434,23550.332700431434,nan,,,,,,,,,,
-1.0001000000000064,exhale,23551.19970043161,23550.333700431434,23550.95670043156,,,,,,,,,,
nan,pause,23551.20070043161,23551.19970043161,nan,,,,,,,,,,
1.3429695038793863,inhale,23552.683700431913,23551.20070043161,23551.44670043166,,,,,,,,,,
nan,pause,23552.684700431913,23552.683700431913,nan,,,,,,,,,,
-2.635575998126101,exhale,23553.55270043209,23552.684700431913,23553.276700432034,,,,,,,,,,
nan,pause,23553.55370043209,23553.55270043209,nan,,,,,,,,,,
2.830860027844846,inhale,23555.0707004324,23553.55370043209,23553.786700432138,,,,,,,,,,
nan,pause,23555.0717004324,23555.0707004324,nan,,,,,,,,,,
-4.266800000000006,exhale,23555.95570043258,23555.0717004324,23555.456700432478,,,,,,,,,,
nan,pause,23555.95670043258,23555.95570043258,nan,,,,,,,,,,
4.1164870166460075,inhale,23557.901700432976,23555.95670043258,23556.116700432613,,,,,,,,,,
nan,pause,23557.902700432976,23557.901700432976,nan,,,,,,,,,,
-7.158981247809472,exhale,23558.828700433165,23557.902700432976,23558.286700433055,,,,,,,,,,
nan,pause,23558.829700433165,23558.828700433165,nan,,,,,,,,,,
4.203725328982636,inhale,23560.801700433567,23558.829700433165,23558.95670043319,,,,,,,,,,
nan,pause,23560.802700433567,23560.801700433567,nan,,,,,,,,,,
-8.311845051854787,exhale,23561.770700433764,23560.802700433567,23561.4467004337,,,,,,,,,,
nan,pause,23561.771700433765,23561.770700433764,nan,,,,,,,,,,
5.1677443488821515,inhale,23563.85270043419,23561.771700433765,23561.956700433802,,,,,,,,,,
nan,pause,23563.85370043419,23563.85270043419,nan,,,,,,,,,,
-9.207748098653846,exhale,23564.8967004344,23563.85370043419,23564.276700434275,,,,,,,,,,
nan,pause,23564.8977004344,23564.8967004344,nan,,,,,,,,,,
5.633186776702693,inhale,23567.117700434854,23564.8977004344,23565.116700434446,,,,,,,,,,
nan,pause,23567.118700434854,23567.117700434854,nan,,,,,,,,,,
-9.950095919789282,exhale,23568.17270043507,23567.118700434854,23567.616700434955,,,,,,,,,,
nan,pause,23568.17370043507,23568.17270043507,nan,,,,,,,,,,
6.095705968107563,inhale,23570.24870043549,23568.17370043507,23568.446700435125,,,,,,,,,,
nan,pause,23570.249700435492,23570.24870043549,nan,,,,,,,,,,
-9.732081975001227,exhale,23571.289700435704,23570.249700435492,23570.7867004356,,,,,,,,,,
nan,pause,23571.290700435704,23571.289700435704,nan,,,,,,,,,,
8.949878577932246,inhale,23573.2417004361,23571.290700435704,23571.61670043577,,,,,,,,,,
nan,pause,23573.2427004361,23573.2417004361,nan,,,,,,,,,,
-9.17464477378323,exhale,23574.26770043631,23573.2427004361,23573.456700436145,,,,,,,,,,
nan,pause,23574.26870043631,23574.26770043631,nan,,,,,,,,,,
9.355721683304962,inhale,23575.972700436658,23574.26870043631,23574.45670043635,,,,,,,,,,
nan,pause,23575.973700436658,23575.972700436658,nan,,,,,,,,,,
-9.733487110323432,exhale,23576.938700436855,23575.973700436658,23576.61670043679,,,,,,,,,,
nan,pause,23576.939700436855,23576.938700436855,nan,,,,,,,,,,
8.066480907877216,inhale,23578.53570043718,23576.939700436855,23577.11670043689,,,,,,,,,,
nan,pause,23578.53670043718,23578.53570043718,nan,,,,,,,,,,
-9.006600728158762,exhale,23579.537700437384,23578.53670043718,23578.78670043723,,,,,,,,,,
nan,pause,23579.538700437384,23579.537700437384,nan,,,,,,,,,,
6.227444657212236,inhale,23581.196700437722,23579.538700437384,23579.786700437435,,,,,,,,,,
nan,pause,23581.197700437722,23581.196700437722,nan,,,,,,,,,,
-10.766789258131814,exhale,23582.16970043792,23581.197700437722,23581.616700437808,,,,,,,,,,
nan,pause,23582.17070043792,23582.16970043792,nan,,,,,,,,,,
7.230092284676861,inhale,23583.797700438252,23582.17070043792,23582.446700437977,,,,,,,,,,
nan,pause,23583.798700438252,23583.797700438252,nan,,,,,,,,,,
-11.266783243845722,exhale,23584.758700438448,23583.798700438252,23584.116700438317,,,,,,,,,,
nan,pause,23584.759700438448,23584.758700438448,nan,,,,,,,,,,
6.944343887907812,inhale,23586.422700438787,23584.759700438448,23584.956700438488,,,,,,,,,,
nan,pause,23586.423700438787,23586.422700438787,nan,,,,,,,,,,
-11.814824190068174,exhale,23587.448700438996,23586.423700438787,23586.78670043886,,,,,,,,,,
nan,pause,23587.449700438996,23587.448700438996,nan,,,,,,,,,,
7.966472413978765,inhale,23589.03470043932,23587.449700438996,23587.61670043903,,,,,,,,,,
nan,pause,23589.03570043932,23589.03470043932,nan,,,,,,,,,,
-10.362831385492136,exhale,23590.02770043952,23589.03570043932,23589.446700439403,,,,,,,,,,
nan,pause,23590.02870043952,23590.02770043952,nan,,,,,,,,,,
5.712801442263165,inhale,23591.622700439846,23590.02870043952,23590.286700439574,,,,,,,,,,
nan,pause,23591.623700439846,23591.622700439846,nan,,,,,,,,,,
-11.657179348988178,exhale,23592.597700440045,23591.623700439846,23591.956700439914,,,,,,,,,,
nan,pause,23592.598700440045,23592.597700440045,nan,,,,,,,,,,
8.158762222450527,inhale,23594.19770044037,23592.598700440045,23592.786700440083,,,,,,,,,,
nan,pause,23594.19870044037,23594.19770044037,nan,,,,,,,,,,
-9.08191424571912,exhale,23595.22370044058,23594.19870044037,23594.456700440423,,,,,,,,,,
nan,pause,23595.22470044058,23595.22370044058,nan,,,,,,,,,,
6.708168731148519,inhale,23596.8017004409,23595.22470044058,23595.456700440627,,,,,,,,,,
nan,pause,23596.8027004409,23596.8017004409,nan,,,,,,,,,,
-10.183481865481918,exhale,23597.759700441096,23596.8027004409,23597.116700440965,,,,,,,,,,
nan,pause,23597.760700441097,23597.759700441096,nan,,,,,,,,,,
8.187352172746152,inhale,23599.19770044139,23597.760700441097,23597.946700441134,,,,,,,,,,
nan,pause,23599.19870044139,23599.19770044139,nan,,,,,,,,,,
-10.550478893951002,exhale,23600.13270044158,23599.19870044139,23599.456700441442,,,,,,,,,,
nan,pause,23600.13370044158,23600.13270044158,nan,,,,,,,,,,
5.693439772894297,inhale,23601.768700441913,23600.13370044158,23600.28670044161,,,,,,,,,,
nan,pause,23601.769700441913,23601.768700441913,nan,,,,,,,,,,
-9.833481185903402,exhale,23602.79070044212,23601.769700441913,23602.116700441984,,,,,,,,,,
nan,pause,23602.79170044212,23602.79070044212,nan,,,,,,,,,,
7.181374984343466,inhale,23604.34770044244,23602.79170044212,23602.956700442155,,,,,,,,,,
nan,pause,23604.34870044244,23604.34770044244,nan,,,,,,,,,,
-10.891707916535243,exhale,23605.346700442642,23604.34870044244,23604.776700442526,,,,,,,,,,
nan,pause,23605.347700442642,23605.346700442642,nan,,,,,,,,,,
6.783183357408739,inhale,23606.996700442978,23605.347700442642,23605.616700442697,,,,,,,,,,
nan,pause,23606.99770044298,23606.996700442978,nan,,,,,,,,,,
-8.181443143863756,exhale,23608.0877004432,23606.99770044298,23607.286700443037,,,,,,,,,,
nan,pause,23608.0887004432,23608.0877004432,nan,,,,,,,,,,
6.447161829182303,inhale,23609.61370044351,23608.0887004432,23608.28670044324,,,,,,,,,,
nan,pause,23609.61470044351,23609.61370044351,nan,,,,,,,,,,
-8.60522279578727,exhale,23610.612700443715,23609.61470044351,23609.94670044358,,,,,,,,,,
nan,pause,23610.613700443715,23610.612700443715,nan,,,,,,,,,,
6.853662532389412,inhale,23612.189700444036,23610.613700443715,23610.78670044375,,,,,,,,,,
nan,pause,23612.190700444036,23612.189700444036,nan,,,,,,,,,,
-9.066789794235454,exhale,23613.18370044424,23612.190700444036,23612.616700444123,,,,,,,,,,
nan,pause,23613.18470044424,23613.18370044424,nan,,,,,,,,,,
5.865249476104003,inhale,23614.638700444535,23613.18470044424,23613.446700444292,,,,,,,,,,
nan,pause,23614.639700444535,23614.638700444535,nan,,,,,,,,,,
-9.41057452701532,exhale,23615.582700444727,23614.639700444535,23614.946700444598,,,,,,,,,,
nan,pause,23615.583700444728,23615.582700444727,nan,,,,,,,,,,
6.274384748622324,inhale,23617.003700445017,23615.583700444728,23615.78670044477,,,,,,,,,,
nan,pause,23617.004700445017,23617.003700445017,nan,,,,,,,,,,
-8.812362607142157,exhale,23618.00670044522,23617.004700445017,23617.286700445075,,,,,,,,,,
nan,pause,23618.00770044522,23618.00670044522,nan,,,,,,,,,,
4.749992719336642,inhale,23619.52870044553,23618.00770044522,23618.276700445276,,,,,,,,,,
nan,pause,23619.52970044553,23619.52870044553,nan,,,,,,,,,,
-7.395475278344888,exhale,23620.570700445744,23619.52970044553,23619.946700445616,,,,,,,,,,
nan,pause,23620.571700445744,23620.570700445744,nan,,,,,,,,,,
5.071341966984061,inhale,23622.088700446053,23620.571700445744,23620.786700445788,,,,,,,,,,
nan,pause,23622.089700446053,23622.088700446053,nan,,,,,,,,,,
-7.083265501456932,exhale,23623.091700446257,23622.089700446053,23622.446700446126,,,,,,,,,,
nan,pause,23623.092700446257,23623.091700446257,nan,,,,,,,,,,
4.184939668177896,inhale,23624.652700446575,23623.092700446257,23623.286700446297,,,,,,,,,,
nan,pause,23624.653700446575,23624.652700446575,nan,,,,,,,,,,
-6.29737393005756,exhale,23625.718700446792,23624.653700446575,23624.956700446637,,,,,,,,,,
nan,pause,23625.719700446793,23625.718700446792,nan,,,,,,,,,,
4.612713269855294,inhale,23627.18070044709,23625.719700446793,23625.94670044684,,,,,,,,,,
nan,pause,23627.18170044709,23627.18070044709,nan,,,,,,,,,,
-7.457228392767277,exhale,23628.224700447303,23627.18170044709,23627.456700447146,,,,,,,,,,
nan,pause,23628.225700447303,23628.224700447303,nan,,,,,,,,,,
3.6476960699230583,inhale,23629.78970044762,23628.225700447303,23628.45670044735,,,,,,,,,,
nan,pause,23629.790700447622,23629.78970044762,nan,,,,,,,,,,
-5.150092084298848,exhale,23630.832700447834,23629.790700447622,23630.11670044769,,,,,,,,,,
nan,pause,23630.833700447834,23630.832700447834,nan,,,,,,,,,,
3.485686782671983,inhale,23632.545700448183,23630.833700447834,23630.95670044786,,,,,,,,,,
nan,pause,23632.546700448183,23632.545700448183,nan,,,,,,,,,,
-6.272960038380016,exhale,23633.50370044838,23632.546700448183,23632.786700448232,,,,,,,,,,
nan,pause,23633.50470044838,23633.50370044838,nan,,,,,,,,,,
5.736509506175302,inhale,23634.906700448664,23633.50470044838,23633.776700448434,,,,,,,,,,
nan,pause,23634.907700448664,23634.906700448664,nan,,,,,,,,,,
-2.5314601386656936,exhale,23636.091700448906,23634.907700448664,23635.786700448843,,,,,,,,,,
nan,pause,23636.092700448906,23636.091700448906,nan,,,,,,,,,,
2.3349396565259943,inhale,23637.566700449206,23636.092700448906,23636.286700448945,,,,,,,,,,
nan,pause,23637.567700449206,23637.566700449206,nan,,,,,,,,,,
-1.9785503198286234,exhale,23638.71270044944,23637.567700449206,23638.446700449385,,,,,,,,,,
nan,pause,23638.71370044944,23638.71270044944,nan,,,,,,,,,,
2.296699343829876,inhale,23640.013700449705,23638.71370044944,23638.946700449487,,,,,,,,,,
nan,pause,23640.014700449705,23640.013700449705,nan,,,,,,,,,,
-1.9315192131135044,exhale,23641.093700449925,23640.014700449705,23640.446700449793,,,,,,,,,,
nan,pause,23641.094700449925,23641.093700449925,nan,,,,,,,,,,
2.1189209659546564,inhale,23642.59270045023,23641.094700449925,23641.286700449964,,,,,,,,,,
nan,pause,23642.59370045023,23642.59270045023,nan,,,,,,,,,,
-1.2970402067153148,exhale,23643.452700450405,23642.59370045023,23642.78670045027,,,,,,,,,,
nan,pause,23643.77770045047,23643.452700450405,nan,,,,,,,,,,
-0.751619759412435,exhale,23644.12070045054,23643.77770045047,23643.946700450506,,,,,,,,,,
nan,pause,23644.12170045054,23644.12070045054,nan,,,,,,,,,,
2.8853036782306662,inhale,23644.437700450606,23644.12170045054,23644.286700450575,,,,,,,,,,
nan,pause,23644.958700450712,23644.437700450606,nan,,,,,,,,,,
-0.6834950149746547,exhale,23645.274700450776,23644.958700450712,23645.116700450744,,,,,,,,,,
nan,pause,23647.21470045117,23645.274700450776,nan,,,,,,,,,,
-1.1334926373852787,exhale,23648.259700451385,23647.21470045117,23648.116700451355,,,,,,,,,,
nan,pause,23649.973700451734,23648.259700451385,nan,,,,,,,,,,
-1.3471239733554095,exhale,23651.060700451955,23649.973700451734,23650.946700451932,,,,,,,,,,
nan,pause,23651.061700451955,23651.060700451955,nan,,,,,,,,,,
1.267358848399991,inhale,23652.377700452224,23651.061700451955,23651.446700452034,,,,,,,,,,
nan,pause,23652.99170045235,23652.377700452224,nan,,,,,,,,,,
-1.132838415414015,exhale,23654.36870045263,23652.99170045235,23653.946700452543,,,,,,,,,,
nan,pause,23654.36970045263,23654.36870045263,nan,,,,,,,,,,
0.9998969303957798,inhale,23655.982700452958,23654.36970045263,23654.61670045268,,,,,,,,,,
nan,pause,23655.983700452958,23655.982700452958,nan,,,,,,,,,,
-1.4277190258784342,exhale,23657.092700453184,23655.983700452958,23656.28670045302,,,,,,,,,,
nan,pause,23657.093700453184,23657.092700453184,nan,,,,,,,,,,
0.9285799409808478,inhale,23658.240700453418,23657.093700453184,23657.446700453256,,,,,,,,,,
nan,pause,23659.641700453703,23658.240700453418,nan,,,,,,,,,,
-1.465477466679372,exhale,23660.90270045396,23659.641700453703,23660.776700453935,,,,,,,,,,
nan,pause,23660.90370045396,23660.90270045396,nan,,,,,,,,,,
1.7498932504072804,inhale,23662.537700454293,23660.90370045396,23661.116700454004,,,,,,,,,,
nan,pause,23662.538700454294,23662.537700454293,nan,,,,,,,,,,
-1.5164692341321822,exhale,23663.682700454527,23662.538700454294,23662.946700454377,,,,,,,,,,
nan,pause,23663.683700454527,23663.682700454527,nan,,,,,,,,,,
1.464460135243755,inhale,23665.12370045482,23663.683700454527,23663.786700454548,,,,,,,,,,
nan,pause,23665.12470045482,23665.12370045482,nan,,,,,,,,,,
-1.4490800675302282,exhale,23666.088700455017,23665.12470045482,23665.286700454853,,,,,,,,,,
nan,pause,23666.089700455017,23666.088700455017,nan,,,,,,,,,,
0.5298977876846339,inhale,23666.58670045512,23666.089700455017,23666.44670045509,,,,,,,,,,
nan,pause,23668.431700455494,23666.58670045512,nan,,,,,,,,,,
-1.5000940033859145,exhale,23669.73370045576,23668.431700455494,23668.616700455532,,,,,,,,,,
nan,pause,23669.73470045576,23669.73370045576,nan,,,,,,,,,,
1.6101012611280974,inhale,23671.125700456043,23669.73470045576,23669.946700455803,,,,,,,,,,
nan,pause,23671.126700456043,23671.125700456043,nan,,,,,,,,,,
-1.713399543923405,exhale,23672.23570045627,23671.126700456043,23671.286700456076,,,,,,,,,,
nan,pause,23672.23670045627,23672.23570045627,nan,,,,,,,,,,
1.3953825681185412,inhale,23673.652700456558,23672.23670045627,23672.446700456312,,,,,,,,,,
nan,pause,23673.653700456558,23673.652700456558,nan,,,,,,,,,,
-1.6582204492111499,exhale,23674.74070045678,23673.653700456558,23673.946700456618,,,,,,,,,,
nan,pause,23674.74170045678,23674.74070045678,nan,,,,,,,,,,
1.1486813305471524,inhale,23676.152700457067,23674.74170045678,23674.94670045682,,,,,,,,,,
nan,pause,23676.153700457067,23676.152700457067,nan,,,,,,,,,,
-1.5418518704388267,exhale,23677.25170045729,23676.153700457067,23676.446700457127,,,,,,,,,,
nan,pause,23677.25270045729,23677.25170045729,nan,,,,,,,,,,
1.2431995426678664,inhale,23678.61770045757,23677.25270045729,23677.456700457333,,,,,,,,,,
nan,pause,23678.61870045757,23678.61770045757,nan,,,,,,,,,,
-1.6497705011659407,exhale,23679.672700457784,23678.61870045757,23678.946700457636,,,,,,,,,,
nan,pause,23679.673700457784,23679.672700457784,nan,,,,,,,,,,
1.1298978837331208,inhale,23681.151700458086,23679.673700457784,23679.94670045784,,,,,,,,,,
nan,pause,23681.152700458086,23681.151700458086,nan,,,,,,,,,,
-1.6282183337634937,exhale,23682.227700458305,23681.152700458086,23681.446700458146,,,,,,,,,,
nan,pause,23682.228700458305,23682.227700458305,nan,,,,,,,,,,
1.1847204813025645,inhale,23683.63370045859,23682.228700458305,23682.44670045835,,,,,,,,,,
nan,pause,23683.63470045859,23683.63370045859,nan,,,,,,,,,,
-1.4587610574009044,exhale,23684.70070045881,23683.63470045859,23683.956700458657,,,,,,,,,,
nan,pause,23684.70170045881,23684.70070045881,nan,,,,,,,,,,
1.3572605003095841,inhale,23685.964700459066,23684.70170045881,23684.94670045886,,,,,,,,,,
nan,pause,23685.965700459066,23685.964700459066,nan,,,,,,,,,,
-1.446360922861507,exhale,23687.01270045928,23685.965700459066,23686.28670045913,,,,,,,,,,
nan,pause,23687.01370045928,23687.01270045928,nan,,,,,,,,,,
1.3899949430885865,inhale,23688.363700459555,23687.01370045928,23687.276700459333,,,,,,,,,,
nan,pause,23688.364700459555,23688.363700459555,nan,,,,,,,,,,
-1.6334965922135094,exhale,23689.402700459766,23688.364700459555,23688.616700459606,,,,,,,,,,
nan,pause,23689.403700459767,23689.402700459766,nan,,,,,,,,,,
1.1331982562033127,inhale,23690.780700460047,23689.403700459767,23689.61670045981,,,,,,,,,,
nan,pause,23690.781700460047,23690.780700460047,nan,,,,,,,,,,
-1.6667979189266482,exhale,23691.68270046023,23690.781700460047,23691.116700460116,,,,,,,,,,
nan,pause,23691.68370046023,23691.68270046023,nan,,,,,,,,,,
0.9930990794939921,inhale,23692.388700460375,23691.68370046023,23691.786700460252,,,,,,,,,,
nan,pause,23692.5087004604,23692.388700460375,nan,,,,,,,,,,
0.9785092757098287,inhale,23693.30470046056,23692.5087004604,23692.95670046049,,,,,,,,,,
nan,pause,23693.30570046056,23693.30470046056,nan,,,,,,,,,,
-1.5167987954932236,exhale,23694.399700460785,23693.30570046056,23693.616700460625,,,,,,,,,,
nan,pause,23694.400700460785,23694.399700460785,nan,,,,,,,,,,
1.4331950029410754,inhale,23695.9477004611,23694.400700460785,23694.61670046083,,,,,,,,,,
nan,pause,23695.9487004611,23695.9477004611,nan,,,,,,,,,,
-1.1164677973535158,exhale,23696.803700461274,23695.9487004611,23696.4467004612,,,,,,,,,,
nan,pause,23696.804700461274,23696.803700461274,nan,,,,,,,,,,
0.525937606702467,inhale,23697.430700461402,23696.804700461274,23697.27670046137,,,,,,,,,,
nan,pause,23697.498700461416,23697.430700461402,nan,,,,,,,,,,
0.5331972993115455,inhale,23698.816700461684,23697.498700461416,23698.616700461644,,,,,,,,,,
nan,pause,23698.817700461685,23698.816700461684,nan,,,,,,,,,,
-1.0075568453637023,exhale,23700.086700461943,23698.817700461685,23699.946700461915,,,,,,,,,,
nan,pause,23700.087700461943,23700.086700461943,nan,,,,,,,,,,
0.9622116176870027,inhale,23701.262700462183,23700.087700461943,23700.446700462016,,,,,,,,,,
nan,pause,23701.69570046227,23701.262700462183,nan,,,,,,,,,,
-1.3594323050756782,exhale,23702.830700462502,23701.69570046227,23701.956700462324,,,,,,,,,,
nan,pause,23702.831700462502,23702.830700462502,nan,,,,,,,,,,
0.9071225680408656,inhale,23704.317700462805,23702.831700462502,23702.956700462528,,,,,,,,,,
nan,pause,23704.318700462805,23704.317700462805,nan,,,,,,,,,,
-1.1667980298025218,exhale,23705.42570046303,23704.318700462805,23704.616700462866,,,,,,,,,,
nan,pause,23705.42670046303,23705.42570046303,nan,,,,,,,,,,
1.1331960339795162,inhale,23706.89570046333,23705.42670046303,23705.61670046307,,,,,,,,,,
nan,pause,23706.89670046333,23706.89570046333,nan,,,,,,,,,,
-1.2167974286657417,exhale,23707.958700463547,23706.89670046333,23707.116700463375,,,,,,,,,,
nan,pause,23707.959700463547,23707.958700463547,nan,,,,,,,,,,
1.099895877356375,inhale,23709.455700463852,23707.959700463547,23708.11670046358,,,,,,,,,,
nan,pause,23709.456700463852,23709.455700463852,nan,,,,,,,,,,
-1.3473808527861664,exhale,23710.53070046407,23709.456700463852,23709.78670046392,,,,,,,,,,
nan,pause,23710.53170046407,23710.53070046407,nan,,,,,,,,,,
1.1120816404965905,inhale,23711.914700464353,23710.53170046407,23710.786700464123,,,,,,,,,,
nan,pause,23711.915700464353,23711.914700464353,nan,,,,,,,,,,
-1.3461379048605635,exhale,23712.98170046457,23711.915700464353,23712.276700464427,,,,,,,,,,
nan,pause,23712.98270046457,23712.98170046457,nan,,,,,,,,,,
1.1831950455858051,inhale,23714.718700464924,23712.98270046457,23713.116700464598,,,,,,,,,,
nan,pause,23714.719700464924,23714.718700464924,nan,,,,,,,,,,
-1.1308190101162356,exhale,23715.86870046516,23714.719700464924,23714.956700464973,,,,,,,,,,
nan,pause,23715.86970046516,23715.86870046516,nan,,,,,,,,,,
0.8164972549525099,inhale,23717.416700465474,23715.86970046516,23716.11670046521,,,,,,,,,,
nan,pause,23717.417700465474,23717.416700465474,nan,,,,,,,,,,
-1.0477215099992978,exhale,23718.505700465696,23717.417700465474,23717.78670046555,,,,,,,,,,
nan,pause,23718.506700465696,23718.505700465696,nan,,,,,,,,,,
1.099895759210781,inhale,23719.993700466,23718.506700465696,23718.616700465718,,,,,,,,,,
nan,pause,23719.994700466,23719.993700466,nan,,,,,,,,,,
-0.9828379809685788,exhale,23721.020700466208,23719.994700466,23720.77670046616,,,,,,,,,,
nan,pause,23721.021700466208,23721.020700466208,nan,,,,,,,,,,
1.0459379592190694,inhale,23722.4487004665,23721.021700466208,23721.27670046626,,,,,,,,,,
nan,pause,23722.4497004665,23722.4487004665,nan,,,,,,,,,,
-1.1434977474927928,exhale,23723.416700466696,23722.4497004665,23723.276700466668,,,,,,,,,,
nan,pause,23723.417700466696,23723.416700466696,nan,,,,,,,,,,
1.6998927145128584,inhale,23724.800700466978,23723.417700466696,23723.616700466737,,,,,,,,,,
nan,pause,23724.80170046698,23724.800700466978,nan,,,,,,,,,,
-1.3334931607195428,exhale,23725.78670046718,23724.80170046698,23725.616700467144,,,,,,,,,,
nan,pause,23725.78770046718,23725.78670046718,nan,,,,,,,,,,
1.487170318138456,inhale,23727.16370046746,23725.78770046718,23725.956700467214,,,,,,,,,,
nan,pause,23727.16470046746,23727.16370046746,nan,,,,,,,,,,
-1.083499769333965,exhale,23728.174700467665,23727.16470046746,23727.61670046755,,,,,,,,,,
nan,pause,23728.175700467666,23728.174700467665,nan,,,,,,,,,,
1.2315503286199245,inhale,23729.637700467963,23728.175700467666,23728.44670046772,,,,,,,,,,
nan,pause,23729.638700467964,23729.637700467963,nan,,,,,,,,,,
-1.1981197250996873,exhale,23730.70170046818,23729.638700467964,23729.946700468026,,,,,,,,,,
nan,pause,23730.70270046818,23730.70170046818,nan,,,,,,,,,,
1.0436293549705449,inhale,23731.96870046844,23730.70270046818,23730.94670046823,,,,,,,,,,
nan,pause,23731.96970046844,23731.96870046844,nan,,,,,,,,,,
-1.3460202537445334,exhale,23732.96270046864,23731.96970046844,23732.286700468503,,,,,,,,,,
nan,pause,23732.96370046864,23732.96270046864,nan,,,,,,,,,,
1.7331924910506027,inhale,23734.355700468925,23732.96370046864,23733.116700468672,,,,,,,,,,
nan,pause,23734.356700468925,23734.355700468925,nan,,,,,,,,,,
-1.1835000000000062,exhale,23735.36970046913,23734.356700468925,23734.956700469047,,,,,,,,,,
nan,pause,23735.37070046913,23735.36970046913,nan,,,,,,,,,,
1.3664970075117873,inhale,23736.6817004694,23735.37070046913,23735.61670046918,,,,,,,,,,
nan,pause,23736.6827004694,23736.6817004694,nan,,,,,,,,,,
-1.232828747211286,exhale,23737.697700469605,23736.6827004694,23736.956700469455,,,,,,,,,,
nan,pause,23737.698700469606,23737.697700469605,nan,,,,,,,,,,
1.4992287471908639,inhale,23738.868700469844,23737.698700469606,23737.95670046966,,,,,,,,,,
nan,pause,23738.869700469844,23738.868700469844,nan,,,,,,,,,,
-1.4001000000000063,exhale,23739.859700470046,23738.869700469844,23739.456700469964,,,,,,,,,,
nan,pause,23739.860700470046,23739.859700470046,nan,,,,,,,,,,
1.5664965982146926,inhale,23741.193700470318,23739.860700470046,23740.1167004701,,,,,,,,,,
nan,pause,23741.194700470318,23741.193700470318,nan,,,,,,,,,,
-1.4804401885668856,exhale,23742.176700470518,23741.194700470318,23741.78670047044,,,,,,,,,,
nan,pause,23742.177700470518,23742.176700470518,nan,,,,,,,,,,
1.6292382044845772,inhale,23743.482700470784,23742.177700470518,23742.446700470573,,,,,,,,,,
nan,pause,23743.483700470784,23743.482700470784,nan,,,,,,,,,,
-1.4474607758853493,exhale,23744.458700470983,23743.483700470784,23743.94670047088,,,,,,,,,,
nan,pause,23744.459700470983,23744.458700470983,nan,,,,,,,,,,
1.7331945838848637,inhale,23745.738700471244,23744.459700470983,23744.616700471015,,,,,,,,,,
nan,pause,23745.739700471244,23745.738700471244,nan,,,,,,,,,,
-1.5834977813526299,exhale,23746.684700471436,23745.739700471244,23746.11670047132,,,,,,,,,,
nan,pause,23746.685700471437,23746.684700471436,nan,,,,,,,,,,
2.446369027905153,inhale,23748.008700471706,23746.685700471437,23746.94670047149,,,,,,,,,,
nan,pause,23748.009700471706,23748.008700471706,nan,,,,,,,,,,
-1.5335000000000063,exhale,23748.949700471898,23748.009700471706,23748.626700471832,,,,,,,,,,
nan,pause,23748.950700471898,23748.949700471898,nan,,,,,,,,,,
2.2998902947701336,inhale,23750.399700472193,23748.950700471898,23749.116700471932,,,,,,,,,,
nan,pause,23750.400700472193,23750.399700472193,nan,,,,,,,,,,
-1.6133995277271234,exhale,23751.390700472395,23750.400700472193,23750.786700472272,,,,,,,,,,
nan,pause,23751.391700472395,23751.390700472395,nan,,,,,,,,,,
1.349897030193307,inhale,23752.83270047269,23751.391700472395,23751.61670047244,,,,,,,,,,
nan,pause,23752.83370047269,23752.83270047269,nan,,,,,,,,,,
-1.6667970052528591,exhale,23753.8747004729,23752.83370047269,23753.116700472747,,,,,,,,,,
nan,pause,23753.8757004729,23753.8747004729,nan,,,,,,,,,,
1.549894752525713,inhale,23755.20270047317,23753.8757004729,23754.11670047295,,,,,,,,,,
nan,pause,23755.203700473172,23755.20270047317,nan,,,,,,,,,,
-1.3161287468337133,exhale,23756.22070047338,23755.203700473172,23755.456700473223,,,,,,,,,,
nan,pause,23756.22170047338,23756.22070047338,nan,,,,,,,,,,
1.6453820036610942,inhale,23757.512700473642,23756.22170047338,23756.446700473425,,,,,,,,,,
nan,pause,23757.513700473643,23757.512700473642,nan,,,,,,,,,,
-1.5956816280552133,exhale,23758.506700473845,23757.513700473643,23757.786700473698,,,,,,,,,,
nan,pause,23758.507700473845,23758.506700473845,nan,,,,,,,,,,
1.2831947983632959,inhale,23759.828700474114,23758.507700473845,23758.616700473867,,,,,,,,,,
nan,pause,23759.829700474114,23759.828700474114,nan,,,,,,,,,,
-1.6167980523208791,exhale,23760.712700474294,23759.829700474114,23760.116700474173,,,,,,,,,,
nan,pause,23760.713700474294,23760.712700474294,nan,,,,,,,,,,
1.211740967724511,inhale,23761.948700474546,23760.713700474294,23761.28670047441,,,,,,,,,,
nan,pause,23761.949700474546,23761.948700474546,nan,,,,,,,,,,
-1.3001000000000063,exhale,23762.931700474746,23761.949700474546,23762.126700474582,,,,,,,,,,
nan,pause,23762.932700474747,23762.931700474746,nan,,,,,,,,,,
1.0164959134498184,inhale,23764.235700475012,23762.932700474747,23763.116700474784,,,,,,,,,,
nan,pause,23764.236700475012,23764.235700475012,nan,,,,,,,,,,
-1.1788092655124405,exhale,23765.221700475213,23764.236700475012,23764.456700475057,,,,,,,,,,
nan,pause,23765.222700475213,23765.221700475213,nan,,,,,,,,,,
0.8923087325724308,inhale,23766.597700475493,23765.222700475213,23765.44670047526,,,,,,,,,,
nan,pause,23766.598700475493,23766.597700475493,nan,,,,,,,,,,
-0.8661207208240934,exhale,23767.6217004757,23766.598700475493,23767.286700475634,,,,,,,,,,
nan,pause,23767.622700475702,23767.6217004757,nan,,,,,,,,,,
0.9607210271381078,inhale,23768.871700475956,23767.622700475702,23767.786700475735,,,,,,,,,,
nan,pause,23768.872700475957,23768.871700475956,nan,,,,,,,,,,
-0.9315197702832265,exhale,23769.847700476155,23768.872700475957,23769.446700476074,,,,,,,,,,
nan,pause,23769.848700476155,23769.847700476155,nan,,,,,,,,,,
0.7485574930755363,inhale,23771.230700476437,23769.848700476155,23769.956700476178,,,,,,,,,,
nan,pause,23771.231700476437,23771.230700476437,nan,,,,,,,,,,
-0.8484007816634109,exhale,23772.211700476637,23771.231700476437,23771.78670047655,,,,,,,,,,
nan,pause,23772.212700476637,23772.211700476637,nan,,,,,,,,,,
1.0229692140095445,inhale,23773.573700476914,23772.212700476637,23772.446700476685,,,,,,,,,,
nan,pause,23773.574700476915,23773.573700476914,nan,,,,,,,,,,
-0.8151506578415652,exhale,23774.544700477112,23773.574700476915,23773.94670047699,,,,,,,,,,
nan,pause,23774.545700477112,23774.544700477112,nan,,,,,,,,,,
0.9233412680710656,inhale,23775.834700477375,23774.545700477112,23774.78670047716,,,,,,,,,,
nan,pause,23775.835700477375,23775.834700477375,nan,,,,,,,,,,
-0.7834988981888991,exhale,23776.718700477555,23775.835700477375,23776.116700477432,,,,,,,,,,
nan,pause,23776.719700477555,23776.718700477555,nan,,,,,,,,,,
1.0056101543218776,inhale,23777.96370047781,23776.719700477555,23776.9467004776,,,,,,,,,,
nan,pause,23777.96470047781,23777.96370047781,nan,,,,,,,,,,
-1.0835000000000063,exhale,23778.879700477995,23777.96470047781,23778.286700477875,,,,,,,,,,
nan,pause,23778.880700477996,23778.879700477995,nan,,,,,,,,,,
1.0831956451601195,inhale,23780.337700478292,23778.880700477996,23779.116700478044,,,,,,,,,,
nan,pause,23780.338700478293,23780.337700478292,nan,,,,,,,,,,
-2.3667845341284686,exhale,23781.25870047848,23780.338700478293,23781.11670047845,,,,,,,,,,
nan,pause,23781.25970047848,23781.25870047848,nan,,,,,,,,,,
2.550372880581566,inhale,23782.994700478834,23781.25970047848,23781.45670047852,,,,,,,,,,
nan,pause,23782.995700478834,23782.994700478834,nan,,,,,,,,,,
-5.498761512007956,exhale,23783.882700479015,23782.995700478834,23783.456700478928,,,,,,,,,,
nan,pause,23783.883700479015,23783.882700479015,nan,,,,,,,,,,
4.633181001510452,inhale,23785.72570047939,23783.883700479015,23784.116700479062,,,,,,,,,,
nan,pause,23785.72670047939,23785.72570047939,nan,,,,,,,,,,
-9.433484585038817,exhale,23786.60670047957,23785.72670047939,23786.11670047947,,,,,,,,,,
nan,pause,23786.60770047957,23786.60670047957,nan,,,,,,,,,,
8.827126251009894,inhale,23789.004700480058,23786.60770047957,23786.786700479606,,,,,,,,,,
nan,pause,23789.00570048006,23789.004700480058,nan,,,,,,,,,,
-107.17766131695171,pause,23791.297700480525,23789.00570048006,23790.78670048042,,,,,,,,,,
nan,pause,23791.298700480525,23791.297700480525,nan,,,,,,,,,,
176.27528373137733,pause,23794.89770048126,23791.298700480525,23791.776700480623,,,,,,,,,,
nan,pause,23791.298700480525,23794.89770048126,nan,,,,,,,,,,
0.6153717733509801,inhale,23794.89770048126,23791.298700480525,23794.776700481234,,,,,,,,,,
nan,pause,23795.505700481383,23794.89770048126,nan,,,,,,,,,,
0.7023110441251779,inhale,23796.101700481504,23795.505700481383,23795.946700481472,,,,,,,,,,
nan,pause,23796.366700481558,23796.101700481504,nan,,,,,,,,,,
-0.4322810367748565,exhale,23796.5777004816,23796.366700481558,23796.446700481574,,,,,,,,,,
nan,pause,23796.86070048166,23796.5777004816,nan,,,,,,,,,,
0.2988003500056944,inhale,23797.20670048173,23796.86070048166,23797.11570048171,,,,,,,,,,
nan,pause,23798.33270048196,23797.20670048173,nan,,,,,,,,,,
-0.39005128676804535,exhale,23798.673700482028,23798.33270048196,23798.456700481984,,,,,,,,,,
nan,pause,23799.408700482178,23798.673700482028,nan,,,,,,,,,,
-0.3586404744919161,exhale,23799.935700482285,23799.408700482178,23799.786700482255,,,,,,,,,,
nan,pause,23800.24570048235,23799.935700482285,nan,,,,,,,,,,
0.490989390931455,inhale,23800.584700482417,23800.24570048235,23800.44670048239,,,,,,,,,,
nan,pause,23801.22870048255,23800.584700482417,nan,,,,,,,,,,
0.40891086314069186,inhale,23801.699700482644,23801.22870048255,23801.446700482593,,,,,,,,,,
nan,pause,23801.700700482645,23801.699700482644,nan,,,,,,,,,,
-0.3628395807618105,exhale,23802.930700482895,23801.700700482645,23802.446700482797,,,,,,,,,,
nan,pause,23803.40470048299,23802.930700482895,nan,,,,,,,,,,
0.599895199638286,inhale,23803.758700483064,23803.40470048299,23803.616700483035,,,,,,,,,,
nan,pause,23804.408700483196,23803.758700483064,nan,,,,,,,,,,
-0.41679558792628874,exhale,23804.71770048326,23804.408700483196,23804.61670048324,,,,,,,,,,
nan,pause,23805.481700483415,23804.71770048326,nan,,,,,,,,,,
0.720960707338239,inhale,23806.646700483652,23805.481700483415,23805.786700483477,,,,,,,,,,
nan,pause,23806.83570048369,23806.646700483652,nan,,,,,,,,,,
0.6929689293100434,inhale,23807.96670048392,23806.83570048369,23807.446700483815,,,,,,,,,,
nan,pause,23807.96770048392,23807.96670048392,nan,,,,,,,,,,
-3.86208123463388,exhale,23808.54670048404,23807.96770048392,23808.286700483986,,,,,,,,,,
nan,pause,23808.54770048404,23808.54670048404,nan,,,,,,,,,,
2.0498860920282027,inhale,23809.950700484325,23808.54770048404,23808.616700484054,,,,,,,,,,
nan,pause,23809.951700484326,23809.950700484325,nan,,,,,,,,,,
-7.116759353031311,exhale,23810.770700484492,23809.951700484326,23810.61670048446,,,,,,,,,,
nan,pause,23810.771700484493,23810.770700484492,nan,,,,,,,,,,
4.096158980642469,inhale,23811.704700484683,23810.771700484493,23810.95670048453,,,,,,,,,,
nan,pause,23813.342700485016,23811.704700484683,nan,,,,,,,,,,
-8.766758043900985,exhale,23814.312700485214,23813.342700485016,23814.116700485174,,,,,,,,,,
nan,pause,23814.313700485214,23814.312700485214,nan,,,,,,,,,,
6.352615867797572,inhale,23814.952700485344,23814.313700485214,23814.456700485243,,,,,,,,,,
nan,pause,23816.36070048563,23814.952700485344,nan,,,,,,,,,,
-10.133448128145286,exhale,23817.29470048582,23816.36070048563,23817.116700485785,,,,,,,,,,
nan,pause,23817.29570048582,23817.29470048582,nan,,,,,,,,,,
7.281179929959946,inhale,23819.178700486205,23817.29570048582,23817.456700485855,,,,,,,,,,
nan,pause,23819.179700486206,23819.178700486205,nan,,,,,,,,,,
-11.50008025097085,exhale,23819.98470048637,23819.179700486206,23819.616700486295,,,,,,,,,,
nan,pause,23819.98570048637,23819.98470048637,nan,,,,,,,,,,
9.833161158875727,inhale,23821.46770048667,23819.98570048637,23820.116700486396,,,,,,,,,,
nan,pause,23821.468700486672,23821.46770048667,nan,,,,,,,,,,
-11.04515026445042,exhale,23822.284700486838,23821.468700486672,23821.94670048677,,,,,,,,,,
nan,pause,23822.28570048684,23822.284700486838,nan,,,,,,,,,,
10.070897932499102,inhale,23823.937700487175,23822.28570048684,23822.456700486873,,,,,,,,,,
nan,pause,23823.938700487175,23823.937700487175,nan,,,,,,,,,,
-10.41191485953228,exhale,23824.872700487365,23823.938700487175,23824.45670048728,,,,,,,,,,
nan,pause,23824.873700487366,23824.872700487365,nan,,,,,,,,,,
7.983174782668315,inhale,23826.534700487704,23824.873700487366,23825.116700487415,,,,,,,,,,
nan,pause,23826.535700487704,23826.534700487704,nan,,,,,,,,,,
-11.996702556120926,exhale,23827.380700487876,23826.535700487704,23826.95670048779,,,,,,,,,,
nan,pause,23827.381700487877,23827.380700487876,nan,,,,,,,,,,
9.999856763642805,inhale,23828.87570048818,23827.381700487877,23827.616700487924,,,,,,,,,,
nan,pause,23828.87670048818,23828.87570048818,nan,,,,,,,,,,
-13.273582300848298,exhale,23829.70870048835,23828.87670048818,23829.446700488297,,,,,,,,,,
nan,pause,23829.70970048835,23829.70870048835,nan,,,,,,,,,,
9.549176082742772,inhale,23831.306700488676,23829.70970048835,23829.9467004884,,,,,,,,,,
nan,pause,23831.307700488676,23831.306700488676,nan,,,,,,,,,,
-11.866784305292063,exhale,23832.191700488856,23831.307700488676,23831.61670048874,,,,,,,,,,
nan,pause,23832.192700488857,23832.191700488856,nan,,,,,,,,,,
9.343593784144499,inhale,23833.63570048915,23832.192700488857,23832.44670048891,,,,,,,,,,
nan,pause,23833.63670048915,23833.63570048915,nan,,,,,,,,,,
-14.57856563520906,exhale,23834.440700489315,23833.63670048915,23833.956700489216,,,,,,,,,,
nan,pause,23834.441700489315,23834.440700489315,nan,,,,,,,,,,
10.733164898521855,inhale,23835.89370048961,23834.441700489315,23834.61670048935,,,,,,,,,,
nan,pause,23835.89470048961,23835.89370048961,nan,,,,,,,,,,
-14.292644575494005,exhale,23836.710700489777,23835.89470048961,23836.28670048969,,,,,,,,,,
nan,pause,23836.711700489777,23836.710700489777,nan,,,,,,,,,,
15.251040474158646,inhale,23838.264700490094,23836.711700489777,23836.946700489825,,,,,,,,,,
nan,pause,23838.265700490094,23838.264700490094,nan,,,,,,,,,,
-8.216335234405634,exhale,23839.205700490285,23838.265700490094,23838.946700490233,,,,,,,,,,
nan,pause,23839.206700490286,23839.205700490285,nan,,,,,,,,,,
7.5232664303724155,inhale,23840.724700490595,23839.206700490286,23839.446700490334,,,,,,,,,,
nan,pause,23840.725700490595,23840.724700490595,nan,,,,,,,,,,
-15.150074889689709,exhale,23841.58170049077,23840.725700490595,23841.116700490675,,,,,,,,,,
nan,pause,23841.58270049077,23841.58170049077,nan,,,,,,,,,,
9.087643214574136,inhale,23843.170700491093,23841.58270049077,23841.78670049081,,,,,,,,,,
nan,pause,23843.171700491093,23843.170700491093,nan,,,,,,,,,,
-13.319855382794595,exhale,23844.03370049127,23843.171700491093,23843.45670049115,,,,,,,,,,
nan,pause,23844.03470049127,23844.03370049127,nan,,,,,,,,,,
8.375090905267149,inhale,23845.737700491616,23844.03470049127,23844.27670049132,,,,,,,,,,
nan,pause,23845.738700491616,23845.737700491616,nan,,,,,,,,,,
-12.71677382781502,exhale,23846.59370049179,23845.738700491616,23846.116700491693,,,,,,,,,,
nan,pause,23846.59470049179,23846.59370049179,nan,,,,,,,,,,
8.425759975810436,inhale,23848.16270049211,23846.59470049179,23846.78670049183,,,,,,,,,,
nan,pause,23848.16370049211,23848.16270049211,nan,,,,,,,,,,
-10.264595832434066,exhale,23849.064700492294,23848.16370049211,23848.45670049217,,,,,,,,,,
nan,pause,23849.065700492294,23849.064700492294,nan,,,,,,,,,,
8.170602532903766,inhale,23850.5717004926,23849.065700492294,23849.28670049234,,,,,,,,,,
nan,pause,23850.5727004926,23850.5717004926,nan,,,,,,,,,,
-9.594663921594758,exhale,23851.435700492777,23850.5727004926,23850.946700492677,,,,,,,,,,
nan,pause,23851.436700492777,23851.435700492777,nan,,,,,,,,,,
6.049878922346361,inhale,23852.937700493083,23851.436700492777,23851.616700492814,,,,,,,,,,
nan,pause,23852.938700493083,23852.937700493083,nan,,,,,,,,,,
-5.901612758633249,exhale,23853.79970049326,23852.938700493083,23853.276700493152,,,,,,,,,,
nan,pause,23853.80070049326,23853.79970049326,nan,,,,,,,,,,
5.541861015848933,inhale,23855.108700493525,23853.80070049326,23853.95670049329,,,,,,,,,,
nan,pause,23855.109700493525,23855.108700493525,nan,,,,,,,,,,
-4.998778061721668,exhale,23856.01070049371,23855.109700493525,23855.446700493594,,,,,,,,,,
nan,pause,23856.01170049371,23856.01070049371,nan,,,,,,,,,,
5.039619444559192,inhale,23857.38170049399,23856.01170049371,23856.276700493763,,,,,,,,,,
nan,pause,23857.38270049399,23857.38170049399,nan,,,,,,,,,,
-4.200091524778375,exhale,23858.338700494183,23857.38270049399,23857.616700494036,,,,,,,,,,
nan,pause,23858.339700494183,23858.338700494183,nan,,,,,,,,,,
3.5624805073745107,inhale,23859.69570049446,23858.339700494183,23858.456700494207,,,,,,,,,,
nan,pause,23859.69670049446,23859.69570049446,nan,,,,,,,,,,
-4.232634311125201,exhale,23860.652700494655,23859.69670049446,23859.956700494513,,,,,,,,,,
nan,pause,23860.653700494655,23860.652700494655,nan,,,,,,,,,,
3.0298975357792624,inhale,23862.072700494944,23860.653700494655,23860.946700494715,,,,,,,,,,
nan,pause,23862.073700494944,23862.072700494944,nan,,,,,,,,,,
-3.4893840313572038,exhale,23863.057700495145,23862.073700494944,23862.456700495022,,,,,,,,,,
nan,pause,23863.058700495145,23863.057700495145,nan,,,,,,,,,,
3.2253811049361016,inhale,23864.469700495432,23863.058700495145,23863.28670049519,,,,,,,,,,
nan,pause,23864.470700495433,23864.469700495432,nan,,,,,,,,,,
-3.7178601685775896,exhale,23865.421700495626,23864.470700495433,23864.786700495497,,,,,,,,,,
nan,pause,23865.422700495626,23865.421700495626,nan,,,,,,,,,,
5.516480613040113,inhale,23866.987700495945,23865.422700495626,23865.616700495666,,,,,,,,,,
nan,pause,23866.988700495946,23866.987700495945,nan,,,,,,,,,,
-2.2974601607941896,exhale,23868.102700496172,23866.988700495946,23867.44670049604,,,,,,,,,,
nan,pause,23868.103700496173,23868.102700496172,nan,,,,,,,,,,
1.7427603858801726,inhale,23869.446700496446,23868.103700496173,23868.28670049621,,,,,,,,,,
nan,pause,23869.447700496446,23869.446700496446,nan,,,,,,,,,,
-3.5317987317968536,exhale,23870.373700496635,23869.447700496446,23869.786700496516,,,,,,,,,,
nan,pause,23870.374700496635,23870.373700496635,nan,,,,,,,,,,
3.2831904164550005,inhale,23871.81570049693,23870.374700496635,23870.616700496685,,,,,,,,,,
nan,pause,23871.81670049693,23871.81570049693,nan,,,,,,,,,,
-3.100095281416093,exhale,23872.84770049714,23871.81670049693,23872.11670049699,,,,,,,,,,
nan,pause,23872.84870049714,23872.84770049714,nan,,,,,,,,,,
2.449536694265664,inhale,23873.612700497295,23872.84870049714,23873.44670049726,,,,,,,,,,
nan,pause,23874.1317004974,23873.612700497295,nan,,,,,,,,,,
-0.8297010951821047,exhale,23874.42470049746,23874.1317004974,23874.286700497432,,,,,,,,,,
nan,pause,23875.487700497677,23874.42470049746,nan,,,,,,,,,,
0.6998936213406758,inhale,23875.761700497733,23875.487700497677,23875.616700497703,,,,,,,,,,
nan,pause,23882.262700499057,23875.761700497733,nan,,,,,,,,,,
2.749878102063201,inhale,23882.77170049916,23882.262700499057,23882.61670049913,,,,,,,,,,
nan,pause,23882.77270049916,23882.77170049916,nan,,,,,,,,,,
-0.8654795977673129,exhale,23883.4557004993,23882.77270049916,23883.286700499266,,,,,,,,,,
nan,pause,23885.727700499763,23883.4557004993,nan,,,,,,,,,,
-2.700087212726968,exhale,23886.423700499905,23885.727700499763,23886.116700499842,,,,,,,,,,
nan,pause,23888.70170050037,23886.423700499905,nan,,,,,,,,,,
1.0620774278523464,inhale,23889.067700500444,23888.70170050037,23888.94670050042,,,,,,,,,,
nan,pause,23889.068700500444,23889.067700500444,nan,,,,,,,,,,
-0.4500936125336627,exhale,23889.261700500483,23889.068700500444,23889.116700500454,,,,,,,,,,
nan,pause,23892.2817005011,23889.261700500483,nan,,,,,,,,,,
-1.5500955349029781,exhale,23892.945700501234,23892.2817005011,23892.616700501167,,,,,,,,,,
nan,pause,23895.060700501665,23892.945700501234,nan,,,,,,,,,,
-1.5998015712290663,exhale,23895.56970050177,23895.060700501665,23895.28670050171,,,,,,,,,,
nan,pause,23897.44970050215,23895.56970050177,nan,,,,,,,,,,
-1.6158062033943874,exhale,23898.206700502305,23897.44970050215,23897.946700502252,,,,,,,,,,
nan,pause,23898.207700502306,23898.206700502305,nan,,,,,,,,,,
0.4257197108476667,inhale,23898.785700502423,23898.207700502306,23898.28670050232,,,,,,,,,,
nan,pause,23899.782700502627,23898.785700502423,nan,,,,,,,,,,
-1.7300994972699648,exhale,23900.562700502785,23899.782700502627,23900.28670050273,,,,,,,,,,
nan,pause,23900.563700502786,23900.562700502785,nan,,,,,,,,,,
0.7331924841876768,inhale,23902.45170050317,23900.563700502786,23900.616700502796,,,,,,,,,,
nan,pause,23902.45270050317,23902.45170050317,nan,,,,,,,,,,
-0.8817987284333447,exhale,23903.0827005033,23902.45270050317,23902.78670050324,,,,,,,,,,
nan,pause,23906.66470050403,23903.0827005033,nan,,,,,,,,,,
-1.4667958347114556,exhale,23907.55170050421,23906.66470050403,23907.11670050412,,,,,,,,,,
nan,pause,23907.55270050421,23907.55170050421,nan,,,,,,,,,,
0.7164944331414075,inhale,23908.967700504498,23907.55270050421,23907.616700504223,,,,,,,,,,
nan,pause,23908.968700504498,23908.967700504498,nan,,,,,,,,,,
-0.830856691628971,exhale,23910.020700504712,23908.968700504498,23909.776700504663,,,,,,,,,,
nan,pause,23910.021700504712,23910.020700504712,nan,,,,,,,,,,
0.3831975122620801,inhale,23911.28770050497,23910.021700504712,23910.116700504732,,,,,,,,,,
nan,pause,23911.28870050497,23911.28770050497,nan,,,,,,,,,,
-0.9164690336826137,exhale,23912.241700505165,23911.28870050497,23911.946700505105,,,,,,,,,,
nan,pause,23912.242700505165,23912.241700505165,nan,,,,,,,,,,
0.31550950360887065,inhale,23913.63570050545,23912.242700505165,23912.446700505207,,,,,,,,,,
nan,pause,23913.63670050545,23913.63570050545,nan,,,,,,,,,,
-0.8317987272612128,exhale,23914.693700505664,23913.63670050545,23914.28670050558,,,,,,,,,,
nan,pause,23914.694700505665,23914.693700505664,nan,,,,,,,,,,
0.3648007671056693,inhale,23915.098700505747,23914.694700505665,23914.786700505683,,,,,,,,,,
nan,pause,23917.785700506294,23915.098700505747,nan,,,,,,,,,,
3.559938694663262,inhale,23918.10970050636,23917.785700506294,23917.946700506327,,,,,,,,,,
nan,pause,23918.293700506398,23918.10970050636,nan,,,,,,,,,,
-1.1334913773514237,exhale,23918.773700506496,23918.293700506398,23918.616700506464,,,,,,,,,,
nan,pause,23921.032700506956,23918.773700506496,nan,,,,,,,,,,
-0.9668000000000063,exhale,23921.676700507087,23921.032700506956,23921.286700507007,,,,,,,,,,
nan,pause,23923.15870050739,23921.676700507087,nan,,,,,,,,,,
-0.5661207144550945,exhale,23924.086700507578,23923.15870050739,23923.786700507517,,,,,,,,,,
nan,pause,23924.516700507666,23924.086700507578,nan,,,,,,,,,,
-1.7285498070914267,exhale,23926.385700508046,23924.516700507666,23925.946700507957,,,,,,,,,,
nan,pause,23926.386700508046,23926.385700508046,nan,,,,,,,,,,
1.1164955064119393,inhale,23927.836700508342,23926.386700508046,23926.616700508093,,,,,,,,,,
nan,pause,23927.837700508342,23927.836700508342,nan,,,,,,,,,,
-1.550096521294501,exhale,23928.870700508553,23927.837700508342,23928.1167005084,,,,,,,,,,
nan,pause,23928.871700508553,23928.870700508553,nan,,,,,,,,,,
0.8498984303402815,inhale,23930.321700508848,23928.871700508553,23929.116700508603,,,,,,,,,,
nan,pause,23930.32270050885,23930.321700508848,nan,,,,,,,,,,
-1.5334977675252224,exhale,23931.400700509068,23930.32270050885,23930.61670050891,,,,,,,,,,
nan,pause,23931.401700509068,23931.400700509068,nan,,,,,,,,,,
1.383195396223229,inhale,23932.746700509342,23931.401700509068,23931.616700509112,,,,,,,,,,
nan,pause,23932.747700509342,23932.746700509342,nan,,,,,,,,,,
-1.2654803375280606,exhale,23933.796700509556,23932.747700509342,23933.27670050945,,,,,,,,,,
nan,pause,23933.797700509556,23933.796700509556,nan,,,,,,,,,,
1.323822502178199,inhale,23935.130700509828,23933.797700509556,23933.95670050959,,,,,,,,,,
nan,pause,23935.131700509828,23935.130700509828,nan,,,,,,,,,,
-1.2668000000000064,exhale,23936.189700510044,23935.131700509828,23935.28670050986,,,,,,,,,,
nan,pause,23936.190700510044,23936.189700510044,nan,,,,,,,,,,
0.9134401529116254,inhale,23937.555700510322,23936.190700510044,23936.286700510063,,,,,,,,,,
nan,pause,23938.008700510414,23937.555700510322,nan,,,,,,,,,,
-1.1500965022027454,exhale,23938.993700510615,23938.008700510414,23938.616700510538,,,,,,,,,,
nan,pause,23939.95270051081,23938.993700510615,nan,,,,,,,,,,
3.749867500763194,inhale,23940.262700510873,23939.95270051081,23940.116700510844,,,,,,,,,,
nan,pause,23940.263700510874,23940.262700510873,nan,,,,,,,,,,
-0.4909204565350918,exhale,23941.109700511046,23940.263700510874,23940.28670051088,,,,,,,,,,
nan,pause,23940.263700510874,23941.109700511046,nan,,,,,,,,,,
-0.7562395165137176,exhale,23941.109700511046,23940.263700510874,23940.946700511013,,,,,,,,,,
nan,pause,23944.992700511837,23941.109700511046,nan,,,,,,,,,,
0.38187962080907406,inhale,23945.380700511916,23944.992700511837,23945.276700511895,,,,,,,,,,
nan,pause,23945.381700511916,23945.380700511916,nan,,,,,,,,,,
-0.5834956754470099,exhale,23946.254700512094,23945.381700511916,23946.116700512066,,,,,,,,,,
nan,pause,23947.626700512374,23946.254700512094,nan,,,,,,,,,,
-0.5334989273379175,exhale,23948.44370051254,23947.626700512374,23948.116700512473,,,,,,,,,,
nan,pause,23949.991700512855,23948.44370051254,nan,,,,,,,,,,
-0.8668000000000063,exhale,23952.31670051333,23949.991700512855,23950.45670051295,,,,,,,,,,
nan,pause,23952.46370051336,23952.31670051333,nan,,,,,,,,,,
-0.8658098607639126,exhale,23953.40670051355,23952.46370051336,23952.946700513457,,,,,,,,,,
nan,pause,23954.845700513844,23953.40670051355,nan,,,,,,,,,,
-0.8834979704402627,exhale,23955.90970051406,23954.845700513844,23955.1167005139,,,,,,,,,,
nan,pause,23957.241700514332,23955.90970051406,nan,,,,,,,,,,
-0.8334960789413246,exhale,23958.21770051453,23957.241700514332,23957.61670051441,,,,,,,,,,
nan,pause,23958.21870051453,23958.21770051453,nan,,,,,,,,,,
0.39003911978624806,inhale,23958.420700514573,23958.21870051453,23958.286700514545,,,,,,,,,,
nan,pause,23959.497700514792,23958.420700514573,nan,,,,,,,,,,
-1.0484007625245784,exhale,23960.516700515,23959.497700514792,23959.78670051485,,,,,,,,,,
nan,pause,23960.517700515,23960.516700515,nan,,,,,,,,,,
0.34989747992860826,inhale,23961.761700515253,23960.517700515,23960.61670051502,,,,,,,,,,
nan,pause,23961.762700515254,23961.761700515253,nan,,,,,,,,,,
-0.9494417402539864,exhale,23962.592700515423,23961.762700515254,23962.27670051536,,,,,,,,,,
nan,pause,23963.187700515544,23962.592700515423,nan,,,,,,,,,,
-0.31170024660343976,exhale,23963.4717005156,23963.187700515544,23963.286700515564,,,,,,,,,,
nan,pause,23963.472700515602,23963.4717005156,nan,,,,,,,,,,
0.4331948240057174,inhale,23963.71670051565,23963.472700515602,23963.61670051563,,,,,,,,,,
nan,pause,23967.3987005164,23963.71670051565,nan,,,,,,,,,,
-0.8062598268383785,exhale,23968.586700516644,23967.3987005164,23967.78670051648,,,,,,,,,,
nan,pause,23969.245700516778,23968.586700516644,nan,,,,,,,,,,
1.0164914299799241,inhale,23969.769700516885,23969.245700516778,23969.616700516854,,,,,,,,,,
nan,pause,23969.969700516926,23969.769700516885,nan,,,,,,,,,,
-0.36217625138246284,exhale,23970.442700517022,23969.969700516926,23970.276700516988,,,,,,,,,,
nan,pause,23972.44770051743,23970.442700517022,nan,,,,,,,,,,
0.5164932864814299,inhale,23972.703700517483,23972.44770051743,23972.616700517465,,,,,,,,,,
nan,pause,23972.704700517483,23972.703700517483,nan,,,,,,,,,,
-0.45694115112259953,exhale,23972.94370051753,23972.704700517483,23972.7867005175,,,,,,,,,,
nan,pause,23973.13270051757,23972.94370051753,nan,,,,,,,,,,
-0.983492000397567,exhale,23973.7777005177,23973.13270051757,23973.61670051767,,,,,,,,,,
nan,pause,23976.699700518297,23973.7777005177,nan,,,,,,,,,,
-0.5001000000000063,exhale,23979.1717005188,23976.699700518297,23978.126700518587,,,,,,,,,,
nan,pause,23979.632700518894,23979.1717005188,nan,,,,,,,,,,
-0.3287388655224791,exhale,23980.01170051897,23979.632700518894,23979.786700518925,,,,,,,,,,
nan,pause,23980.6417005191,23980.01170051897,nan,,,,,,,,,,
0.5614403493939701,inhale,23980.873700519147,23980.6417005191,23980.78670051913,,,,,,,,,,
nan,pause,23980.874700519147,23980.873700519147,nan,,,,,,,,,,
-0.46406970027896177,exhale,23981.116700519196,23980.874700519147,23980.956700519164,,,,,,,,,,
nan,pause,23981.117700519197,23981.116700519196,nan,,,,,,,,,,
4.216465516422885,inhale,23981.77570051933,23981.117700519197,23981.6167005193,,,,,,,,,,
nan,pause,23981.985700519373,23981.77570051933,nan,,,,,,,,,,
-0.5559092936323189,exhale,23982.587700519496,23981.985700519373,23982.446700519467,,,,,,,,,,
nan,pause,23987.650700520528,23982.587700519496,nan,,,,,,,,,,
-0.5895618541133799,exhale,23988.05370052061,23987.650700520528,23987.786700520555,,,,,,,,,,
nan,pause,23992.783700521573,23988.05370052061,nan,,,,,,,,,,
2.3679872766861854,inhale,23993.087700521635,23992.783700521573,23992.946700521607,,,,,,,,,,
nan,pause,23993.088700521635,23993.087700521635,nan,,,,,,,,,,
-0.5000899413534242,exhale,23993.278700521674,23993.088700521635,23993.11670052164,,,,,,,,,,
nan,pause,24001.94970052344,23993.278700521674,nan,,,,,,,,,,
2.8831754111089927,inhale,24002.270700523506,24001.94970052344,24002.116700523475,,,,,,,,,,
nan,pause,24007.460700524563,24002.270700523506,nan,,,,,,,,,,
3.1164724957339596,inhale,24007.767700524626,24007.460700524563,24007.616700524595,,,,,,,,,,
nan,pause,24007.768700524626,24007.767700524626,nan,,,,,,,,,,
-0.31000099064545583,exhale,24007.94170052466,24007.768700524626,24007.78670052463,,,,,,,,,,
nan,pause,24007.973700524668,24007.94170052466,nan,,,,,,,,,,
-0.4262383680406225,exhale,24008.57370052479,24007.973700524668,24008.446700524764,,,,,,,,,,
nan,pause,24012.30370052555,24008.57370052479,nan,,,,,,,,,,
-0.5069411274966442,exhale,24013.343700525762,24012.30370052555,24012.78670052565,,,,,,,,,,
nan,pause,24014.31170052596,24013.343700525762,nan,,,,,,,,,,
-1.1667918641650787,exhale,24014.90770052608,24014.31170052596,24014.61670052602,,,,,,,,,,
nan,pause,24016.62070052643,24014.90770052608,nan,,,,,,,,,,
-0.6936416515982636,exhale,24017.616700526632,24016.62070052643,24016.786700526463,,,,,,,,,,
nan,pause,24018.4477005268,24017.616700526632,nan,,,,,,,,,,
-0.9179892156386646,exhale,24019.47470052701,24018.4477005268,24018.946700526903,,,,,,,,,,
nan,pause,24020.525700527225,24019.47470052701,nan,,,,,,,,,,
-1.3038812601927587,exhale,24021.8667005275,24020.525700527225,24020.78670052728,,,,,,,,,,
nan,pause,24022.135700527553,24021.8667005275,nan,,,,,,,,,,
0.7791602495778146,inhale,24022.41370052761,24022.135700527553,24022.286700527584,,,,,,,,,,
nan,pause,24022.781700527685,24022.41370052761,nan,,,,,,,,,,
-0.2995004365651494,exhale,24023.227700527776,24022.781700527685,24023.115700527753,,,,,,,,,,
nan,pause,24023.39870052781,24023.227700527776,nan,,,,,,,,,,
-0.38349591147351625,exhale,24023.725700527877,24023.39870052781,24023.616700527855,,,,,,,,,,
nan,pause,24024.62270052806,24023.725700527877,nan,,,,,,,,,,
-3.5834887509147233,exhale,24025.447700528228,24024.62270052806,24025.11670052816,,,,,,,,,,
nan,pause,24026.953700528535,24025.447700528228,nan,,,,,,,,,,
-3.2194317035226274,exhale,24028.095700528767,24026.953700528535,24027.456700528637,,,,,,,,,,
nan,pause,24028.672700528885,24028.095700528767,nan,,,,,,,,,,
-7.478001660541406,exhale,24030.238700529204,24028.672700528885,24029.786700529112,,,,,,,,,,
nan,pause,24030.239700529204,24030.238700529204,nan,,,,,,,,,,
1.660890655037172,inhale,24031.673700529496,24030.239700529204,24031.44670052945,,,,,,,,,,
nan,pause,24031.674700529496,24031.673700529496,nan,,,,,,,,,,
-7.566792569223644,exhale,24032.52370052967,24031.674700529496,24032.116700529587,,,,,,,,,,
nan,pause,24032.52470052967,24032.52370052967,nan,,,,,,,,,,
3.2164850366862288,inhale,24033.926700529955,24032.52470052967,24032.61670052969,,,,,,,,,,
nan,pause,24034.463700530065,24033.926700529955,nan,,,,,,,,,,
-5.530002429020814,exhale,24035.407700530257,24034.463700530065,24034.956700530165,,,,,,,,,,
nan,pause,24035.408700530257,24035.407700530257,nan,,,,,,,,,,
4.01648365081262,inhale,24036.98870053058,24035.408700530257,24035.6167005303,,,,,,,,,,
nan,pause,24036.98970053058,24036.98870053058,nan,,,,,,,,,,
-7.40008984357345,exhale,24037.91970053077,24036.98970053058,24037.616700530707,,,,,,,,,,
nan,pause,24037.92070053077,24037.91970053077,nan,,,,,,,,,,
5.53316526033601,inhale,24039.720700531136,24037.92070053077,24038.11670053081,,,,,,,,,,
nan,pause,24039.721700531136,24039.720700531136,nan,,,,,,,,,,
-4.124644412727929,exhale,24040.352700531264,24039.721700531136,24039.956700531184,,,,,,,,,,
nan,pause,24040.62670053132,24040.352700531264,nan,,,,,,,,,,
-0.7781379670845756,exhale,24041.716700531542,24040.62670053132,24040.956700531387,,,,,,,,,,
nan,pause,24041.717700531543,24041.716700531542,nan,,,,,,,,,,
8.549828520053763,inhale,24042.266700531654,24041.717700531543,24042.116700531624,,,,,,,,,,
nan,pause,24042.267700531655,24042.266700531654,nan,,,,,,,,,,
-8.133488678792935,exhale,24043.190700531843,24042.267700531655,24042.616700531726,,,,,,,,,,
nan,pause,24043.191700531843,24043.190700531843,nan,,,,,,,,,,
3.3376605331866442,inhale,24044.580700532126,24043.191700531843,24043.286700531862,,,,,,,,,,
nan,pause,24044.581700532126,24044.580700532126,nan,,,,,,,,,,
-8.53871271282094,exhale,24045.4357005323,24044.581700532126,24044.956700532202,,,,,,,,,,
nan,pause,24045.4367005323,24045.4357005323,nan,,,,,,,,,,
2.9164879841311673,inhale,24046.987700532616,24045.4367005323,24045.616700532337,,,,,,,,,,
nan,pause,24046.988700532616,24046.987700532616,nan,,,,,,,,,,
-7.8223790574525305,exhale,24047.765700532775,24046.988700532616,24047.44670053271,,,,,,,,,,
nan,pause,24047.766700532775,24047.765700532775,nan,,,,,,,,,,
2.6825207093883705,inhale,24049.06970053304,24047.766700532775,24048.28670053288,,,,,,,,,,
nan,pause,24049.07070053304,24049.06970053304,nan,,,,,,,,,,
-4.916792351195269,exhale,24050.09370053325,24049.07070053304,24049.61670053315,,,,,,,,,,
nan,pause,24050.09470053325,24050.09370053325,nan,,,,,,,,,,
4.141001100111996,inhale,24051.359700533507,24050.09470053325,24050.28670053329,,,,,,,,,,
nan,pause,24051.360700533507,24051.359700533507,nan,,,,,,,,,,
-9.854577543206481,exhale,24052.231700533684,24051.360700533507,24051.946700533626,,,,,,,,,,
nan,pause,24052.232700533685,24052.231700533684,nan,,,,,,,,,,
2.750180702116289,inhale,24053.91970053403,24052.232700533685,24052.286700533696,,,,,,,,,,
nan,pause,24053.92070053403,24053.91970053403,nan,,,,,,,,,,
-15.425869451045413,exhale,24054.691700534186,24053.92070053403,24054.446700534136,,,,,,,,,,
nan,pause,24054.692700534186,24054.691700534186,nan,,,,,,,,,,
5.852220612213049,inhale,24056.196700534492,24054.692700534186,24054.786700534205,,,,,,,,,,
nan,pause,24056.197700534492,24056.196700534492,nan,,,,,,,,,,
-11.9500643908409,exhale,24056.92770053464,24056.197700534492,24056.616700534578,,,,,,,,,,
nan,pause,24056.92870053464,24056.92770053464,nan,,,,,,,,,,
6.199880264073196,inhale,24058.171700534895,24056.92870053464,24057.11670053468,,,,,,,,,,
nan,pause,24058.172700534895,24058.171700534895,nan,,,,,,,,,,
-8.383496559980404,exhale,24059.03470053507,24058.172700534895,24058.616700534985,,,,,,,,,,
nan,pause,24059.03570053507,24059.03470053507,nan,,,,,,,,,,
6.133167555845307,inhale,24060.825700535435,24059.03570053507,24059.116700535087,,,,,,,,,,
nan,pause,24060.826700535436,24060.825700535435,nan,,,,,,,,,,
-9.816770310005154,exhale,24061.92370053566,24060.826700535436,24061.116700535495,,,,,,,,,,
nan,pause,24061.92470053566,24061.92370053566,nan,,,,,,,,,,
3.8331865199624504,inhale,24063.675700536016,24061.92470053566,24062.6167005358,,,,,,,,,,
nan,pause,24063.676700536016,24063.675700536016,nan,,,,,,,,,,
-9.368516456697808,exhale,24064.71870053623,24063.676700536016,24063.956700536073,,,,,,,,,,
nan,pause,24064.71970053623,24064.71870053623,nan,,,,,,,,,,
5.761288149726889,inhale,24066.333700536557,24064.71970053623,24064.946700536275,,,,,,,,,,
nan,pause,24066.334700536558,24066.333700536557,nan,,,,,,,,,,
-8.134132280078182,exhale,24067.37170053677,24066.334700536558,24066.946700536682,,,,,,,,,,
nan,pause,24067.37270053677,24067.37170053677,nan,,,,,,,,,,
5.306681114724576,inhale,24069.310700537164,24067.37270053677,24068.786700537057,,,,,,,,,,
nan,pause,24069.311700537164,24069.310700537164,nan,,,,,,,,,,
-7.333492555985046,exhale,24070.357700537377,24069.311700537164,24069.616700537226,,,,,,,,,,
nan,pause,24070.358700537377,24070.357700537377,nan,,,,,,,,,,
4.595568614214808,inhale,24070.596700537426,24070.358700537377,24070.446700537395,,,,,,,,,,
nan,pause,24070.949700537498,24070.596700537426,nan,,,,,,,,,,
-1.1837806835401317,exhale,24071.85270053768,24070.949700537498,24071.286700537567,,,,,,,,,,
nan,pause,24072.224700537758,24071.85270053768,nan,,,,,,,,,,
4.149883139599929,inhale,24073.008700537917,24072.224700537758,24072.616700537837,,,,,,,,,,
nan,pause,24073.009700537918,24073.008700537917,nan,,,,,,,,,,
-7.161706528442782,exhale,24074.037700538127,24073.009700537918,24073.776700538074,,,,,,,,,,
nan,pause,24074.038700538127,24074.037700538127,nan,,,,,,,,,,
3.8831716855738825,inhale,24075.696700538465,24074.038700538127,24074.116700538143,,,,,,,,,,
nan,pause,24075.697700538465,24075.696700538465,nan,,,,,,,,,,
-10.216789526813594,exhale,24076.573700538644,24075.697700538465,24076.11670053855,,,,,,,,,,
nan,pause,24076.574700538644,24076.573700538644,nan,,,,,,,,,,
4.193722306545739,inhale,24078.154700538966,24076.574700538644,24076.786700538687,,,,,,,,,,
nan,pause,24078.155700538966,24078.154700538966,nan,,,,,,,,,,
-7.666795214740167,exhale,24079.00970053914,24078.155700538966,24078.61670053906,,,,,,,,,,
nan,pause,24079.01070053914,24079.00970053914,nan,,,,,,,,,,
5.333170487856533,inhale,24080.48870053944,24079.01070053914,24079.11670053916,,,,,,,,,,
nan,pause,24080.48970053944,24080.48870053944,nan,,,,,,,,,,
-7.958640337126027,exhale,24081.376700539622,24080.48970053944,24080.786700539502,,,,,,,,,,
nan,pause,24081.377700539622,24081.376700539622,nan,,,,,,,,,,
4.866485348367897,inhale,24082.803700539913,24081.377700539622,24081.61670053967,,,,,,,,,,
nan,pause,24082.804700539913,24082.803700539913,nan,,,,,,,,,,
-7.178400209939946,exhale,24083.662700540088,24082.804700539913,24083.28670054001,,,,,,,,,,
nan,pause,24083.663700540088,24083.662700540088,nan,,,,,,,,,,
5.113480131205042,inhale,24085.14970054039,24083.663700540088,24083.786700540113,,,,,,,,,,
nan,pause,24085.15070054039,24085.14970054039,nan,,,,,,,,,,
-6.683497397868911,exhale,24086.011700540566,24085.15070054039,24085.616700540486,,,,,,,,,,
nan,pause,24086.012700540567,24086.011700540566,nan,,,,,,,,,,
5.316472786217185,inhale,24087.367700540843,24086.012700540567,24086.116700540588,,,,,,,,,,
nan,pause,24087.368700540843,24087.367700540843,nan,,,,,,,,,,
-8.32936220810896,exhale,24088.260700541025,24087.368700540843,24087.786700540928,,,,,,,,,,
nan,pause,24088.261700541025,24088.260700541025,nan,,,,,,,,,,
5.3315681475192465,inhale,24089.782700541335,24088.261700541025,24088.456700541064,,,,,,,,,,
nan,pause,24089.783700541335,24089.782700541335,nan,,,,,,,,,,
-10.177021620849647,exhale,24090.5997005415,24089.783700541335,24090.286700541437,,,,,,,,,,
nan,pause,24090.6007005415,24090.5997005415,nan,,,,,,,,,,
5.885901245890823,inhale,24092.082700541803,24090.6007005415,24090.78670054154,,,,,,,,,,
nan,pause,24092.083700541803,24092.082700541803,nan,,,,,,,,,,
-10.365168139208865,exhale,24092.912700541972,24092.083700541803,24092.45670054188,,,,,,,,,,
nan,pause,24092.913700541973,24092.912700541972,nan,,,,,,,,,,
4.183186202118873,inhale,24094.501700542296,24092.913700541973,24094.116700542218,,,,,,,,,,
nan,pause,24094.502700542296,24094.501700542296,nan,,,,,,,,,,
-9.550074565697793,exhale,24095.44770054249,24094.502700542296,24095.11670054242,,,,,,,,,,
nan,pause,24098.360700543082,24095.44770054249,nan,,,,,,,,,,
-2.4667827377754556,exhale,24099.53270054332,24098.360700543082,24098.616700543134,,,,,,,,,,
nan,pause,24099.53370054332,24099.53270054332,nan,,,,,,,,,,
0.32989904820027083,inhale,24101.23870054367,24099.53370054332,24099.946700543405,,,,,,,,,,
nan,pause,24101.453700543712,24101.23870054367,nan,,,,,,,,,,
-3.1821393745039517,exhale,24102.101700543844,24101.453700543712,24101.78670054378,,,,,,,,,,
nan,pause,24102.102700543845,24102.101700543844,nan,,,,,,,,,,
2.841682353402006,inhale,24103.56070054414,24102.102700543845,24102.286700543882,,,,,,,,,,
nan,pause,24102.102700543845,24103.56070054414,nan,,,,,,,,,,
0.5605576762608346,inhale,24103.56070054414,24102.102700543845,24103.44670054412,,,,,,,,,,
nan,pause,24103.56170054414,24103.56070054414,nan,,,,,,,,,,
-1.1131659292754694,exhale,24104.58570054435,24103.56170054414,24104.446700544322,,,,,,,,,,
nan,pause,24104.58670054435,24104.58570054435,nan,,,,,,,,,,
0.6257196183046702,inhale,24105.574700544552,24104.58670054435,24104.78670054439,,,,,,,,,,
nan,pause,24106.289700544698,24105.574700544552,nan,,,,,,,,,,
-1.2958077374620522,exhale,24107.13770054487,24106.289700544698,24106.94670054483,,,,,,,,,,
nan,pause,24107.13870054487,24107.13770054487,nan,,,,,,,,,,
1.3049418191890447,inhale,24108.393700545126,24107.13870054487,24107.2867005449,,,,,,,,,,
nan,pause,24108.394700545126,24108.393700545126,nan,,,,,,,,,,
-0.7000992870773963,exhale,24109.38970054533,24108.394700545126,24109.116700545273,,,,,,,,,,
nan,pause,24109.39070054533,24109.38970054533,nan,,,,,,,,,,
0.32985173709058874,inhale,24110.38270054553,24109.39070054533,24109.456700545343,,,,,,,,,,
nan,pause,24110.38370054553,24110.38270054553,nan,,,,,,,,,,
-1.302933314412768,exhale,24111.50070054576,24110.38370054553,24111.276700545714,,,,,,,,,,
nan,pause,24111.50170054576,24111.50070054576,nan,,,,,,,,,,
1.2618803131189515,inhale,24112.897700546044,24111.50170054576,24111.776700545815,,,,,,,,,,
nan,pause,24112.898700546044,24112.897700546044,nan,,,,,,,,,,
-1.883491686695224,exhale,24113.81770054623,24112.898700546044,24113.61670054619,,,,,,,,,,
nan,pause,24113.81870054623,24113.81770054623,nan,,,,,,,,,,
1.9131517366324784,inhale,24115.23170054652,24113.81870054623,24113.95670054626,,,,,,,,,,
nan,pause,24115.23270054652,24115.23170054652,nan,,,,,,,,,,
-1.463060826647517,exhale,24116.206700546718,24115.23270054652,24115.786700546632,,,,,,,,,,
nan,pause,24116.207700546718,24116.206700546718,nan,,,,,,,,,,
1.8206597509842657,inhale,24117.331700546947,24116.207700546718,24116.446700546767,,,,,,,,,,
nan,pause,24117.332700546947,24117.331700546947,nan,,,,,,,,,,
-1.616789680259316,exhale,24118.293700547143,24117.332700546947,24118.116700547107,,,,,,,,,,
nan,pause,24118.294700547143,24118.293700547143,nan,,,,,,,,,,
2.1550633291964165,inhale,24119.36570054736,24118.294700547143,24118.456700547176,,,,,,,,,,
nan,pause,24119.36670054736,24119.36570054736,nan,,,,,,,,,,
-0.5308189771025927,exhale,24120.39270054757,24119.36670054736,24119.956700547482,,,,,,,,,,
nan,pause,24120.39370054757,24120.39270054757,nan,,,,,,,,,,
0.3831986775381117,inhale,24121.393700547775,24120.39370054757,24120.616700547616,,,,,,,,,,
nan,pause,24121.394700547775,24121.393700547775,nan,,,,,,,,,,
-0.5167993069366009,exhale,24122.372700547974,24121.394700547775,24122.116700547922,,,,,,,,,,
nan,pause,24122.373700547974,24122.372700547974,nan,,,,,,,,,,
0.3798517357671588,inhale,24123.52370054821,24122.373700547974,24122.45670054799,,,,,,,,,,
nan,pause,24123.52470054821,24123.52370054821,nan,,,,,,,,,,
-1.1000990488456082,exhale,24124.449700548397,24123.52470054821,24124.11670054833,,,,,,,,,,
nan,pause,24124.450700548397,24124.449700548397,nan,,,,,,,,,,
0.8664955070016599,inhale,24125.578700548627,24124.450700548397,24124.61670054843,,,,,,,,,,
nan,pause,24125.579700548627,24125.578700548627,nan,,,,,,,,,,
-0.8154805356510648,exhale,24126.539700548823,24125.579700548627,24126.27670054877,,,,,,,,,,
nan,pause,24126.540700548823,24126.539700548823,nan,,,,,,,,,,
0.5985765073879441,inhale,24127.731700549066,24126.540700548823,24126.77670054887,,,,,,,,,,
nan,pause,24127.732700549066,24127.731700549066,nan,,,,,,,,,,
-0.7667991137677056,exhale,24128.704700549264,24127.732700549066,24128.116700549144,,,,,,,,,,
nan,pause,24128.705700549264,24128.704700549264,nan,,,,,,,,,,
0.6151810150884492,inhale,24129.828700549493,24128.705700549264,24128.946700549313,,,,,,,,,,
nan,pause,24129.829700549493,24129.828700549493,nan,,,,,,,,,,
-0.9138300364551741,exhale,24130.818700549695,24129.829700549493,24130.44670054962,,,,,,,,,,
nan,pause,24130.819700549695,24130.818700549695,nan,,,,,,,,,,
0.8664982876865348,inhale,24131.942700549924,24130.819700549695,24131.116700549755,,,,,,,,,,
nan,pause,24131.943700549924,24131.942700549924,nan,,,,,,,,,,
-1.199080038993809,exhale,24132.85270055011,24131.943700549924,24132.286700549994,,,,,,,,,,
nan,pause,24132.85370055011,24132.85270055011,nan,,,,,,,,,,
1.066497854188056,inhale,24133.903700550323,24132.85370055011,24133.116700550163,,,,,,,,,,
nan,pause,24133.904700550323,24133.903700550323,nan,,,,,,,,,,
-1.182480038871597,exhale,24134.86970055052,24133.904700550323,24134.2867005504,,,,,,,,,,
nan,pause,24134.87070055052,24134.86970055052,nan,,,,,,,,,,
1.0831976087994217,inhale,24136.014700550753,24134.87070055052,24135.11670055057,,,,,,,,,,
nan,pause,24136.015700550754,24136.014700550753,nan,,,,,,,,,,
-1.232509045176894,exhale,24137.011700550956,24136.015700550754,24136.44670055084,,,,,,,,,,
nan,pause,24137.012700550957,24137.011700550956,nan,,,,,,,,,,
0.9625379100351255,inhale,24138.15470055119,24137.012700550957,24137.27670055101,,,,,,,,,,
nan,pause,24138.15570055119,24138.15470055119,nan,,,,,,,,,,
-1.0668000000000064,exhale,24139.13570055139,24138.15570055119,24138.626700551285,,,,,,,,,,
nan,pause,24139.13670055139,24139.13570055139,nan,,,,,,,,,,
0.9794608213831765,inhale,24140.31270055163,24139.13670055139,24139.28670055142,,,,,,,,,,
nan,pause,24140.31370055163,24140.31270055163,nan,,,,,,,,,,
-1.3501000000000063,exhale,24141.260700551822,24140.31370055163,24140.626700551693,,,,,,,,,,
nan,pause,24141.261700551822,24141.260700551822,nan,,,,,,,,,,
1.1385086598829461,inhale,24142.48470055207,24141.261700551822,24141.456700551862,,,,,,,,,,
nan,pause,24142.48570055207,24142.48470055207,nan,,,,,,,,,,
-1.3133994478662128,exhale,24143.471700552273,24142.48570055207,24142.786700552133,,,,,,,,,,
nan,pause,24143.472700552273,24143.471700552273,nan,,,,,,,,,,
1.283193771202206,inhale,24144.626700552508,24143.472700552273,24143.616700552302,,,,,,,,,,
nan,pause,24144.627700552508,24144.626700552508,nan,,,,,,,,,,
-1.2000996293150643,exhale,24145.591700552704,24144.627700552508,24145.116700552608,,,,,,,,,,
nan,pause,24145.592700552705,24145.591700552704,nan,,,,,,,,,,
1.461400190844364,inhale,24146.678700552926,24145.592700552705,24145.786700552744,,,,,,,,,,
nan,pause,24146.679700552926,24146.678700552926,nan,,,,,,,,,,
-1.5587609442329207,exhale,24147.63370055312,24146.679700552926,24146.956700552983,,,,,,,,,,
nan,pause,24147.63470055312,24147.63370055312,nan,,,,,,,,,,
1.458340304373293,inhale,24148.799700553358,24147.63470055312,24147.78670055315,,,,,,,,,,
nan,pause,24148.80070055336,24148.799700553358,nan,,,,,,,,,,
-1.6668000000000063,exhale,24149.70170055354,24148.80070055336,24149.126700553425,,,,,,,,,,
nan,pause,24149.702700553542,24149.70170055354,nan,,,,,,,,,,
1.5719793599760015,inhale,24150.987700553804,24149.702700553542,24149.94670055359,,,,,,,,,,
nan,pause,24150.988700553804,24150.987700553804,nan,,,,,,,,,,
-1.6294201513311743,exhale,24151.946700554,24150.988700553804,24151.286700553865,,,,,,,,,,
nan,pause,24151.947700554,24151.946700554,nan,,,,,,,,,,
1.2781001888584247,inhale,24153.07470055423,24151.947700554,24152.28670055407,,,,,,,,,,
nan,pause,24153.07570055423,24153.07470055423,nan,,,,,,,,,,
-1.4990800377105868,exhale,24154.051700554428,24153.07570055423,24153.286700554272,,,,,,,,,,
nan,pause,24154.052700554428,24154.051700554428,nan,,,,,,,,,,
0.7644600752989428,inhale,24155.300700554682,24154.052700554428,24154.286700554476,,,,,,,,,,
nan,pause,24155.301700554683,24155.300700554682,nan,,,,,,,,,,
-1.650097372448665,exhale,24156.231700554872,24155.301700554683,24155.616700554747,,,,,,,,,,
nan,pause,24156.232700554872,24156.231700554872,nan,,,,,,,,,,
1.430469596598622,inhale,24157.364700555103,24156.232700554872,24156.456700554918,,,,,,,,,,
nan,pause,24157.365700555103,24157.364700555103,nan,,,,,,,,,,
-1.6667968481017568,exhale,24158.313700555296,24157.365700555103,24157.616700555154,,,,,,,,,,
nan,pause,24158.314700555296,24158.313700555296,nan,,,,,,,,,,
1.5231511767775516,inhale,24159.46170055553,24158.314700555296,24158.456700555325,,,,,,,,,,
nan,pause,24159.46270055553,24159.46170055553,nan,,,,,,,,,,
-1.7144194070894643,exhale,24160.39170055572,24159.46270055553,24159.786700555596,,,,,,,,,,
nan,pause,24160.39270055572,24160.39170055572,nan,,,,,,,,,,
1.449896128961649,inhale,24161.655700555977,24160.39270055572,24160.616700555765,,,,,,,,,,
nan,pause,24161.656700555977,24161.655700555977,nan,,,,,,,,,,
-1.7074224371709044,exhale,24162.65870055618,24161.656700555977,24161.95670055604,,,,,,,,,,
nan,pause,24162.65970055618,24162.65870055618,nan,,,,,,,,,,
1.511400185650369,inhale,24163.893700556433,24162.65970055618,24162.786700556208,,,,,,,,,,
nan,pause,24163.894700556433,24163.893700556433,nan,,,,,,,,,,
-1.7474613680561433,exhale,24164.836700556625,24163.894700556433,24164.27670055651,,,,,,,,,,
nan,pause,24164.837700556625,24164.836700556625,nan,,,,,,,,,,
1.6164971645946085,inhale,24165.98870055686,24164.837700556625,24165.116700556682,,,,,,,,,,
nan,pause,24165.98970055686,24165.98870055686,nan,,,,,,,,,,
-1.7973807784186078,exhale,24166.92370055705,24165.98970055686,24166.28670055692,,,,,,,,,,
nan,pause,24166.92470055705,24166.92370055705,nan,,,,,,,,,,
1.2331961364627195,inhale,24168.24670055732,24166.92470055705,24167.11670055709,,,,,,,,,,
nan,pause,24168.24770055732,24168.24670055732,nan,,,,,,,,,,
-1.4308573723458435,exhale,24169.219700557518,24168.24770055732,24168.776700557428,,,,,,,,,,
nan,pause,24169.22070055752,24169.219700557518,nan,,,,,,,,,,
1.499671073255542,inhale,24170.424700557764,24169.22070055752,24169.446700557564,,,,,,,,,,
nan,pause,24170.425700557764,24170.424700557764,nan,,,,,,,,,,
-1.8108570754691238,exhale,24171.33770055795,24170.425700557764,24170.776700557835,,,,,,,,,,
nan,pause,24171.33870055795,24171.33770055795,nan,,,,,,,,,,
1.5831967782376195,inhale,24172.503700558187,24171.33870055795,24171.616700558006,,,,,,,,,,
nan,pause,24172.504700558187,24172.503700558187,nan,,,,,,,,,,
-1.7494207043216716,exhale,24173.436700558377,24172.504700558187,24172.786700558245,,,,,,,,,,
nan,pause,24173.437700558377,24173.436700558377,nan,,,,,,,,,,
1.4998954731948382,inhale,24174.694700558633,24173.437700558377,24173.616700558414,,,,,,,,,,
nan,pause,24174.695700558634,24174.694700558633,nan,,,,,,,,,,
-1.7434034608450952,exhale,24175.678700558834,24174.695700558634,24174.956700558687,,,,,,,,,,
nan,pause,24175.679700558834,24175.678700558834,nan,,,,,,,,,,
1.2279186829465778,inhale,24176.854700559074,24175.679700558834,24175.94670055889,,,,,,,,,,
nan,pause,24176.855700559074,24176.854700559074,nan,,,,,,,,,,
-1.7834959827035373,exhale,24177.789700559264,24176.855700559074,24177.116700559127,,,,,,,,,,
nan,pause,24177.790700559264,24177.789700559264,nan,,,,,,,,,,
1.927121314014181,inhale,24178.877700559486,24177.790700559264,24177.956700559298,,,,,,,,,,
nan,pause,24178.878700559486,24178.877700559486,nan,,,,,,,,,,
-1.7154393681865263,exhale,24179.791700559672,24178.878700559486,24179.28670055957,,,,,,,,,,
nan,pause,24179.792700559672,24179.791700559672,nan,,,,,,,,,,
1.5258321979969993,inhale,24180.95670055991,24179.792700559672,24179.956700559705,,,,,,,,,,
nan,pause,24180.95770055991,24180.95670055991,nan,,,,,,,,,,
-1.745340847974221,exhale,24181.853700560092,24180.95770055991,24181.286700559976,,,,,,,,,,
nan,pause,24181.854700560092,24181.853700560092,nan,,,,,,,,,,
1.583195693711998,inhale,24183.02970056033,24181.854700560092,24182.116700560146,,,,,,,,,,
nan,pause,24183.03070056033,24183.02970056033,nan,,,,,,,,,,
-1.6161406359297459,exhale,24183.925700560514,24183.03070056033,24183.446700560417,,,,,,,,,,
nan,pause,24183.926700560514,24183.925700560514,nan,,,,,,,,,,
1.6331932094399022,inhale,24185.051700560743,24183.926700560514,24184.116700560553,,,,,,,,,,
nan,pause,24185.052700560744,24185.051700560743,nan,,,,,,,,,,
-1.5987812716327992,exhale,24185.889700560914,24185.052700560744,24185.446700560824,,,,,,,,,,
nan,pause,24185.890700560914,24185.889700560914,nan,,,,,,,,,,
1.4998961810807605,inhale,24186.95770056113,24185.890700560914,24186.11670056096,,,,,,,,,,
nan,pause,24186.958700561132,24186.95770056113,nan,,,,,,,,,,
-1.414760071265971,exhale,24187.93070056133,24186.958700561132,24187.2867005612,,,,,,,,,,
nan,pause,24187.93170056133,24187.93070056133,nan,,,,,,,,,,
1.266495096750296,inhale,24189.15370056158,24187.93170056133,24188.116700561368,,,,,,,,,,
nan,pause,24189.15470056158,24189.15370056158,nan,,,,,,,,,,
-1.5947419624076482,exhale,24190.063700561765,24189.15470056158,24189.45670056164,,,,,,,,,,
nan,pause,24190.064700561765,24190.063700561765,nan,,,,,,,,,,
1.6535811290054494,inhale,24191.246700562006,24190.064700561765,24190.28670056181,,,,,,,,,,
nan,pause,24191.247700562006,24191.246700562006,nan,,,,,,,,,,
-1.5648182162722422,exhale,24192.15770056219,24191.247700562006,24191.776700562114,,,,,,,,,,
nan,pause,24192.15870056219,24192.15770056219,nan,,,,,,,,,,
1.5811600706549003,inhale,24193.27270056242,24192.15870056219,24192.286700562217,,,,,,,,,,
nan,pause,24193.27370056242,24193.27270056242,nan,,,,,,,,,,
-1.6500985616103683,exhale,24194.199700562607,24193.27370056242,24193.61670056249,,,,,,,,,,
nan,pause,24194.200700562607,24194.199700562607,nan,,,,,,,,,,
1.062870658539514,inhale,24195.451700562862,24194.200700562607,24194.446700562657,,,,,,,,,,
nan,pause,24195.452700562862,24195.451700562862,nan,,,,,,,,,,
-1.7128381039021232,exhale,24196.339700563043,24195.452700562862,24195.77670056293,,,,,,,,,,
nan,pause,24196.340700563043,24196.339700563043,nan,,,,,,,,,,
1.1831994088813311,inhale,24197.480700563276,24196.340700563043,24196.6167005631,,,,,,,,,,
nan,pause,24197.481700563276,24197.480700563276,nan,,,,,,,,,,
-1.5307787333569849,exhale,24198.366700563456,24197.481700563276,24197.786700563338,,,,,,,,,,
nan,pause,24198.367700563456,24198.366700563456,nan,,,,,,,,,,
0.8498978417407477,inhale,24200.10370056381,24198.367700563456,24198.616700563507,,,,,,,,,,
nan,pause,24200.10470056381,24200.10370056381,nan,,,,,,,,,,
-0.9167994521431087,exhale,24201.14070056402,24200.10470056381,24200.616700563914,,,,,,,,,,
nan,pause,24201.14170056402,24201.14070056402,nan,,,,,,,,,,
0.864848977937923,inhale,24202.544700564307,24201.14170056402,24201.446700564084,,,,,,,,,,
nan,pause,24202.545700564307,24202.544700564307,nan,,,,,,,,,,
-0.8984007377866193,exhale,24203.59670056452,24202.545700564307,24202.786700564357,,,,,,,,,,
nan,pause,24203.59770056452,24203.59670056452,nan,,,,,,,,,,
0.38319999999999366,inhale,24205.038700564815,24203.59770056452,24203.78670056456,,,,,,,,,,
nan,pause,24205.039700564816,24205.038700564815,nan,,,,,,,,,,
-0.5835000000000063,exhale,24206.155700565043,24205.039700564816,24205.4567005649,,,,,,,,,,
nan,pause,24207.51670056532,24206.155700565043,nan,,,,,,,,,,
-0.5828287375984846,exhale,24208.560700565533,24207.51670056532,24207.95670056541,,,,,,,,,,
nan,pause,24209.838700565793,24208.560700565533,nan,,,,,,,,,,
-0.45010000000000633,exhale,24211.079700566046,24209.838700565793,24210.45670056592,,,,,,,,,,
nan,pause,24212.458700566327,24211.079700566046,nan,,,,,,,,,,
-0.4825098255752756,exhale,24213.35270056651,24212.458700566327,24212.946700566426,,,,,,,,,,
nan,pause,24214.82470056681,24213.35270056651,nan,,,,,,,,,,
-0.39942070259207124,exhale,24215.774700567003,24214.82470056681,24215.286700566903,,,,,,,,,,
nan,pause,24217.149700567283,24215.774700567003,nan,,,,,,,,,,
-0.5497692708418678,exhale,24218.131700567483,24217.149700567283,24217.946700567445,,,,,,,,,,
nan,pause,24218.132700567483,24218.131700567483,nan,,,,,,,,,,
0.33218003373869553,inhale,24219.48370056776,24218.132700567483,24218.286700567514,,,,,,,,,,
nan,pause,24219.48470056776,24219.48370056776,nan,,,,,,,,,,
-0.6997613711708246,exhale,24220.37370056794,24219.48470056776,24219.78670056782,,,,,,,,,,
nan,pause,24220.37470056794,24220.37370056794,nan,,,,,,,,,,
0.44922873734335517,inhale,24221.55170056818,24220.37470056794,24220.456700567956,,,,,,,,,,
nan,pause,24221.55270056818,24221.55170056818,nan,,,,,,,,,,
-0.8134995487050634,exhale,24222.497700568372,24221.55270056818,24221.94670056826,,,,,,,,,,
nan,pause,24222.498700568372,24222.497700568372,nan,,,,,,,,,,
0.4498975923066134,inhale,24223.678700568613,24222.498700568372,24222.616700568396,,,,,,,,,,
nan,pause,24223.679700568613,24223.678700568613,nan,,,,,,,,,,
-0.6667995854246421,exhale,24224.562700568793,24223.679700568613,24224.116700568702,,,,,,,,,,
nan,pause,24224.563700568793,24224.562700568793,nan,,,,,,,,,,
0.31480073554695603,inhale,24225.705700569026,24224.563700568793,24224.78670056884,,,,,,,,,,
nan,pause,24225.706700569026,24225.705700569026,nan,,,,,,,,,,
-0.5334994713201807,exhale,24226.5567005692,24225.706700569026,24226.11670056911,,,,,,,,,,
nan,pause,24227.63770056942,24226.5567005692,nan,,,,,,,,,,
-0.48350000000000637,exhale,24228.542700569604,24227.63770056942,24228.12670056952,,,,,,,,,,
nan,pause,24229.958700569892,24228.542700569604,nan,,,,,,,,,,
-0.38316932659295566,exhale,24230.78570057006,24229.958700569892,24230.44670056999,,,,,,,,,,
nan,pause,24231.878700570283,24230.78570057006,nan,,,,,,,,,,
-0.48111939674944265,exhale,24232.722700570455,24231.878700570283,24232.286700570367,,,,,,,,,,
nan,pause,24259.83870057598,24232.722700570455,nan,,,,,,,,,,
-1.6780594861098574,exhale,24261.054700576227,24259.83870057598,24260.786700576173,,,,,,,,,,
nan,pause,24261.055700576228,24261.054700576227,nan,,,,,,,,,,
2.759740715556478,inhale,24262.568700576536,24261.055700576228,24261.286700576275,,,,,,,,,,
nan,pause,24262.569700576536,24262.568700576536,nan,,,,,,,,,,
-3.3334959344354758,exhale,24263.357700576697,24262.569700576536,24263.116700576647,,,,,,,,,,
nan,pause,24263.358700576697,24263.357700576697,nan,,,,,,,,,,
4.449881270901091,inhale,24264.93970057702,24263.358700576697,24263.61670057675,,,,,,,,,,
nan,pause,24264.94070057702,24264.93970057702,nan,,,,,,,,,,
-5.7226062122396115,exhale,24265.720700577178,24264.94070057702,24265.446700577122,,,,,,,,,,
nan,pause,24265.721700577178,24265.720700577178,nan,,,,,,,,,,
6.683998758890488,inhale,24267.321700577504,24265.721700577178,24265.946700577224,,,,,,,,,,
nan,pause,24267.322700577504,24267.321700577504,nan,,,,,,,,,,
-6.151159790967925,exhale,24268.17970057768,24267.322700577504,24267.7867005776,,,,,,,,,,
nan,pause,24268.18070057768,24268.17970057768,nan,,,,,,,,,,
4.813721998048645,inhale,24269.782700578005,24268.18070057768,24268.446700577733,,,,,,,,,,
nan,pause,24269.783700578006,24269.782700578005,nan,,,,,,,,,,
-7.233488497101208,exhale,24270.559700578164,24269.783700578006,24270.116700578074,,,,,,,,,,
nan,pause,24270.560700578164,24270.559700578164,nan,,,,,,,,,,
6.48050225739636,inhale,24272.126700578483,24270.560700578164,24270.78670057821,,,,,,,,,,
nan,pause,24272.127700578483,24272.126700578483,nan,,,,,,,,,,
-9.120098842900845,exhale,24272.94570057865,24272.127700578483,24272.45670057855,,,,,,,,,,
nan,pause,24272.94670057865,24272.94570057865,nan,,,,,,,,,,
6.983171175090138,inhale,24274.532700578973,24272.94670057865,24273.116700578685,,,,,,,,,,
nan,pause,24274.533700578973,24274.532700578973,nan,,,,,,,,,,
-8.370296953605632,exhale,24275.411700579152,24274.533700578973,24274.946700579058,,,,,,,,,,
nan,pause,24275.412700579152,24275.411700579152,nan,,,,,,,,,,
7.583154697358279,inhale,24276.961700579468,24275.412700579152,24275.616700579194,,,,,,,,,,
nan,pause,24276.96270057947,24276.961700579468,nan,,,,,,,,,,
-8.193500781697152,exhale,24277.81370057964,24276.96270057947,24277.446700579567,,,,,,,,,,
nan,pause,24277.81470057964,24277.81370057964,nan,,,,,,,,,,
7.212808542464547,inhale,24279.341700579953,24277.81470057964,24277.95670057967,,,,,,,,,,
nan,pause,24279.342700579953,24279.341700579953,nan,,,,,,,,,,
-9.444360659575269,exhale,24280.190700580126,24279.342700579953,24279.786700580044,,,,,,,,,,
nan,pause,24280.191700580126,24280.190700580126,nan,,,,,,,,,,
6.692607347037267,inhale,24281.723700580438,24280.191700580126,24280.446700580178,,,,,,,,,,
nan,pause,24281.72470058044,24281.723700580438,nan,,,,,,,,,,
-10.10008057425194,exhale,24282.56070058061,24281.72470058044,24282.11670058052,,,,,,,,,,
nan,pause,24282.56170058061,24282.56070058061,nan,,,,,,,,,,
8.590741728247819,inhale,24283.954700580893,24282.56170058061,24282.786700580655,,,,,,,,,,
nan,pause,24283.955700580893,24283.954700580893,nan,,,,,,,,,,
-9.991260937429756,exhale,24284.82570058107,24283.955700580893,24284.28670058096,,,,,,,,,,
nan,pause,24284.82670058107,24284.82570058107,nan,,,,,,,,,,
7.037695942330451,inhale,24286.24870058136,24284.82670058107,24284.956700581097,,,,,,,,,,
nan,pause,24286.24970058136,24286.24870058136,nan,,,,,,,,,,
-10.833479344942624,exhale,24287.106700581535,24286.24970058136,24286.616700581435,,,,,,,,,,
nan,pause,24287.107700581535,24287.106700581535,nan,,,,,,,,,,
7.772641269463198,inhale,24288.714700581862,24287.107700581535,24287.28670058157,,,,,,,,,,
nan,pause,24288.715700581863,24288.714700581862,nan,,,,,,,,,,
-12.016768299991593,exhale,24289.657700582055,24288.715700581863,24289.116700581944,,,,,,,,,,
nan,pause,24289.658700582055,24289.657700582055,nan,,,,,,,,,,
7.3332397997236205,inhale,24291.422700582414,24289.658700582055,24289.78670058208,,,,,,,,,,
nan,pause,24291.423700582414,24291.422700582414,nan,,,,,,,,,,
-12.01718046795879,exhale,24292.415700582616,24291.423700582414,24291.78670058249,,,,,,,,,,
nan,pause,24292.416700582617,24292.415700582616,nan,,,,,,,,,,
6.2164798450470435,inhale,24294.34470058301,24292.416700582617,24292.616700582657,,,,,,,,,,
nan,pause,24294.34570058301,24294.34470058301,nan,,,,,,,,,,
-14.60354037783339,exhale,24295.298700583204,24294.34570058301,24294.7867005831,,,,,,,,,,
nan,pause,24295.299700583204,24295.298700583204,nan,,,,,,,,,,
9.857450441264632,inhale,24297.133700583578,24295.299700583204,24295.456700583236,,,,,,,,,,
nan,pause,24297.134700583578,24297.133700583578,nan,,,,,,,,,,
-15.261205543465877,exhale,24298.089700583772,24297.134700583578,24297.44670058364,,,,,,,,,,
nan,pause,24298.090700583773,24298.089700583772,nan,,,,,,,,,,
6.898140519304242,inhale,24299.84870058413,24298.090700583773,24298.286700583812,,,,,,,,,,
nan,pause,24299.84970058413,24299.84870058413,nan,,,,,,,,,,
-13.736880162707875,exhale,24300.82970058433,24299.84970058413,24300.28670058422,,,,,,,,,,
nan,pause,24300.83070058433,24300.82970058433,nan,,,,,,,,,,
7.593725248374358,inhale,24302.578700584687,24300.83070058433,24300.956700584356,,,,,,,,,,
nan,pause,24302.579700584687,24302.578700584687,nan,,,,,,,,,,
-11.814069510050668,exhale,24303.489700584872,24302.579700584687,24302.956700584764,,,,,,,,,,
nan,pause,24303.490700584873,24303.489700584872,nan,,,,,,,,,,
7.133157175072192,inhale,24305.205700585222,24303.490700584873,24303.6167005849,,,,,,,,,,
nan,pause,24305.206700585222,24305.205700585222,nan,,,,,,,,,,
-13.933467215248825,exhale,24305.941700585372,24305.206700585222,24305.616700585306,,,,,,,,,,
nan,pause,24305.942700585372,24305.941700585372,nan,,,,,,,,,,
8.666465861047868,inhale,24307.291700585647,24305.942700585372,24306.116700585408,,,,,,,,,,
nan,pause,24307.292700585647,24307.291700585647,nan,,,,,,,,,,
-14.783477556427231,exhale,24308.13970058582,24307.292700585647,24307.616700585713,,,,,,,,,,
nan,pause,24308.14070058582,24308.13970058582,nan,,,,,,,,,,
7.147461207112487,inhale,24309.732700586144,24308.14070058582,24308.28670058585,,,,,,,,,,
nan,pause,24309.733700586145,24309.732700586144,nan,,,,,,,,,,
-13.616774614742075,exhale,24310.55170058631,24309.733700586145,24310.116700586223,,,,,,,,,,
nan,pause,24310.55270058631,24310.55170058631,nan,,,,,,,,,,
9.530880540551408,inhale,24311.991700586605,24310.55270058631,24310.78670058636,,,,,,,,,,
nan,pause,24311.992700586605,24311.991700586605,nan,,,,,,,,,,
-15.877543997712408,exhale,24312.769700586763,24311.992700586605,24312.446700586697,,,,,,,,,,
nan,pause,24312.770700586763,24312.769700586763,nan,,,,,,,,,,
9.988069353444603,inhale,24314.343700587084,24312.770700586763,24312.9567005868,,,,,,,,,,
nan,pause,24314.344700587084,24314.343700587084,nan,,,,,,,,,,
-14.166756478475047,exhale,24315.219700587262,24314.344700587084,24314.61670058714,,,,,,,,,,
nan,pause,24315.220700587262,24315.219700587262,nan,,,,,,,,,,
11.329094455045459,inhale,24316.647700587553,24315.220700587262,24315.44670058731,,,,,,,,,,
nan,pause,24316.648700587553,24316.647700587553,nan,,,,,,,,,,
-12.503875190415496,exhale,24317.46570058772,24316.648700587553,24316.956700587616,,,,,,,,,,
nan,pause,24317.46670058772,24317.46570058772,nan,,,,,,,,,,
6.933173723696917,inhale,24319.046700588042,24317.46670058772,24317.61670058775,,,,,,,,,,
nan,pause,24319.047700588042,24319.046700588042,nan,,,,,,,,,,
-11.4726025108921,exhale,24319.87770058821,24319.047700588042,24319.446700588123,,,,,,,,,,
nan,pause,24319.87870058821,24319.87770058821,nan,,,,,,,,,,
6.216471585916254,inhale,24321.304700588502,24319.87870058821,24320.11670058826,,,,,,,,,,
nan,pause,24321.305700588502,24321.304700588502,nan,,,,,,,,,,
-13.066764149602845,exhale,24322.049700588654,24321.305700588502,24321.616700588565,,,,,,,,,,
nan,pause,24322.050700588654,24322.049700588654,nan,,,,,,,,,,
8.209722204340833,inhale,24323.45870058894,24322.050700588654,24322.286700588702,,,,,,,,,,
nan,pause,24323.45970058894,24323.45870058894,nan,,,,,,,,,,
-13.152201048513914,exhale,24324.2347005891,24323.45970058894,24323.786700589008,,,,,,,,,,
nan,pause,24324.2357005891,24324.2347005891,nan,,,,,,,,,,
8.084489046925189,inhale,24325.786700589415,24324.2357005891,24324.456700589144,,,,,,,,,,
nan,pause,24325.787700589415,24325.786700589415,nan,,,,,,,,,,
-8.950078732871354,exhale,24326.730700589607,24325.787700589415,24326.116700589482,,,,,,,,,,
nan,pause,24326.731700589607,24326.730700589607,nan,,,,,,,,,,
6.852550015903937,inhale,24328.104700589887,24326.731700589607,24326.94670058965,,,,,,,,,,
nan,pause,24328.105700589887,24328.104700589887,nan,,,,,,,,,,
-8.750598422790196,exhale,24328.937700590057,24328.105700589887,24328.446700589957,,,,,,,,,,
nan,pause,24328.938700590057,24328.937700590057,nan,,,,,,,,,,
5.799875693038691,inhale,24330.487700590373,24328.938700590057,24329.116700590093,,,,,,,,,,
nan,pause,24330.488700590373,24330.487700590373,nan,,,,,,,,,,
-7.9365414769562355,exhale,24331.443700590567,24330.488700590373,24330.786700590434,,,,,,,,,,
nan,pause,24331.444700590568,24331.443700590567,nan,,,,,,,,,,
9.749852903929574,inhale,24333.02770059089,24331.444700590568,24331.616700590603,,,,,,,,,,
nan,pause,24333.02870059089,24333.02770059089,nan,,,,,,,,,,
-3.905580293826861,exhale,24334.086700591106,24333.02870059089,24333.286700590943,,,,,,,,,,
nan,pause,24334.087700591106,24334.086700591106,nan,,,,,,,,,,
2.93629967535678,inhale,24335.490700591392,24334.087700591106,24334.286700591147,,,,,,,,,,
nan,pause,24335.491700591392,24335.490700591392,nan,,,,,,,,,,
-2.897380750805681,exhale,24336.451700591588,24335.491700591392,24335.786700591452,,,,,,,,,,
nan,pause,24336.452700591588,24336.451700591588,nan,,,,,,,,,,
2.7831887184341455,inhale,24337.73970059185,24336.452700591588,24336.61670059162,,,,,,,,,,
nan,pause,24337.74070059185,24337.73970059185,nan,,,,,,,,,,
-1.5967014479848087,exhale,24338.706700592047,24337.74070059185,24338.28670059196,,,,,,,,,,
nan,pause,24338.707700592047,24338.706700592047,nan,,,,,,,,,,
1.6733004270831398,inhale,24340.00470059231,24338.707700592047,24338.946700592096,,,,,,,,,,
nan,pause,24340.00570059231,24340.00470059231,nan,,,,,,,,,,
-1.7834985904387273,exhale,24341.02470059252,24340.00570059231,24340.616700592436,,,,,,,,,,
nan,pause,24341.02570059252,24341.02470059252,nan,,,,,,,,,,
1.3625376200987944,inhale,24342.30570059278,24341.02570059252,24341.27670059257,,,,,,,,,,
nan,pause,24342.30670059278,24342.30570059278,nan,,,,,,,,,,
-1.1834967290405798,exhale,24343.34370059299,24342.30670059278,24343.116700592946,,,,,,,,,,
nan,pause,24343.344700592992,24343.34370059299,nan,,,,,,,,,,
1.1825287348330056,inhale,24344.537700593235,24343.344700592992,24343.456700593015,,,,,,,,,,
nan,pause,24344.538700593235,24344.537700593235,nan,,,,,,,,,,
-1.1167986349572592,exhale,24345.557700593443,24344.538700593235,24345.116700593353,,,,,,,,,,
nan,pause,24345.558700593443,24345.557700593443,nan,,,,,,,,,,
1.3039216799871471,inhale,24346.86370059371,24345.558700593443,24345.78670059349,,,,,,,,,,
nan,pause,24346.86470059371,24346.86370059371,nan,,,,,,,,,,
-1.1984501503695786,exhale,24347.863700593913,24346.86470059371,24347.446700593828,,,,,,,,,,
nan,pause,24347.864700593913,24347.863700593913,nan,,,,,,,,,,
1.3331970040920684,inhale,24349.098700594164,24347.864700593913,24348.116700593964,,,,,,,,,,
nan,pause,24349.099700594164,24349.098700594164,nan,,,,,,,,,,
-1.4334980340255292,exhale,24350.038700594356,24349.099700594164,24349.61670059427,,,,,,,,,,
nan,pause,24350.039700594356,24350.038700594356,nan,,,,,,,,,,
1.2390189138767123,inhale,24351.515700594657,24350.039700594356,24350.286700594406,,,,,,,,,,
nan,pause,24351.516700594657,24351.515700594657,nan,,,,,,,,,,
-1.0664625640104304,exhale,24352.56070059487,24351.516700594657,24352.446700594846,,,,,,,,,,
nan,pause,24352.56170059487,24352.56070059487,nan,,,,,,,,,,
1.303921674712248,inhale,24353.98070059516,24352.56170059487,24352.786700594916,,,,,,,,,,
nan,pause,24353.98170059516,24353.98070059516,nan,,,,,,,,,,
-1.1000990692034973,exhale,24354.833700595333,24353.98170059516,24354.61670059529,,,,,,,,,,
nan,pause,24354.834700595333,24354.833700595333,nan,,,,,,,,,,
2.153139743835407,inhale,24355.097700595386,24354.834700595333,24354.946700595356,,,,,,,,,,
nan,pause,24355.80370059553,24355.097700595386,nan,,,,,,,,,,
-0.4888806013534852,exhale,24356.08870059559,24355.80370059553,24355.94670059556,,,,,,,,,,
nan,pause,24357.496700595875,24356.08870059559,nan,,,,,,,,,,
0.3498964070078777,inhale,24357.784700595934,24357.496700595875,24357.6167005959,,,,,,,,,,
nan,pause,24358.64470059611,24357.784700595934,nan,,,,,,,,,,
0.5679003773000003,inhale,24358.912700596164,24358.64470059611,24358.786700596138,,,,,,,,,,
nan,pause,24359.28070059624,24358.912700596164,nan,,,,,,,,,,
0.4082508226240551,inhale,24359.609700596306,24359.28070059624,24359.446700596272,,,,,,,,,,
nan,pause,24370.171700598457,24359.609700596306,nan,,,,,,,,,,
-1.9667915992267087,exhale,24371.01270059863,24370.171700598457,24370.616700598548,,,,,,,,,,
nan,pause,24371.01370059863,24371.01270059863,nan,,,,,,,,,,
1.258680866969985,inhale,24372.364700598904,24371.01370059863,24371.286700598685,,,,,,,,,,
nan,pause,24372.365700598904,24372.364700598904,nan,,,,,,,,,,
-2.309869061081622,exhale,24373.3287005991,24372.365700598904,24372.946700599023,,,,,,,,,,
nan,pause,24373.3297005991,24373.3287005991,nan,,,,,,,,,,
1.8978600484123807,inhale,24374.65870059937,24373.3297005991,24374.286700599296,,,,,,,,,,
nan,pause,24374.65970059937,24374.65870059937,nan,,,,,,,,,,
-1.9935009557424201,exhale,24375.654700599574,24374.65970059937,24374.94670059943,,,,,,,,,,
nan,pause,24375.655700599575,24375.654700599574,nan,,,,,,,,,,
1.7736795450850613,inhale,24376.91570059983,24375.655700599575,24375.7867005996,,,,,,,,,,
nan,pause,24376.91670059983,24376.91570059983,nan,,,,,,,,,,
-2.3828186560472875,exhale,24377.89370060003,24376.91670059983,24377.286700599907,,,,,,,,,,
nan,pause,24377.89470060003,24377.89370060003,nan,,,,,,,,,,
2.3331916071693777,inhale,24379.185700600294,24377.89470060003,24378.116700600076,,,,,,,,,,
nan,pause,24379.186700600294,24379.185700600294,nan,,,,,,,,,,
-3.176128133749932,exhale,24380.10770060048,24379.186700600294,24379.45670060035,,,,,,,,,,
nan,pause,24380.108700600482,24380.10770060048,nan,,,,,,,,,,
3.3080412680265456,inhale,24381.32470060073,24380.108700600482,24380.286700600518,,,,,,,,,,
nan,pause,24381.32570060073,24381.32470060073,nan,,,,,,,,,,
-3.2667956004884577,exhale,24382.238700600916,24381.32570060073,24381.61670060079,,,,,,,,,,
nan,pause,24382.239700600916,24382.238700600916,nan,,,,,,,,,,
3.362713467727248,inhale,24383.473700601167,24382.239700600916,24382.446700600958,,,,,,,,,,
nan,pause,24383.474700601168,24383.473700601167,nan,,,,,,,,,,
-3.343300837488844,exhale,24384.452700601367,24383.474700601168,24383.78670060123,,,,,,,,,,
nan,pause,24384.453700601367,24384.452700601367,nan,,,,,,,,,,
3.1164886144962396,inhale,24385.707700601622,24384.453700601367,24384.6167006014,,,,,,,,,,
nan,pause,24385.708700601623,24385.707700601622,nan,,,,,,,,,,
-3.345413196430587,exhale,24386.643700601813,24385.708700601623,24385.956700601673,,,,,,,,,,
nan,pause,24386.644700601813,24386.643700601813,nan,,,,,,,,,,
3.4202809769210614,inhale,24387.86370060206,24386.644700601813,24386.786700601842,,,,,,,,,,
nan,pause,24387.864700602062,24387.86370060206,nan,,,,,,,,,,
-3.183493213355663,exhale,24388.799700602252,24387.864700602062,24388.116700602113,,,,,,,,,,
nan,pause,24388.800700602253,24388.799700602252,nan,,,,,,,,,,
2.957793638544317,inhale,24389.992700602495,24388.800700602253,24388.956700602284,,,,,,,,,,
nan,pause,24389.993700602496,24389.992700602495,nan,,,,,,,,,,
-3.241260881298191,exhale,24390.85370060267,24389.993700602496,24390.286700602555,,,,,,,,,,
nan,pause,24390.85470060267,24390.85370060267,nan,,,,,,,,,,
3.4831876198873974,inhale,24392.102700602925,24390.85470060267,24391.116700602724,,,,,,,,,,
nan,pause,24392.103700602926,24392.102700602925,nan,,,,,,,,,,
-3.544661483202738,exhale,24392.980700603104,24392.103700602926,24392.286700602963,,,,,,,,,,
nan,pause,24392.981700603104,24392.980700603104,nan,,,,,,,,,,
3.4105535532646325,inhale,24394.19470060335,24392.981700603104,24393.276700603164,,,,,,,,,,
nan,pause,24394.19570060335,24394.19470060335,nan,,,,,,,,,,
-3.5054125918150953,exhale,24395.052700603526,24394.19570060335,24394.456700603405,,,,,,,,,,
nan,pause,24395.053700603527,24395.052700603526,nan,,,,,,,,,,
3.2491603896905046,inhale,24396.330700603787,24395.053700603527,24395.286700603574,,,,,,,,,,
nan,pause,24396.331700603787,24396.330700603787,nan,,,,,,,,,,
-2.6500981460467155,exhale,24397.160700603956,24396.331700603787,24396.616700603845,,,,,,,,,,
nan,pause,24397.161700603956,24397.160700603956,nan,,,,,,,,,,
1.8625376777843754,inhale,24398.536700604236,24397.161700603956,24398.276700604183,,,,,,,,,,
nan,pause,24398.537700604236,24398.536700604236,nan,,,,,,,,,,
-2.1987413902485287,exhale,24399.567700604446,24398.537700604236,24398.786700604287,,,,,,,,,,
nan,pause,24399.568700604446,24399.567700604446,nan,,,,,,,,,,
1.9580015487030882,inhale,24400.930700604724,24399.568700604446,24399.78670060449,,,,,,,,,,
nan,pause,24400.931700604724,24400.930700604724,nan,,,,,,,,,,
-2.333500000000006,exhale,24401.922700604926,24400.931700604724,24401.126700604764,,,,,,,,,,
nan,pause,24401.923700604926,24401.922700604926,nan,,,,,,,,,,
2.4664915057508106,inhale,24403.149700605176,24401.923700604926,24402.116700604965,,,,,,,,,,
nan,pause,24403.150700605176,24403.149700605176,nan,,,,,,,,,,
-2.4281379079860788,exhale,24404.068700605363,24403.150700605176,24403.45670060524,,,,,,,,,,
nan,pause,24404.069700605363,24404.068700605363,nan,,,,,,,,,,
2.4580015464119866,inhale,24405.289700605612,24404.069700605363,24404.286700605408,,,,,,,,,,
nan,pause,24405.290700605612,24405.289700605612,nan,,,,,,,,,,
-3.3587608810494998,exhale,24406.191700605796,24405.290700605612,24405.456700605646,,,,,,,,,,
nan,pause,24406.192700605796,24406.191700605796,nan,,,,,,,,,,
2.6950487410321107,inhale,24407.478700606058,24406.192700605796,24406.446700605848,,,,,,,,,,
nan,pause,24407.479700606058,24407.478700606058,nan,,,,,,,,,,
-3.1808569825032444,exhale,24408.346700606235,24407.479700606058,24407.77670060612,,,,,,,,,,
nan,pause,24408.347700606235,24408.346700606235,nan,,,,,,,,,,
3.0664923023496957,inhale,24409.526700606475,24408.347700606235,24408.61670060629,,,,,,,,,,
nan,pause,24409.527700606475,24409.526700606475,nan,,,,,,,,,,
-3.76170011018469,exhale,24410.414700606656,24409.527700606475,24409.786700606528,,,,,,,,,,
nan,pause,24410.415700606656,24410.414700606656,nan,,,,,,,,,,
3.6664849113048534,inhale,24411.683700606914,24410.415700606656,24410.616700606697,,,,,,,,,,
nan,pause,24411.684700606915,24411.683700606914,nan,,,,,,,,,,
-3.570770052626091,exhale,24412.580700607097,24411.684700606915,24411.95670060697,,,,,,,,,,
nan,pause,24412.581700607097,24412.580700607097,nan,,,,,,,,,,
3.508340174828948,inhale,24413.788700607343,24412.581700607097,24412.78670060714,,,,,,,,,,
nan,pause,24413.789700607344,24413.788700607343,nan,,,,,,,,,,
-3.9500991370215397,exhale,24414.668700607523,24413.789700607344,24414.11670060741,,,,,,,,,,
nan,pause,24414.669700607523,24414.668700607523,nan,,,,,,,,,,
3.9546091558474803,inhale,24415.93070060778,24414.669700607523,24414.94670060758,,,,,,,,,,
nan,pause,24415.93170060778,24415.93070060778,nan,,,,,,,,,,
-4.733486093059527,exhale,24416.791700607955,24415.93170060778,24416.116700607818,,,,,,,,,,
nan,pause,24416.792700607955,24416.791700607955,nan,,,,,,,,,,
4.99544092729195,inhale,24417.967700608195,24416.792700607955,24416.95670060799,,,,,,,,,,
nan,pause,24417.968700608195,24417.967700608195,nan,,,,,,,,,,
-5.044320801918373,exhale,24418.849700608374,24417.968700608195,24418.28670060826,,,,,,,,,,
nan,pause,24418.850700608375,24418.849700608374,nan,,,,,,,,,,
4.699882929799669,inhale,24420.05970060862,24418.850700608375,24419.11670060843,,,,,,,,,,
nan,pause,24420.06070060862,24420.05970060862,nan,,,,,,,,,,
-4.278870699904777,exhale,24420.821700608776,24420.06070060862,24420.4467006087,,,,,,,,,,
nan,pause,24420.822700608776,24420.821700608776,nan,,,,,,,,,,
2.9823337283589564,inhale,24421.96870060901,24420.822700608776,24420.956700608804,,,,,,,,,,
nan,pause,24421.96970060901,24421.96870060901,nan,,,,,,,,,,
-2.6834902050319727,exhale,24422.924700609205,24421.96970060901,24422.11670060904,,,,,,,,,,
nan,pause,24422.925700609205,24422.924700609205,nan,,,,,,,,,,
2.0998878793953244,inhale,24424.535700609533,24422.925700609205,24423.116700609244,,,,,,,,,,
nan,pause,24424.788700609584,24424.535700609533,nan,,,,,,,,,,
-1.2987796932270326,exhale,24426.09070060985,24424.788700609584,24425.276700609684,,,,,,,,,,
nan,pause,24426.692700609972,24426.09070060985,nan,,,,,,,,,,
0.867688893625967,inhale,24427.099700610055,24426.692700609972,24426.946700610024,,,,,,,,,,
nan,pause,24428.017700610242,24427.099700610055,nan,,,,,,,,,,
-2.0473807357366796,exhale,24429.098700610462,24428.017700610242,24428.286700610297,,,,,,,,,,
nan,pause,24429.099700610463,24429.098700610462,nan,,,,,,,,,,
1.2226595354160812,inhale,24430.540700610756,24429.099700610463,24429.2867006105,,,,,,,,,,
nan,pause,24430.541700610756,24430.540700610756,nan,,,,,,,,,,
-1.8473807353294094,exhale,24431.54570061096,24430.541700610756,24430.786700610806,,,,,,,,,,
nan,pause,24431.54670061096,24431.54570061096,nan,,,,,,,,,,
0.9998974538507294,inhale,24432.835700611224,24431.54670061096,24432.61670061118,,,,,,,,,,
nan,pause,24432.836700611224,24432.835700611224,nan,,,,,,,,,,
-2.2667937556400175,exhale,24433.75670061141,24432.836700611224,24433.11670061128,,,,,,,,,,
nan,pause,24433.75770061141,24433.75670061141,nan,,,,,,,,,,
1.3724798255902473,inhale,24434.992700611663,24433.75770061141,24433.956700611452,,,,,,,,,,
nan,pause,24434.993700611663,24434.992700611663,nan,,,,,,,,,,
-2.329758715116018,exhale,24435.882700611844,24434.993700611663,24435.286700611723,,,,,,,,,,
nan,pause,24435.883700611845,24435.882700611844,nan,,,,,,,,,,
2.1164911968248545,inhale,24437.07970061209,24435.883700611845,24436.116700611892,,,,,,,,,,
nan,pause,24437.08070061209,24437.07970061209,nan,,,,,,,,,,
-2.627888719044731,exhale,24438.001700612276,24437.08070061209,24437.446700612163,,,,,,,,,,
nan,pause,24438.002700612276,24438.001700612276,nan,,,,,,,,,,
2.024614146882783,inhale,24439.25570061253,24438.002700612276,24438.276700612332,,,,,,,,,,
nan,pause,24439.256700612532,24439.25570061253,nan,,,,,,,,,,
-2.316079211225639,exhale,24440.096700612703,24439.256700612532,24439.456700612573,,,,,,,,,,
nan,pause,24440.097700612703,24440.096700612703,nan,,,,,,,,,,
1.5349389359006265,inhale,24441.15870061292,24440.097700612703,24440.28670061274,,,,,,,,,,
nan,pause,24441.15970061292,24441.15870061292,nan,,,,,,,,,,
-1.96479021806257,exhale,24442.081700613107,24441.15970061292,24441.45670061298,,,,,,,,,,
nan,pause,24442.082700613108,24442.081700613107,nan,,,,,,,,,,
2.0331966918771562,inhale,24443.17870061333,24442.082700613108,24442.616700613216,,,,,,,,,,
nan,pause,24443.17970061333,24443.17870061333,nan,,,,,,,,,,
-2.7453516717190656,exhale,24444.086700613516,24443.17970061333,24443.446700613385,,,,,,,,,,
nan,pause,24444.087700613516,24444.086700613516,nan,,,,,,,,,,
1.688680219216639,inhale,24445.34270061377,24444.087700613516,24444.286700613557,,,,,,,,,,
nan,pause,24445.343700613772,24445.34270061377,nan,,,,,,,,,,
-2.683496234377862,exhale,24446.199700613946,24445.343700613772,24445.616700613828,,,,,,,,,,
nan,pause,24446.200700613947,24446.199700613946,nan,,,,,,,,,,
2.6607586726074297,inhale,24447.34070061418,24446.200700613947,24446.446700613997,,,,,,,,,,
nan,pause,24447.34170061418,24447.34070061418,nan,,,,,,,,,,
-3.0167934194571546,exhale,24448.23470061436,24447.34170061418,24447.616700614235,,,,,,,,,,
nan,pause,24448.23570061436,24448.23470061436,nan,,,,,,,,,,
2.2348206943116433,inhale,24449.474700614614,24448.23570061436,24448.446700614404,,,,,,,,,,
nan,pause,24449.475700614614,24449.474700614614,nan,,,,,,,,,,
-3.0905815428391192,exhale,24450.352700614792,24449.475700614614,24449.786700614677,,,,,,,,,,
nan,pause,24450.353700614793,24450.352700614792,nan,,,,,,,,,,
2.17649938518704,inhale,24451.51570061503,24450.353700614793,24450.456700614814,,,,,,,,,,
nan,pause,24451.51670061503,24451.51570061503,nan,,,,,,,,,,
-3.5467014248756867,exhale,24452.26170061518,24451.51670061503,24451.786700615085,,,,,,,,,,
nan,pause,24452.26270061518,24452.26170061518,nan,,,,,,,,,,
2.85868082879235,inhale,24453.321700615397,24452.26270061518,24452.78670061529,,,,,,,,,,
nan,pause,24453.322700615397,24453.321700615397,nan,,,,,,,,,,
-3.733491060798865,exhale,24454.190700615574,24453.322700615397,24453.616700615457,,,,,,,,,,
nan,pause,24454.191700615575,24454.190700615574,nan,,,,,,,,,,
2.662076825343821,inhale,24455.323700615805,24454.191700615575,24454.446700615626,,,,,,,,,,
nan,pause,24455.324700615805,24455.323700615805,nan,,,,,,,,,,
-3.0834941222228425,exhale,24456.197700615983,24455.324700615805,24455.616700615865,,,,,,,,,,
nan,pause,24456.198700615983,24456.197700615983,nan,,,,,,,,,,
2.2731510857298756,inhale,24457.321700616212,24456.198700615983,24456.456700616036,,,,,,,,,,
nan,pause,24457.322700616212,24457.321700616212,nan,,,,,,,,,,
-3.150093418645793,exhale,24458.13970061638,24457.322700616212,24457.616700616272,,,,,,,,,,
nan,pause,24458.14070061638,24458.13970061638,nan,,,,,,,,,,
2.512420076293211,inhale,24459.235700616602,24458.14070061638,24458.28670061641,,,,,,,,,,
nan,pause,24459.236700616602,24459.235700616602,nan,,,,,,,,,,
-2.900098740211777,exhale,24460.083700616775,24459.236700616602,24459.61670061668,,,,,,,,,,
nan,pause,24460.084700616775,24460.083700616775,nan,,,,,,,,,,
2.1856202653152925,inhale,24461.319700617027,24460.084700616775,24460.286700616816,,,,,,,,,,
nan,pause,24461.320700617027,24461.319700617027,nan,,,,,,,,,,
-2.833495106137336,exhale,24462.147700617195,24461.320700617027,24461.616700617087,,,,,,,,,,
nan,pause,24462.148700617196,24462.147700617195,nan,,,,,,,,,,
2.7791597028664623,inhale,24463.39970061745,24462.148700617196,24462.286700617224,,,,,,,,,,
nan,pause,24463.40070061745,24463.39970061745,nan,,,,,,,,,,
-2.3461368744183764,exhale,24464.304700617635,24463.40070061745,24463.776700617527,,,,,,,,,,
nan,pause,24464.305700617635,24464.304700617635,nan,,,,,,,,,,
1.5644902166571237,inhale,24465.470700617872,24464.305700617635,24464.456700617666,,,,,,,,,,
nan,pause,24465.471700617873,24465.470700617872,nan,,,,,,,,,,
-1.9777187455098872,exhale,24466.380700618058,24465.471700617873,24465.786700617937,,,,,,,,,,
nan,pause,24466.381700618058,24466.380700618058,nan,,,,,,,,,,
1.099898886739624,inhale,24467.46870061828,24466.381700618058,24467.116700618208,,,,,,,,,,
nan,pause,24467.46970061828,24467.46870061828,nan,,,,,,,,,,
-1.7256787818027897,exhale,24468.342700618457,24467.46970061828,24467.786700618344,,,,,,,,,,
nan,pause,24468.343700618458,24468.342700618457,nan,,,,,,,,,,
1.28319635883048,inhale,24469.49070061869,24468.343700618458,24468.616700618513,,,,,,,,,,
nan,pause,24469.49170061869,24469.49070061869,nan,,,,,,,,,,
-1.5331593261357823,exhale,24470.399700618877,24469.49170061869,24469.78670061875,,,,,,,,,,
nan,pause,24470.400700618877,24470.399700618877,nan,,,,,,,,,,
1.1664955042242675,inhale,24471.634700619128,24470.400700618877,24470.61670061892,,,,,,,,,,
nan,pause,24471.63570061913,24471.634700619128,nan,,,,,,,,,,
-1.2500989343048834,exhale,24472.557700619316,24471.63570061913,24472.116700619226,,,,,,,,,,
nan,pause,24472.558700619316,24472.557700619316,nan,,,,,,,,,,
0.9923085844354538,inhale,24473.738700619557,24472.558700619316,24473.446700619497,,,,,,,,,,
nan,pause,24473.739700619557,24473.738700619557,nan,,,,,,,,,,
-1.0974587929573412,exhale,24474.671700619747,24473.739700619557,24474.4467006197,,,,,,,,,,
nan,pause,24474.672700619747,24474.671700619747,nan,,,,,,,,,,
1.174360836551789,inhale,24475.839700619985,24474.672700619747,24474.78670061977,,,,,,,,,,
nan,pause,24475.840700619985,24475.839700619985,nan,,,,,,,,,,
-1.1328381762733404,exhale,24476.722700620165,24475.840700619985,24476.276700620074,,,,,,,,,,
nan,pause,24476.723700620165,24476.722700620165,nan,,,,,,,,,,
1.1062713562037736,inhale,24477.8727006204,24476.723700620165,24476.94670062021,,,,,,,,,,
nan,pause,24477.8737006204,24477.8727006204,nan,,,,,,,,,,
-1.0487802734125007,exhale,24478.695700620567,24477.8737006204,24478.446700620516,,,,,,,,,,
nan,pause,24478.696700620567,24478.695700620567,nan,,,,,,,,,,
0.8488800178206287,inhale,24479.99670062083,24478.696700620567,24478.786700620585,,,,,,,,,,
nan,pause,24479.997700620832,24479.99670062083,nan,,,,,,,,,,
-0.8490800177289827,exhale,24480.847700621005,24479.997700620832,24480.28670062089,,,,,,,,,,
nan,pause,24480.848700621005,24480.847700621005,nan,,,,,,,,,,
0.9651614836221503,inhale,24482.036700621247,24480.848700621005,24480.956700621027,,,,,,,,,,
nan,pause,24482.037700621247,24482.036700621247,nan,,,,,,,,,,
-1.583495195979307,exhale,24482.848700621413,24482.037700621247,24482.616700621365,,,,,,,,,,
nan,pause,24482.849700621413,24482.848700621413,nan,,,,,,,,,,
1.6331942942494766,inhale,24484.339700621716,24482.849700621413,24483.116700621467,,,,,,,,,,
nan,pause,24484.340700621717,24484.339700621716,nan,,,,,,,,,,
-2.8500928642318493,exhale,24485.174700621887,24484.340700621717,24484.616700621773,,,,,,,,,,
nan,pause,24485.83270062202,24485.174700621887,nan,,,,,,,,,,
3.5701748631567227,inhale,24487.377700622335,24485.83270062202,24487.276700622315,,,,,,,,,,
nan,pause,24487.378700622336,24487.377700622335,nan,,,,,,,,,,
-5.8919401381654675,exhale,24488.250700622513,24487.378700622336,24487.78670062242,,,,,,,,,,
nan,pause,24488.251700622513,24488.250700622513,nan,,,,,,,,,,
7.260438480645582,inhale,24489.719700622813,24488.251700622513,24488.446700622553,,,,,,,,,,
nan,pause,24489.720700622813,24489.719700622813,nan,,,,,,,,,,
-11.100526645630245,exhale,24490.625700622997,24489.720700622813,24489.95670062286,,,,,,,,,,
nan,pause,24490.626700622997,24490.625700622997,nan,,,,,,,,,,
5.68530040221118,inhale,24492.6107006234,24490.626700622997,24490.78670062303,,,,,,,,,,
nan,pause,24492.6117006234,24492.6107006234,nan,,,,,,,,,,
-10.227325115423744,exhale,24493.49270062358,24492.6117006234,24492.956700623472,,,,,,,,,,
nan,pause,24493.49370062358,24493.49270062358,nan,,,,,,,,,,
7.399856163911281,inhale,24495.326700623955,24493.49370062358,24493.616700623606,,,,,,,,,,
nan,pause,24495.327700623955,24495.326700623955,nan,,,,,,,,,,
-11.425665709212902,exhale,24496.19270062413,24495.327700623955,24495.776700624046,,,,,,,,,,
nan,pause,24496.19370062413,24496.19270062413,nan,,,,,,,,,,
9.321143884671162,inhale,24497.770700624453,24496.19370062413,24496.446700624183,,,,,,,,,,
nan,pause,24497.771700624453,24497.770700624453,nan,,,,,,,,,,
-11.283487947450702,exhale,24498.656700624633,24497.771700624453,24498.116700624523,,,,,,,,,,
nan,pause,24498.657700624633,24498.656700624633,nan,,,,,,,,,,
7.324680680539256,inhale,24500.375700624983,24498.657700624633,24498.78670062466,,,,,,,,,,
nan,pause,24500.376700624984,24500.375700624983,nan,,,,,,,,,,
-11.53930003398429,exhale,24501.273700625166,24500.376700624984,24500.786700625067,,,,,,,,,,
nan,pause,24501.274700625167,24501.273700625166,nan,,,,,,,,,,
7.985014698731088,inhale,24502.82170062548,24501.274700625167,24501.456700625204,,,,,,,,,,
nan,pause,24502.822700625482,24502.82170062548,nan,,,,,,,,,,
-12.983473712372657,exhale,24503.664700625653,24502.822700625482,24503.116700625542,,,,,,,,,,
nan,pause,24503.665700625654,24503.664700625653,nan,,,,,,,,,,
7.752620177602783,inhale,24505.365700626,24503.665700625654,24503.94670062571,,,,,,,,,,
nan,pause,24505.366700626,24505.365700626,nan,,,,,,,,,,
-10.78793936231631,exhale,24506.321700626195,24505.366700626,24505.786700626086,,,,,,,,,,
nan,pause,24506.322700626195,24506.321700626195,nan,,,,,,,,,,
6.617121712725475,inhale,24507.904700626517,24506.322700626195,24506.456700626222,,,,,,,,,,
nan,pause,24507.905700626518,24507.904700626517,nan,,,,,,,,,,
-13.507981603694759,exhale,24508.740700626688,24507.905700626518,24508.286700626595,,,,,,,,,,
nan,pause,24508.741700626688,24508.740700626688,nan,,,,,,,,,,
7.886779826061557,inhale,24510.201700626985,24508.741700626688,24508.95670062673,,,,,,,,,,
nan,pause,24510.202700626985,24510.201700626985,nan,,,,,,,,,,
-14.583483087767283,exhale,24511.05470062716,24510.202700626985,24510.61670062707,,,,,,,,,,
nan,pause,24511.05570062716,24511.05470062716,nan,,,,,,,,,,
9.47883974317158,inhale,24512.62870062748,24511.05570062716,24511.286700627206,,,,,,,,,,
nan,pause,24512.62970062748,24512.62870062748,nan,,,,,,,,,,
-14.182388975126898,exhale,24513.485700627654,24512.62970062748,24512.956700627547,,,,,,,,,,
nan,pause,24513.486700627654,24513.485700627654,nan,,,,,,,,,,
11.91641079618597,inhale,24515.13370062799,24513.486700627654,24513.61670062768,,,,,,,,,,
nan,pause,24515.13470062799,24515.13370062799,nan,,,,,,,,,,
-8.980002135407336,exhale,24516.081700628183,24515.13470062799,24515.456700628056,,,,,,,,,,
nan,pause,24516.082700628183,24516.081700628183,nan,,,,,,,,,,
5.959399682357569,inhale,24517.759700628525,24516.082700628183,24516.286700628225,,,,,,,,,,
nan,pause,24517.760700628525,24517.759700628525,nan,,,,,,,,,,
-12.016782048930445,exhale,24518.603700628697,24517.760700628525,24518.116700628598,,,,,,,,,,
nan,pause,24518.604700628697,24518.603700628697,nan,,,,,,,,,,
10.683580246022428,inhale,24520.22970062903,24518.604700628697,24518.786700628734,,,,,,,,,,
nan,pause,24520.23070062903,24520.22970062903,nan,,,,,,,,,,
-5.601840903717965,exhale,24521.02270062919,24520.23070062903,24520.78670062914,,,,,,,,,,
nan,pause,24521.02370062919,24521.02270062919,nan,,,,,,,,,,
10.255003770388978,inhale,24522.30870062945,24521.02370062919,24521.286700629244,,,,,,,,,,
nan,pause,24522.309700629452,24522.30870062945,nan,,,,,,,,,,
-5.914790213082446,exhale,24523.349700629664,24522.309700629452,24522.956700629584,,,,,,,,,,
nan,pause,24523.350700629664,24523.349700629664,nan,,,,,,,,,,
5.399871478978526,inhale,24524.965700629993,24523.350700629664,24523.61670062972,,,,,,,,,,
nan,pause,24524.966700629993,24524.965700629993,nan,,,,,,,,,,
-10.47521416997354,exhale,24525.862700630176,24524.966700629993,24525.44670063009,,,,,,,,,,
nan,pause,24525.863700630176,24525.862700630176,nan,,,,,,,,,,
5.349882146470194,inhale,24527.530700630516,24525.863700630176,24526.116700630228,,,,,,,,,,
nan,pause,24527.531700630516,24527.530700630516,nan,,,,,,,,,,
-11.796080425553827,exhale,24528.373700630687,24527.531700630516,24527.956700630602,,,,,,,,,,
nan,pause,24528.374700630688,24528.373700630687,nan,,,,,,,,,,
9.149870961984188,inhale,24529.940700631007,24528.374700630688,24528.616700630737,,,,,,,,,,
nan,pause,24529.941700631007,24529.940700631007,nan,,,,,,,,,,
-14.426000586947412,exhale,24530.74670063117,24529.941700631007,24530.286700631077,,,,,,,,,,
nan,pause,24530.74770063117,24530.74670063117,nan,,,,,,,,,,
8.222520870549184,inhale,24532.31170063149,24530.74770063117,24530.94670063121,,,,,,,,,,
nan,pause,24532.31270063149,24532.31170063149,nan,,,,,,,,,,
-20.266742784639845,exhale,24533.15570063166,24532.31270063149,24532.61670063155,,,,,,,,,,
nan,pause,24533.15670063166,24533.15570063166,nan,,,,,,,,,,
9.065157657364079,inhale,24534.812700632,24533.15670063166,24533.44670063172,,,,,,,,,,
nan,pause,24534.813700632,24534.812700632,nan,,,,,,,,,,
-20.16672673037551,exhale,24535.70870063218,24534.813700632,24535.11670063206,,,,,,,,,,
nan,pause,24535.709700632182,24535.70870063218,nan,,,,,,,,,,
8.233175889793275,inhale,24537.393700632525,24535.709700632182,24537.11670063247,,,,,,,,,,
nan,pause,24537.394700632525,24537.393700632525,nan,,,,,,,,,,
-20.514782565899132,exhale,24538.228700632695,24537.394700632525,24537.786700632605,,,,,,,,,,
nan,pause,24538.229700632695,24538.228700632695,nan,,,,,,,,,,
9.156936117822456,inhale,24539.88070063303,24538.229700632695,24538.44670063274,,,,,,,,,,
nan,pause,24539.881700633032,24539.88070063303,nan,,,,,,,,,,
-19.716743568140195,exhale,24540.718700633202,24539.881700633032,24540.11670063308,,,,,,,,,,
nan,pause,24540.719700633203,24540.718700633202,nan,,,,,,,,,,
10.070006804679432,inhale,24542.266700633518,24540.719700633203,24540.94670063325,,,,,,,,,,
nan,pause,24542.267700633518,24542.266700633518,nan,,,,,,,,,,
-18.28344844795747,exhale,24543.094700633686,24542.267700633518,24542.61670063359,,,,,,,,,,
nan,pause,24543.095700633687,24543.094700633686,nan,,,,,,,,,,
11.968620879118344,inhale,24544.671700634008,24543.095700633687,24543.286700633726,,,,,,,,,,
nan,pause,24544.672700634008,24544.671700634008,nan,,,,,,,,,,
-17.84372677791795,exhale,24545.56070063419,24544.672700634008,24544.956700634066,,,,,,,,,,
nan,pause,24545.56170063419,24545.56070063419,nan,,,,,,,,,,
7.963440041179628,inhale,24547.272700634538,24545.56170063419,24545.786700634235,,,,,,,,,,
nan,pause,24547.273700634538,24547.272700634538,nan,,,,,,,,,,
-15.383465224413882,exhale,24548.144700634715,24547.273700634538,24547.616700634608,,,,,,,,,,
nan,pause,24548.145700634715,24548.144700634715,nan,,,,,,,,,,
8.214160933368177,inhale,24549.750700635042,24548.145700634715,24548.286700634744,,,,,,,,,,
nan,pause,24549.751700635043,24549.750700635042,nan,,,,,,,,,,
-14.850041186484725,exhale,24550.594700635214,24549.751700635043,24550.116700635117,,,,,,,,,,
nan,pause,24550.595700635215,24550.594700635214,nan,,,,,,,,,,
10.718921963934893,inhale,24552.04670063551,24550.595700635215,24550.786700635254,,,,,,,,,,
nan,pause,24552.04770063551,24552.04670063551,nan,,,,,,,,,,
-13.956877201820115,exhale,24552.893700635683,24552.04770063551,24552.44670063559,,,,,,,,,,
nan,pause,24552.894700635683,24552.893700635683,nan,,,,,,,,,,
8.449860021561932,inhale,24554.40970063599,24552.894700635683,24553.11670063573,,,,,,,,,,
nan,pause,24554.41070063599,24554.40970063599,nan,,,,,,,,,,
-11.2855677680757,exhale,24555.252700636163,24554.41070063599,24554.776700636066,,,,,,,,,,
nan,pause,24555.253700636164,24555.252700636163,nan,,,,,,,,,,
6.980029496427721,inhale,24556.723700636463,24555.253700636164,24555.456700636205,,,,,,,,,,
nan,pause,24556.724700636463,24556.723700636463,nan,,,,,,,,,,
-10.026799363490149,exhale,24557.576700636637,24556.724700636463,24556.95670063651,,,,,,,,,,
nan,pause,24557.577700636637,24557.576700636637,nan,,,,,,,,,,
5.861420701636846,inhale,24558.988700636924,24557.577700636637,24557.78670063668,,,,,,,,,,
nan,pause,24558.989700636925,24558.988700636924,nan,,,,,,,,,,
-7.993379827472183,exhale,24559.860700637102,24558.989700636925,24559.286700636985,,,,,,,,,,
nan,pause,24559.861700637102,24559.860700637102,nan,,,,,,,,,,
5.8331711398011015,inhale,24561.23070063738,24559.861700637102,24560.116700637154,,,,,,,,,,
nan,pause,24561.23170063738,24561.23070063738,nan,,,,,,,,,,
-7.679334857260971,exhale,24562.20970063758,24561.23170063738,24561.456700637427,,,,,,,,,,
nan,pause,24562.21070063758,24562.20970063758,nan,,,,,,,,,,
5.489830107672179,inhale,24563.67370063788,24562.21070063758,24562.44670063763,,,,,,,,,,
nan,pause,24563.67470063788,24563.67370063788,nan,,,,,,,,,,
-5.242011257257963,exhale,24564.70570063809,24563.67470063788,24563.956700637937,,,,,,,,,,
nan,pause,24564.70670063809,24564.70570063809,nan,,,,,,,,,,
2.4469267396913126,inhale,24566.191700638392,24564.70670063809,24565.946700638342,,,,,,,,,,
nan,pause,24566.192700638392,24566.191700638392,nan,,,,,,,,,,
-3.1427321114156217,exhale,24567.198700638597,24566.192700638392,24566.456700638446,,,,,,,,,,
nan,pause,24567.199700638597,24567.198700638597,nan,,,,,,,,,,
2.300987825131146,inhale,24568.63470063889,24567.199700638597,24567.446700638648,,,,,,,,,,
nan,pause,24568.63570063889,24568.63470063889,nan,,,,,,,,,,
-2.46679789509668,exhale,24569.595700639085,24568.63570063889,24569.116700638988,,,,,,,,,,
nan,pause,24569.596700639086,24569.595700639085,nan,,,,,,,,,,
2.053240159380061,inhale,24571.060700639384,24569.596700639086,24569.786700639124,,,,,,,,,,
nan,pause,24571.061700639384,24571.060700639384,nan,,,,,,,,,,
-1.7834966776900396,exhale,24572.083700639592,24571.061700639384,24571.616700639497,,,,,,,,,,
nan,pause,24572.084700639592,24572.083700639592,nan,,,,,,,,,,
1.4233407970285812,inhale,24573.381700639857,24572.084700639592,24572.286700639634,,,,,,,,,,
nan,pause,24573.382700639857,24573.381700639857,nan,,,,,,,,,,
-1.5292091922933593,exhale,24574.402700640065,24573.382700639857,24573.946700639972,,,,,,,,,,
nan,pause,24574.403700640065,24574.402700640065,nan,,,,,,,,,,
1.7498937996247208,inhale,24575.679700640325,24574.403700640065,24574.61670064011,,,,,,,,,,
nan,pause,24575.680700640325,24575.679700640325,nan,,,,,,,,,,
-1.181519011038405,exhale,24576.912700640576,24575.680700640325,24576.276700640447,,,,,,,,,,
nan,pause,24577.488700640693,24576.912700640576,nan,,,,,,,,,,
-0.5667950388266068,exhale,24577.85870064077,24577.488700640693,24577.61670064072,,,,,,,,,,
nan,pause,24584.894700642202,24577.85870064077,nan,,,,,,,,,,
-0.3167995043996816,exhale,24586.074700642443,24584.894700642202,24585.61670064235,,,,,,,,,,
nan,pause,24586.183700642465,24586.074700642443,nan,,,,,,,,,,
-1.409300447626137,exhale,24587.403700642713,24586.183700642465,24587.28670064269,,,,,,,,,,
nan,pause,24587.404700642714,24587.403700642713,nan,,,,,,,,,,
1.3498926392274453,inhale,24588.043700642844,24587.404700642714,24587.616700642757,,,,,,,,,,
nan,pause,24589.655700643172,24588.043700642844,nan,,,,,,,,,,
-0.3314600220757838,exhale,24590.004700643243,24589.655700643172,24589.7867006432,,,,,,,,,,
nan,pause,24590.005700643243,24590.004700643243,nan,,,,,,,,,,
0.4664930516935673,inhale,24590.22770064329,24590.005700643243,24590.116700643266,,,,,,,,,,
nan,pause,24590.700700643385,24590.22770064329,nan,,,,,,,,,,
-0.9000911553508644,exhale,24591.2617006435,24590.700700643385,24591.11670064347,,,,,,,,,,
nan,pause,24597.854700644843,24591.2617006435,nan,,,,,,,,,,
-1.016796612453834,exhale,24601.217700645528,24597.854700644843,24600.616700645405,,,,,,,,,,
nan,pause,24601.218700645528,24601.217700645528,nan,,,,,,,,,,
0.3764007488942485,inhale,24601.61570064561,24601.218700645528,24601.28670064554,,,,,,,,,,
nan,pause,24602.625700645815,24601.61570064561,nan,,,,,,,,,,
-1.0161287295367936,exhale,24603.537700646,24602.625700645815,24602.956700645882,,,,,,,,,,
nan,pause,24603.538700646,24603.537700646,nan,,,,,,,,,,
0.4331952474796625,inhale,24603.907700646076,24603.538700646,24603.616700646016,,,,,,,,,,
nan,pause,24604.95370064629,24603.907700646076,nan,,,,,,,,,,
-1.2000952042813982,exhale,24605.875700646477,24604.95370064629,24605.116700646322,,,,,,,,,,
nan,pause,24605.876700646477,24605.875700646477,nan,,,,,,,,,,
0.5338216640852409,inhale,24606.401700646584,24605.876700646477,24605.956700646493,,,,,,,,,,
nan,pause,24606.402700646584,24606.401700646584,nan,,,,,,,,,,
-1.1834959687479534,exhale,24608.360700646983,24606.402700646584,24608.116700646933,,,,,,,,,,
nan,pause,24608.361700646983,24608.360700646983,nan,,,,,,,,,,
0.6952091451403121,inhale,24609.730700647262,24608.361700646983,24608.456700647002,,,,,,,,,,
nan,pause,24609.731700647262,24609.730700647262,nan,,,,,,,,,,
-1.2167984785589019,exhale,24610.79670064748,24609.731700647262,24610.11670064734,,,,,,,,,,
nan,pause,24610.79770064748,24610.79670064748,nan,,,,,,,,,,
0.8731510385256275,inhale,24612.017700647728,24610.79770064748,24610.95670064751,,,,,,,,,,
nan,pause,24612.018700647728,24612.017700647728,nan,,,,,,,,,,
-1.349761363208125,exhale,24613.032700647935,24612.018700647728,24612.286700647783,,,,,,,,,,
nan,pause,24613.033700647935,24613.032700647935,nan,,,,,,,,,,
0.849894576801948,inhale,24614.23470064818,24613.033700647935,24613.11670064795,,,,,,,,,,
nan,pause,24614.23570064818,24614.23470064818,nan,,,,,,,,,,
-1.5000977822937474,exhale,24615.206700648378,24614.23570064818,24614.616700648257,,,,,,,,,,
nan,pause,24615.207700648378,24615.206700648378,nan,,,,,,,,,,
1.0625387004484432,inhale,24616.38970064862,24615.207700648378,24615.446700648426,,,,,,,,,,
nan,pause,24616.39070064862,24616.38970064862,nan,,,,,,,,,,
-1.431460018776069,exhale,24617.394700648823,24616.39070064862,24616.7867006487,,,,,,,,,,
nan,pause,24617.395700648824,24617.394700648823,nan,,,,,,,,,,
0.9664964265535313,inhale,24618.69970064909,24617.395700648824,24617.61670064887,,,,,,,,,,
nan,pause,24618.70070064909,24618.69970064909,nan,,,,,,,,,,
-1.4834982790215572,exhale,24619.716700649296,24618.70070064909,24619.116700649174,,,,,,,,,,
nan,pause,24619.717700649297,24619.716700649296,nan,,,,,,,,,,
1.0571223065860373,inhale,24621.01370064956,24619.717700649297,24619.956700649345,,,,,,,,,,
nan,pause,24621.01470064956,24621.01370064956,nan,,,,,,,,,,
-1.382139332156822,exhale,24622.051700649772,24621.01470064956,24621.286700649616,,,,,,,,,,
nan,pause,24622.052700649772,24622.051700649772,nan,,,,,,,,,,
1.046499350179193,inhale,24623.342700650035,24622.052700649772,24622.28670064982,,,,,,,,,,
nan,pause,24623.343700650035,24623.342700650035,nan,,,,,,,,,,
-1.750095199504632,exhale,24624.317700650234,24623.343700650035,24623.61670065009,,,,,,,,,,
nan,pause,24624.318700650234,24624.317700650234,nan,,,,,,,,,,
1.0982477794660417,inhale,24625.51770065048,24624.318700650234,24624.946700650362,,,,,,,,,,
nan,pause,24625.51870065048,24625.51770065048,nan,,,,,,,,,,
-2.041940070704639,exhale,24626.538700650686,24625.51870065048,24625.786700650533,,,,,,,,,,
nan,pause,24626.539700650686,24626.538700650686,nan,,,,,,,,,,
1.1920787073018249,inhale,24627.910700650966,24626.539700650686,24626.786700650737,,,,,,,,,,
nan,pause,24627.911700650966,24627.910700650966,nan,,,,,,,,,,
-1.7167941325705125,exhale,24628.91470065117,24627.911700650966,24628.116700651008,,,,,,,,,,
nan,pause,24628.91570065117,24628.91470065117,nan,,,,,,,,,,
1.1259394201160475,inhale,24630.572700651508,24628.91570065117,24629.44670065128,,,,,,,,,,
nan,pause,24630.57370065151,24630.572700651508,nan,,,,,,,,,,
-0.6331690033106866,exhale,24631.745700651747,24630.57370065151,24630.946700651584,,,,,,,,,,
nan,pause,24631.746700651747,24631.745700651747,nan,,,,,,,,,,
0.54164957815208,inhale,24632.69870065194,24631.746700651747,24631.946700651788,,,,,,,,,,
nan,pause,24633.992700652205,24632.69870065194,nan,,,,,,,,,,
0.39989346697573835,inhale,24634.21170065225,24633.992700652205,24634.11670065223,,,,,,,,,,
nan,pause,24634.21270065225,24634.21170065225,nan,,,,,,,,,,
-0.7000966958155187,exhale,24635.4357006525,24634.21270065225,24635.116700652434,,,,,,,,,,
nan,pause,24636.043700652623,24635.4357006525,nan,,,,,,,,,,
0.309700734637649,inhale,24636.440700652704,24636.043700652623,24636.286700652672,,,,,,,,,,
nan,pause,24636.973700652812,24636.440700652704,nan,,,,,,,,,,
-1.1167941341256225,exhale,24638.178700653058,24636.973700652812,24637.11670065284,,,,,,,,,,
nan,pause,24638.179700653058,24638.178700653058,nan,,,,,,,,,,
2.2178834824761116,inhale,24638.608700653145,24638.179700653058,24638.446700653112,,,,,,,,,,
nan,pause,24639.135700653253,24638.608700653145,nan,,,,,,,,,,
-0.6715987334974461,exhale,24639.651700653358,24639.135700653253,24639.286700653283,,,,,,,,,,
nan,pause,24641.12870065366,24639.651700653358,nan,,,,,,,,,,
-0.6994327483393508,exhale,24642.07470065385,24641.12870065366,24641.456700653725,,,,,,,,,,
nan,pause,24642.07570065385,24642.07470065385,nan,,,,,,,,,,
0.3148006930444955,inhale,24643.413700654124,24642.07570065385,24642.286700653895,,,,,,,,,,
nan,pause,24643.414700654124,24643.413700654124,nan,,,,,,,,,,
-1.3834955386226355,exhale,24644.397700654325,24643.414700654124,24643.616700654165,,,,,,,,,,
nan,pause,24644.398700654325,24644.397700654325,nan,,,,,,,,,,
0.682520685092573,inhale,24645.720700654594,24644.398700654325,24645.286700654506,,,,,,,,,,
nan,pause,24645.721700654594,24645.720700654594,nan,,,,,,,,,,
-1.9180888962833376,exhale,24646.7277006548,24645.721700654594,24645.956700654642,,,,,,,,,,
nan,pause,24646.7287006548,24646.7277006548,nan,,,,,,,,,,
1.1051125043931205,inhale,24648.141700655087,24646.7287006548,24646.956700654846,,,,,,,,,,
nan,pause,24648.142700655088,24648.141700655087,nan,,,,,,,,,,
-1.6935001553253322,exhale,24649.1777006553,24648.142700655088,24648.44670065515,,,,,,,,,,
nan,pause,24649.1787006553,24649.1777006553,nan,,,,,,,,,,
1.1831983335529523,inhale,24650.499700655568,24649.1787006553,24650.11670065549,,,,,,,,,,
nan,pause,24650.500700655568,24650.499700655568,nan,,,,,,,,,,
-1.9729593955460263,exhale,24651.506700655773,24650.500700655568,24650.786700655626,,,,,,,,,,
nan,pause,24651.507700655773,24651.506700655773,nan,,,,,,,,,,
1.0645190462008913,inhale,24652.877700656052,24651.507700655773,24651.776700655828,,,,,,,,,,
nan,pause,24652.878700656052,24652.877700656052,nan,,,,,,,,,,
-1.95009282108456,exhale,24653.89370065626,24652.878700656052,24653.1167006561,,,,,,,,,,
nan,pause,24653.89470065626,24653.89370065626,nan,,,,,,,,,,
1.2164936195300395,inhale,24655.301700656546,24653.89470065626,24654.116700656305,,,,,,,,,,
nan,pause,24655.302700656546,24655.301700656546,nan,,,,,,,,,,
-1.7000961867675035,exhale,24656.165700656722,24655.302700656546,24655.61670065661,,,,,,,,,,
nan,pause,24656.166700656722,24656.165700656722,nan,,,,,,,,,,
0.5907200627691571,inhale,24656.94270065688,24656.166700656722,24656.286700656747,,,,,,,,,,
nan,pause,24657.603700657015,24656.94270065688,nan,,,,,,,,,,
0.5873194048911261,inhale,24657.944700657084,24657.603700657015,24657.786700657052,,,,,,,,,,
nan,pause,24658.41470065718,24657.944700657084,nan,,,,,,,,,,
-1.2504801091453974,exhale,24659.10470065732,24658.41470065718,24658.786700657256,,,,,,,,,,
nan,pause,24659.765700657455,24659.10470065732,nan,,,,,,,,,,
1.1593994763232167,inhale,24661.341700657777,24659.765700657455,24660.786700657663,,,,,,,,,,
nan,pause,24661.342700657777,24661.341700657777,nan,,,,,,,,,,
-1.0001000000000064,exhale,24662.63170065804,24661.342700657777,24662.28670065797,,,,,,,,,,
nan,pause,24662.63270065804,24662.63170065804,nan,,,,,,,,,,
0.9407200591944666,inhale,24664.19970065836,24662.63270065804,24662.78670065807,,,,,,,,,,
nan,pause,24666.672700658863,24664.19970065836,nan,,,,,,,,,,
1.7838247703305081,inhale,24667.085700658947,24666.672700658863,24666.94670065892,,,,,,,,,,
nan,pause,24667.086700658947,24667.085700658947,nan,,,,,,,,,,
-0.40008982087204037,exhale,24667.258700658982,24667.086700658947,24667.116700658953,,,,,,,,,,
nan,pause,24667.39470065901,24667.258700658982,nan,,,,,,,,,,
-0.46217569208202275,exhale,24667.924700659118,24667.39470065901,24667.776700659088,,,,,,,,,,
nan,pause,24669.85170065951,24667.924700659118,nan,,,,,,,,,,
-0.30624046391018567,exhale,24670.081700659557,24669.85170065951,24669.94670065953,,,,,,,,,,
nan,pause,24670.622700659667,24670.081700659557,nan,,,,,,,,,,
-0.43854142899281534,exhale,24670.915700659727,24670.622700659667,24670.7867006597,,,,,,,,,,
nan,pause,24685.0237006626,24670.915700659727,nan,,,,,,,,,,
1.3287601924844512,inhale,24685.40570066268,24685.0237006626,24685.286700662655,,,,,,,,,,
nan,pause,24685.40670066268,24685.40570066268,nan,,,,,,,,,,
-0.4634020315274362,exhale,24685.61070066272,24685.40670066268,24685.45670066269,,,,,,,,,,
nan,pause,24685.671700662733,24685.61070066272,nan,,,,,,,,,,
-0.5667933611835141,exhale,24686.25070066285,24685.671700662733,24686.116700662824,,,,,,,,,,
nan,pause,24691.526700663926,24686.25070066285,nan,,,,,,,,,,
3.2083996723768147,inhale,24691.93170066401,24691.526700663926,24691.78670066398,,,,,,,,,,
nan,pause,24691.93270066401,24691.93170066401,nan,,,,,,,,,,
-0.3680888747296031,exhale,24692.749700664175,24691.93270066401,24691.956700664014,,,,,,,,,,
nan,pause,24691.93270066401,24692.749700664175,nan,,,,,,,,,,
-0.733491179060361,exhale,24692.749700664175,24691.93270066401,24692.616700664148,,,,,,,,,,
nan,pause,24696.89470066502,24692.749700664175,nan,,,,,,,,,,
-1.5628366346367206,exhale,24697.596700665163,24696.89470066502,24697.276700665097,,,,,,,,,,
nan,pause,24699.19570066549,24697.596700665163,nan,,,,,,,,,,
-4.0286800906412195,exhale,24700.074700665667,24699.19570066549,24699.78670066561,,,,,,,,,,
nan,pause,24700.075700665668,24700.074700665667,nan,,,,,,,,,,
0.9998855483940873,inhale,24700.87670066583,24700.075700665668,24700.116700665676,,,,,,,,,,
nan,pause,24701.634700665985,24700.87670066583,nan,,,,,,,,,,
1.1777987302143573,inhale,24702.64170066619,24701.634700665985,24702.286700666118,,,,,,,,,,
nan,pause,24702.64270066619,24702.64170066619,nan,,,,,,,,,,
-3.747990889869551,exhale,24703.738700666414,24702.64270066619,24703.456700666356,,,,,,,,,,
nan,pause,24703.739700666414,24703.738700666414,nan,,,,,,,,,,
1.0825367002520563,inhale,24704.567700666583,24703.739700666414,24703.946700666456,,,,,,,,,,
nan,pause,24704.568700666583,24704.567700666583,nan,,,,,,,,,,
-0.3667932821344232,exhale,24704.775700666625,24704.568700666583,24704.616700666593,,,,,,,,,,
nan,pause,24704.957700666662,24704.775700666625,nan,,,,,,,,,,
-0.8957207622541205,exhale,24705.43070066676,24704.957700666662,24705.28670066673,,,,,,,,,,
nan,pause,24706.788700667035,24705.43070066676,nan,,,,,,,,,,
-5.083261685006518,exhale,24707.73570066723,24706.788700667035,24707.44670066717,,,,,,,,,,
nan,pause,24707.73670066723,24707.73570066723,nan,,,,,,,,,,
1.0951386578663045,inhale,24709.42170066757,24707.73670066723,24707.78670066724,,,,,,,,,,
nan,pause,24709.422700667572,24709.42170066757,nan,,,,,,,,,,
-4.765346019372712,exhale,24710.283700667747,24709.422700667572,24709.94670066768,,,,,,,,,,
nan,pause,24710.284700667748,24710.283700667747,nan,,,,,,,,,,
1.119802684032893,inhale,24711.835700668064,24710.284700667748,24710.456700667783,,,,,,,,,,
nan,pause,24711.836700668064,24711.835700668064,nan,,,,,,,,,,
-6.039220717890176,exhale,24712.674700668234,24711.836700668064,24712.286700668155,,,,,,,,,,
nan,pause,24712.675700668235,24712.674700668234,nan,,,,,,,,,,
1.7730000352187187,inhale,24714.16870066854,24712.675700668235,24712.786700668257,,,,,,,,,,
nan,pause,24714.16970066854,24714.16870066854,nan,,,,,,,,,,
-7.100081483199692,exhale,24715.047700668718,24714.16970066854,24714.61670066863,,,,,,,,,,
nan,pause,24715.048700668718,24715.047700668718,nan,,,,,,,,,,
2.6498786108195573,inhale,24716.52370066902,24715.048700668718,24715.116700668732,,,,,,,,,,
nan,pause,24716.52470066902,24716.52370066902,nan,,,,,,,,,,
-8.914658206316929,exhale,24717.36770066919,24716.52470066902,24716.946700669105,,,,,,,,,,
nan,pause,24717.36870066919,24717.36770066919,nan,,,,,,,,,,
3.5503222831363876,inhale,24719.054700669534,24717.36870066919,24717.45670066921,,,,,,,,,,
nan,pause,24719.055700669534,24719.054700669534,nan,,,,,,,,,,
-8.116772486589081,exhale,24719.896700669706,24719.055700669534,24719.61670066965,,,,,,,,,,
nan,pause,24719.897700669706,24719.896700669706,nan,,,,,,,,,,
4.266471855215481,inhale,24721.404700670013,24719.897700669706,24720.11670066975,,,,,,,,,,
nan,pause,24721.893700670113,24721.404700670013,nan,,,,,,,,,,
-4.720613779797626,exhale,24723.147700670368,24721.893700670113,24722.946700670327,,,,,,,,,,
nan,pause,24723.14870067037,24723.147700670368,nan,,,,,,,,,,
3.907359392968535,inhale,24724.73170067069,24723.14870067037,24723.286700670396,,,,,,,,,,
nan,pause,24724.73270067069,24724.73170067069,nan,,,,,,,,,,
-6.327222239236811,exhale,24725.71270067089,24724.73270067069,24725.446700670836,,,,,,,,,,
nan,pause,24725.71370067089,24725.71270067089,nan,,,,,,,,,,
4.069987970631841,inhale,24727.221700671198,24725.71370067089,24725.94670067094,,,,,,,,,,
nan,pause,24727.2227006712,24727.221700671198,nan,,,,,,,,,,
-9.141708905621723,exhale,24728.12070067138,24727.2227006712,24727.77670067131,,,,,,,,,,
nan,pause,24728.12170067138,24728.12070067138,nan,,,,,,,,,,
6.143800141610267,inhale,24729.798700671723,24728.12170067138,24728.286700671415,,,,,,,,,,
nan,pause,24729.799700671723,24729.798700671723,nan,,,,,,,,,,
-9.905239347796874,exhale,24730.691700671905,24729.799700671723,24730.286700671822,,,,,,,,,,
nan,pause,24730.692700671905,24730.691700671905,nan,,,,,,,,,,
6.174400060549186,inhale,24732.650700672304,24730.692700671905,24730.786700671924,,,,,,,,,,
nan,pause,24732.651700672304,24732.650700672304,nan,,,,,,,,,,
-9.355220099844944,exhale,24733.581700672494,24732.651700672304,24733.286700672434,,,,,,,,,,
nan,pause,24733.582700672494,24733.581700672494,nan,,,,,,,,,,
3.8244000559662497,inhale,24735.38770067286,24733.582700672494,24733.786700672536,,,,,,,,,,
nan,pause,24735.388700672862,24735.38770067286,nan,,,,,,,,,,
-9.983464810492546,exhale,24736.381700673064,24735.388700672862,24736.11670067301,,,,,,,,,,
nan,pause,24736.382700673064,24736.381700673064,nan,,,,,,,,,,
5.916473927162162,inhale,24738.28270067345,24736.382700673064,24736.616700673112,,,,,,,,,,
nan,pause,24738.28370067345,24738.28270067345,nan,,,,,,,,,,
-9.112379328378154,exhale,24739.25670067365,24738.28370067345,24738.786700673554,,,,,,,,,,
nan,pause,24739.25770067365,24739.25670067365,nan,,,,,,,,,,
4.866876595149937,inhale,24741.03170067401,24739.25770067365,24739.45670067369,,,,,,,,,,
nan,pause,24741.03270067401,24741.03170067401,nan,,,,,,,,,,
-10.061517600404747,exhale,24742.00170067421,24741.03270067401,24741.776700674163,,,,,,,,,,
nan,pause,24742.00270067421,24742.00170067421,nan,,,,,,,,,,
8.599844946682882,inhale,24743.714700674558,24742.00270067421,24742.116700674233,,,,,,,,,,
nan,pause,24743.71570067456,24743.714700674558,nan,,,,,,,,,,
-10.433492894602207,exhale,24744.641700674747,24743.71570067456,24744.11670067464,,,,,,,,,,
nan,pause,24744.642700674747,24744.641700674747,nan,,,,,,,,,,
6.520940749968665,inhale,24746.287700675082,24744.642700674747,24744.786700674777,,,,,,,,,,
nan,pause,24746.288700675083,24746.287700675082,nan,,,,,,,,,,
-11.21678020826446,exhale,24747.181700675264,24746.288700675083,24746.61670067515,,,,,,,,,,
nan,pause,24747.182700675265,24747.181700675264,nan,,,,,,,,,,
7.968863295039765,inhale,24748.789700675592,24747.182700675265,24747.44670067532,,,,,,,,,,
nan,pause,24748.790700675592,24748.789700675592,nan,,,,,,,,,,
-15.133454290306723,exhale,24749.775700675793,24748.790700675592,24749.11670067566,,,,,,,,,,
nan,pause,24749.872700675813,24749.775700675793,nan,,,,,,,,,,
-1.4000868945905112,exhale,24750.99470067604,24749.872700675813,24750.616700675964,,,,,,,,,,
nan,pause,24750.99570067604,24750.99470067604,nan,,,,,,,,,,
7.3830648423985386,inhale,24752.199700676287,24750.99570067604,24751.946700676235,,,,,,,,,,
nan,pause,24752.200700676287,24752.199700676287,nan,,,,,,,,,,
-14.014300151991302,exhale,24753.110700676472,24752.200700676287,24752.45670067634,,,,,,,,,,
nan,pause,24753.111700676473,24753.110700676472,nan,,,,,,,,,,
5.765539389457442,inhale,24754.778700676812,24753.111700676473,24753.28670067651,,,,,,,,,,
nan,pause,24754.779700676812,24754.778700676812,nan,,,,,,,,,,
-10.877648896543045,exhale,24755.60570067698,24754.779700676812,24755.276700676914,,,,,,,,,,
nan,pause,24755.60670067698,24755.60570067698,nan,,,,,,,,,,
5.474738662061132,inhale,24757.300700677326,24755.60670067698,24755.786700677018,,,,,,,,,,
nan,pause,24757.301700677326,24757.300700677326,nan,,,,,,,,,,
-7.9249127554314605,exhale,24758.191700677507,24757.301700677326,24757.776700677423,,,,,,,,,,
nan,pause,24758.192700677508,24758.191700677507,nan,,,,,,,,,,
4.549226629185612,inhale,24759.68270067781,24758.192700677508,24758.44670067756,,,,,,,,,,
nan,pause,24759.68370067781,24759.68270067781,nan,,,,,,,,,,
-8.470947296395508,exhale,24760.542700677986,24759.68370067781,24760.276700677932,,,,,,,,,,
nan,pause,24760.543700677987,24760.542700677986,nan,,,,,,,,,,
5.333482781316932,inhale,24761.98870067828,24760.543700677987,24760.776700678034,,,,,,,,,,
nan,pause,24761.98970067828,24761.98870067828,nan,,,,,,,,,,
-8.975620011931229,exhale,24762.85870067846,24761.98970067828,24762.28670067834,,,,,,,,,,
nan,pause,24762.85970067846,24762.85870067846,nan,,,,,,,,,,
5.866478131845052,inhale,24764.34270067876,24762.85970067846,24763.11670067851,,,,,,,,,,
nan,pause,24764.34370067876,24764.34270067876,nan,,,,,,,,,,
-2.733492106905752,exhale,24765.344700678965,24764.34370067876,24765.11670067892,,,,,,,,,,
nan,pause,24765.345700678965,24765.344700678965,nan,,,,,,,,,,
2.8358313878499337,inhale,24766.69870067924,24765.345700678965,24765.456700678988,,,,,,,,,,
nan,pause,24766.69970067924,24766.69870067924,nan,,,,,,,,,,
-4.383500000000006,exhale,24767.564700679417,24766.69970067924,24767.126700679328,,,,,,,,,,
nan,pause,24767.565700679417,24767.564700679417,nan,,,,,,,,,,
3.6889600043484045,inhale,24768.982700679706,24767.565700679417,24767.786700679462,,,,,,,,,,
nan,pause,24768.983700679706,24768.982700679706,nan,,,,,,,,,,
-4.4263600004857615,exhale,24769.866700679886,24768.983700679706,24769.286700679768,,,,,,,,,,
nan,pause,24769.867700679886,24769.866700679886,nan,,,,,,,,,,
3.1151614718608682,inhale,24771.251700680168,24769.867700679886,24769.956700679904,,,,,,,,,,
nan,pause,24771.25270068017,24771.251700680168,nan,,,,,,,,,,
-4.8334895579364625,exhale,24772.064700680334,24771.25270068017,24771.616700680243,,,,,,,,,,
nan,pause,24772.065700680334,24772.064700680334,nan,,,,,,,,,,
3.0808586378732614,inhale,24773.395700680605,24772.065700680334,24772.28670068038,,,,,,,,,,
nan,pause,24773.396700680605,24773.395700680605,nan,,,,,,,,,,
-4.049079999794424,exhale,24774.236700680776,24773.396700680605,24773.786700680685,,,,,,,,,,
nan,pause,24774.237700680776,24774.236700680776,nan,,,,,,,,,,
3.710371208645333,inhale,24775.649700681064,24774.237700680776,24774.45670068082,,,,,,,,,,
nan,pause,24775.650700681064,24775.649700681064,nan,,,,,,,,,,
-3.4334948996593213,exhale,24776.541700681246,24775.650700681064,24776.11670068116,,,,,,,,,,
nan,pause,24776.542700681246,24776.541700681246,nan,,,,,,,,,,
2.267559314036599,inhale,24777.89170068152,24776.542700681246,24776.786700681296,,,,,,,,,,
nan,pause,24777.89270068152,24777.89170068152,nan,,,,,,,,,,
-2.765779999519447,exhale,24778.82870068171,24777.89270068152,24778.2867006816,,,,,,,,,,
nan,pause,24778.829700681712,24778.82870068171,nan,,,,,,,,,,
1.7758320638126455,inhale,24780.09870068197,24778.829700681712,24778.956700681738,,,,,,,,,,
nan,pause,24780.09970068197,24780.09870068197,nan,,,,,,,,,,
-1.7994327455194392,exhale,24781.004700682155,24780.09970068197,24780.456700682043,,,,,,,,,,
nan,pause,24781.005700682155,24781.004700682155,nan,,,,,,,,,,
1.5331905342327763,inhale,24782.2147006824,24781.005700682155,24781.116700682178,,,,,,,,,,
nan,pause,24782.2157006824,24782.2147006824,nan,,,,,,,,,,
-1.750097835643557,exhale,24783.08270068258,24782.2157006824,24782.616700682483,,,,,,,,,,
nan,pause,24783.08370068258,24783.08270068258,nan,,,,,,,,,,
1.4746993134487363,inhale,24784.297700682826,24783.08370068258,24783.28670068262,,,,,,,,,,
nan,pause,24784.298700682826,24784.297700682826,nan,,,,,,,,,,
-3.0913935337190015,exhale,24785.40370068305,24784.298700682826,24784.95670068296,,,,,,,,,,
nan,pause,24785.40470068305,24785.40370068305,nan,,,,,,,,,,
1.3664923927763986,inhale,24786.558700683287,24785.40470068305,24785.616700683095,,,,,,,,,,
nan,pause,24786.559700683287,24786.558700683287,nan,,,,,,,,,,
-1.1282181376756664,exhale,24787.70070068352,24786.559700683287,24786.946700683366,,,,,,,,,,
nan,pause,24787.70170068352,24787.70070068352,nan,,,,,,,,,,
0.5617406750490681,inhale,24788.758700683735,24787.70170068352,24787.786700683537,,,,,,,,,,
nan,pause,24788.759700683735,24788.758700683735,nan,,,,,,,,,,
-0.7000922402038154,exhale,24789.732700683933,24788.759700683735,24789.61670068391,,,,,,,,,,
nan,pause,24789.733700683933,24789.732700683933,nan,,,,,,,,,,
0.6919801977576713,inhale,24790.79070068415,24789.733700683933,24789.946700683977,,,,,,,,,,
nan,pause,24790.79170068415,24790.79070068415,nan,,,,,,,,,,
-1.0964698467645808,exhale,24791.72770068434,24790.79170068415,24791.446700684282,,,,,,,,,,
nan,pause,24791.72870068434,24791.72770068434,nan,,,,,,,,,,
0.8899998575401113,inhale,24792.771700684552,24791.72870068434,24791.946700684384,,,,,,,,,,
nan,pause,24792.772700684553,24792.771700684552,nan,,,,,,,,,,
-0.6834973725848338,exhale,24793.88070068478,24792.772700684553,24793.616700684724,,,,,,,,,,
nan,pause,24793.88170068478,24793.88070068478,nan,,,,,,,,,,
0.309803334813834,inhale,24794.67170068494,24793.88170068478,24793.956700684794,,,,,,,,,,
nan,pause,24800.450700686117,24794.67170068494,nan,,,,,,,,,,
-1.066795026127403,exhale,24801.365700686303,24800.450700686117,24800.61670068615,,,,,,,,,,
nan,pause,24801.366700686303,24801.365700686303,nan,,,,,,,,,,
0.39051823522892815,inhale,24802.549700686544,24801.366700686303,24801.45670068632,,,,,,,,,,
nan,pause,24802.550700686545,24802.549700686544,nan,,,,,,,,,,
-0.7000993480448979,exhale,24803.65070068677,24802.550700686545,24803.11670068666,,,,,,,,,,
nan,pause,24803.65170068677,24803.65070068677,nan,,,,,,,,,,
0.3124199918449642,inhale,24804.893700687022,24803.65170068677,24803.786700686796,,,,,,,,,,
nan,pause,24804.894700687022,24804.893700687022,nan,,,,,,,,,,
-0.7318485314350953,exhale,24805.884700687224,24804.894700687022,24805.446700687135,,,,,,,,,,
nan,pause,24805.885700687224,24805.884700687224,nan,,,,,,,,,,
0.5498989687421981,inhale,24807.04170068746,24805.885700687224,24806.11670068727,,,,,,,,,,
nan,pause,24807.04270068746,24807.04170068746,nan,,,,,,,,,,
-0.9134994672909613,exhale,24808.034700687662,24807.04270068746,24807.77670068761,,,,,,,,,,
nan,pause,24808.035700687662,24808.034700687662,nan,,,,,,,,,,
0.6805573974135832,inhale,24809.219700687903,24808.035700687662,24808.27670068771,,,,,,,,,,
nan,pause,24809.220700687903,24809.219700687903,nan,,,,,,,,,,
-1.0334986044682783,exhale,24809.94870068805,24809.220700687903,24809.616700687984,,,,,,,,,,
nan,pause,24813.32470068874,24809.94870068805,nan,,,,,,,,,,
-1.0167957545602497,exhale,24814.1167006889,24813.32470068874,24813.6167006888,,,,,,,,,,
nan,pause,24814.1177006889,24814.1167006889,nan,,,,,,,,,,
0.3995593191047506,inhale,24815.407700689164,24814.1177006889,24814.286700688936,,,,,,,,,,
nan,pause,24865.621700699394,24815.407700689164,nan,,,,,,,,,,
-1.2089806353277837,exhale,24866.031700699477,24865.621700699394,24865.786700699427,,,,,,,,,,
nan,pause,24866.032700699478,24866.031700699477,nan,,,,,,,,,,
0.9939568515983757,inhale,24867.21770069972,24866.032700699478,24866.276700699527,,,,,,,,,,
nan,pause,24867.21870069972,24867.21770069972,nan,,,,,,,,,,
-0.9825033761803259,exhale,24868.070700699893,24867.21870069972,24867.946700699868,,,,,,,,,,
nan,pause,24868.071700699893,24868.070700699893,nan,,,,,,,,,,
0.9597006401367609,inhale,24869.318700700147,24868.071700699893,24868.286700699937,,,,,,,,,,
nan,pause,24869.319700700147,24869.318700700147,nan,,,,,,,,,,
-1.1001000000000063,exhale,24870.16070070032,24869.319700700147,24869.786700700242,,,,,,,,,,
nan,pause,24870.16170070032,24870.16070070032,nan,,,,,,,,,,
1.3907199450793426,inhale,24871.328700700557,24870.16170070032,24870.286700700344,,,,,,,,,,
nan,pause,24871.329700700557,24871.328700700557,nan,,,,,,,,,,
-1.2151006696808802,exhale,24872.155700700725,24871.329700700557,24871.78670070065,,,,,,,,,,
nan,pause,24872.156700700725,24872.155700700725,nan,,,,,,,,,,
1.2648006696299665,inhale,24873.238700700946,24872.156700700725,24872.28670070075,,,,,,,,,,
nan,pause,24873.239700700946,24873.238700700946,nan,,,,,,,,,,
-1.2661376771032835,exhale,24874.031700701107,24873.239700700946,24873.776700701055,,,,,,,,,,
nan,pause,24874.032700701107,24874.031700701107,nan,,,,,,,,,,
1.463819879412354,inhale,24875.232700701352,24874.032700701107,24874.28670070116,,,,,,,,,,
nan,pause,24875.233700701352,24875.232700701352,nan,,,,,,,,,,
-1.378875789014407,exhale,24876.022700701513,24875.233700701352,24875.776700701463,,,,,,,,,,
nan,pause,24876.023700701513,24876.022700701513,nan,,,,,,,,,,
1.4257192725568646,inhale,24877.14070070174,24876.023700701513,24876.286700701567,,,,,,,,,,
nan,pause,24877.14170070174,24877.14070070174,nan,,,,,,,,,,
-1.5314901914204313,exhale,24877.890700701893,24877.14170070174,24877.456700701805,,,,,,,,,,
nan,pause,24877.891700701894,24877.890700701893,nan,,,,,,,,,,
1.4498941080563008,inhale,24878.982700702116,24877.891700701894,24878.11670070194,,,,,,,,,,
nan,pause,24878.983700702116,24878.982700702116,nan,,,,,,,,,,
-1.5148193894851183,exhale,24879.815700702286,24878.983700702116,24879.44670070221,,,,,,,,,,
nan,pause,24879.816700702286,24879.815700702286,nan,,,,,,,,,,
1.333150254024676,inhale,24881.098700702547,24879.816700702286,24879.956700702314,,,,,,,,,,
nan,pause,24881.099700702547,24881.098700702547,nan,,,,,,,,,,
-1.6928409553643629,exhale,24881.863700702703,24881.099700702547,24881.446700702618,,,,,,,,,,
nan,pause,24881.864700702703,24881.863700702703,nan,,,,,,,,,,
1.1498946981635247,inhale,24883.361700703008,24881.864700702703,24882.116700702754,,,,,,,,,,
nan,pause,24883.362700703008,24883.361700703008,nan,,,,,,,,,,
-0.7834975587709752,exhale,24884.36170070321,24883.362700703008,24883.61670070306,,,,,,,,,,
nan,pause,24884.362700703212,24884.36170070321,nan,,,,,,,,,,
0.646547638575791,inhale,24885.740700703493,24884.362700703212,24884.45670070323,,,,,,,,,,
nan,pause,24900.069700706412,24885.740700703493,nan,,,,,,,,,,
0.5482482644443529,inhale,24901.154700706633,24900.069700706412,24900.44670070649,,,,,,,,,,
nan,pause,24901.155700706633,24901.154700706633,nan,,,,,,,,,,
-0.4828369417124486,exhale,24901.92070070679,24901.155700706633,24901.77670070676,,,,,,,,,,
nan,pause,24901.92170070679,24901.92070070679,nan,,,,,,,,,,
0.5998963139804443,inhale,24903.222700707054,24901.92170070679,24902.11670070683,,,,,,,,,,
nan,pause,24901.92170070679,24903.222700707054,nan,,,,,,,,,,
0.3635299615992025,inhale,24903.222700707054,24901.92170070679,24902.946700706998,,,,,,,,,,
nan,pause,24903.223700707054,24903.222700707054,nan,,,,,,,,,,
-0.5963606501245272,exhale,24904.026700707218,24903.223700707054,24903.78670070717,,,,,,,,,,
nan,pause,24904.027700707218,24904.026700707218,nan,,,,,,,,,,
0.6767392681885542,inhale,24905.100700707437,24904.027700707218,24904.28670070727,,,,,,,,,,
nan,pause,24905.101700707437,24905.100700707437,nan,,,,,,,,,,
-0.6667989638952238,exhale,24905.85070070759,24905.101700707437,24905.616700707542,,,,,,,,,,
nan,pause,24905.85170070759,24905.85070070759,nan,,,,,,,,,,
0.8244894820683856,inhale,24907.3657007079,24905.85170070759,24905.95670070761,,,,,,,,,,
nan,pause,24907.3667007079,24907.3657007079,nan,,,,,,,,,,
-0.5987614662447668,exhale,24908.317700708092,24907.3667007079,24907.95670070802,,,,,,,,,,
nan,pause,24908.318700708092,24908.317700708092,nan,,,,,,,,,,
0.38119018952613815,inhale,24909.8227007084,24908.318700708092,24908.45670070812,,,,,,,,,,
nan,pause,24909.8237007084,24909.8227007084,nan,,,,,,,,,,
-0.5501000000000064,exhale,24910.70370070858,24909.8237007084,24910.286700708493,,,,,,,,,,
nan,pause,24910.70470070858,24910.70370070858,nan,,,,,,,,,,
0.48055980513509444,inhale,24912.115700708866,24910.70470070858,24910.946700708628,,,,,,,,,,
nan,pause,24912.87270070902,24912.115700708866,nan,,,,,,,,,,
0.46649851621294786,inhale,24914.176700709286,24912.87270070902,24913.11670070907,,,,,,,,,,
nan,pause,24914.177700709286,24914.176700709286,nan,,,,,,,,,,
-2.839917520640258,exhale,24914.968700709447,24914.177700709286,24914.776700709408,,,,,,,,,,
nan,pause,24914.969700709447,24914.968700709447,nan,,,,,,,,,,
1.6664872394638122,inhale,24915.7257007096,24914.969700709447,24915.116700709477,,,,,,,,,,
nan,pause,24915.855700709628,24915.7257007096,nan,,,,,,,,,,
1.5104252725036498,inhale,24916.60570070978,24915.855700709628,24916.44670070975,,,,,,,,,,
nan,pause,24918.07570071008,24916.60570070978,nan,,,,,,,,,,
-0.5128368022115458,exhale,24918.56470071018,24918.07570071008,24918.446700710156,,,,,,,,,,
nan,pause,24920.27870071053,24918.56470071018,nan,,,,,,,,,,
-9.334692787286183,exhale,24920.855700710646,24920.27870071053,24920.456700710565,,,,,,,,,,
nan,pause,24920.856700710647,24920.855700710646,nan,,,,,,,,,,
3.1490332089594624,inhale,24921.888700710857,24920.856700710647,24920.956700710667,,,,,,,,,,
nan,pause,24922.725700711027,24921.888700710857,nan,,,,,,,,,,
-10.63347515963481,exhale,24923.46570071118,24922.725700711027,24923.116700711107,,,,,,,,,,
nan,pause,24923.46670071118,24923.46570071118,nan,,,,,,,,,,
5.116470335132619,inhale,24924.99570071149,24923.46670071118,24923.61670071121,,,,,,,,,,
nan,pause,24924.99670071149,24924.99570071149,nan,,,,,,,,,,
-11.094556967001456,exhale,24925.748700711643,24924.99670071149,24925.44670071158,,,,,,,,,,
nan,pause,24925.749700711644,24925.748700711643,nan,,,,,,,,,,
6.991124508450422,inhale,24927.313700711962,24925.749700711644,24925.946700711684,,,,,,,,,,
nan,pause,24927.314700711962,24927.313700711962,nan,,,,,,,,,,
-12.003779564606107,exhale,24928.062700712115,24927.314700711962,24927.776700712056,,,,,,,,,,
nan,pause,24928.063700712115,24928.062700712115,nan,,,,,,,,,,
7.602658400367016,inhale,24929.745700712458,24928.063700712115,24928.28670071216,,,,,,,,,,
nan,pause,24929.746700712458,24929.745700712458,nan,,,,,,,,,,
-12.550081349719152,exhale,24930.54970071262,24929.746700712458,24930.116700712533,,,,,,,,,,
nan,pause,24930.55070071262,24930.54970071262,nan,,,,,,,,,,
6.766519519839347,inhale,24931.96570071291,24930.55070071262,24930.78670071267,,,,,,,,,,
nan,pause,24931.96670071291,24931.96570071291,nan,,,,,,,,,,
-12.938541247916831,exhale,24932.711700713062,24931.96670071291,24932.286700712975,,,,,,,,,,
nan,pause,24932.712700713062,24932.711700713062,nan,,,,,,,,,,
7.00467635556516,inhale,24934.13070071335,24932.712700713062,24932.94670071311,,,,,,,,,,
nan,pause,24934.13170071335,24934.13070071335,nan,,,,,,,,,,
-13.345413118270008,exhale,24934.924700713513,24934.13170071335,24934.456700713417,,,,,,,,,,
nan,pause,24934.925700713513,24934.924700713513,nan,,,,,,,,,,
7.949853795706743,inhale,24936.414700713816,24934.925700713513,24935.116700713552,,,,,,,,,,
nan,pause,24936.415700713816,24936.414700713816,nan,,,,,,,,,,
-14.234461204137473,exhale,24937.17270071397,24936.415700713816,24936.786700713892,,,,,,,,,,
nan,pause,24937.17370071397,24937.17270071397,nan,,,,,,,,,,
8.337939714501221,inhale,24938.629700714268,24937.17370071397,24937.286700713994,,,,,,,,,,
nan,pause,24938.630700714268,24938.629700714268,nan,,,,,,,,,,
-12.677324806590514,exhale,24939.444700714434,24938.630700714268,24938.956700714334,,,,,,,,,,
nan,pause,24939.445700714434,24939.444700714434,nan,,,,,,,,,,
9.083136604019197,inhale,24940.932700714737,24939.445700714434,24939.61670071447,,,,,,,,,,
nan,pause,24940.933700714737,24940.932700714737,nan,,,,,,,,,,
-12.469899180782273,exhale,24941.710700714895,24940.933700714737,24941.28670071481,,,,,,,,,,
nan,pause,24941.711700714895,24941.710700714895,nan,,,,,,,,,,
7.818961314030291,inhale,24943.10870071518,24941.711700714895,24941.946700714943,,,,,,,,,,
nan,pause,24943.10970071518,24943.10870071518,nan,,,,,,,,,,
-14.190435998756504,exhale,24943.89770071534,24943.10970071518,24943.44670071525,,,,,,,,,,
nan,pause,24943.89870071534,24943.89770071534,nan,,,,,,,,,,
9.666445293534986,inhale,24945.307700715628,24943.89870071534,24944.116700715385,,,,,,,,,,
nan,pause,24945.30870071563,24945.307700715628,nan,,,,,,,,,,
-15.533464088884386,exhale,24946.082700715786,24945.30870071563,24945.61670071569,,,,,,,,,,
nan,pause,24946.083700715786,24946.082700715786,nan,,,,,,,,,,
9.435298639391478,inhale,24947.46870071607,24946.083700715786,24946.286700715827,,,,,,,,,,
nan,pause,24947.46970071607,24947.46870071607,nan,,,,,,,,,,
-14.84095884033445,exhale,24948.271700716232,24947.46970071607,24947.786700716133,,,,,,,,,,
nan,pause,24948.272700716232,24948.271700716232,nan,,,,,,,,,,
10.230503999084622,inhale,24949.706700716524,24948.272700716232,24948.45670071627,,,,,,,,,,
nan,pause,24949.707700716524,24949.706700716524,nan,,,,,,,,,,
-10.400082323347291,exhale,24950.62370071671,24949.707700716524,24950.116700716608,,,,,,,,,,
nan,pause,24950.62470071671,24950.62370071671,nan,,,,,,,,,,
5.781480981616264,inhale,24952.160700717024,24950.62470071671,24950.786700716744,,,,,,,,,,
nan,pause,24952.161700717024,24952.160700717024,nan,,,,,,,,,,
-13.383466117671878,exhale,24952.956700717186,24952.161700717024,24952.616700717117,,,,,,,,,,
nan,pause,24952.957700717187,24952.956700717186,nan,,,,,,,,,,
7.68316100372101,inhale,24954.35170071747,24952.957700717187,24953.11670071722,,,,,,,,,,
nan,pause,24954.35270071747,24954.35170071747,nan,,,,,,,,,,
-13.542649112174768,exhale,24955.12870071763,24954.35270071747,24954.776700717557,,,,,,,,,,
nan,pause,24955.12970071763,24955.12870071763,nan,,,,,,,,,,
7.851959469074386,inhale,24956.4677007179,24955.12970071763,24955.28670071766,,,,,,,,,,
nan,pause,24956.4687007179,24956.4677007179,nan,,,,,,,,,,
-13.550283072760212,exhale,24957.262700718064,24956.4687007179,24956.946700718,,,,,,,,,,
nan,pause,24957.263700718064,24957.262700718064,nan,,,,,,,,,,
6.713527806316891,inhale,24958.66470071835,24957.263700718064,24957.456700718103,,,,,,,,,,
nan,pause,24958.66570071835,24958.66470071835,nan,,,,,,,,,,
-13.200071928642442,exhale,24959.416700718502,24958.66570071835,24959.11670071844,,,,,,,,,,
nan,pause,24959.417700718503,24959.416700718502,nan,,,,,,,,,,
7.2831593013281335,inhale,24960.788700718782,24959.417700718503,24959.616700718543,,,,,,,,,,
nan,pause,24960.789700718782,24960.788700718782,nan,,,,,,,,,,
-14.866754302577235,exhale,24961.537700718935,24960.789700718782,24961.11670071885,,,,,,,,,,
nan,pause,24961.538700718935,24961.537700718935,nan,,,,,,,,,,
7.493107825559494,inhale,24962.953700719223,24961.538700718935,24961.776700718983,,,,,,,,,,
nan,pause,24962.954700719223,24962.953700719223,nan,,,,,,,,,,
-13.979039858976714,exhale,24963.739700719383,24962.954700719223,24963.28670071929,,,,,,,,,,
nan,pause,24963.740700719383,24963.739700719383,nan,,,,,,,,,,
6.190127073121304,inhale,24965.128700719666,24963.740700719383,24963.956700719427,,,,,,,,,,
nan,pause,24965.129700719666,24965.128700719666,nan,,,,,,,,,,
-12.997177578887246,exhale,24965.93070071983,24965.129700719666,24965.456700719733,,,,,,,,,,
nan,pause,24965.93170071983,24965.93070071983,nan,,,,,,,,,,
7.933158104766288,inhale,24967.284700720105,24965.93170071983,24966.116700719867,,,,,,,,,,
nan,pause,24967.285700720106,24967.284700720105,nan,,,,,,,,,,
-12.683472488617745,exhale,24968.08670072027,24967.285700720106,24967.616700720173,,,,,,,,,,
nan,pause,24968.08770072027,24968.08670072027,nan,,,,,,,,,,
5.253580526859627,inhale,24969.504700720558,24968.08770072027,24968.28670072031,,,,,,,,,,
nan,pause,24969.505700720558,24969.504700720558,nan,,,,,,,,,,
-11.72523727541045,exhale,24970.312700720722,24969.505700720558,24969.946700720648,,,,,,,,,,
nan,pause,24970.313700720722,24970.312700720722,nan,,,,,,,,,,
6.05476745170277,inhale,24971.704700721006,24970.313700720722,24970.45670072075,,,,,,,,,,
nan,pause,24971.705700721006,24971.704700721006,nan,,,,,,,,,,
-12.318614248329064,exhale,24972.534700721175,24971.705700721006,24971.956700721057,,,,,,,,,,
nan,pause,24972.535700721175,24972.534700721175,nan,,,,,,,,,,
5.456590423077955,inhale,24973.97770072147,24972.535700721175,24972.776700721224,,,,,,,,,,
nan,pause,24973.97870072147,24973.97770072147,nan,,,,,,,,,,
-11.490939277476595,exhale,24974.806700721638,24973.97870072147,24974.28670072153,,,,,,,,,,
nan,pause,24974.807700721638,24974.806700721638,nan,,,,,,,,,,
6.074194306005484,inhale,24976.29370072194,24974.807700721638,24974.95670072167,,,,,,,,,,
nan,pause,24976.29470072194,24976.29370072194,nan,,,,,,,,,,
-9.650084285689383,exhale,24977.141700722113,24976.29470072194,24976.616700722006,,,,,,,,,,
nan,pause,24977.142700722114,24977.141700722113,nan,,,,,,,,,,
5.034879608140847,inhale,24978.616700722414,24977.142700722114,24977.286700722143,,,,,,,,,,
nan,pause,24978.617700722414,24978.616700722414,nan,,,,,,,,,,
-10.1132062790281,exhale,24979.42370072258,24978.617700722414,24978.956700722483,,,,,,,,,,
nan,pause,24979.42470072258,24979.42370072258,nan,,,,,,,,,,
5.39987298429694,inhale,24980.918700722883,24979.42470072258,24979.616700722618,,,,,,,,,,
nan,pause,24980.919700722883,24980.918700722883,nan,,,,,,,,,,
-9.315765822122549,exhale,24981.73670072305,24980.919700722883,24981.276700722956,,,,,,,,,,
nan,pause,24981.73770072305,24981.73670072305,nan,,,,,,,,,,
4.191665163930545,inhale,24982.76670072326,24981.73770072305,24981.956700723094,,,,,,,,,,
nan,pause,24983.50470072341,24982.76670072326,nan,,,,,,,,,,
-7.406599869621952,exhale,24984.39670072359,24983.50470072341,24983.786700723467,,,,,,,,,,
nan,pause,24984.39770072359,24984.39670072359,nan,,,,,,,,,,
4.683178687720378,inhale,24985.735700723864,24984.39770072359,24984.616700723636,,,,,,,,,,
nan,pause,24985.736700723864,24985.735700723864,nan,,,,,,,,,,
-7.983486894251738,exhale,24986.54270072403,24985.736700723864,24986.116700723942,,,,,,,,,,
nan,pause,24986.54370072403,24986.54270072403,nan,,,,,,,,,,
4.258040353887775,inhale,24987.900700724305,24986.54370072403,24986.78670072408,,,,,,,,,,
nan,pause,24987.901700724306,24987.900700724305,nan,,,,,,,,,,
-7.07936108932453,exhale,24988.742700724477,24987.901700724306,24988.286700724384,,,,,,,,,,
nan,pause,24988.743700724477,24988.742700724477,nan,,,,,,,,,,
3.813723322928257,inhale,24990.097700724753,24988.743700724477,24988.95670072452,,,,,,,,,,
nan,pause,24990.098700724753,24990.097700724753,nan,,,,,,,,,,
-6.632011660639209,exhale,24990.87170072491,24990.098700724753,24990.456700724826,,,,,,,,,,
nan,pause,24990.87270072491,24990.87170072491,nan,,,,,,,,,,
3.7998894480904717,inhale,24992.19370072518,24990.87270072491,24991.11670072496,,,,,,,,,,
nan,pause,24992.19470072518,24992.19370072518,nan,,,,,,,,,,
-8.20206001234014,exhale,24993.02270072535,24992.19470072518,24992.456700725234,,,,,,,,,,
nan,pause,24993.02370072535,24993.02270072535,nan,,,,,,,,,,
4.2713107404265385,inhale,24994.363700725622,24993.02370072535,24993.2767007254,,,,,,,,,,
nan,pause,24994.364700725622,24994.363700725622,nan,,,,,,,,,,
-7.125572063725143,exhale,24995.18070072579,24994.364700725622,24994.776700725706,,,,,,,,,,
nan,pause,24995.18170072579,24995.18070072579,nan,,,,,,,,,,
3.8141213279570954,inhale,24996.51370072606,24995.18170072579,24995.28670072581,,,,,,,,,,
nan,pause,24996.51470072606,24996.51370072606,nan,,,,,,,,,,
-6.446466278292659,exhale,24997.361700726233,24996.51470072606,24996.94670072615,,,,,,,,,,
nan,pause,24997.362700726233,24997.361700726233,nan,,,,,,,,,,
3.683189389382628,inhale,24998.690700726504,24997.362700726233,24997.616700726285,,,,,,,,,,
nan,pause,24998.691700726504,24998.690700726504,nan,,,,,,,,,,
-5.750090401372767,exhale,24999.519700726672,24998.691700726504,24999.11670072659,,,,,,,,,,
nan,pause,24999.520700726673,24999.519700726672,nan,,,,,,,,,,
3.0498796836627537,inhale,25000.867700726947,24999.520700726673,24999.616700726692,,,,,,,,,,
nan,pause,25000.868700726947,25000.867700726947,nan,,,,,,,,,,
-5.75008318441508,exhale,25001.71270072712,25000.868700726947,25001.116700726998,,,,,,,,,,
nan,pause,25001.71370072712,25001.71270072712,nan,,,,,,,,,,
3.266698375093622,inhale,25003.118700727406,25001.71370072712,25001.946700727167,,,,,,,,,,
nan,pause,25003.119700727406,25003.118700727406,nan,,,,,,,,,,
-4.562719943082531,exhale,25003.914700727568,25003.119700727406,25003.28670072744,,,,,,,,,,
nan,pause,25003.915700727568,25003.914700727568,nan,,,,,,,,,,
3.8831780151579887,inhale,25005.223700727835,25003.915700727568,25004.11670072761,,,,,,,,,,
nan,pause,25005.224700727835,25005.223700727835,nan,,,,,,,,,,
-4.22732476054251,exhale,25006.074700728008,25005.224700727835,25005.456700727882,,,,,,,,,,
nan,pause,25006.075700728008,25006.074700728008,nan,,,,,,,,,,
3.44066099489782,inhale,25007.31070072826,25006.075700728008,25006.28670072805,,,,,,,,,,
nan,pause,25007.31170072826,25007.31070072826,nan,,,,,,,,,,
-3.5334948497010465,exhale,25008.185700728438,25007.31170072826,25007.616700728322,,,,,,,,,,
nan,pause,25008.186700728438,25008.185700728438,nan,,,,,,,,,,
2.4469283739680057,inhale,25009.458700728697,25008.186700728438,25008.44670072849,,,,,,,,,,
nan,pause,25009.459700728697,25009.458700728697,nan,,,,,,,,,,
-3.0001000000000064,exhale,25010.36370072888,25009.459700728697,25009.786700728764,,,,,,,,,,
nan,pause,25010.364700728882,25010.36370072888,nan,,,,,,,,,,
2.649891194162341,inhale,25011.665700729147,25010.364700728882,25010.616700728933,,,,,,,,,,
nan,pause,25011.666700729147,25011.665700729147,nan,,,,,,,,,,
-2.8334992234400547,exhale,25012.588700729335,25011.666700729147,25012.11670072924,,,,,,,,,,
nan,pause,25012.589700729335,25012.588700729335,nan,,,,,,,,,,
2.7940596741827584,inhale,25013.959700729614,25012.589700729335,25012.786700729375,,,,,,,,,,
nan,pause,25013.960700729614,25013.959700729614,nan,,,,,,,,,,
-1.9334960058301531,exhale,25015.006700729828,25013.960700729614,25014.616700729748,,,,,,,,,,
nan,pause,25015.007700729828,25015.006700729828,nan,,,,,,,,,,
1.366491660922148,inhale,25016.10070073005,25015.007700729828,25015.11670072985,,,,,,,,,,
nan,pause,25016.10170073005,25016.10070073005,nan,,,,,,,,,,
-1.6321777125521768,exhale,25017.23570073028,25016.10170073005,25016.946700730223,,,,,,,,,,
nan,pause,25017.236700730282,25017.23570073028,nan,,,,,,,,,,
1.3431992696739368,inhale,25018.329700730505,25017.236700730282,25017.456700730327,,,,,,,,,,
nan,pause,25018.330700730505,25018.329700730505,nan,,,,,,,,,,
-1.6151006547159419,exhale,25019.252700730693,25018.330700730505,25018.786700730598,,,,,,,,,,
nan,pause,25019.253700730693,25019.252700730693,nan,,,,,,,,,,
1.282478904019769,inhale,25020.37570073092,25019.253700730693,25019.456700730734,,,,,,,,,,
nan,pause,25020.37670073092,25020.37570073092,nan,,,,,,,,,,
-1.2334988971914036,exhale,25021.386700731127,25020.37670073092,25021.116700731072,,,,,,,,,,
nan,pause,25021.387700731128,25021.386700731127,nan,,,,,,,,,,
0.8664970906943366,inhale,25022.68270073139,25021.387700731128,25021.616700731174,,,,,,,,,,
nan,pause,25022.68370073139,25022.68270073139,nan,,,,,,,,,,
-1.3055756325487229,exhale,25023.55470073157,25022.68370073139,25023.276700731512,,,,,,,,,,
nan,pause,25023.55570073157,25023.55470073157,nan,,,,,,,,,,
0.5613999225898018,inhale,25025.022700731868,25023.55570073157,25023.786700731616,,,,,,,,,,
nan,pause,25025.02370073187,25025.022700731868,nan,,,,,,,,,,
-0.9647901823767695,exhale,25026.25070073212,25025.02370073187,25025.456700731957,,,,,,,,,,
nan,pause,25028.27870073253,25026.25070073212,nan,,,,,,,,,,
-1.2500972061808735,exhale,25029.242700732728,25028.27870073253,25028.6167007326,,,,,,,,,,
nan,pause,25029.50070073278,25029.242700732728,nan,,,,,,,,,,
-0.3473806377474432,exhale,25030.310700732945,25029.50070073278,25029.78670073284,,,,,,,,,,
nan,pause,25085.31170074415,25030.310700732945,nan,,,,,,,,,,
1.9390100930544425,inhale,25086.359700744364,25085.31170074415,25085.94670074428,,,,,,,,,,
nan,pause,25086.360700744364,25086.359700744364,nan,,,,,,,,,,
-2.7500902074388223,exhale,25087.32370074456,25086.360700744364,25086.616700744416,,,,,,,,,,
nan,pause,25087.32470074456,25087.32370074456,nan,,,,,,,,,,
1.4285090768248576,inhale,25088.64570074483,25087.32470074456,25087.456700744588,,,,,,,,,,
nan,pause,25088.64670074483,25088.64570074483,nan,,,,,,,,,,
-2.474789433604026,exhale,25089.557700745016,25088.64670074483,25088.956700744893,,,,,,,,,,
nan,pause,25089.558700745016,25089.557700745016,nan,,,,,,,,,,
1.9845997072746533,inhale,25090.839700745277,25089.558700745016,25089.786700745062,,,,,,,,,,
nan,pause,25090.840700745277,25090.839700745277,nan,,,,,,,,,,
-3.0667867803962072,exhale,25091.753700745463,25090.840700745277,25091.116700745333,,,,,,,,,,
nan,pause,25091.754700745463,25091.753700745463,nan,,,,,,,,,,
2.7196420136974155,inhale,25093.025700745722,25091.754700745463,25091.946700745502,,,,,,,,,,
nan,pause,25093.026700745722,25093.025700745722,nan,,,,,,,,,,
-2.862719921084434,exhale,25093.881700745897,25093.026700745722,25093.286700745775,,,,,,,,,,
nan,pause,25093.882700745897,25093.881700745897,nan,,,,,,,,,,
2.449890019357982,inhale,25095.12970074615,25093.882700745897,25094.116700745944,,,,,,,,,,
nan,pause,25095.13070074615,25095.12970074615,nan,,,,,,,,,,
-2.7667965559596706,exhale,25095.988700746326,25095.13070074615,25095.61670074625,,,,,,,,,,
nan,pause,25095.989700746326,25095.988700746326,nan,,,,,,,,,,
2.0331898203462773,inhale,25097.210700746575,25095.989700746326,25096.116700746352,,,,,,,,,,
nan,pause,25097.211700746575,25097.210700746575,nan,,,,,,,,,,
-2.6527312458400143,exhale,25098.07970074675,25097.211700746575,25097.456700746625,,,,,,,,,,
nan,pause,25098.080700746752,25098.07970074675,nan,,,,,,,,,,
2.8899794791050173,inhale,25099.24870074699,25098.080700746752,25098.286700746794,,,,,,,,,,
nan,pause,25099.24970074699,25099.24870074699,nan,,,,,,,,,,
-2.172108328081763,exhale,25100.12370074717,25099.24970074699,25099.456700747032,,,,,,,,,,
nan,pause,25100.12470074717,25100.12370074717,nan,,,,,,,,,,
2.855318769038565,inhale,25101.446700747438,25100.12470074717,25100.2867007472,,,,,,,,,,
nan,pause,25101.447700747438,25101.446700747438,nan,,,,,,,,,,
-1.5000933063974207,exhale,25102.329700747618,25101.447700747438,25101.616700747472,,,,,,,,,,
nan,pause,25102.330700747618,25102.329700747618,nan,,,,,,,,,,
1.7998944766188878,inhale,25103.51970074786,25102.330700747618,25102.616700747676,,,,,,,,,,
nan,pause,25103.52070074786,25103.51970074786,nan,,,,,,,,,,
-1.0321761632889657,exhale,25104.35070074803,25103.52070074786,25103.776700747912,,,,,,,,,,
nan,pause,25104.35170074803,25104.35070074803,nan,,,,,,,,,,
2.4164867793585754,inhale,25105.547700748273,25104.35170074803,25104.616700748084,,,,,,,,,,
nan,pause,25105.548700748273,25105.547700748273,nan,,,,,,,,,,
-2.1834925703200887,exhale,25106.398700748447,25105.548700748273,25106.11670074839,,,,,,,,,,
nan,pause,25106.399700748447,25106.398700748447,nan,,,,,,,,,,
2.9164850890313176,inhale,25108.094700748792,25106.399700748447,25106.61670074849,,,,,,,,,,
nan,pause,25108.095700748792,25108.094700748792,nan,,,,,,,,,,
-2.2307785849178647,exhale,25109.052700748987,25108.095700748792,25108.28670074883,,,,,,,,,,
nan,pause,25109.053700748987,25109.052700748987,nan,,,,,,,,,,
2.286639730814373,inhale,25111.192700749423,25109.053700748987,25109.286700749035,,,,,,,,,,
nan,pause,25109.053700748987,25111.192700749423,nan,,,,,,,,,,
1.3331726288020374,inhale,25111.192700749423,25109.053700748987,25111.116700749408,,,,,,,,,,
nan,pause,25111.193700749423,25111.192700749423,nan,,,,,,,,,,
-1.8121772539669556,exhale,25112.30970074965,25111.193700749423,25111.446700749475,,,,,,,,,,
nan,pause,25112.31070074965,25112.30970074965,nan,,,,,,,,,,
1.0164967331724286,inhale,25114.17270075003,25112.31070074965,25112.616700749713,,,,,,,,,,
nan,pause,25114.17370075003,25114.17270075003,nan,,,,,,,,,,
-1.461441811717634,exhale,25115.381700750277,25114.17370075003,25114.45670075009,,,,,,,,,,
nan,pause,25115.382700750277,25115.381700750277,nan,,,,,,,,,,
1.016496457334069,inhale,25116.851700750576,25115.382700750277,25115.616700750325,,,,,,,,,,
nan,pause,25116.852700750576,25116.851700750576,nan,,,,,,,,,,
-1.6834953735062816,exhale,25117.865700750783,25116.852700750576,25117.11670075063,,,,,,,,,,
nan,pause,25117.866700750783,25117.865700750783,nan,,,,,,,,,,
1.0459386385862743,inhale,25119.33070075108,25117.866700750783,25118.946700751003,,,,,,,,,,
nan,pause,25119.33170075108,25119.33070075108,nan,,,,,,,,,,
-1.850096583354044,exhale,25120.29870075128,25119.33170075108,25119.61670075114,,,,,,,,,,
nan,pause,25120.29970075128,25120.29870075128,nan,,,,,,,,,,
1.2549411170435443,inhale,25121.617700751547,25120.29970075128,25121.28670075148,,,,,,,,,,
nan,pause,25121.618700751547,25121.617700751547,nan,,,,,,,,,,
-2.265149837271396,exhale,25122.51770075173,25121.618700751547,25121.946700751614,,,,,,,,,,
nan,pause,25122.51870075173,25122.51770075173,nan,,,,,,,,,,
1.6941185179593676,inhale,25124.150700752063,25122.51870075173,25122.786700751785,,,,,,,,,,
nan,pause,25124.151700752063,25124.150700752063,nan,,,,,,,,,,
-2.2288784074109214,exhale,25125.049700752246,25124.151700752063,25124.446700752123,,,,,,,,,,
nan,pause,25125.050700752246,25125.049700752246,nan,,,,,,,,,,
2.2754194795772884,inhale,25126.311700752503,25125.050700752246,25125.286700752295,,,,,,,,,,
nan,pause,25126.312700752504,25126.311700752503,nan,,,,,,,,,,
-2.400095291500266,exhale,25127.243700752693,25126.312700752504,25126.616700752566,,,,,,,,,,
nan,pause,25127.244700752693,25127.243700752693,nan,,,,,,,,,,
1.8818614573118773,inhale,25128.488700752947,25127.244700752693,25127.456700752737,,,,,,,,,,
nan,pause,25128.489700752947,25128.488700752947,nan,,,,,,,,,,
-2.732479978101857,exhale,25129.363700753125,25128.489700752947,25128.786700753008,,,,,,,,,,
nan,pause,25129.364700753125,25129.363700753125,nan,,,,,,,,,,
2.4498906543168895,inhale,25130.548700753367,25129.364700753125,25129.616700753177,,,,,,,,,,
nan,pause,25130.549700753367,25130.548700753367,nan,,,,,,,,,,
-2.6939798678778373,exhale,25131.375700753535,25130.549700753367,25130.786700753415,,,,,,,,,,
nan,pause,25131.376700753535,25131.375700753535,nan,,,,,,,,,,
3.0498799134008627,inhale,25132.6717007538,25131.376700753535,25131.616700753584,,,,,,,,,,
nan,pause,25132.6727007538,25132.6717007538,nan,,,,,,,,,,
-2.83591090627166,exhale,25133.579700753984,25132.6727007538,25132.946700753855,,,,,,,,,,
nan,pause,25133.580700753984,25133.579700753984,nan,,,,,,,,,,
3.4590601545277293,inhale,25134.73070075422,25133.580700753984,25133.786700754026,,,,,,,,,,
nan,pause,25134.73170075422,25134.73070075422,nan,,,,,,,,,,
-2.6627803513713575,exhale,25135.58070075439,25134.73170075422,25134.956700754265,,,,,,,,,,
nan,pause,25135.581700754392,25135.58070075439,nan,,,,,,,,,,
2.347460263264921,inhale,25136.80470075464,25135.581700754392,25135.786700754434,,,,,,,,,,
nan,pause,25136.80570075464,25136.80470075464,nan,,,,,,,,,,
-2.6000980162831513,exhale,25137.62870075481,25136.80570075464,25137.116700754705,,,,,,,,,,
nan,pause,25137.62970075481,25137.62870075481,nan,,,,,,,,,,
3.6169185941630575,inhale,25139.16270075512,25137.62970075481,25137.78670075484,,,,,,,,,,
nan,pause,25139.16370075512,25139.16270075512,nan,,,,,,,,,,
-1.9608595660573191,exhale,25140.067700755306,25139.16370075512,25139.44670075518,,,,,,,,,,
nan,pause,25140.068700755306,25140.067700755306,nan,,,,,,,,,,
1.4131971335393254,inhale,25141.472700755592,25140.068700755306,25140.446700755383,,,,,,,,,,
nan,pause,25141.473700755592,25141.472700755592,nan,,,,,,,,,,
-1.6334929635483886,exhale,25142.39670075578,25141.473700755592,25141.61670075562,,,,,,,,,,
nan,pause,25142.39770075578,25142.39670075578,nan,,,,,,,,,,
1.3664963736606754,inhale,25143.62770075603,25142.39770075578,25142.616700755825,,,,,,,,,,
nan,pause,25143.62870075603,25143.62770075603,nan,,,,,,,,,,
-1.8133992439356728,exhale,25144.525700756214,25143.62870075603,25143.786700756064,,,,,,,,,,
nan,pause,25144.526700756214,25144.525700756214,nan,,,,,,,,,,
1.1492374812774153,inhale,25145.763700756466,25144.526700756214,25144.776700756265,,,,,,,,,,
nan,pause,25145.764700756466,25145.763700756466,nan,,,,,,,,,,
-1.8334969075149508,exhale,25146.57170075663,25145.764700756466,25146.11670075654,,,,,,,,,,
nan,pause,25146.57270075663,25146.57170075663,nan,,,,,,,,,,
1.671639059340043,inhale,25147.723700756866,25146.57270075663,25146.786700756675,,,,,,,,,,
nan,pause,25147.724700756866,25147.723700756866,nan,,,,,,,,,,
-1.648400641532544,exhale,25148.563700757037,25147.724700756866,25148.28670075698,,,,,,,,,,
nan,pause,25148.564700757037,25148.563700757037,nan,,,,,,,,,,
2.016538942353565,inhale,25149.80070075729,25148.564700757037,25148.786700757082,,,,,,,,,,
nan,pause,25149.80170075729,25149.80070075729,nan,,,,,,,,,,
-1.6127803495381827,exhale,25150.665700757465,25149.80170075729,25149.95670075732,,,,,,,,,,
nan,pause,25150.666700757465,25150.665700757465,nan,,,,,,,,,,
1.3454792192670946,inhale,25151.72270075768,25150.666700757465,25150.78670075749,,,,,,,,,,
nan,pause,25151.72370075768,25151.72270075768,nan,,,,,,,,,,
-1.3821574366641198,exhale,25152.640700757867,25151.72370075768,25151.956700757728,,,,,,,,,,
nan,pause,25152.641700757868,25152.640700757867,nan,,,,,,,,,,
0.9464992421021188,inhale,25153.800700758104,25152.641700757868,25152.786700757897,,,,,,,,,,
nan,pause,25153.801700758104,25153.800700758104,nan,,,,,,,,,,
-1.2311857979172862,exhale,25154.66470075828,25153.801700758104,25154.446700758235,,,,,,,,,,
nan,pause,25154.66570075828,25154.66470075828,nan,,,,,,,,,,
1.245138530363139,inhale,25155.78870075851,25154.66570075828,25154.786700758305,,,,,,,,,,
nan,pause,25155.78970075851,25155.78870075851,nan,,,,,,,,,,
-1.2315189747703967,exhale,25156.7317007587,25155.78970075851,25156.276700758608,,,,,,,,,,
nan,pause,25156.7327007587,25156.7317007587,nan,,,,,,,,,,
1.1693402401379616,inhale,25158.014700758962,25156.7327007587,25156.946700758745,,,,,,,,,,
nan,pause,25158.015700758962,25158.014700758962,nan,,,,,,,,,,
-1.250098243022569,exhale,25158.869700759136,25158.015700758962,25158.616700759085,,,,,,,,,,
nan,pause,25158.870700759137,25158.869700759136,nan,,,,,,,,,,
1.7664935956200047,inhale,25160.07070075938,25158.870700759137,25159.116700759187,,,,,,,,,,
nan,pause,25160.07170075938,25160.07070075938,nan,,,,,,,,,,
-4.233483797358315,exhale,25160.84770075954,25160.07170075938,25160.616700759492,,,,,,,,,,
nan,pause,25160.84870075954,25160.84770075954,nan,,,,,,,,,,
5.016467486325173,inhale,25162.254700759826,25160.84870075954,25161.116700759594,,,,,,,,,,
nan,pause,25162.255700759826,25162.254700759826,nan,,,,,,,,,,
-10.016775088913077,exhale,25162.992700759976,25162.255700759826,25162.6167007599,,,,,,,,,,
nan,pause,25162.993700759976,25162.992700759976,nan,,,,,,,,,,
6.616466450970827,inhale,25164.522700760288,25162.993700759976,25163.11670076,,,,,,,,,,
nan,pause,25164.52370076029,25164.522700760288,nan,,,,,,,,,,
-14.966634406316967,exhale,25165.27570076044,25164.52370076029,25164.946700760374,,,,,,,,,,
nan,pause,25165.27670076044,25165.27570076044,nan,,,,,,,,,,
8.596973237427173,inhale,25166.864700760765,25165.27670076044,25165.45670076048,,,,,,,,,,
nan,pause,25166.865700760765,25166.864700760765,nan,,,,,,,,,,
-14.430010409276386,exhale,25167.559700760907,25166.865700760765,25167.27670076085,,,,,,,,,,
nan,pause,25167.560700760907,25167.559700760907,nan,,,,,,,,,,
8.53455940943646,inhale,25169.34970076127,25167.560700760907,25167.786700760953,,,,,,,,,,
nan,pause,25169.35070076127,25169.34970076127,nan,,,,,,,,,,
-12.414478951064929,exhale,25170.311700761467,25169.35070076127,25169.946700761393,,,,,,,,,,
nan,pause,25170.312700761468,25170.311700761467,nan,,,,,,,,,,
4.882904443996301,inhale,25172.447700761903,25170.312700761468,25170.456700761497,,,,,,,,,,
nan,pause,25172.448700761903,25172.447700761903,nan,,,,,,,,,,
-14.796701278076767,exhale,25173.298700762076,25172.448700761903,25172.78670076197,,,,,,,,,,
nan,pause,25173.299700762076,25173.298700762076,nan,,,,,,,,,,
7.283155911713156,inhale,25174.613700762344,25173.299700762076,25173.61670076214,,,,,,,,,,
nan,pause,25175.43570076251,25174.613700762344,nan,,,,,,,,,,
-14.25004874101435,exhale,25176.433700762715,25175.43570076251,25176.11670076265,,,,,,,,,,
nan,pause,25176.434700762715,25176.433700762715,nan,,,,,,,,,,
6.766477576162089,inhale,25178.303700763096,25176.434700762715,25176.616700762752,,,,,,,,,,
nan,pause,25178.304700763096,25178.303700763096,nan,,,,,,,,,,
-13.937859700558715,exhale,25179.10770076326,25178.304700763096,25178.786700763194,,,,,,,,,,
nan,pause,25179.10870076326,25179.10770076326,nan,,,,,,,,,,
14.275795600247433,inhale,25180.53270076355,25179.10870076326,25179.286700763296,,,,,,,,,,
nan,pause,25180.53370076355,25180.53270076355,nan,,,,,,,,,,
-11.76269302700517,exhale,25181.352700763717,25180.53370076355,25180.946700763634,,,,,,,,,,
nan,pause,25181.353700763717,25181.352700763717,nan,,,,,,,,,,
14.916394654600571,inhale,25182.855700764023,25181.353700763717,25181.61670076377,,,,,,,,,,
nan,pause,25182.856700764023,25182.855700764023,nan,,,,,,,,,,
-11.98345905478271,exhale,25183.762700764208,25182.856700764023,25183.116700764076,,,,,,,,,,
nan,pause,25183.763700764208,25183.762700764208,nan,,,,,,,,,,
9.987305051868471,inhale,25185.285700764518,25183.763700764208,25183.946700764245,,,,,,,,,,
nan,pause,25185.286700764518,25185.285700764518,nan,,,,,,,,,,
-12.115479970570789,exhale,25186.101700764684,25185.286700764518,25185.776700764618,,,,,,,,,,
nan,pause,25186.102700764684,25186.101700764684,nan,,,,,,,,,,
11.48729746119722,inhale,25187.60070076499,25186.102700764684,25186.286700764722,,,,,,,,,,
nan,pause,25187.60170076499,25187.60070076499,nan,,,,,,,,,,
-15.346456035647352,exhale,25188.42870076516,25187.60170076499,25187.956700765062,,,,,,,,,,
nan,pause,25188.42970076516,25188.42870076516,nan,,,,,,,,,,
10.899819808007106,inhale,25189.942700765467,25188.42970076516,25188.616700765197,,,,,,,,,,
nan,pause,25189.943700765467,25189.942700765467,nan,,,,,,,,,,
-15.284159179002954,exhale,25190.83470076565,25189.943700765467,25190.286700765537,,,,,,,,,,
nan,pause,25190.83570076565,25190.83470076565,nan,,,,,,,,,,
8.330223292039664,inhale,25192.443700765976,25190.83570076565,25190.956700765673,,,,,,,,,,
nan,pause,25192.444700765976,25192.443700765976,nan,,,,,,,,,,
-19.025998967643112,exhale,25193.267700766144,25192.444700765976,25192.786700766046,,,,,,,,,,
nan,pause,25193.268700766144,25193.267700766144,nan,,,,,,,,,,
9.724193803076577,inhale,25194.81270076646,25193.268700766144,25193.456700766183,,,,,,,,,,
nan,pause,25194.81370076646,25194.81270076646,nan,,,,,,,,,,
-18.233446201947427,exhale,25195.622700766624,25194.81370076646,25195.11670076652,,,,,,,,,,
nan,pause,25195.623700766624,25195.622700766624,nan,,,,,,,,,,
10.802297426994144,inhale,25197.008700766906,25195.623700766624,25195.786700766657,,,,,,,,,,
nan,pause,25197.009700766906,25197.008700766906,nan,,,,,,,,,,
-19.076874837364294,exhale,25197.785700767065,25197.009700766906,25197.446700766995,,,,,,,,,,
nan,pause,25197.786700767065,25197.785700767065,nan,,,,,,,,,,
9.329781776929888,inhale,25199.33070076738,25197.786700767065,25197.9567007671,,,,,,,,,,
nan,pause,25199.33170076738,25199.33070076738,nan,,,,,,,,,,
-19.43274002254728,exhale,25200.182700767553,25199.33170076738,25199.77670076747,,,,,,,,,,
nan,pause,25200.183700767553,25200.182700767553,nan,,,,,,,,,,
9.142945545162654,inhale,25201.78070076788,25200.183700767553,25200.446700767607,,,,,,,,,,
nan,pause,25201.78170076788,25201.78070076788,nan,,,,,,,,,,
-21.100040936231622,exhale,25202.591700768044,25201.78170076788,25202.116700767947,,,,,,,,,,
nan,pause,25202.592700768044,25202.591700768044,nan,,,,,,,,,,
10.783559394245216,inhale,25204.133700768358,25202.592700768044,25202.786700768083,,,,,,,,,,
nan,pause,25204.134700768358,25204.133700768358,nan,,,,,,,,,,
-16.757372228704682,exhale,25204.859700768506,25204.134700768358,25204.456700768424,,,,,,,,,,
nan,pause,25204.860700768506,25204.859700768506,nan,,,,,,,,,,
9.783162937370294,inhale,25206.489700768838,25204.860700768506,25205.116700768558,,,,,,,,,,
nan,pause,25206.490700768838,25206.489700768838,nan,,,,,,,,,,
-16.10249943567893,exhale,25207.413700769026,25206.490700768838,25206.7867007689,,,,,,,,,,
nan,pause,25207.414700769026,25207.413700769026,nan,,,,,,,,,,
11.599812425660948,inhale,25209.29270076941,25207.414700769026,25207.616700769067,,,,,,,,,,
nan,pause,25209.29370076941,25209.29270076941,nan,,,,,,,,,,
-22.833444017585546,exhale,25210.2267007696,25209.29370076941,25209.616700769475,,,,,,,,,,
nan,pause,25210.2277007696,25210.2267007696,nan,,,,,,,,,,
10.067367698616994,inhale,25211.95770076995,25210.2277007696,25210.446700769644,,,,,,,,,,
nan,pause,25211.958700769952,25211.95770076995,nan,,,,,,,,,,
-20.338898379970846,exhale,25212.82670077013,25211.958700769952,25212.28670077002,,,,,,,,,,
nan,pause,25212.82770077013,25212.82670077013,nan,,,,,,,,,,
9.733156336853149,inhale,25214.40670077045,25212.82770077013,25213.116700770188,,,,,,,,,,
nan,pause,25214.40770077045,25214.40670077045,nan,,,,,,,,,,
-17.916886175243782,exhale,25215.069700770586,25214.40770077045,25214.776700770526,,,,,,,,,,
nan,pause,25215.070700770586,25215.069700770586,nan,,,,,,,,,,
13.399521544430122,inhale,25216.158700770808,25215.070700770586,25215.946700770764,,,,,,,,,,
nan,pause,25216.159700770808,25216.158700770808,nan,,,,,,,,,,
-18.58809268056486,exhale,25216.96270077097,25216.159700770808,25216.446700770866,,,,,,,,,,
nan,pause,25216.96370077097,25216.96270077097,nan,,,,,,,,,,
8.818826248840164,inhale,25218.152700771214,25216.96370077097,25217.946700771172,,,,,,,,,,
nan,pause,25218.153700771214,25218.152700771214,nan,,,,,,,,,,
-16.36124597771712,exhale,25218.96970077138,25218.153700771214,25218.456700771276,,,,,,,,,,
nan,pause,25218.97070077138,25218.96970077138,nan,,,,,,,,,,
8.76644268393565,inhale,25220.510700771694,25218.97070077138,25219.11670077141,,,,,,,,,,
nan,pause,25220.511700771694,25220.510700771694,nan,,,,,,,,,,
-19.411039175597946,exhale,25221.261700771847,25220.511700771694,25220.78670077175,,,,,,,,,,
nan,pause,25221.262700771847,25221.261700771847,nan,,,,,,,,,,
9.337203642174206,inhale,25222.628700772126,25221.262700771847,25221.456700771887,,,,,,,,,,
nan,pause,25222.629700772126,25222.628700772126,nan,,,,,,,,,,
-19.66535885201227,exhale,25223.38170077228,25222.629700772126,25222.955700772192,,,,,,,,,,
nan,pause,25223.38270077228,25223.38170077228,nan,,,,,,,,,,
9.566450603150654,inhale,25224.75770077256,25223.38270077228,25223.616700772327,,,,,,,,,,
nan,pause,25224.75870077256,25224.75770077256,nan,,,,,,,,,,
-19.833434211663775,exhale,25225.558700772723,25224.75870077256,25225.116700772633,,,,,,,,,,
nan,pause,25225.559700772723,25225.558700772723,nan,,,,,,,,,,
6.321979693248269,inhale,25227.178700773053,25225.559700772723,25226.786700772973,,,,,,,,,,
nan,pause,25227.179700773053,25227.178700773053,nan,,,,,,,,,,
-17.733058424611112,exhale,25228.019700773224,25227.179700773053,25227.45670077311,,,,,,,,,,
nan,pause,25228.020700773224,25228.019700773224,nan,,,,,,,,,,
10.129836484859188,inhale,25229.42370077351,25228.020700773224,25228.28670077328,,,,,,,,,,
nan,pause,25229.42470077351,25229.42370077351,nan,,,,,,,,,,
-14.041317922832004,exhale,25230.188700773666,25229.42470077351,25229.786700773584,,,,,,,,,,
nan,pause,25230.189700773666,25230.188700773666,nan,,,,,,,,,,
7.870191153056877,inhale,25231.62570077396,25230.189700773666,25230.44670077372,,,,,,,,,,
nan,pause,25231.62670077396,25231.62570077396,nan,,,,,,,,,,
-13.536938602373858,exhale,25232.52070077414,25231.62670077396,25231.946700774024,,,,,,,,,,
nan,pause,25232.52170077414,25232.52070077414,nan,,,,,,,,,,
5.6927258555657305,inhale,25234.008700774444,25232.52170077414,25232.776700774193,,,,,,,,,,
nan,pause,25234.009700774444,25234.008700774444,nan,,,,,,,,,,
-9.875998866207443,exhale,25234.86670077462,25234.009700774444,25234.2867007745,,,,,,,,,,
nan,pause,25234.86770077462,25234.86670077462,nan,,,,,,,,,,
5.249882296577328,inhale,25236.262700774903,25234.86770077462,25235.11670077467,,,,,,,,,,
nan,pause,25236.263700774904,25236.262700774903,nan,,,,,,,,,,
-7.043824745536176,exhale,25237.064700775067,25236.263700774904,25236.456700774943,,,,,,,,,,
nan,pause,25237.065700775067,25237.064700775067,nan,,,,,,,,,,
5.469598939605888,inhale,25238.486700775356,25237.065700775067,25237.286700775112,,,,,,,,,,
nan,pause,25238.487700775357,25238.486700775356,nan,,,,,,,,,,
-4.100080556096361,exhale,25239.356700775534,25238.487700775357,25238.616700775383,,,,,,,,,,
nan,pause,25239.357700775534,25239.356700775534,nan,,,,,,,,,,
3.7164875573596543,inhale,25240.56370077578,25239.357700775534,25239.616700775587,,,,,,,,,,
nan,pause,25240.56470077578,25240.56370077578,nan,,,,,,,,,,
-3.652860287211808,exhale,25241.476700775966,25240.56470077578,25240.786700775825,,,,,,,,,,
nan,pause,25241.477700775966,25241.476700775966,nan,,,,,,,,,,
3.1831903581307497,inhale,25242.936700776263,25241.477700775966,25242.616700776198,,,,,,,,,,
nan,pause,25242.937700776263,25242.936700776263,nan,,,,,,,,,,
-3.133486555354213,exhale,25243.867700776453,25242.937700776263,25243.1167007763,,,,,,,,,,
nan,pause,25243.868700776453,25243.867700776453,nan,,,,,,,,,,
3.416480094251004,inhale,25245.32870077675,25243.868700776453,25245.116700776707,,,,,,,,,,
nan,pause,25245.32970077675,25245.32870077675,nan,,,,,,,,,,
-2.970098446448466,exhale,25246.20470077693,25245.32970077675,25245.456700776776,,,,,,,,,,
nan,pause,25246.20570077693,25246.20470077693,nan,,,,,,,,,,
3.6373189605972267,inhale,25247.610700777215,25246.20570077693,25247.28670077715,,,,,,,,,,
nan,pause,25247.611700777215,25247.610700777215,nan,,,,,,,,,,
-2.6824799708302636,exhale,25248.554700777408,25247.611700777215,25247.78670077725,,,,,,,,,,
nan,pause,25248.555700777408,25248.554700777408,nan,,,,,,,,,,
4.505999900530187,inhale,25249.83470077767,25248.555700777408,25248.786700777455,,,,,,,,,,
nan,pause,25249.83570077767,25249.83470077767,nan,,,,,,,,,,
-3.0980901686585125,exhale,25250.752700777855,25249.83570077767,25249.956700777693,,,,,,,,,,
nan,pause,25250.753700777856,25250.752700777855,nan,,,,,,,,,,
3.7097033719479975,inhale,25252.018700778113,25250.753700777856,25250.956700777897,,,,,,,,,,
nan,pause,25252.019700778113,25252.018700778113,nan,,,,,,,,,,
-3.2127198822211307,exhale,25253.002700778314,25252.019700778113,25252.286700778168,,,,,,,,,,
nan,pause,25253.003700778314,25253.002700778314,nan,,,,,,,,,,
4.258905680500172,inhale,25254.26670077857,25253.003700778314,25253.946700778506,,,,,,,,,,
nan,pause,25254.26770077857,25254.26670077857,nan,,,,,,,,,,
-3.792060673534125,exhale,25255.220700778766,25254.26770077857,25254.45670077861,,,,,,,,,,
nan,pause,25255.221700778766,25255.220700778766,nan,,,,,,,,,,
3.9023812410560432,inhale,25256.480700779022,25255.221700778766,25255.456700778814,,,,,,,,,,
nan,pause,25256.481700779023,25256.480700779022,nan,,,,,,,,,,
-3.133493141069416,exhale,25257.469700779224,25256.481700779023,25257.116700779152,,,,,,,,,,
nan,pause,25257.470700779224,25257.469700779224,nan,,,,,,,,,,
4.070936938067907,inhale,25258.736700779482,25257.470700779224,25257.776700779286,,,,,,,,,,
nan,pause,25258.737700779482,25258.736700779482,nan,,,,,,,,,,
-2.9247893885824774,exhale,25259.741700779687,25258.737700779482,25258.956700779527,,,,,,,,,,
nan,pause,25259.742700779687,25259.741700779687,nan,,,,,,,,,,
2.5997540801713286,inhale,25260.962700779935,25259.742700779687,25259.95670077973,,,,,,,,,,
nan,pause,25260.963700779936,25260.962700779935,nan,,,,,,,,,,
-2.616787016236303,exhale,25261.91770078013,25260.963700779936,25261.116700779967,,,,,,,,,,
nan,pause,25261.91870078013,25261.91770078013,nan,,,,,,,,,,
2.6664873572787835,inhale,25263.159700780383,25261.91870078013,25262.11670078017,,,,,,,,,,
nan,pause,25263.160700780383,25263.159700780383,nan,,,,,,,,,,
-2.511359159356553,exhale,25264.117700780578,25263.160700780383,25263.28670078041,,,,,,,,,,
nan,pause,25264.11870078058,25264.117700780578,nan,,,,,,,,,,
2.188338977962669,inhale,25265.317700780823,25264.11870078058,25264.286700780613,,,,,,,,,,
nan,pause,25265.318700780823,25265.317700780823,nan,,,,,,,,,,
-2.0768953973878848,exhale,25266.23670078101,25265.318700780823,25265.776700780916,,,,,,,,,,
nan,pause,25266.23770078101,25266.23670078101,nan,,,,,,,,,,
7.021836955537658,inhale,25266.608700781086,25266.23770078101,25266.446700781053,,,,,,,,,,
nan,pause,25266.92270078115,25266.608700781086,nan,,,,,,,,,,
-0.6411879105283721,exhale,25267.671700781302,25266.92270078115,25267.446700781256,,,,,,,,,,
nan,pause,25269.47770078167,25267.671700781302,nan,,,,,,,,,,
-109.4778308018624,pause,25271.578700782098,25269.47770078167,25271.276700782037,,,,,,,,,,
nan,pause,25271.5797007821,25271.578700782098,nan,,,,,,,,,,
157.71175132443963,pause,25275.682700782934,25271.5797007821,25271.78670078214,,,,,,,,,,
nan,pause,25271.5797007821,25275.682700782934,nan,,,,,,,,,,
0.3331966506043703,inhale,25275.682700782934,25271.5797007821,25274.616700782717,,,,,,,,,,
nan,pause,25278.9587007836,25275.682700782934,nan,,,,,,,,,,
-0.4615174564927825,exhale,25279.39370078369,25278.9587007836,25279.276700783666,,,,,,,,,,
nan,pause,25280.36670078389,25279.39370078369,nan,,,,,,,,,,
-0.48281861916760155,exhale,25281.041700784026,25280.36670078389,25280.786700783974,,,,,,,,,,
nan,pause,25281.042700784026,25281.041700784026,nan,,,,,,,,,,
0.36649600288342654,inhale,25282.765700784377,25281.042700784026,25281.11670078404,,,,,,,,,,
nan,pause,25282.766700784377,25282.765700784377,nan,,,,,,,,,,
-0.9448182642522163,exhale,25283.530700784533,25282.766700784377,25283.27670078448,,,,,,,,,,
nan,pause,25283.531700784533,25283.530700784533,nan,,,,,,,,,,
0.6465957164896655,inhale,25284.715700784775,25283.531700784533,25283.776700784583,,,,,,,,,,
nan,pause,25284.716700784775,25284.715700784775,nan,,,,,,,,,,
-1.142959779771529,exhale,25285.539700784942,25284.716700784775,25285.28670078489,,,,,,,,,,
nan,pause,25285.540700784943,25285.539700784942,nan,,,,,,,,,,
0.82725690030531,inhale,25286.696700785178,25285.540700784943,25285.77670078499,,,,,,,,,,
nan,pause,25286.69770078518,25286.696700785178,nan,,,,,,,,,,
-0.8334992425386979,exhale,25287.53170078535,25286.69770078518,25287.116700785264,,,,,,,,,,
nan,pause,25287.53270078535,25287.53170078535,nan,,,,,,,,,,
0.5804805957171348,inhale,25288.703700785587,25287.53270078535,25287.7867007854,,,,,,,,,,
nan,pause,25288.704700785587,25288.703700785587,nan,,,,,,,,,,
-0.7500977096768388,exhale,25289.50070078575,25288.704700785587,25289.11670078567,,,,,,,,,,
nan,pause,25289.50170078575,25289.50070078575,nan,,,,,,,,,,
0.5825382554584887,inhale,25290.411700785935,25289.50170078575,25289.776700785806,,,,,,,,,,
nan,pause,25290.412700785935,25290.411700785935,nan,,,,,,,,,,
-1.1127198728108338,exhale,25291.258700786108,25290.412700785935,25290.78670078601,,,,,,,,,,
nan,pause,25291.259700786108,25291.258700786108,nan,,,,,,,,,,
0.7738221151281124,inhale,25292.30570078632,25291.259700786108,25291.456700786148,,,,,,,,,,
nan,pause,25292.30670078632,25292.30570078632,nan,,,,,,,,,,
-0.9987801381582426,exhale,25293.102700786483,25292.30670078632,25292.776700786417,,,,,,,,,,
nan,pause,25293.103700786483,25293.102700786483,nan,,,,,,,,,,
0.5451384908571247,inhale,25294.1677007867,25293.103700786483,25293.28670078652,,,,,,,,,,
nan,pause,25294.1687007867,25294.1677007867,nan,,,,,,,,,,
-0.796751616454875,exhale,25295.032700786876,25294.1687007867,25294.45670078676,,,,,,,,,,
nan,pause,25295.033700786877,25295.032700786876,nan,,,,,,,,,,
0.810720498278516,inhale,25296.07570078709,25295.033700786877,25295.286700786928,,,,,,,,,,
nan,pause,25296.07670078709,25296.07570078709,nan,,,,,,,,,,
-1.130193422057574,exhale,25296.974700787272,25296.07670078709,25296.77670078723,,,,,,,,,,
nan,pause,25296.975700787272,25296.974700787272,nan,,,,,,,,,,
0.9498926214842683,inhale,25298.211700787524,25296.975700787272,25297.1167007873,,,,,,,,,,
nan,pause,25298.212700787524,25298.211700787524,nan,,,,,,,,,,
-1.3167984754863429,exhale,25299.02570078769,25298.212700787524,25298.616700787607,,,,,,,,,,
nan,pause,25299.02670078769,25299.02570078769,nan,,,,,,,,,,
1.2464992122561405,inhale,25299.992700787887,25299.02670078769,25299.286700787743,,,,,,,,,,
nan,pause,25299.993700787887,25299.992700787887,nan,,,,,,,,,,
-1.1144192444302248,exhale,25300.858700788063,25299.993700787887,25300.286700787947,,,,,,,,,,
nan,pause,25300.859700788063,25300.858700788063,nan,,,,,,,,,,
1.0998958610004401,inhale,25301.996700788295,25300.859700788063,25301.116700788116,,,,,,,,,,
nan,pause,25301.997700788295,25301.996700788295,nan,,,,,,,,,,
-1.3167951839769698,exhale,25302.86070078847,25301.997700788295,25302.61670078842,,,,,,,,,,
nan,pause,25302.86170078847,25302.86070078847,nan,,,,,,,,,,
0.8985574305004852,inhale,25303.9837007887,25302.86170078847,25302.95670078849,,,,,,,,,,
nan,pause,25303.9847007887,25303.9837007887,nan,,,,,,,,,,
-1.415100625651385,exhale,25304.82070078887,25303.9847007887,25304.28670078876,,,,,,,,,,
nan,pause,25304.82170078887,25304.82070078887,nan,,,,,,,,,,
0.9611417806836239,inhale,25305.958700789102,25304.82170078887,25304.956700788898,,,,,,,,,,
nan,pause,25305.959700789102,25305.958700789102,nan,,,,,,,,,,
-1.2637399017667064,exhale,25306.845700789283,25305.959700789102,25306.28670078917,,,,,,,,,,
nan,pause,25306.846700789283,25306.845700789283,nan,,,,,,,,,,
1.227170495526416,inhale,25308.032700789525,25306.846700789283,25306.956700789306,,,,,,,,,,
nan,pause,25308.033700789525,25308.032700789525,nan,,,,,,,,,,
-2.263497672969052,exhale,25308.876700789697,25308.033700789525,25308.44670078961,,,,,,,,,,
nan,pause,25308.877700789697,25308.876700789697,nan,,,,,,,,,,
1.549894301557814,inhale,25310.12170078995,25308.877700789697,25309.116700789746,,,,,,,,,,
nan,pause,25310.12270078995,25310.12170078995,nan,,,,,,,,,,
-2.4667969915488515,exhale,25310.96170079012,25310.12270078995,25310.61670079005,,,,,,,,,,
nan,pause,25310.96270079012,25310.96170079012,nan,,,,,,,,,,
2.0664882962427447,inhale,25312.160700790366,25310.96270079012,25311.116700790153,,,,,,,,,,
nan,pause,25312.161700790366,25312.160700790366,nan,,,,,,,,,,
-3.333500000000006,exhale,25312.991700790535,25312.161700790366,25312.456700790426,,,,,,,,,,
nan,pause,25312.992700790535,25312.991700790535,nan,,,,,,,,,,
2.91648335162046,inhale,25314.129700790767,25312.992700790535,25313.11670079056,,,,,,,,,,
nan,pause,25314.130700790767,25314.129700790767,nan,,,,,,,,,,
-2.399109300084511,exhale,25315.01970079095,25314.130700790767,25314.44670079083,,,,,,,,,,
nan,pause,25315.02070079095,25315.01970079095,nan,,,,,,,,,,
2.2552796337617504,inhale,25316.227700791194,25315.02070079095,25315.286700791003,,,,,,,,,,
nan,pause,25316.228700791195,25316.227700791194,nan,,,,,,,,,,
-3.083493379529405,exhale,25317.14270079138,25316.228700791195,25316.616700791274,,,,,,,,,,
nan,pause,25317.14370079138,25317.14270079138,nan,,,,,,,,,,
4.201238272924332,inhale,25318.154700791587,25317.14370079138,25317.28670079141,,,,,,,,,,
nan,pause,25318.155700791587,25318.154700791587,nan,,,,,,,,,,
-3.9092094528383714,exhale,25318.99870079176,25318.155700791587,25318.446700791646,,,,,,,,,,
nan,pause,25318.99970079176,25318.99870079176,nan,,,,,,,,,,
3.1831824393746997,inhale,25320.153700791994,25318.99970079176,25319.116700791783,,,,,,,,,,
nan,pause,25320.154700791994,25320.153700791994,nan,,,,,,,,,,
-5.35008718142178,exhale,25320.91870079215,25320.154700791994,25320.61670079209,,,,,,,,,,
nan,pause,25320.91970079215,25320.91870079215,nan,,,,,,,,,,
4.4664813075385315,inhale,25322.017700792374,25320.91970079215,25321.11670079219,,,,,,,,,,
nan,pause,25322.018700792374,25322.017700792374,nan,,,,,,,,,,
-5.463399207570436,exhale,25322.82670079254,25322.018700792374,25322.28670079243,,,,,,,,,,
nan,pause,25322.82770079254,25322.82670079254,nan,,,,,,,,,,
5.15836071363973,inhale,25324.035700792785,25322.82770079254,25322.956700792565,,,,,,,,,,
nan,pause,25324.036700792785,25324.035700792785,nan,,,,,,,,,,
-5.8719454184994415,exhale,25324.860700792953,25324.036700792785,25324.44670079287,,,,,,,,,,
nan,pause,25324.861700792953,25324.860700792953,nan,,,,,,,,,,
5.016486024984077,inhale,25326.02970079319,25324.861700792953,25325.116700793005,,,,,,,,,,
nan,pause,25326.03070079319,25326.02970079319,nan,,,,,,,,,,
-6.092280419612436,exhale,25326.871700793363,25326.03070079319,25326.286700793244,,,,,,,,,,
nan,pause,25326.872700793363,25326.871700793363,nan,,,,,,,,,,
4.116486617278594,inhale,25328.006700793594,25326.872700793363,25327.116700793413,,,,,,,,,,
nan,pause,25328.007700793594,25328.006700793594,nan,,,,,,,,,,
-6.8222700416169975,exhale,25328.81570079376,25328.007700793594,25328.446700793684,,,,,,,,,,
nan,pause,25328.81670079376,25328.81570079376,nan,,,,,,,,,,
5.733171346472125,inhale,25329.890700793978,25328.81670079376,25329.11670079382,,,,,,,,,,
nan,pause,25329.891700793978,25329.890700793978,nan,,,,,,,,,,
-6.366776507447698,exhale,25330.709700794145,25329.891700793978,25330.116700794024,,,,,,,,,,
nan,pause,25330.710700794145,25330.709700794145,nan,,,,,,,,,,
6.878608182609476,inhale,25331.943700794396,25330.710700794145,25330.946700794193,,,,,,,,,,
nan,pause,25331.944700794396,25331.943700794396,nan,,,,,,,,,,
-6.479419862667267,exhale,25332.689700794548,25331.944700794396,25332.286700794466,,,,,,,,,,
nan,pause,25332.69070079455,25332.689700794548,nan,,,,,,,,,,
5.920853224947232,inhale,25333.818700794778,25332.69070079455,25332.9467007946,,,,,,,,,,
nan,pause,25333.81970079478,25333.818700794778,nan,,,,,,,,,,
-6.250078542870098,exhale,25334.651700794948,25333.81970079478,25334.11670079484,,,,,,,,,,
nan,pause,25334.652700794948,25334.651700794948,nan,,,,,,,,,,
5.398879965514044,inhale,25335.79670079518,25334.652700794948,25334.786700794975,,,,,,,,,,
nan,pause,25335.79770079518,25335.79670079518,nan,,,,,,,,,,
-6.5000866703196465,exhale,25336.638700795353,25335.79770079518,25336.116700795246,,,,,,,,,,
nan,pause,25336.639700795353,25336.638700795353,nan,,,,,,,,,,
5.102219515485741,inhale,25337.80270079559,25336.639700795353,25336.786700795383,,,,,,,,,,
nan,pause,25337.80370079559,25337.80270079559,nan,,,,,,,,,,
-6.216783356516747,exhale,25338.53570079574,25337.80370079559,25338.116700795654,,,,,,,,,,
nan,pause,25338.53670079574,25338.53570079574,nan,,,,,,,,,,
4.094779371845781,inhale,25339.843700796006,25338.53670079574,25338.78670079579,,,,,,,,,,
nan,pause,25339.844700796006,25339.843700796006,nan,,,,,,,,,,
-3.7667874868135325,exhale,25340.829700796206,25339.844700796006,25340.11670079606,,,,,,,,,,
nan,pause,25340.830700796207,25340.829700796206,nan,,,,,,,,,,
2.8498933100299757,inhale,25342.07470079646,25340.830700796207,25341.116700796265,,,,,,,,,,
nan,pause,25342.07570079646,25342.07470079646,nan,,,,,,,,,,
-2.681798581713009,exhale,25343.081700796665,25342.07570079646,25342.286700796503,,,,,,,,,,
nan,pause,25343.082700796665,25343.081700796665,nan,,,,,,,,,,
3.1291198599785988,inhale,25344.2257007969,25343.082700796665,25343.286700796707,,,,,,,,,,
nan,pause,25344.2267007969,25344.2257007969,nan,,,,,,,,,,
-3.965411465956058,exhale,25345.104700797077,25344.2267007969,25344.456700796945,,,,,,,,,,
nan,pause,25345.105700797078,25345.104700797077,nan,,,,,,,,,,
4.78763911099238,inhale,25346.322700797326,25345.105700797078,25345.286700797114,,,,,,,,,,
nan,pause,25346.323700797326,25346.322700797326,nan,,,,,,,,,,
-6.030851069838355,exhale,25347.146700797493,25346.323700797326,25346.776700797418,,,,,,,,,,
nan,pause,25347.147700797494,25347.146700797493,nan,,,,,,,,,,
4.992296196143119,inhale,25348.334700797735,25347.147700797494,25347.446700797555,,,,,,,,,,
nan,pause,25348.335700797736,25348.334700797735,nan,,,,,,,,,,
-4.5103390961473835,exhale,25349.252700797922,25348.335700797736,25348.786700797828,,,,,,,,,,
nan,pause,25349.253700797923,25349.252700797922,nan,,,,,,,,,,
4.724964699846791,inhale,25350.435700798163,25349.253700797923,25349.456700797964,,,,,,,,,,
nan,pause,25350.436700798164,25350.435700798163,nan,,,,,,,,,,
-5.7189683274606535,exhale,25351.226700798325,25350.436700798164,25350.776700798233,,,,,,,,,,
nan,pause,25351.227700798325,25351.226700798325,nan,,,,,,,,,,
5.085635184689961,inhale,25352.370700798558,25351.227700798325,25351.45670079837,,,,,,,,,,
nan,pause,25352.371700798558,25352.370700798558,nan,,,,,,,,,,
-5.533479114440353,exhale,25353.206700798728,25352.371700798558,25352.616700798608,,,,,,,,,,
nan,pause,25353.20770079873,25353.206700798728,nan,,,,,,,,,,
3.311089462210909,inhale,25354.328700798957,25353.20770079873,25353.446700798777,,,,,,,,,,
nan,pause,25354.329700798957,25354.328700798957,nan,,,,,,,,,,
-5.330854208527807,exhale,25355.201700799134,25354.329700798957,25354.776700799048,,,,,,,,,,
nan,pause,25355.202700799135,25355.201700799134,nan,,,,,,,,,,
4.409638698978287,inhale,25356.290700799356,25355.202700799135,25355.446700799184,,,,,,,,,,
nan,pause,25356.291700799356,25356.290700799356,nan,,,,,,,,,,
-5.88348725880585,exhale,25357.068700799515,25356.291700799356,25356.616700799423,,,,,,,,,,
nan,pause,25357.069700799515,25357.068700799515,nan,,,,,,,,,,
5.949577550841792,inhale,25358.110700799727,25357.069700799515,25357.28670079956,,,,,,,,,,
nan,pause,25358.111700799727,25358.110700799727,nan,,,,,,,,,,
-4.971947857425345,exhale,25358.9587007999,25358.111700799727,25358.446700799796,,,,,,,,,,
nan,pause,25358.9597007999,25358.9587007999,nan,,,,,,,,,,
3.1831855934205073,inhale,25360.32770080018,25358.9597007999,25359.116700799932,,,,,,,,,,
nan,pause,25360.32870080018,25360.32770080018,nan,,,,,,,,,,
-3.966787316222355,exhale,25361.304700800378,25360.32870080018,25360.616700800238,,,,,,,,,,
nan,pause,25361.305700800378,25361.304700800378,nan,,,,,,,,,,
3.2831886881844645,inhale,25362.58670080064,25361.305700800378,25361.61670080044,,,,,,,,,,
nan,pause,25362.58770080064,25362.58670080064,nan,,,,,,,,,,
-2.72635974662162,exhale,25363.559700800837,25362.58770080064,25362.78670080068,,,,,,,,,,
nan,pause,25363.560700800837,25363.559700800837,nan,,,,,,,,,,
2.264459927483957,inhale,25364.691700801068,25363.560700800837,25363.786700800883,,,,,,,,,,
nan,pause,25364.692700801068,25364.691700801068,nan,,,,,,,,,,
-3.225981939576043,exhale,25365.554700801244,25364.692700801068,25364.95670080112,,,,,,,,,,
nan,pause,25365.555700801244,25365.554700801244,nan,,,,,,,,,,
2.5107591996349385,inhale,25366.701700801477,25365.555700801244,25365.78670080129,,,,,,,,,,
nan,pause,25366.702700801477,25366.701700801477,nan,,,,,,,,,,
-3.58349486179999,exhale,25367.513700801643,25366.702700801477,25367.116700801562,,,,,,,,,,
nan,pause,25367.514700801643,25367.513700801643,nan,,,,,,,,,,
2.329566418179346,inhale,25368.655700801875,25367.514700801643,25367.94670080173,,,,,,,,,,
nan,pause,25368.656700801876,25368.655700801875,nan,,,,,,,,,,
-3.2676559851520075,exhale,25369.391700802025,25368.656700801876,25368.946700801935,,,,,,,,,,
nan,pause,25369.392700802026,25369.391700802025,nan,,,,,,,,,,
2.049895352414993,inhale,25370.44670080224,25369.392700802026,25370.116700802173,,,,,,,,,,
nan,pause,25370.44770080224,25370.44670080224,nan,,,,,,,,,,
-2.3667903182452528,exhale,25371.352700802425,25370.44770080224,25370.616700802275,,,,,,,,,,
nan,pause,25371.353700802425,25371.352700802425,nan,,,,,,,,,,
1.7719795954483997,inhale,25372.80670080272,25371.353700802425,25372.286700802615,,,,,,,,,,
nan,pause,25372.80770080272,25372.80670080272,nan,,,,,,,,,,
-2.432173824384733,exhale,25373.73270080291,25372.80770080272,25373.276700802817,,,,,,,,,,
nan,pause,25373.73370080291,25373.73270080291,nan,,,,,,,,,,
0.6746990127331113,inhale,25374.42570080305,25373.73370080291,25373.78670080292,,,,,,,,,,
nan,pause,25375.473700803264,25374.42570080305,nan,,,,,,,,,,
0.6331914839338959,inhale,25375.774700803326,25375.473700803264,25375.616700803293,,,,,,,,,,
nan,pause,25375.775700803326,25375.774700803326,nan,,,,,,,,,,
-1.5167944333784593,exhale,25376.886700803552,25375.775700803326,25376.116700803395,,,,,,,,,,
nan,pause,25376.887700803552,25376.886700803552,nan,,,,,,,,,,
0.9654799628864941,inhale,25378.14770080381,25376.887700803552,25377.786700803736,,,,,,,,,,
nan,pause,25378.14870080381,25378.14770080381,nan,,,,,,,,,,
-1.4800991960598715,exhale,25379.097700804003,25378.14870080381,25378.78670080394,,,,,,,,,,
nan,pause,25379.098700804003,25379.097700804003,nan,,,,,,,,,,
0.7924190471373621,inhale,25380.01470080419,25379.098700804003,25379.28670080404,,,,,,,,,,
nan,pause,25380.01570080419,25380.01470080419,nan,,,,,,,,,,
-0.4167913766868563,exhale,25380.21570080423,25380.01570080419,25380.11670080421,,,,,,,,,,
nan,pause,25382.700700804737,25380.21570080423,nan,,,,,,,,,,
-3.3136727818327993,exhale,25383.55570080491,25382.700700804737,25383.44670080489,,,,,,,,,,
nan,pause,25383.55670080491,25383.55570080491,nan,,,,,,,,,,
1.899877271656681,inhale,25385.493700805306,25383.55670080491,25383.616700804923,,,,,,,,,,
nan,pause,25385.494700805306,25385.493700805306,nan,,,,,,,,,,
-11.838448537744885,exhale,25386.231700805456,25385.494700805306,25385.946700805398,,,,,,,,,,
nan,pause,25386.232700805456,25386.231700805456,nan,,,,,,,,,,
4.068013458779903,inhale,25388.06670080583,25386.232700805456,25386.4467008055,,,,,,,,,,
nan,pause,25388.06770080583,25388.06670080583,nan,,,,,,,,,,
-10.55406967467735,exhale,25388.80870080598,25388.06770080583,25388.45670080591,,,,,,,,,,
nan,pause,25388.80970080598,25388.80870080598,nan,,,,,,,,,,
5.558785920910885,inhale,25390.302700806285,25388.80970080598,25388.95670080601,,,,,,,,,,
nan,pause,25390.303700806286,25390.302700806285,nan,,,,,,,,,,
-10.850274223252786,exhale,25391.029700806434,25390.303700806286,25390.776700806382,,,,,,,,,,
nan,pause,25391.030700806434,25391.029700806434,nan,,,,,,,,,,
4.833157117995702,inhale,25392.54270080674,25391.030700806434,25391.11670080645,,,,,,,,,,
nan,pause,25392.543700806742,25392.54270080674,nan,,,,,,,,,,
-8.964118873333783,exhale,25393.293700806895,25392.543700806742,25392.956700806826,,,,,,,,,,
nan,pause,25393.294700806895,25393.293700806895,nan,,,,,,,,,,
7.098736707894216,inhale,25394.770700807196,25393.294700806895,25393.456700806928,,,,,,,,,,
nan,pause,25394.771700807196,25394.770700807196,nan,,,,,,,,,,
-7.926988827047909,exhale,25395.645700807374,25394.771700807196,25395.2767008073,,,,,,,,,,
nan,pause,25395.646700807374,25395.645700807374,nan,,,,,,,,,,
4.4410377404871335,inhale,25397.168700807684,25395.646700807374,25395.786700807403,,,,,,,,,,
nan,pause,25397.169700807684,25397.168700807684,nan,,,,,,,,,,
-9.412160923439375,exhale,25398.013700807856,25397.169700807684,25397.776700807808,,,,,,,,,,
nan,pause,25398.014700807857,25398.013700807856,nan,,,,,,,,,,
6.249851992852199,inhale,25399.630700808186,25398.014700807857,25398.116700807877,,,,,,,,,,
nan,pause,25399.631700808186,25399.630700808186,nan,,,,,,,,,,
-8.683482733109276,exhale,25400.514700808366,25399.631700808186,25400.116700808285,,,,,,,,,,
nan,pause,25400.515700808366,25400.514700808366,nan,,,,,,,,,,
4.899866426623964,inhale,25402.029700808675,25400.515700808366,25400.616700808387,,,,,,,,,,
nan,pause,25402.030700808675,25402.029700808675,nan,,,,,,,,,,
-12.176732772043334,exhale,25402.873700808846,25402.030700808675,25402.44670080876,,,,,,,,,,
nan,pause,25402.874700808847,25402.873700808846,nan,,,,,,,,,,
4.7691311151652,inhale,25404.677700809214,25402.874700808847,25402.956700808863,,,,,,,,,,
nan,pause,25404.678700809214,25404.677700809214,nan,,,,,,,,,,
-10.836224168531047,exhale,25405.562700809394,25404.678700809214,25405.276700809336,,,,,,,,,,
nan,pause,25405.563700809395,25405.562700809394,nan,,,,,,,,,,
5.238016284597491,inhale,25407.20570080973,25405.563700809395,25405.78670080944,,,,,,,,,,
nan,pause,25407.20670080973,25407.20570080973,nan,,,,,,,,,,
-12.283480942861075,exhale,25407.977700809886,25407.20670080973,25407.616700809813,,,,,,,,,,
nan,pause,25407.978700809887,25407.977700809886,nan,,,,,,,,,,
5.73315847263482,inhale,25409.900700810278,25407.978700809887,25408.116700809915,,,,,,,,,,
nan,pause,25409.90170081028,25409.900700810278,nan,,,,,,,,,,
-10.118319220393051,exhale,25410.867700810475,25409.90170081028,25410.44670081039,,,,,,,,,,
nan,pause,25410.868700810475,25410.867700810475,nan,,,,,,,,,,
4.149330262900802,inhale,25413.018700810913,25410.868700810475,25412.776700810864,,,,,,,,,,
nan,pause,25413.019700810913,25413.018700810913,nan,,,,,,,,,,
-13.212059012667073,exhale,25414.003700811114,25413.019700810913,25413.456700811003,,,,,,,,,,
nan,pause,25414.004700811114,25414.003700811114,nan,,,,,,,,,,
3.8158383226726005,inhale,25415.85170081149,25414.004700811114,25414.27670081117,,,,,,,,,,
nan,pause,25415.85270081149,25415.85170081149,nan,,,,,,,,,,
-12.294776495631304,exhale,25416.68270081166,25415.85270081149,25416.44670081161,,,,,,,,,,
nan,pause,25416.68370081166,25416.68270081166,nan,,,,,,,,,,
6.629778578121431,inhale,25418.096700811948,25416.68370081166,25416.78670081168,,,,,,,,,,
nan,pause,25418.097700811948,25418.096700811948,nan,,,,,,,,,,
-13.442435859400476,exhale,25418.872700812106,25418.097700811948,25418.45670081202,,,,,,,,,,
nan,pause,25418.873700812106,25418.872700812106,nan,,,,,,,,,,
5.9164770038601,inhale,25420.26170081239,25418.873700812106,25419.116700812156,,,,,,,,,,
nan,pause,25420.26270081239,25420.26170081239,nan,,,,,,,,,,
-15.000052581846395,exhale,25421.01170081254,25420.26270081239,25420.61670081246,,,,,,,,,,
nan,pause,25421.012700812542,25421.01170081254,nan,,,,,,,,,,
6.566454067539641,inhale,25422.465700812838,25421.012700812542,25421.116700812563,,,,,,,,,,
nan,pause,25422.466700812838,25422.465700812838,nan,,,,,,,,,,
-14.1470579271104,exhale,25423.258700813,25422.466700812838,25422.786700812903,,,,,,,,,,
nan,pause,25423.259700813,25423.258700813,nan,,,,,,,,,,
5.417596525834298,inhale,25424.766700813307,25423.259700813,25423.45670081304,,,,,,,,,,
nan,pause,25424.767700813307,25424.766700813307,nan,,,,,,,,,,
-14.766755187097514,exhale,25425.56570081347,25424.767700813307,25425.116700813378,,,,,,,,,,
nan,pause,25425.56670081347,25425.56570081347,nan,,,,,,,,,,
5.903618838649199,inhale,25426.969700813755,25425.56670081347,25425.786700813514,,,,,,,,,,
nan,pause,25426.970700813756,25426.969700813755,nan,,,,,,,,,,
-13.522585075764367,exhale,25427.81970081393,25426.970700813756,25427.446700813853,,,,,,,,,,
nan,pause,25427.82070081393,25427.81970081393,nan,,,,,,,,,,
5.390993313415055,inhale,25429.35670081424,25427.82070081393,25427.956700813957,,,,,,,,,,
nan,pause,25429.357700814242,25429.35670081424,nan,,,,,,,,,,
-16.696133214091294,exhale,25430.192700814412,25429.357700814242,25429.78670081433,,,,,,,,,,
nan,pause,25430.193700814412,25430.192700814412,nan,,,,,,,,,,
5.968998533586677,inhale,25431.572700814693,25430.193700814412,25430.446700814464,,,,,,,,,,
nan,pause,25431.573700814693,25431.572700814693,nan,,,,,,,,,,
-14.12508793416279,exhale,25432.38970081486,25431.573700814693,25431.94670081477,,,,,,,,,,
nan,pause,25432.39070081486,25432.38970081486,nan,,,,,,,,,,
5.2164858141680925,inhale,25433.985700815185,25432.39070081486,25432.616700814906,,,,,,,,,,
nan,pause,25433.986700815185,25433.985700815185,nan,,,,,,,,,,
-11.415418620756732,exhale,25434.865700815364,25433.986700815185,25434.286700815246,,,,,,,,,,
nan,pause,25434.866700815364,25434.865700815364,nan,,,,,,,,,,
4.466476766494243,inhale,25436.548700815707,25434.866700815364,25435.116700815415,,,,,,,,,,
nan,pause,25436.549700815707,25436.548700815707,nan,,,,,,,,,,
-11.116788447197449,exhale,25437.45370081589,25436.549700815707,25437.116700815823,,,,,,,,,,
nan,pause,25437.45470081589,25437.45370081589,nan,,,,,,,,,,
3.899859980041508,inhale,25439.26270081626,25437.45470081589,25439.11670081623,,,,,,,,,,
nan,pause,25439.26370081626,25439.26270081626,nan,,,,,,,,,,
-11.88347011326833,exhale,25440.09670081643,25439.26370081626,25439.616700816332,,,,,,,,,,
nan,pause,25440.09770081643,25440.09670081643,nan,,,,,,,,,,
5.4733196272405955,inhale,25441.654700816747,25440.09770081643,25440.28670081647,,,,,,,,,,
nan,pause,25441.655700816747,25441.654700816747,nan,,,,,,,,,,
-9.59742288902569,exhale,25442.515700816923,25441.655700816747,25441.95670081681,,,,,,,,,,
nan,pause,25442.516700816923,25442.515700816923,nan,,,,,,,,,,
4.083162583680291,inhale,25444.002700817226,25442.516700816923,25442.616700816943,,,,,,,,,,
nan,pause,25444.003700817226,25444.002700817226,nan,,,,,,,,,,
-10.191388053665582,exhale,25444.81570081739,25444.003700817226,25444.446700817316,,,,,,,,,,
nan,pause,25444.81670081739,25444.81570081739,nan,,,,,,,,,,
4.302134982066935,inhale,25446.295700817693,25444.81670081739,25444.95670081742,,,,,,,,,,
nan,pause,25446.296700817693,25446.295700817693,nan,,,,,,,,,,
-10.51677402976489,exhale,25447.07170081785,25446.296700817693,25446.616700817758,,,,,,,,,,
nan,pause,25447.07270081785,25447.07170081785,nan,,,,,,,,,,
4.404298148095714,inhale,25448.44170081813,25447.07270081785,25447.286700817895,,,,,,,,,,
nan,pause,25448.44270081813,25448.44170081813,nan,,,,,,,,,,
-9.409019005151693,exhale,25449.22870081829,25448.44270081813,25448.7867008182,,,,,,,,,,
nan,pause,25449.22970081829,25449.22870081829,nan,,,,,,,,,,
4.569203973986196,inhale,25450.484700818546,25449.22970081829,25449.446700818335,,,,,,,,,,
nan,pause,25450.485700818546,25450.484700818546,nan,,,,,,,,,,
-10.13952433874017,exhale,25451.306700818714,25450.485700818546,25450.94670081864,,,,,,,,,,
nan,pause,25451.307700818714,25451.306700818714,nan,,,,,,,,,,
4.680944064987744,inhale,25452.833700819025,25451.307700818714,25451.456700818744,,,,,,,,,,
nan,pause,25452.834700819025,25452.833700819025,nan,,,,,,,,,,
-5.58348284056544,exhale,25453.806700819223,25452.834700819025,25453.116700819082,,,,,,,,,,
nan,pause,25453.807700819223,25453.806700819223,nan,,,,,,,,,,
3.6921357791379656,inhale,25455.031700819472,25453.807700819223,25453.956700819253,,,,,,,,,,
nan,pause,25455.032700819473,25455.031700819472,nan,,,,,,,,,,
-6.233971209757978,exhale,25455.981700819666,25455.032700819473,25455.45670081956,,,,,,,,,,
nan,pause,25455.982700819666,25455.981700819666,nan,,,,,,,,,,
2.7331791058749704,inhale,25457.315700819938,25455.982700819666,25456.116700819694,,,,,,,,,,
nan,pause,25457.316700819938,25457.315700819938,nan,,,,,,,,,,
-5.416159285966593,exhale,25458.229700820124,25457.316700819938,25457.786700820034,,,,,,,,,,
nan,pause,25458.230700820124,25458.229700820124,nan,,,,,,,,,,
5.68391798047709,inhale,25459.664700820416,25458.230700820124,25459.28670082034,,,,,,,,,,
nan,pause,25459.665700820417,25459.664700820416,nan,,,,,,,,,,
-7.883487068078717,exhale,25460.537700820594,25459.665700820417,25460.11670082051,,,,,,,,,,
nan,pause,25460.538700820594,25460.537700820594,nan,,,,,,,,,,
5.500558650070939,inhale,25462.098700820912,25460.538700820594,25460.786700820645,,,,,,,,,,
nan,pause,25462.099700820912,25462.098700820912,nan,,,,,,,,,,
-7.650297556378187,exhale,25462.957700821087,25462.099700820912,25462.446700820983,,,,,,,,,,
nan,pause,25462.958700821087,25462.957700821087,nan,,,,,,,,,,
6.749865842192012,inhale,25464.359700821373,25462.958700821087,25463.11670082112,,,,,,,,,,
nan,pause,25464.360700821373,25464.359700821373,nan,,,,,,,,,,
-7.483481633462243,exhale,25465.23170082155,25464.360700821373,25464.616700821425,,,,,,,,,,
nan,pause,25465.23270082155,25465.23170082155,nan,,,,,,,,,,
6.07290466470603,inhale,25466.564700821822,25465.23270082155,25465.456700821596,,,,,,,,,,
nan,pause,25466.565700821822,25466.564700821822,nan,,,,,,,,,,
-6.333500000000006,exhale,25467.463700822005,25466.565700821822,25466.786700821867,,,,,,,,,,
nan,pause,25467.464700822005,25467.463700822005,nan,,,,,,,,,,
4.566469975954237,inhale,25468.922700822302,25467.464700822005,25467.616700822036,,,,,,,,,,
nan,pause,25468.923700822303,25468.922700822302,nan,,,,,,,,,,
-4.848308895725921,exhale,25469.853700822492,25468.923700822303,25469.276700822375,,,,,,,,,,
nan,pause,25469.854700822492,25469.853700822492,nan,,,,,,,,,,
3.6498859555503507,inhale,25471.153700822757,25469.854700822492,25470.116700822546,,,,,,,,,,
nan,pause,25471.154700822757,25471.153700822757,nan,,,,,,,,,,
-3.1440704653707052,exhale,25472.09470082295,25471.154700822757,25471.45670082282,,,,,,,,,,
nan,pause,25472.09570082295,25472.09470082295,nan,,,,,,,,,,
2.9137805656605864,inhale,25473.218700823178,25472.09570082295,25472.286700822988,,,,,,,,,,
nan,pause,25473.219700823178,25473.218700823178,nan,,,,,,,,,,
-2.9680885085503936,exhale,25474.182700823374,25473.219700823178,25473.456700823226,,,,,,,,,,
nan,pause,25474.183700823374,25474.182700823374,nan,,,,,,,,,,
2.144286966134382,inhale,25475.368700823616,25474.183700823374,25474.446700823428,,,,,,,,,,
nan,pause,25475.369700823616,25475.368700823616,nan,,,,,,,,,,
-2.5974595145354016,exhale,25476.32270082381,25475.369700823616,25475.7767008237,,,,,,,,,,
nan,pause,25476.32370082381,25476.32270082381,nan,,,,,,,,,,
2.316497092372009,inhale,25477.381700824026,25476.32370082381,25476.61670082387,,,,,,,,,,
nan,pause,25477.382700824026,25477.381700824026,nan,,,,,,,,,,
-2.6490799567759242,exhale,25478.33470082422,25477.382700824026,25477.78670082411,,,,,,,,,,
nan,pause,25478.33570082422,25478.33470082422,nan,,,,,,,,,,
1.883198892928868,inhale,25479.430700824443,25478.33570082422,25478.616700824277,,,,,,,,,,
nan,pause,25479.431700824443,25479.430700824443,nan,,,,,,,,,,
-2.9382001743221453,exhale,25480.372700824635,25479.431700824443,25479.786700824516,,,,,,,,,,
nan,pause,25480.373700824635,25480.372700824635,nan,,,,,,,,,,
1.7831953568273056,inhale,25481.53370082487,25480.373700824635,25480.616700824685,,,,,,,,,,
nan,pause,25481.534700824872,25481.53370082487,nan,,,,,,,,,,
-3.5059202163649292,exhale,25482.565700825082,25481.534700824872,25481.786700824923,,,,,,,,,,
nan,pause,25482.566700825082,25482.565700825082,nan,,,,,,,,,,
2.791058262685325,inhale,25483.73070082532,25482.566700825082,25482.786700825127,,,,,,,,,,
nan,pause,25483.73170082532,25483.73070082532,nan,,,,,,,,,,
-4.3819613356718,exhale,25484.748700825527,25483.73170082532,25483.956700825365,,,,,,,,,,
nan,pause,25484.749700825527,25484.748700825527,nan,,,,,,,,,,
2.549895500249249,inhale,25486.04670082579,25484.749700825527,25485.616700825703,,,,,,,,,,
nan,pause,25486.04770082579,25486.04670082579,nan,,,,,,,,,,
-4.788238775182526,exhale,25487.088700826003,25486.04770082579,25486.28670082584,,,,,,,,,,
nan,pause,25487.089700826004,25487.088700826003,nan,,,,,,,,,,
3.2383388235188018,inhale,25488.284700826247,25487.089700826004,25487.286700826044,,,,,,,,,,
nan,pause,25488.285700826247,25488.284700826247,nan,,,,,,,,,,
-4.7520597900576895,exhale,25489.316700826457,25488.285700826247,25488.456700826282,,,,,,,,,,
nan,pause,25489.317700826457,25489.316700826457,nan,,,,,,,,,,
5.003102366721721,inhale,25490.474700826693,25489.317700826457,25489.456700826486,,,,,,,,,,
nan,pause,25490.475700826693,25490.474700826693,nan,,,,,,,,,,
-5.184119990406849,exhale,25491.413700826884,25490.475700826693,25490.786700826757,,,,,,,,,,
nan,pause,25491.414700826885,25491.413700826884,nan,,,,,,,,,,
4.64987915228244,inhale,25492.507700827107,25491.414700826885,25491.616700826926,,,,,,,,,,
nan,pause,25492.508700827108,25492.507700827107,nan,,,,,,,,,,
-5.844699723648266,exhale,25493.418700827293,25492.508700827108,25492.786700827164,,,,,,,,,,
nan,pause,25493.419700827293,25493.418700827293,nan,,,,,,,,,,
5.033169065193918,inhale,25494.640700827542,25493.419700827293,25493.616700827333,,,,,,,,,,
nan,pause,25494.641700827542,25494.640700827542,nan,,,,,,,,,,
-5.448648314626149,exhale,25495.537700827725,25494.641700827542,25494.946700827604,,,,,,,,,,
nan,pause,25495.538700827725,25495.537700827725,nan,,,,,,,,,,
5.848216394192233,inhale,25496.660700827953,25495.538700827725,25495.786700827775,,,,,,,,,,
nan,pause,25496.661700827954,25496.660700827953,nan,,,,,,,,,,
-4.6274704606961095,exhale,25497.548700828134,25496.661700827954,25496.956700828014,,,,,,,,,,
nan,pause,25497.549700828135,25497.548700828134,nan,,,,,,,,,,
4.312799111076026,inhale,25498.716700828372,25497.549700828135,25497.786700828183,,,,,,,,,,
nan,pause,25498.717700828372,25498.716700828372,nan,,,,,,,,,,
-5.112109018136334,exhale,25499.625700828557,25498.717700828372,25498.95670082842,,,,,,,,,,
nan,pause,25499.626700828558,25499.625700828557,nan,,,,,,,,,,
5.633238592019584,inhale,25500.786700828794,25499.626700828558,25499.78670082859,,,,,,,,,,
nan,pause,25500.787700828794,25500.786700828794,nan,,,,,,,,,,
-4.8712594640791815,exhale,25501.687700828978,25500.787700828794,25501.286700828896,,,,,,,,,,
nan,pause,25501.688700828978,25501.687700828978,nan,,,,,,,,,,
4.695244843821567,inhale,25502.87570082922,25501.688700828978,25501.94670082903,,,,,,,,,,
nan,pause,25502.87670082922,25502.87570082922,nan,,,,,,,,,,
-5.616779788587896,exhale,25503.774700829403,25502.87670082922,25503.11670082927,,,,,,,,,,
nan,pause,25503.775700829403,25503.774700829403,nan,,,,,,,,,,
6.004765908616432,inhale,25504.969700829646,25503.775700829403,25503.95670082944,,,,,,,,,,
nan,pause,25504.970700829646,25504.969700829646,nan,,,,,,,,,,
-5.021598116054394,exhale,25505.87470082983,25504.970700829646,25505.28670082971,,,,,,,,,,
nan,pause,25505.87570082983,25505.87470082983,nan,,,,,,,,,,
3.8498926745255413,inhale,25507.059700830072,25505.87570082983,25506.11670082988,,,,,,,,,,
nan,pause,25507.060700830072,25507.059700830072,nan,,,,,,,,,,
-5.088879504706266,exhale,25508.014700830267,25507.060700830072,25507.28670083012,,,,,,,,,,
nan,pause,25508.015700830267,25508.014700830267,nan,,,,,,,,,,
4.420259316079412,inhale,25509.30670083053,25508.015700830267,25508.286700830322,,,,,,,,,,
nan,pause,25509.30770083053,25509.30670083053,nan,,,,,,,,,,
-4.650088382743325,exhale,25510.205700830713,25509.30770083053,25509.616700830593,,,,,,,,,,
nan,pause,25510.206700830713,25510.205700830713,nan,,,,,,,,,,
4.53963771457286,inhale,25511.37670083095,25510.206700830713,25510.446700830762,,,,,,,,,,
nan,pause,25511.37770083095,25511.37670083095,nan,,,,,,,,,,
-5.216782155569473,exhale,25512.279700831135,25511.37770083095,25511.616700831,,,,,,,,,,
nan,pause,25512.280700831136,25512.279700831135,nan,,,,,,,,,,
4.657122052116644,inhale,25513.467700831377,25512.280700831136,25512.45670083117,,,,,,,,,,
nan,pause,25513.468700831378,25513.467700831377,nan,,,,,,,,,,
-4.8110204226282365,exhale,25514.350700831557,25513.468700831378,25513.786700831442,,,,,,,,,,
nan,pause,25514.351700831558,25514.350700831557,nan,,,,,,,,,,
4.483185856489128,inhale,25515.964700831886,25514.351700831558,25514.61670083161,,,,,,,,,,
nan,pause,25515.965700831886,25515.964700831886,nan,,,,,,,,,,
-4.337520797948684,exhale,25517.029700832103,25515.965700831886,25516.28670083195,,,,,,,,,,
nan,pause,25517.030700832103,25517.029700832103,nan,,,,,,,,,,
3.530857788034254,inhale,25518.316700832365,25517.030700832103,25517.286700832155,,,,,,,,,,
nan,pause,25518.317700832366,25518.316700832365,nan,,,,,,,,,,
-4.600081636716242,exhale,25519.262700832558,25518.317700832366,25518.616700832426,,,,,,,,,,
nan,pause,25519.26370083256,25519.262700832558,nan,,,,,,,,,,
5.16620373311768,inhale,25520.477700832806,25519.26370083256,25519.456700832598,,,,,,,,,,
nan,pause,25520.478700832806,25520.477700832806,nan,,,,,,,,,,
-4.330439862445109,exhale,25521.469700833008,25520.478700832806,25520.78670083287,,,,,,,,,,
nan,pause,25521.470700833008,25521.469700833008,nan,,,,,,,,,,
4.425462889190946,inhale,25522.66170083325,25521.470700833008,25521.77670083307,,,,,,,,,,
nan,pause,25522.66270083325,25522.66170083325,nan,,,,,,,,,,
-3.38067280900598,exhale,25523.49870083342,25522.66270083325,25522.95670083331,,,,,,,,,,
nan,pause,25523.49970083342,25523.49870083342,nan,,,,,,,,,,
2.3285749860870832,inhale,25524.67570083366,25523.49970083342,25524.27670083358,,,,,,,,,,
nan,pause,25525.185700833765,25524.67570083366,nan,,,,,,,,,,
-3.7667833377122766,exhale,25526.376700834007,25525.185700833765,25525.616700833853,,,,,,,,,,
nan,pause,25526.377700834008,25526.376700834007,nan,,,,,,,,,,
2.3331916891375304,inhale,25528.15470083437,25526.377700834008,25526.616700834056,,,,,,,,,,
nan,pause,25528.15570083437,25528.15470083437,nan,,,,,,,,,,
-2.5565640906233638,exhale,25529.213700834585,25528.15570083437,25528.94670083453,,,,,,,,,,
nan,pause,25529.214700834586,25529.213700834585,nan,,,,,,,,,,
1.933821212635422,inhale,25529.92270083473,25529.214700834586,25529.456700834635,,,,,,,,,,
nan,pause,25531.136700834977,25529.92270083473,nan,,,,,,,,,,
-2.7052387926992982,exhale,25532.213700835197,25531.136700834977,25531.78670083511,,,,,,,,,,
nan,pause,25532.214700835197,25532.213700835197,nan,,,,,,,,,,
3.4036734821105483,inhale,25533.484700835455,25532.214700835197,25532.456700835246,,,,,,,,,,
nan,pause,25533.485700835456,25533.484700835455,nan,,,,,,,,,,
-3.3082989312521756,exhale,25534.511700835665,25533.485700835456,25533.786700835517,,,,,,,,,,
nan,pause,25534.512700835665,25534.511700835665,nan,,,,,,,,,,
7.883100334105306,inhale,25535.27570083582,25534.512700835665,25535.116700835788,,,,,,,,,,
nan,pause,25535.27670083582,25535.27570083582,nan,,,,,,,,,,
-0.32601897722595846,exhale,25535.434700835853,25535.27670083582,25535.286700835823,,,,,,,,,,
nan,pause,25535.61670083589,25535.434700835853,nan,,,,,,,,,,
-1.4240285378436368,exhale,25536.716700836114,25535.61670083589,25535.946700835957,,,,,,,,,,
nan,pause,25539.133700836606,25536.716700836114,nan,,,,,,,,,,
1.2456013767862326,inhale,25540.094700836802,25539.133700836606,25539.946700836772,,,,,,,,,,
nan,pause,25540.095700836802,25540.094700836802,nan,,,,,,,,,,
-2.148400601626042,exhale,25541.085700837004,25540.095700836802,25540.28670083684,,,,,,,,,,
nan,pause,25541.086700837004,25541.085700837004,nan,,,,,,,,,,
1.1907195760612785,inhale,25542.43570083728,25541.086700837004,25541.286700837045,,,,,,,,,,
nan,pause,25542.43670083728,25542.43570083728,nan,,,,,,,,,,
-2.3295366309345775,exhale,25543.411700837478,25542.43670083728,25542.77670083735,,,,,,,,,,
nan,pause,25543.412700837478,25543.411700837478,nan,,,,,,,,,,
1.4664910211454396,inhale,25544.762700837753,25543.412700837478,25543.61670083752,,,,,,,,,,
nan,pause,25544.763700837753,25544.762700837753,nan,,,,,,,,,,
-3.208089312840344,exhale,25545.72270083795,25544.763700837753,25544.956700837793,,,,,,,,,,
nan,pause,25545.72370083795,25545.72270083795,nan,,,,,,,,,,
2.2651113551406357,inhale,25547.034700838216,25545.72370083795,25545.956700837996,,,,,,,,,,
nan,pause,25547.035700838216,25547.034700838216,nan,,,,,,,,,,
-4.271259430348767,exhale,25547.960700838405,25547.035700838216,25547.286700838267,,,,,,,,,,
nan,pause,25547.961700838405,25547.960700838405,nan,,,,,,,,,,
1.6785757385761688,inhale,25549.46570083871,25547.961700838405,25548.27670083847,,,,,,,,,,
nan,pause,25549.46670083871,25549.46570083871,nan,,,,,,,,,,
-3.8088746812518948,exhale,25550.275700838876,25549.46670083871,25549.776700838775,,,,,,,,,,
nan,pause,25550.276700838876,25550.275700838876,nan,,,,,,,,,,
2.7663998251371598,inhale,25551.42570083911,25550.276700838876,25550.456700838913,,,,,,,,,,
nan,pause,25551.42670083911,25551.42570083911,nan,,,,,,,,,,
-4.666779331561387,exhale,25552.3557008393,25551.42670083911,25551.61670083915,,,,,,,,,,
nan,pause,25552.3567008393,25552.3557008393,nan,,,,,,,,,,
1.7831906083537759,inhale,25553.63170083956,25552.3567008393,25552.616700839353,,,,,,,,,,
nan,pause,25553.63270083956,25553.63170083956,nan,,,,,,,,,,
-3.704069610621522,exhale,25554.379700839712,25553.63270083956,25553.956700839626,,,,,,,,,,
nan,pause,25554.380700839713,25554.379700839712,nan,,,,,,,,,,
4.160720408432975,inhale,25555.413700839923,25554.380700839713,25554.786700839795,,,,,,,,,,
nan,pause,25555.414700839923,25555.413700839923,nan,,,,,,,,,,
-5.500072363583583,exhale,25556.319700840108,25555.414700839923,25555.616700839964,,,,,,,,,,
nan,pause,25556.320700840108,25556.319700840108,nan,,,,,,,,,,
2.9257817991548496,inhale,25557.348700840317,25556.320700840108,25556.456700840135,,,,,,,,,,
nan,pause,25557.349700840317,25557.348700840317,nan,,,,,,,,,,
-5.16649783806006,exhale,25558.129700840476,25557.349700840317,25557.786700840406,,,,,,,,,,
nan,pause,25558.130700840476,25558.129700840476,nan,,,,,,,,,,
3.6664971963972066,inhale,25559.17470084069,25558.130700840476,25558.616700840576,,,,,,,,,,
nan,pause,25559.17570084069,25559.17470084069,nan,,,,,,,,,,
-4.865017127119886,exhale,25560.00470084086,25559.17570084069,25559.446700840745,,,,,,,,,,
nan,pause,25560.00570084086,25560.00470084086,nan,,,,,,,,,,
4.182726350188446,inhale,25561.014700841064,25560.00570084086,25560.276700840914,,,,,,,,,,
nan,pause,25561.015700841064,25561.014700841064,nan,,,,,,,,,,
-5.156940212876849,exhale,25561.87370084124,25561.015700841064,25561.28670084112,,,,,,,,,,
nan,pause,25561.87470084124,25561.87370084124,nan,,,,,,,,,,
3.2680116156881476,inhale,25563.033700841475,25561.87470084124,25562.27670084132,,,,,,,,,,
nan,pause,25563.034700841476,25563.033700841475,nan,,,,,,,,,,
-4.982079824106512,exhale,25563.866700841645,25563.034700841476,25563.286700841527,,,,,,,,,,
nan,pause,25563.867700841645,25563.866700841645,nan,,,,,,,,,,
3.272479457116819,inhale,25564.991700841874,25563.867700841645,25564.456700841765,,,,,,,,,,
nan,pause,25564.992700841874,25564.991700841874,nan,,,,,,,,,,
-5.17261812184627,exhale,25565.74970084203,25564.992700841874,25565.286700841934,,,,,,,,,,
nan,pause,25565.75070084203,25565.74970084203,nan,,,,,,,,,,
3.6664906438568052,inhale,25566.815700842246,25565.75070084203,25566.116700842103,,,,,,,,,,
nan,pause,25566.816700842246,25566.815700842246,nan,,,,,,,,,,
-4.766798880171319,exhale,25567.598700842405,25566.816700842246,25567.116700842307,,,,,,,,,,
nan,pause,25567.599700842406,25567.598700842405,nan,,,,,,,,,,
4.446099025527873,inhale,25568.788700842648,25567.599700842406,25567.786700842444,,,,,,,,,,
nan,pause,25568.789700842648,25568.788700842648,nan,,,,,,,,,,
-5.116791655937684,exhale,25569.561700842805,25568.789700842648,25569.116700842715,,,,,,,,,,
nan,pause,25569.562700842805,25569.561700842805,nan,,,,,,,,,,
4.9169177406193265,inhale,25570.66570084303,25569.562700842805,25569.78670084285,,,,,,,,,,
nan,pause,25570.66670084303,25570.66570084303,nan,,,,,,,,,,
-4.998977627948542,exhale,25571.522700843205,25570.66670084303,25570.946700843087,,,,,,,,,,
nan,pause,25571.523700843205,25571.522700843205,nan,,,,,,,,,,
3.1658358168500462,inhale,25572.813700843468,25571.523700843205,25571.94670084329,,,,,,,,,,
nan,pause,25572.814700843468,25572.813700843468,nan,,,,,,,,,,
-4.514155001315595,exhale,25573.70570084365,25572.814700843468,25573.446700843597,,,,,,,,,,
nan,pause,25573.70670084365,25573.70570084365,nan,,,,,,,,,,
3.4746197247319883,inhale,25574.83570084388,25573.70670084365,25573.9467008437,,,,,,,,,,
nan,pause,25574.83670084388,25574.83570084388,nan,,,,,,,,,,
-5.150090630927497,exhale,25575.66670084405,25574.83670084388,25575.116700843937,,,,,,,,,,
nan,pause,25575.66770084405,25575.66670084405,nan,,,,,,,,,,
4.64717850870117,inhale,25576.69970084426,25575.66770084405,25575.786700844073,,,,,,,,,,
nan,pause,25576.70070084426,25576.69970084426,nan,,,,,,,,,,
-5.0000982751587895,exhale,25577.514700844426,25576.70070084426,25577.116700844344,,,,,,,,,,
nan,pause,25577.515700844426,25577.514700844426,nan,,,,,,,,,,
3.559235910495536,inhale,25578.8607008447,25577.515700844426,25577.77670084448,,,,,,,,,,
nan,pause,25578.8617008447,25578.8607008447,nan,,,,,,,,,,
-4.1661383462057815,exhale,25579.707700844872,25578.8617008447,25579.276700844785,,,,,,,,,,
nan,pause,25579.708700844873,25579.707700844872,nan,,,,,,,,,,
4.093929161400641,inhale,25580.8167008451,25579.708700844873,25579.94670084492,,,,,,,,,,
nan,pause,25580.8177008451,25580.8167008451,nan,,,,,,,,,,
-3.6477212444528235,exhale,25581.65370084527,25580.8177008451,25581.286700845194,,,,,,,,,,
nan,pause,25581.65470084527,25581.65370084527,nan,,,,,,,,,,
3.4454791051242286,inhale,25582.810700845504,25581.65470084527,25581.786700845296,,,,,,,,,,
nan,pause,25582.811700845505,25582.810700845504,nan,,,,,,,,,,
-3.4834983327593894,exhale,25583.649700845675,25582.811700845505,25583.116700845567,,,,,,,,,,
nan,pause,25583.650700845676,25583.649700845675,nan,,,,,,,,,,
3.614159752275544,inhale,25584.785700845907,25583.650700845676,25583.786700845703,,,,,,,,,,
nan,pause,25584.786700845907,25584.785700845907,nan,,,,,,,,,,
-3.483497908768959,exhale,25585.54070084606,25584.786700845907,25585.116700845974,,,,,,,,,,
nan,pause,25585.54170084606,25585.54070084606,nan,,,,,,,,,,
3.2511992526473317,inhale,25586.606700846278,25585.54170084606,25585.78670084611,,,,,,,,,,
nan,pause,25586.607700846278,25586.606700846278,nan,,,,,,,,,,
-3.1990799501153897,exhale,25587.40570084644,25586.607700846278,25586.786700846314,,,,,,,,,,
nan,pause,25587.40670084644,25587.40570084644,nan,,,,,,,,,,
2.7998883672237684,inhale,25588.506700846665,25587.40670084644,25587.616700846484,,,,,,,,,,
nan,pause,25588.507700846665,25588.506700846665,nan,,,,,,,,,,
-3.180099153277241,exhale,25589.278700846822,25588.507700846665,25588.786700846722,,,,,,,,,,
nan,pause,25589.279700846822,25589.278700846822,nan,,,,,,,,,,
2.83504827055648,inhale,25590.24170084702,25589.279700846822,25589.94670084696,,,,,,,,,,
nan,pause,25590.24270084702,25590.24170084702,nan,,,,,,,,,,
-2.970769596494406,exhale,25591.023700847178,25590.24270084702,25590.456700847062,,,,,,,,,,
nan,pause,25591.024700847178,25591.023700847178,nan,,,,,,,,,,
1.8664858023705022,inhale,25592.01570084738,25591.024700847178,25591.116700847197,,,,,,,,,,
nan,pause,25592.01670084738,25592.01570084738,nan,,,,,,,,,,
-1.580099152564197,exhale,25592.885700847557,25592.01670084738,25592.286700847435,,,,,,,,,,
nan,pause,25592.886700847557,25592.885700847557,nan,,,,,,,,,,
0.916496246717856,inhale,25593.863700847756,25592.886700847557,25593.116700847604,,,,,,,,,,
nan,pause,25593.864700847756,25593.863700847756,nan,,,,,,,,,,
-1.2415202190782757,exhale,25594.67270084792,25593.864700847756,25594.446700847875,,,,,,,,,,
nan,pause,25594.67370084792,25594.67270084792,nan,,,,,,,,,,
1.8998999999999937,inhale,25595.65470084812,25594.67370084792,25594.786700847944,,,,,,,,,,
nan,pause,25595.65570084812,25595.65470084812,nan,,,,,,,,,,
-11.850003522694088,exhale,25596.32970084826,25595.65570084812,25596.116700848215,,,,,,,,,,
nan,pause,25596.33070084826,25596.32970084826,nan,,,,,,,,,,
6.732657263409724,inhale,25597.76670084855,25596.33070084826,25596.456700848285,,,,,,,,,,
nan,pause,25597.76770084855,25597.76670084855,nan,,,,,,,,,,
-17.933427815484624,exhale,25598.505700848702,25597.76770084855,25598.116700848623,,,,,,,,,,
nan,pause,25598.506700848702,25598.505700848702,nan,,,,,,,,,,
4.949862639288942,inhale,25600.06470084902,25598.506700848702,25598.616700848725,,,,,,,,,,
nan,pause,25600.06570084902,25600.06470084902,nan,,,,,,,,,,
-13.479698985809103,exhale,25600.718700849153,25600.06570084902,25600.286700849065,,,,,,,,,,
nan,pause,25600.719700849153,25600.718700849153,nan,,,,,,,,,,
5.3998656874618955,inhale,25601.971700849408,25600.719700849153,25600.9467008492,,,,,,,,,,
nan,pause,25601.97270084941,25601.971700849408,nan,,,,,,,,,,
-12.433159303022197,exhale,25602.67370084955,25601.97270084941,25602.286700849472,,,,,,,,,,
nan,pause,25602.67470084955,25602.67370084955,nan,,,,,,,,,,
7.833935350836145,inhale,25603.98570084982,25602.67470084955,25602.786700849574,,,,,,,,,,
nan,pause,25603.98670084982,25603.98570084982,nan,,,,,,,,,,
-14.393356331314273,exhale,25604.708700849966,25603.98670084982,25604.28670084988,,,,,,,,,,
nan,pause,25604.709700849966,25604.708700849966,nan,,,,,,,,,,
5.98547100914863,inhale,25606.043700850238,25604.709700849966,25604.946700850014,,,,,,,,,,
nan,pause,25606.044700850238,25606.043700850238,nan,,,,,,,,,,
-11.396058281416957,exhale,25606.73370085038,25606.044700850238,25606.286700850287,,,,,,,,,,
nan,pause,25606.73470085038,25606.73370085038,nan,,,,,,,,,,
6.623466505280497,inhale,25608.127700850662,25606.73470085038,25607.946700850625,,,,,,,,,,
nan,pause,25608.128700850662,25608.127700850662,nan,,,,,,,,,,
-11.337425685573466,exhale,25608.870700850814,25608.128700850662,25608.446700850727,,,,,,,,,,
nan,pause,25608.871700850814,25608.870700850814,nan,,,,,,,,,,
3.9331944497952196,inhale,25610.290700851103,25608.871700850814,25609.116700850864,,,,,,,,,,
nan,pause,25610.291700851103,25610.290700851103,nan,,,,,,,,,,
-14.566748942611113,exhale,25610.923700851232,25610.291700851103,25610.61670085117,,,,,,,,,,
nan,pause,25610.924700851232,25610.923700851232,nan,,,,,,,,,,
7.001159674524945,inhale,25612.328700851518,25610.924700851232,25611.94670085144,,,,,,,,,,
nan,pause,25612.32970085152,25612.328700851518,nan,,,,,,,,,,
-12.921705281448414,exhale,25613.111700851678,25612.32970085152,25612.77670085161,,,,,,,,,,
nan,pause,25613.112700851678,25613.111700851678,nan,,,,,,,,,,
0.5471785025875328,inhale,25613.687700851795,25613.112700851678,25613.286700851713,,,,,,,,,,
nan,pause,25613.980700851855,25613.687700851795,nan,,,,,,,,,,
-0.600090817307847,exhale,25614.262700851912,25613.980700851855,25614.116700851882,,,,,,,,,,
nan,pause,25614.263700851912,25614.262700851912,nan,,,,,,,,,,
0.6498971391552381,inhale,25616.279700852323,25614.263700851912,25614.616700851984,,,,,,,,,,
nan,pause,25614.263700851912,25616.279700852323,nan,,,,,,,,,,
9.23982899114934,inhale,25616.279700852323,25614.263700851912,25615.946700852255,,,,,,,,,,
nan,pause,25616.280700852323,25616.279700852323,nan,,,,,,,,,,
-12.96678779296238,exhale,25617.207700852512,25616.280700852323,25616.61670085239,,,,,,,,,,
nan,pause,25617.208700852512,25617.207700852512,nan,,,,,,,,,,
12.47405800668536,inhale,25619.078700852893,25617.208700852512,25618.786700852834,,,,,,,,,,
nan,pause,25619.079700852893,25619.078700852893,nan,,,,,,,,,,
-14.698623788546731,exhale,25620.007700853082,25619.079700852893,25619.44670085297,,,,,,,,,,
nan,pause,25620.008700853083,25620.007700853082,nan,,,,,,,,,,
4.133172727520443,inhale,25620.614700853206,25620.008700853083,25620.116700853105,,,,,,,,,,
nan,pause,25621.96670085348,25620.614700853206,nan,,,,,,,,,,
-19.860141000618608,exhale,25622.74870085364,25621.96670085348,25622.44670085358,,,,,,,,,,
nan,pause,25622.74970085364,25622.74870085364,nan,,,,,,,,,,
6.128270718376401,inhale,25623.261700853745,25622.74970085364,25622.94670085368,,,,,,,,,,
nan,pause,25625.029700854106,25623.261700853745,nan,,,,,,,,,,
-18.003236968676003,exhale,25625.802700854263,25625.029700854106,25625.44670085419,,,,,,,,,,
nan,pause,25625.803700854263,25625.802700854263,nan,,,,,,,,,,
8.401641820102519,inhale,25627.65070085464,25625.803700854263,25625.956700854294,,,,,,,,,,
nan,pause,25627.65170085464,25627.65070085464,nan,,,,,,,,,,
-16.33310753182276,exhale,25628.457700854804,25627.65170085464,25627.956700854702,,,,,,,,,,
nan,pause,25628.458700854804,25628.457700854804,nan,,,,,,,,,,
7.066452256067941,inhale,25629.974700855113,25628.458700854804,25628.616700854836,,,,,,,,,,
nan,pause,25629.975700855113,25629.974700855113,nan,,,,,,,,,,
-19.04199446471257,exhale,25630.735700855268,25629.975700855113,25630.44670085521,,,,,,,,,,
nan,pause,25630.73670085527,25630.735700855268,nan,,,,,,,,,,
6.130268771082907,inhale,25632.21670085557,25630.73670085527,25631.946700855515,,,,,,,,,,
nan,pause,25632.21770085557,25632.21670085557,nan,,,,,,,,,,
-16.817421162284237,exhale,25632.924700855714,25632.21770085557,25632.45670085562,,,,,,,,,,
nan,pause,25632.925700855714,25632.924700855714,nan,,,,,,,,,,
7.78314478179878,inhale,25634.297700855994,25632.925700855714,25633.116700855753,,,,,,,,,,
nan,pause,25634.298700855994,25634.297700855994,nan,,,,,,,,,,
-18.050034183827552,exhale,25634.96770085613,25634.298700855994,25634.61670085606,,,,,,,,,,
nan,pause,25634.96870085613,25634.96770085613,nan,,,,,,,,,,
8.549857203907317,inhale,25636.317700856405,25634.96870085613,25635.11670085616,,,,,,,,,,
nan,pause,25636.318700856405,25636.317700856405,nan,,,,,,,,,,
-21.804877438053506,exhale,25637.062700856557,25636.318700856405,25636.7767008565,,,,,,,,,,
nan,pause,25637.063700856557,25637.062700856557,nan,,,,,,,,,,
8.151919055607847,inhale,25638.484700856847,25637.063700856557,25637.286700856603,,,,,,,,,,
nan,pause,25638.485700856847,25638.484700856847,nan,,,,,,,,,,
-19.82727917246994,exhale,25639.258700857004,25638.485700856847,25638.94670085694,,,,,,,,,,
nan,pause,25639.259700857005,25639.258700857004,nan,,,,,,,,,,
7.422697222495039,inhale,25640.596700857277,25639.259700857005,25640.286700857214,,,,,,,,,,
nan,pause,25640.597700857277,25640.596700857277,nan,,,,,,,,,,
-19.324061503854537,exhale,25641.29770085742,25640.597700857277,25640.94670085735,,,,,,,,,,
nan,pause,25641.29870085742,25641.29770085742,nan,,,,,,,,,,
11.292738566754583,inhale,25642.596700857684,25641.29870085742,25642.28670085762,,,,,,,,,,
nan,pause,25642.597700857685,25642.596700857684,nan,,,,,,,,,,
-20.332497334672873,exhale,25643.30370085783,25642.597700857685,25642.786700857723,,,,,,,,,,
nan,pause,25643.30470085783,25643.30370085783,nan,,,,,,,,,,
6.301938242961784,inhale,25644.656700858104,25643.30470085783,25643.45670085786,,,,,,,,,,
nan,pause,25644.657700858104,25644.656700858104,nan,,,,,,,,,,
-23.1677741720928,exhale,25645.347700858245,25644.657700858104,25644.956700858165,,,,,,,,,,
nan,pause,25645.348700858245,25645.347700858245,nan,,,,,,,,,,
7.933156335797711,inhale,25646.620700858504,25645.348700858245,25645.6167008583,,,,,,,,,,
nan,pause,25646.621700858504,25646.620700858504,nan,,,,,,,,,,
-21.811032751834997,exhale,25647.310700858645,25646.621700858504,25646.94670085857,,,,,,,,,,
nan,pause,25647.311700858645,25647.310700858645,nan,,,,,,,,,,
12.712098499131532,inhale,25648.682700858924,25647.311700858645,25648.286700858844,,,,,,,,,,
nan,pause,25648.683700858925,25648.682700858924,nan,,,,,,,,,,
-15.440621738011556,exhale,25649.50270085909,25648.683700858925,25648.95670085898,,,,,,,,,,
nan,pause,25649.50370085909,25649.50270085909,nan,,,,,,,,,,
7.433145473733274,inhale,25650.806700859357,25649.50370085909,25650.61670085932,,,,,,,,,,
nan,pause,25650.807700859357,25650.806700859357,nan,,,,,,,,,,
-22.233410494755308,exhale,25651.525700859504,25650.807700859357,25651.11670085942,,,,,,,,,,
nan,pause,25651.526700859504,25651.525700859504,nan,,,,,,,,,,
6.983134303219387,inhale,25652.941700859792,25651.526700859504,25651.616700859522,,,,,,,,,,
nan,pause,25652.942700859792,25652.941700859792,nan,,,,,,,,,,
-16.675016226936552,exhale,25653.632700859933,25652.942700859792,25653.286700859862,,,,,,,,,,
nan,pause,25653.633700859933,25653.632700859933,nan,,,,,,,,,,
7.537638268987077,inhale,25655.113700860235,25653.633700859933,25653.786700859964,,,,,,,,,,
nan,pause,25655.114700860235,25655.113700860235,nan,,,,,,,,,,
-18.47531445432934,exhale,25655.78070086037,25655.114700860235,25655.456700860304,,,,,,,,,,
nan,pause,25655.78170086037,25655.78070086037,nan,,,,,,,,,,
7.324717909033176,inhale,25657.141700860648,25655.78170086037,25655.956700860406,,,,,,,,,,
nan,pause,25657.142700860648,25657.141700860648,nan,,,,,,,,,,
-24.224749694830006,exhale,25657.83570086079,25657.142700860648,25657.456700860712,,,,,,,,,,
nan,pause,25657.83670086079,25657.83570086079,nan,,,,,,,,,,
5.737694739900092,inhale,25659.303700861088,25657.83670086079,25657.956700860814,,,,,,,,,,
nan,pause,25659.30470086109,25659.303700861088,nan,,,,,,,,,,
-20.06671206796529,exhale,25659.964700861223,25659.30470086109,25659.616700861152,,,,,,,,,,
nan,pause,25659.965700861223,25659.964700861223,nan,,,,,,,,,,
8.783149534006787,inhale,25661.217700861478,25659.965700861223,25660.116700861254,,,,,,,,,,
nan,pause,25661.21870086148,25661.217700861478,nan,,,,,,,,,,
-18.883439304520287,exhale,25661.91470086162,25661.21870086148,25661.61670086156,,,,,,,,,,
nan,pause,25661.91570086162,25661.91470086162,nan,,,,,,,,,,
6.749863227202258,inhale,25663.269700861896,25661.91570086162,25662.11670086166,,,,,,,,,,
nan,pause,25663.270700861896,25663.269700861896,nan,,,,,,,,,,
-17.100067120947163,exhale,25663.92870086203,25663.270700861896,25663.616700861967,,,,,,,,,,
nan,pause,25663.92970086203,25663.92870086203,nan,,,,,,,,,,
8.683142689448994,inhale,25665.2457008623,25663.92970086203,25664.11670086207,,,,,,,,,,
nan,pause,25665.2467008623,25665.2457008623,nan,,,,,,,,,,
-17.950025271430274,exhale,25665.93570086244,25665.2467008623,25665.616700862374,,,,,,,,,,
nan,pause,25665.93670086244,25665.93570086244,nan,,,,,,,,,,
9.249855886026591,inhale,25667.2097008627,25665.93670086244,25666.116700862476,,,,,,,,,,
nan,pause,25667.2107008627,25667.2097008627,nan,,,,,,,,,,
-15.650052855029509,exhale,25667.931700862846,25667.2107008627,25667.61670086278,,,,,,,,,,
nan,pause,25667.932700862846,25667.931700862846,nan,,,,,,,,,,
5.999877014917343,inhale,25669.166700863098,25667.932700862846,25668.116700862884,,,,,,,,,,
nan,pause,25669.167700863098,25669.166700863098,nan,,,,,,,,,,
-18.463133153256177,exhale,25669.82370086323,25669.167700863098,25669.456700863157,,,,,,,,,,
nan,pause,25669.82470086323,25669.82370086323,nan,,,,,,,,,,
8.866453986664961,inhale,25671.118700863495,25669.82470086323,25670.11670086329,,,,,,,,,,
nan,pause,25671.119700863495,25671.118700863495,nan,,,,,,,,,,
-17.380997288022495,exhale,25671.83270086364,25671.119700863495,25671.456700863564,,,,,,,,,,
nan,pause,25671.83370086364,25671.83270086364,nan,,,,,,,,,,
6.122457674504822,inhale,25673.135700863906,25671.83370086364,25672.946700863868,,,,,,,,,,
nan,pause,25673.136700863906,25673.135700863906,nan,,,,,,,,,,
-17.102288288540738,exhale,25673.856700864053,25673.136700863906,25673.45670086397,,,,,,,,,,
nan,pause,25673.857700864053,25673.856700864053,nan,,,,,,,,,,
6.481615003812181,inhale,25675.11770086431,25673.857700864053,25673.956700864073,,,,,,,,,,
nan,pause,25675.11870086431,25675.11770086431,nan,,,,,,,,,,
-20.80921109465718,exhale,25675.75370086444,25675.11870086431,25675.446700864377,,,,,,,,,,
nan,pause,25675.75470086444,25675.75370086444,nan,,,,,,,,,,
11.333113169387843,inhale,25677.058700864705,25675.75470086444,25676.116700864513,,,,,,,,,,
nan,pause,25677.059700864706,25677.058700864705,nan,,,,,,,,,,
-14.425280011649683,exhale,25677.828700864862,25677.059700864706,25677.28670086475,,,,,,,,,,
nan,pause,25677.829700864862,25677.828700864862,nan,,,,,,,,,,
5.449895256647319,inhale,25679.071700865115,25677.829700864862,25678.11670086492,,,,,,,,,,
nan,pause,25679.072700865116,25679.071700865115,nan,,,,,,,,,,
-15.148059888926195,exhale,25679.73770086525,25679.072700865116,25679.28670086516,,,,,,,,,,
nan,pause,25679.73870086525,25679.73770086525,nan,,,,,,,,,,
5.6606153646096615,inhale,25681.16070086554,25679.73870086525,25679.946700865294,,,,,,,,,,
nan,pause,25681.16170086554,25681.16070086554,nan,,,,,,,,,,
-17.039982675782177,exhale,25681.855700865683,25681.16170086554,25681.4567008656,,,,,,,,,,
nan,pause,25681.856700865683,25681.855700865683,nan,,,,,,,,,,
7.066459468575437,inhale,25683.404700865998,25681.856700865683,25682.116700865736,,,,,,,,,,
nan,pause,25683.405700866,25683.404700865998,nan,,,,,,,,,,
-15.20425703998499,exhale,25684.19470086616,25683.405700866,25683.786700866076,,,,,,,,,,
nan,pause,25684.19570086616,25684.19470086616,nan,,,,,,,,,,
5.673611981361355,inhale,25685.747700866475,25684.19570086616,25684.44670086621,,,,,,,,,,
nan,pause,25685.748700866476,25685.747700866475,nan,,,,,,,,,,
-16.066774704790948,exhale,25686.527700866634,25685.748700866476,25686.11670086655,,,,,,,,,,
nan,pause,25686.528700866635,25686.527700866634,nan,,,,,,,,,,
4.749851921527299,inhale,25688.115700866958,25686.528700866635,25686.616700866653,,,,,,,,,,
nan,pause,25688.116700866958,25688.115700866958,nan,,,,,,,,,,
-14.953807570892703,exhale,25688.890700867116,25688.116700866958,25688.446700867025,,,,,,,,,,
nan,pause,25688.891700867116,25688.890700867116,nan,,,,,,,,,,
6.1164709791478105,inhale,25690.344700867412,25688.891700867116,25690.116700867366,,,,,,,,,,
nan,pause,25690.345700867412,25690.344700867412,nan,,,,,,,,,,
-16.350030337351445,exhale,25691.12470086757,25690.345700867412,25690.616700867467,,,,,,,,,,
nan,pause,25691.12570086757,25691.12470086757,nan,,,,,,,,,,
7.186772270323038,inhale,25692.476700867846,25691.12570086757,25692.276700867806,,,,,,,,,,
nan,pause,25692.477700867847,25692.476700867846,nan,,,,,,,,,,
-14.255217520079317,exhale,25693.217700867997,25692.477700867847,25692.78670086791,,,,,,,,,,
nan,pause,25693.218700867998,25693.217700867997,nan,,,,,,,,,,
4.583189351290078,inhale,25694.517700868262,25693.218700867998,25693.61670086808,,,,,,,,,,
nan,pause,25694.518700868262,25694.517700868262,nan,,,,,,,,,,
-12.129079075198153,exhale,25695.24870086841,25694.518700868262,25694.786700868317,,,,,,,,,,
nan,pause,25695.24970086841,25695.24870086841,nan,,,,,,,,,,
7.569918096413885,inhale,25696.587700868684,25695.24970086841,25696.286700868623,,,,,,,,,,
nan,pause,25696.588700868684,25696.587700868684,nan,,,,,,,,,,
-7.372258208231183,exhale,25697.35370086884,25696.588700868684,25696.786700868724,,,,,,,,,,
nan,pause,25697.35470086884,25697.35370086884,nan,,,,,,,,,,
4.733173742448877,inhale,25698.505700869075,25697.35470086884,25697.616700868894,,,,,,,,,,
nan,pause,25698.506700869075,25698.505700869075,nan,,,,,,,,,,
-3.533472566949071,exhale,25699.297700869236,25698.506700869075,25698.616700869097,,,,,,,,,,
nan,pause,25699.298700869236,25699.297700869236,nan,,,,,,,,,,
4.493098261123384,inhale,25700.54670086949,25699.298700869236,25700.286700869437,,,,,,,,,,
nan,pause,25700.54770086949,25700.54670086949,nan,,,,,,,,,,
-3.0000611598986646,exhale,25701.317700869648,25700.54770086949,25700.616700869505,,,,,,,,,,
nan,pause,25701.318700869648,25701.317700869648,nan,,,,,,,,,,
5.321140846232039,inhale,25702.338700869856,25701.318700869648,25701.956700869778,,,,,,,,,,
nan,pause,25702.339700869856,25702.338700869856,nan,,,,,,,,,,
-9.293394287356561,exhale,25703.15170087002,25702.339700869856,25702.786700869947,,,,,,,,,,
nan,pause,25703.15270087002,25703.15170087002,nan,,,,,,,,,,
5.075565946866352,inhale,25704.728700870342,25703.15270087002,25703.44670087008,,,,,,,,,,
nan,pause,25704.729700870343,25704.728700870342,nan,,,,,,,,,,
-4.566783618628973,exhale,25705.713700870543,25704.729700870343,25705.11670087042,,,,,,,,,,
nan,pause,25705.714700870543,25705.713700870543,nan,,,,,,,,,,
3.11900342508937,inhale,25707.341700870875,25705.714700870543,25705.94670087059,,,,,,,,,,
nan,pause,25707.342700870875,25707.341700870875,nan,,,,,,,,,,
-6.116746174138264,exhale,25708.30770087107,25707.342700870875,25708.116700871033,,,,,,,,,,
nan,pause,25708.30870087107,25708.30770087107,nan,,,,,,,,,,
5.015179666500162,inhale,25709.702700871356,25708.30870087107,25709.28670087127,,,,,,,,,,
nan,pause,25709.703700871356,25709.702700871356,nan,,,,,,,,,,
-6.833478944126082,exhale,25710.60570087154,25709.703700871356,25710.11670087144,,,,,,,,,,
nan,pause,25710.60670087154,25710.60570087154,nan,,,,,,,,,,
4.210758735841743,inhale,25712.07170087184,25710.60670087154,25710.786700871577,,,,,,,,,,
nan,pause,25712.07270087184,25712.07170087184,nan,,,,,,,,,,
-6.67431948201943,exhale,25712.91470087201,25712.07270087184,25712.286700871882,,,,,,,,,,
nan,pause,25712.91570087201,25712.91470087201,nan,,,,,,,,,,
5.4331623585106845,inhale,25714.115700872255,25712.91570087201,25713.11670087205,,,,,,,,,,
nan,pause,25714.116700872255,25714.115700872255,nan,,,,,,,,,,
-3.916140131619372,exhale,25714.965700872428,25714.116700872255,25714.446700872322,,,,,,,,,,
nan,pause,25714.96670087243,25714.965700872428,nan,,,,,,,,,,
3.2331802802088365,inhale,25716.15770087267,25714.96670087243,25715.11670087246,,,,,,,,,,
nan,pause,25716.15870087267,25716.15770087267,nan,,,,,,,,,,
-3.6640805259110167,exhale,25717.027700872848,25716.15870087267,25716.286700872697,,,,,,,,,,
nan,pause,25717.02870087285,25717.027700872848,nan,,,,,,,,,,
3.118674142645308,inhale,25718.184700873084,25717.02870087285,25717.946700873035,,,,,,,,,,
nan,pause,25718.185700873084,25718.184700873084,nan,,,,,,,,,,
-3.3560794069223094,exhale,25719.012700873252,25718.185700873084,25718.45670087314,,,,,,,,,,
nan,pause,25719.013700873253,25719.012700873252,nan,,,,,,,,,,
3.0774587244149547,inhale,25720.140700873482,25719.013700873253,25719.28670087331,,,,,,,,,,
nan,pause,25720.141700873482,25720.140700873482,nan,,,,,,,,,,
-2.766795674506765,exhale,25721.033700873664,25720.141700873482,25720.61670087358,,,,,,,,,,
nan,pause,25721.034700873664,25721.033700873664,nan,,,,,,,,,,
2.6366392446564464,inhale,25722.1897008739,25721.034700873664,25721.286700873716,,,,,,,,,,
nan,pause,25722.1907008739,25722.1897008739,nan,,,,,,,,,,
-2.1520596851905656,exhale,25723.084700874082,25722.1907008739,25722.456700873954,,,,,,,,,,
nan,pause,25723.085700874082,25723.084700874082,nan,,,,,,,,,,
2.4784404081769646,inhale,25724.186700874307,25723.085700874082,25723.786700874225,,,,,,,,,,
nan,pause,25724.187700874307,25724.186700874307,nan,,,,,,,,,,
-1.6305290796911316,exhale,25725.08470087449,25724.187700874307,25724.44670087436,,,,,,,,,,
nan,pause,25725.08570087449,25725.08470087449,nan,,,,,,,,,,
2.4573194743200837,inhale,25726.540700874786,25725.08570087449,25726.286700874734,,,,,,,,,,
nan,pause,25726.541700874786,25726.540700874786,nan,,,,,,,,,,
-2.3746581334470114,exhale,25727.472700874976,25726.541700874786,25726.786700874836,,,,,,,,,,
nan,pause,25727.473700874976,25727.472700874976,nan,,,,,,,,,,
1.9664883967415678,inhale,25728.837700875254,25727.473700874976,25727.616700875005,,,,,,,,,,
nan,pause,25728.838700875254,25728.837700875254,nan,,,,,,,,,,
-3.4647901393582705,exhale,25729.75470087544,25728.838700875254,25729.45670087538,,,,,,,,,,
nan,pause,25729.75570087544,25729.75470087544,nan,,,,,,,,,,
3.059081671932526,inhale,25731.36770087577,25729.75570087544,25729.956700875482,,,,,,,,,,
nan,pause,25731.36870087577,25731.36770087577,nan,,,,,,,,,,
-3.3395991135068783,exhale,25732.375700875975,25731.36870087577,25731.786700875855,,,,,,,,,,
nan,pause,25732.376700875975,25732.375700875975,nan,,,,,,,,,,
1.799892315419934,inhale,25733.411700876186,25732.376700875975,25732.616700876024,,,,,,,,,,
nan,pause,25733.789700876263,25733.411700876186,nan,,,,,,,,,,
-0.4667932188509495,exhale,25734.227700876352,25733.789700876263,25734.11670087633,,,,,,,,,,
nan,pause,25758.727700881343,25734.227700876352,nan,,,,,,,,,,
-1.7667922709029884,exhale,25759.671700881536,25758.727700881343,25759.116700881423,,,,,,,,,,
nan,pause,25759.672700881536,25759.671700881536,nan,,,,,,,,,,
2.013858096997793,inhale,25760.740700881754,25759.672700881536,25760.446700881694,,,,,,,,,,
nan,pause,25760.741700881754,25760.740700881754,nan,,,,,,,,,,
-2.502059667936786,exhale,25761.543700881917,25760.741700881754,25760.956700881798,,,,,,,,,,
nan,pause,25761.544700881917,25761.543700881917,nan,,,,,,,,,,
2.611099367514108,inhale,25762.722700882157,25761.544700881917,25761.786700881967,,,,,,,,,,
nan,pause,25762.723700882158,25762.722700882157,nan,,,,,,,,,,
-2.2940704119336632,exhale,25763.540700882324,25762.723700882158,25762.956700882205,,,,,,,,,,
nan,pause,25763.541700882324,25763.540700882324,nan,,,,,,,,,,
2.421638632022258,inhale,25764.627700882545,25763.541700882324,25763.786700882374,,,,,,,,,,
nan,pause,25764.628700882546,25764.627700882545,nan,,,,,,,,,,
-2.139220031918348,exhale,25765.123700882647,25764.628700882546,25764.786700882578,,,,,,,,,,
nan,pause,25765.124700882647,25765.123700882647,nan,,,,,,,,,,
1.4909862461133752,inhale,25766.260700882878,25765.124700882647,25765.446700882712,,,,,,,,,,
nan,pause,25766.26170088288,25766.260700882878,nan,,,,,,,,,,
-2.144070411292052,exhale,25767.25070088308,25766.26170088288,25766.456700882918,,,,,,,,,,
nan,pause,25767.25170088308,25767.25070088308,nan,,,,,,,,,,
2.104390624277497,inhale,25768.644700883364,25767.25170088308,25767.45670088312,,,,,,,,,,
nan,pause,25768.645700883364,25768.644700883364,nan,,,,,,,,,,
-2.44738051735834,exhale,25769.50970088354,25768.645700883364,25768.786700883393,,,,,,,,,,
nan,pause,25769.51070088354,25769.50970088354,nan,,,,,,,,,,
2.0305554026667867,inhale,25770.660700883775,25769.51070088354,25769.776700883594,,,,,,,,,,
nan,pause,25770.661700883775,25770.660700883775,nan,,,,,,,,,,
-2.303270434183676,exhale,25771.56870088396,25770.661700883775,25770.946700883833,,,,,,,,,,
nan,pause,25771.56970088396,25771.56870088396,nan,,,,,,,,,,
2.381877558909317,inhale,25772.760700884202,25771.56970088396,25771.786700884004,,,,,,,,,,
nan,pause,25772.761700884203,25772.760700884202,nan,,,,,,,,,,
-2.300049799259146,exhale,25773.404700884334,25772.761700884203,25772.956700884242,,,,,,,,,,
nan,pause,25773.405700884334,25773.404700884334,nan,,,,,,,,,,
1.4880112022553047,inhale,25774.42170088454,25773.405700884334,25773.77670088441,,,,,,,,,,
nan,pause,25775.184700884696,25774.42170088454,nan,,,,,,,,,,
-1.6187596614386095,exhale,25776.361700884936,25775.184700884696,25775.45670088475,,,,,,,,,,
nan,pause,25776.362700884936,25776.361700884936,nan,,,,,,,,,,
1.3664904348449018,inhale,25777.889700885247,25776.362700884936,25776.616700884988,,,,,,,,,,
nan,pause,25777.890700885247,25777.889700885247,nan,,,,,,,,,,
-1.5834952643383042,exhale,25778.948700885463,25777.890700885247,25778.116700885294,,,,,,,,,,
nan,pause,25778.949700885463,25778.948700885463,nan,,,,,,,,,,
1.9498872748863347,inhale,25780.46370088577,25778.949700885463,25779.116700885497,,,,,,,,,,
nan,pause,25780.464700885772,25780.46370088577,nan,,,,,,,,,,
-1.65009216986383,exhale,25781.374700885957,25780.464700885772,25780.616700885803,,,,,,,,,,
nan,pause,25781.375700885957,25781.374700885957,nan,,,,,,,,,,
0.9998968542936635,inhale,25782.783700886244,25781.375700885957,25781.616700886007,,,,,,,,,,
nan,pause,25782.784700886245,25782.783700886244,nan,,,,,,,,,,
-1.6167979681215703,exhale,25783.69170088643,25782.784700886245,25783.116700886312,,,,,,,,,,
nan,pause,25783.69270088643,25783.69170088643,nan,,,,,,,,,,
1.2751605441119802,inhale,25784.934700886683,25783.69270088643,25783.956700886483,,,,,,,,,,
nan,pause,25784.935700886683,25784.934700886683,nan,,,,,,,,,,
-2.0334887522481244,exhale,25785.836700886866,25784.935700886683,25785.11670088672,,,,,,,,,,
nan,pause,25785.837700886867,25785.836700886866,nan,,,,,,,,,,
1.5929694287895186,inhale,25786.949700887093,25785.837700886867,25786.44670088699,,,,,,,,,,
nan,pause,25786.950700887093,25786.949700887093,nan,,,,,,,,,,
-1.883491422522108,exhale,25787.739700887254,25786.950700887093,25787.116700887127,,,,,,,,,,
nan,pause,25787.740700887254,25787.739700887254,nan,,,,,,,,,,
1.6258318377825736,inhale,25788.819700887474,25787.740700887254,25787.9567008873,,,,,,,,,,
nan,pause,25788.820700887474,25788.819700887474,nan,,,,,,,,,,
-1.9334985219086562,exhale,25789.63670088764,25788.820700887474,25789.116700887535,,,,,,,,,,
nan,pause,25789.63770088764,25789.63670088764,nan,,,,,,,,,,
2.199499641889876,inhale,25790.75970088787,25789.63770088764,25789.78670088767,,,,,,,,,,
nan,pause,25790.76070088787,25790.75970088787,nan,,,,,,,,,,
-2.2221080885822566,exhale,25791.55370088803,25790.76070088787,25790.95670088791,,,,,,,,,,
nan,pause,25791.55470088803,25791.55370088803,nan,,,,,,,,,,
1.7274203263775096,inhale,25792.73470088827,25791.55470088803,25791.78670088808,,,,,,,,,,
nan,pause,25792.735700888272,25792.73470088827,nan,,,,,,,,,,
-2.23402108382436,exhale,25793.55570088844,25792.735700888272,25792.956700888317,,,,,,,,,,
nan,pause,25793.55670088844,25793.55570088844,nan,,,,,,,,,,
2.337318548711534,inhale,25794.650700888662,25793.55670088844,25793.786700888486,,,,,,,,,,
nan,pause,25794.651700888662,25794.650700888662,nan,,,,,,,,,,
-2.0148191222092313,exhale,25795.463700888828,25794.651700888662,25794.946700888722,,,,,,,,,,
nan,pause,25795.464700888828,25795.463700888828,nan,,,,,,,,,,
1.63319062471674,inhale,25796.525700889044,25795.464700888828,25795.61670088886,,,,,,,,,,
nan,pause,25796.526700889044,25796.525700889044,nan,,,,,,,,,,
-2.1800991109020638,exhale,25797.2977008892,25796.526700889044,25796.786700889097,,,,,,,,,,
nan,pause,25797.2987008892,25797.2977008892,nan,,,,,,,,,,
2.2618129952935484,inhale,25798.336700889413,25797.2987008892,25797.456700889234,,,,,,,,,,
nan,pause,25798.337700889413,25798.336700889413,nan,,,,,,,,,,
-2.1500949045982023,exhale,25799.144700889578,25798.337700889413,25798.61670088947,,,,,,,,,,
nan,pause,25799.145700889578,25799.144700889578,nan,,,,,,,,,,
2.5484795693455706,inhale,25800.615700889877,25799.145700889578,25799.286700889606,,,,,,,,,,
nan,pause,25800.616700889877,25800.615700889877,nan,,,,,,,,,,
-1.7630604491840172,exhale,25801.486700890055,25800.616700889877,25800.786700889912,,,,,,,,,,
nan,pause,25801.487700890055,25801.486700890055,nan,,,,,,,,,,
1.4664882844166311,inhale,25803.13570089039,25801.487700890055,25801.61670089008,,,,,,,,,,
nan,pause,25803.13670089039,25803.13570089039,nan,,,,,,,,,,
-1.754740809018605,exhale,25804.102700890588,25803.13670089039,25803.456700890456,,,,,,,,,,
nan,pause,25804.103700890588,25804.102700890588,nan,,,,,,,,,,
1.1726381642275592,inhale,25805.819700890937,25804.103700890588,25804.446700890658,,,,,,,,,,
nan,pause,25805.820700890938,25805.819700890937,nan,,,,,,,,,,
-1.8167987457410604,exhale,25806.876700891153,25805.820700890938,25806.116700890998,,,,,,,,,,
nan,pause,25806.877700891153,25806.876700891153,nan,,,,,,,,,,
1.2785803792687205,inhale,25808.303700891443,25806.877700891153,25807.94670089137,,,,,,,,,,
nan,pause,25808.304700891444,25808.303700891443,nan,,,,,,,,,,
-2.2834947855605496,exhale,25809.159700891618,25808.304700891444,25808.616700891507,,,,,,,,,,
nan,pause,25809.160700891618,25809.159700891618,nan,,,,,,,,,,
2.066449780671291,inhale,25810.336700891858,25809.160700891618,25809.45670089168,,,,,,,,,,
nan,pause,25810.337700891858,25810.336700891858,nan,,,,,,,,,,
-2.3167968278985085,exhale,25811.12870089202,25810.337700891858,25810.616700891915,,,,,,,,,,
nan,pause,25811.12970089202,25811.12870089202,nan,,,,,,,,,,
1.3102301071226257,inhale,25811.830700892162,25811.12970089202,25811.446700892084,,,,,,,,,,
nan,pause,25812.831700892366,25811.830700892162,nan,,,,,,,,,,
-2.2643419431189247,exhale,25813.423700892487,25812.831700892366,25813.276700892457,,,,,,,,,,
nan,pause,25813.424700892487,25813.423700892487,nan,,,,,,,,,,
2.1151794541380675,inhale,25814.56170089272,25813.424700892487,25813.77670089256,,,,,,,,,,
nan,pause,25814.56270089272,25814.56170089272,nan,,,,,,,,,,
-2.3334909275559177,exhale,25815.371700892883,25814.56270089272,25815.11670089283,,,,,,,,,,
nan,pause,25815.372700892884,25815.371700892883,nan,,,,,,,,,,
1.549893652059736,inhale,25816.474700893108,25815.372700892884,25815.616700892933,,,,,,,,,,
nan,pause,25816.47570089311,25816.474700893108,nan,,,,,,,,,,
-2.5795345983929727,exhale,25817.22170089326,25816.47570089311,25816.946700893204,,,,,,,,,,
nan,pause,25817.22270089326,25817.22170089326,nan,,,,,,,,,,
1.2498984231854229,inhale,25818.30170089348,25817.22270089326,25817.61670089334,,,,,,,,,,
nan,pause,25818.30270089348,25818.30170089348,nan,,,,,,,,,,
-2.166796553055127,exhale,25819.02770089363,25818.30270089348,25818.616700893544,,,,,,,,,,
nan,pause,25819.02870089363,25819.02770089363,nan,,,,,,,,,,
1.8236787217678754,inhale,25819.944700893815,25819.02870089363,25819.28670089368,,,,,,,,,,
nan,pause,25819.945700893815,25819.944700893815,nan,,,,,,,,,,
-2.116788989352863,exhale,25820.681700893965,25819.945700893815,25820.11670089385,,,,,,,,,,
nan,pause,25820.682700893965,25820.681700893965,nan,,,,,,,,,,
1.986698069788218,inhale,25821.609700894154,25820.682700893965,25820.94670089402,,,,,,,,,,
nan,pause,25821.610700894154,25821.609700894154,nan,,,,,,,,,,
-2.1277182758622657,exhale,25822.344700894304,25821.610700894154,25821.78670089419,,,,,,,,,,
nan,pause,25822.345700894304,25822.344700894304,nan,,,,,,,,,,
1.649888089141384,inhale,25823.50370089454,25822.345700894304,25822.61670089436,,,,,,,,,,
nan,pause,25823.50470089454,25823.50370089454,nan,,,,,,,,,,
-1.5125085784021535,exhale,25824.2807008947,25823.50470089454,25823.94670089463,,,,,,,,,,
nan,pause,25824.2817008947,25824.2807008947,nan,,,,,,,,,,
1.0985574092135384,inhale,25825.339700894914,25824.2817008947,25824.456700894734,,,,,,,,,,
nan,pause,25825.340700894914,25825.339700894914,nan,,,,,,,,,,
-1.5667935114325116,exhale,25826.16070089508,25825.340700894914,25825.61670089497,,,,,,,,,,
nan,pause,25826.16170089508,25826.16070089508,nan,,,,,,,,,,
1.3787790403726492,inhale,25827.125700895278,25826.16170089508,25826.286700895107,,,,,,,,,,
nan,pause,25827.12670089528,25827.125700895278,nan,,,,,,,,,,
-1.6467515621942488,exhale,25827.908700895438,25827.12670089528,25827.456700895345,,,,,,,,,,
nan,pause,25827.909700895438,25827.908700895438,nan,,,,,,,,,,
1.0498951771760041,inhale,25829.035700895667,25827.909700895438,25828.11670089548,,,,,,,,,,
nan,pause,25829.036700895667,25829.035700895667,nan,,,,,,,,,,
-1.5627197411888918,exhale,25829.767700895816,25829.036700895667,25829.28670089572,,,,,,,,,,
nan,pause,25829.768700895816,25829.767700895816,nan,,,,,,,,,,
1.4371695037972874,inhale,25830.799700896026,25829.768700895816,25829.956700895855,,,,,,,,,,
nan,pause,25830.800700896027,25830.799700896026,nan,,,,,,,,,,
-1.6667976392468165,exhale,25831.587700896187,25830.800700896027,25831.11670089609,,,,,,,,,,
nan,pause,25831.588700896187,25831.587700896187,nan,,,,,,,,,,
1.0498958311650244,inhale,25832.78670089643,25831.588700896187,25832.116700896295,,,,,,,,,,
nan,pause,25832.78770089643,25832.78670089643,nan,,,,,,,,,,
-1.3487614286005247,exhale,25833.546700896586,25832.78770089643,25832.956700896466,,,,,,,,,,
nan,pause,25833.547700896586,25833.546700896586,nan,,,,,,,,,,
1.208680181880525,inhale,25834.535700896788,25833.547700896586,25833.786700896635,,,,,,,,,,
nan,pause,25834.536700896788,25834.535700896788,nan,,,,,,,,,,
-1.2661206366841251,exhale,25835.317700896947,25834.536700896788,25834.78670089684,,,,,,,,,,
nan,pause,25835.318700896947,25835.317700896947,nan,,,,,,,,,,
0.7664999999999936,inhale,25836.35470089716,25835.318700896947,25835.456700896975,,,,,,,,,,
nan,pause,25836.35570089716,25836.35470089716,nan,,,,,,,,,,
-1.3167953990515813,exhale,25837.184700897327,25836.35570089716,25836.61670089721,,,,,,,,,,
nan,pause,25837.185700897327,25837.184700897327,nan,,,,,,,,,,
0.9664985262121227,inhale,25838.143700897523,25837.185700897327,25837.616700897415,,,,,,,,,,
nan,pause,25838.144700897523,25838.143700897523,nan,,,,,,,,,,
-1.332508749255873,exhale,25838.885700897674,25838.144700897523,25838.446700897584,,,,,,,,,,
nan,pause,25838.886700897674,25838.885700897674,nan,,,,,,,,,,
0.6831972493589399,inhale,25839.966700897894,25838.886700897674,25839.11670089772,,,,,,,,,,
nan,pause,25839.967700897894,25839.966700897894,nan,,,,,,,,,,
-0.5667958765857954,exhale,25840.749700898054,25839.967700897894,25840.116700897925,,,,,,,,,,
nan,pause,25840.750700898054,25840.749700898054,nan,,,,,,,,,,
3.2580558595880436,inhale,25841.433700898193,25840.750700898054,25841.286700898163,,,,,,,,,,
nan,pause,25841.434700898193,25841.433700898193,nan,,,,,,,,,,
-0.33201119262971274,pause,25841.578700898222,25841.434700898193,25841.456700898198,,,,,,,,,,
nan,pause,25842.15170089834,25841.578700898222,nan,,,,,,,,,,
-0.7487795229272778,exhale,25842.427700898395,25842.15170089834,25842.286700898367,,,,,,,,,,
nan,pause,25849.85470089991,25842.427700898395,nan,,,,,,,,,,
-4.566737830632042,exhale,25850.291700899998,25849.85470089991,25850.116700899962,,,,,,,,,,
nan,pause,25850.292700899998,25850.291700899998,nan,,,,,,,,,,
1.6744389917257658,inhale,25852.252700900397,25850.292700899998,25850.45670090003,,,,,,,,,,
nan,pause,25852.253700900397,25852.252700900397,nan,,,,,,,,,,
-5.47629981685033,exhale,25853.072700900564,25852.253700900397,25852.786700900506,,,,,,,,,,
nan,pause,25853.073700900564,25853.072700900564,nan,,,,,,,,,,
1.5498722952236819,inhale,25855.191700900996,25853.073700900564,25853.116700900573,,,,,,,,,,
nan,pause,25855.192700900996,25855.191700900996,nan,,,,,,,,,,
-7.100077649668866,exhale,25855.89570090114,25855.192700900996,25855.616700901082,,,,,,,,,,
nan,pause,25855.89670090114,25855.89570090114,nan,,,,,,,,,,
3.5664703386072363,inhale,25857.51470090147,25855.89670090114,25856.116700901184,,,,,,,,,,
nan,pause,25857.51570090147,25857.51470090147,nan,,,,,,,,,,
-7.613004703449341,exhale,25858.21170090161,25857.51570090147,25857.946700901557,,,,,,,,,,
nan,pause,25858.21270090161,25858.21170090161,nan,,,,,,,,,,
4.244458965423157,inhale,25859.544700901883,25858.21270090161,25858.286700901626,,,,,,,,,,
nan,pause,25859.545700901883,25859.544700901883,nan,,,,,,,,,,
-7.555238433235941,exhale,25860.22570090202,25859.545700901883,25859.946700901965,,,,,,,,,,
nan,pause,25860.22670090202,25860.22570090202,nan,,,,,,,,,,
4.940288461824094,inhale,25861.5977009023,25860.22670090202,25860.446700902066,,,,,,,,,,
nan,pause,25861.5987009023,25861.5977009023,nan,,,,,,,,,,
-9.58213024544884,exhale,25862.260700902436,25861.5987009023,25861.946700902372,,,,,,,,,,
nan,pause,25862.261700902436,25862.260700902436,nan,,,,,,,,,,
4.95821380570449,inhale,25863.70470090273,25862.261700902436,25862.456700902476,,,,,,,,,,
nan,pause,25863.70570090273,25863.70470090273,nan,,,,,,,,,,
-8.075931326591226,exhale,25864.39170090287,25863.70570090273,25863.95670090278,,,,,,,,,,
nan,pause,25864.39270090287,25864.39170090287,nan,,,,,,,,,,
4.266486367818246,inhale,25865.831700903163,25864.39270090287,25864.616700902916,,,,,,,,,,
nan,pause,25865.832700903164,25865.831700903163,nan,,,,,,,,,,
-7.165110278260032,exhale,25866.64970090333,25865.832700903164,25866.44670090329,,,,,,,,,,
nan,pause,25866.65070090333,25866.64970090333,nan,,,,,,,,,,
4.078779029249678,inhale,25868.590700903726,25866.65070090333,25868.286700903664,,,,,,,,,,
nan,pause,25868.591700903726,25868.590700903726,nan,,,,,,,,,,
-6.516795952816536,exhale,25869.555700903922,25868.591700903726,25869.116700903833,,,,,,,,,,
nan,pause,25869.556700903922,25869.555700903922,nan,,,,,,,,,,
3.4433791573533172,inhale,25871.477700904314,25869.556700903922,25869.78670090397,,,,,,,,,,
nan,pause,25871.478700904314,25871.477700904314,nan,,,,,,,,,,
-7.974248250587454,exhale,25872.266700904474,25871.478700904314,25871.94670090441,,,,,,,,,,
nan,pause,25872.267700904475,25872.266700904474,nan,,,,,,,,,,
6.1393455815184135,inhale,25873.66370090476,25872.267700904475,25872.44670090451,,,,,,,,,,
nan,pause,25873.66470090476,25873.66370090476,nan,,,,,,,,,,
-16.849998731750432,exhale,25874.40170090491,25873.66470090476,25874.11670090485,,,,,,,,,,
nan,pause,25874.40270090491,25874.40170090491,nan,,,,,,,,,,
5.208680162206161,inhale,25876.12170090526,25874.40270090491,25875.78670090519,,,,,,,,,,
nan,pause,25876.12270090526,25876.12170090526,nan,,,,,,,,,,
-11.84208298870273,exhale,25876.889700905416,25876.12270090526,25876.446700905326,,,,,,,,,,
nan,pause,25876.890700905416,25876.889700905416,nan,,,,,,,,,,
7.9998332249525985,inhale,25878.314700905707,25876.890700905416,25877.116700905462,,,,,,,,,,
nan,pause,25878.315700905707,25878.314700905707,nan,,,,,,,,,,
-9.333473570733085,exhale,25879.07270090586,25878.315700905707,25878.616700905768,,,,,,,,,,
nan,pause,25879.07370090586,25879.07270090586,nan,,,,,,,,,,
5.091756137790016,inhale,25880.356700906123,25879.07370090586,25879.286700905905,,,,,,,,,,
nan,pause,25880.357700906123,25880.356700906123,nan,,,,,,,,,,
-16.400557895516165,exhale,25881.08470090627,25880.357700906123,25880.776700906208,,,,,,,,,,
nan,pause,25881.08570090627,25881.08470090627,nan,,,,,,,,,,
6.1542973966801,inhale,25882.493700906558,25881.08570090627,25881.286700906312,,,,,,,,,,
nan,pause,25882.494700906558,25882.493700906558,nan,,,,,,,,,,
-15.702557258139175,exhale,25883.228700906708,25882.494700906558,25882.786700906618,,,,,,,,,,
nan,pause,25883.229700906708,25883.228700906708,nan,,,,,,,,,,
3.518012663466927,inhale,25884.778700907023,25883.229700906708,25883.446700906752,,,,,,,,,,
nan,pause,25884.779700907024,25884.778700907023,nan,,,,,,,,,,
-14.4834538936289,exhale,25885.44070090716,25884.779700907024,25885.116700907092,,,,,,,,,,
nan,pause,25885.44170090716,25885.44070090716,nan,,,,,,,,,,
4.206716432128464,inhale,25887.095700907495,25885.44170090716,25886.786700907433,,,,,,,,,,
nan,pause,25887.096700907496,25887.095700907495,nan,,,,,,,,,,
-19.068408406952873,exhale,25887.792700907637,25887.096700907496,25887.446700907567,,,,,,,,,,
nan,pause,25887.793700907638,25887.792700907637,nan,,,,,,,,,,
3.9477438901083466,inhale,25889.436700907972,25887.793700907638,25887.95670090767,,,,,,,,,,
nan,pause,25889.437700907973,25889.436700907972,nan,,,,,,,,,,
-11.121259179203834,exhale,25890.11470090811,25889.437700907973,25889.786700908044,,,,,,,,,,
nan,pause,25890.11570090811,25890.11470090811,nan,,,,,,,,,,
6.532499079083439,inhale,25891.463700908385,25890.11570090811,25890.286700908146,,,,,,,,,,
nan,pause,25891.464700908386,25891.463700908385,nan,,,,,,,,,,
-14.221292462591824,exhale,25892.105700908516,25891.464700908386,25891.78670090845,,,,,,,,,,
nan,pause,25892.106700908516,25892.105700908516,nan,,,,,,,,,,
4.499499537504938,inhale,25893.427700908785,25892.106700908516,25892.286700908553,,,,,,,,,,
nan,pause,25893.428700908786,25893.427700908785,nan,,,,,,,,,,
-11.232475005466487,exhale,25894.104700908923,25893.428700908786,25893.78670090886,,,,,,,,,,
nan,pause,25894.105700908924,25894.104700908923,nan,,,,,,,,,,
5.720596909640423,inhale,25895.344700909176,25894.105700908924,25894.28670090896,,,,,,,,,,
nan,pause,25895.345700909176,25895.344700909176,nan,,,,,,,,,,
-14.083433348816655,exhale,25896.05570090932,25895.345700909176,25895.61670090923,,,,,,,,,,
nan,pause,25896.05670090932,25896.05570090932,nan,,,,,,,,,,
5.898496093587941,inhale,25897.493700909614,25896.05670090932,25896.286700909368,,,,,,,,,,
nan,pause,25897.494700909614,25897.493700909614,nan,,,,,,,,,,
-13.390635536369212,exhale,25898.16670090975,25897.494700909614,25897.786700909674,,,,,,,,,,
nan,pause,25898.16770090975,25898.16670090975,nan,,,,,,,,,,
4.166481006161983,inhale,25899.465700910016,25898.16770090975,25899.116700909944,,,,,,,,,,
nan,pause,25899.466700910016,25899.465700910016,nan,,,,,,,,,,
-13.480099089918202,exhale,25900.188700910163,25899.466700910016,25899.78670091008,,,,,,,,,,
nan,pause,25900.189700910163,25900.188700910163,nan,,,,,,,,,,
4.761416271770222,inhale,25901.64570091046,25900.189700910163,25900.286700910183,,,,,,,,,,
nan,pause,25901.64670091046,25901.64570091046,nan,,,,,,,,,,
-11.858089218295094,exhale,25902.3277009106,25901.64670091046,25901.956700910523,,,,,,,,,,
nan,pause,25902.3287009106,25902.3277009106,nan,,,,,,,,,,
5.72888321055832,inhale,25903.70170091088,25902.3287009106,25902.456700910625,,,,,,,,,,
nan,pause,25903.70270091088,25903.70170091088,nan,,,,,,,,,,
-14.05248411824954,exhale,25904.405700911022,25903.70270091088,25903.95670091093,,,,,,,,,,
nan,pause,25904.406700911022,25904.405700911022,nan,,,,,,,,,,
4.987995869857476,inhale,25905.92070091133,25904.406700911022,25905.7767009113,,,,,,,,,,
nan,pause,25905.92170091133,25905.92070091133,nan,,,,,,,,,,
-11.125959037392006,exhale,25906.65370091148,25905.92170091133,25906.286700911405,,,,,,,,,,
nan,pause,25906.65470091148,25906.65370091148,nan,,,,,,,,,,
6.627756629273647,inhale,25908.27170091181,25906.65470091148,25907.946700911743,,,,,,,,,,
nan,pause,25908.27270091181,25908.27170091181,nan,,,,,,,,,,
-10.265281608382605,exhale,25909.128700911984,25908.27270091181,25908.776700911912,,,,,,,,,,
nan,pause,25909.129700911984,25909.128700911984,nan,,,,,,,,,,
7.116643442689515,inhale,25911.330700912433,25909.129700911984,25910.946700912355,,,,,,,,,,
nan,pause,25911.331700912433,25911.330700912433,nan,,,,,,,,,,
-7.783449207277374,exhale,25912.39970091265,25911.331700912433,25911.61670091249,,,,,,,,,,
nan,pause,25912.40070091265,25912.39970091265,nan,,,,,,,,,,
4.099869225389435,inhale,25914.15870091301,25912.40070091265,25912.616700912695,,,,,,,,,,
nan,pause,25914.15970091301,25914.15870091301,nan,,,,,,,,,,
-6.361812694195045,exhale,25915.19170091322,25914.15970091301,25914.446700913068,,,,,,,,,,
nan,pause,25915.19270091322,25915.19170091322,nan,,,,,,,,,,
5.1739017916800085,inhale,25915.614700913306,25915.19270091322,25915.44670091327,,,,,,,,,,
nan,pause,25915.859700913355,25915.614700913306,nan,,,,,,,,,,
-0.5000956682518243,exhale,25916.875700913562,25915.859700913355,25916.116700913408,,,,,,,,,,
nan,pause,25917.387700913667,25916.875700913562,nan,,,,,,,,,,
3.08318400086208,inhale,25917.833700913758,25917.387700913667,25917.616700913713,,,,,,,,,,
nan,pause,25917.834700913758,25917.833700913758,nan,,,,,,,,,,
-7.433916732061777,exhale,25918.707700913936,25917.834700913758,25918.446700913883,,,,,,,,,,
nan,pause,25918.708700913936,25918.707700913936,nan,,,,,,,,,,
4.047910668064623,inhale,25920.40070091428,25918.708700913936,25918.946700913984,,,,,,,,,,
nan,pause,25920.40170091428,25920.40070091428,nan,,,,,,,,,,
-8.969497891181163,exhale,25921.18770091444,25920.40170091428,25920.78670091436,,,,,,,,,,
nan,pause,25921.18870091444,25921.18770091444,nan,,,,,,,,,,
4.48255880448325,inhale,25922.641700914737,25921.18870091444,25921.28670091446,,,,,,,,,,
nan,pause,25922.642700914737,25922.641700914737,nan,,,,,,,,,,
-8.4192846353557,exhale,25923.39670091489,25922.642700914737,25922.9567009148,,,,,,,,,,
nan,pause,25923.39770091489,25923.39670091489,nan,,,,,,,,,,
3.2664859880072123,inhale,25924.86970091519,25923.39770091489,25923.616700914936,,,,,,,,,,
nan,pause,25924.87070091519,25924.86970091519,nan,,,,,,,,,,
-6.400100000000006,exhale,25925.60070091534,25924.87070091519,25925.126700915243,,,,,,,,,,
nan,pause,25925.60170091534,25925.60070091534,nan,,,,,,,,,,
4.069259715187356,inhale,25926.947700915614,25925.60170091534,25925.786700915378,,,,,,,,,,
nan,pause,25926.948700915615,25926.947700915614,nan,,,,,,,,,,
-6.518139145104917,exhale,25927.70670091577,25926.948700915615,25927.286700915683,,,,,,,,,,
nan,pause,25927.70770091577,25927.70670091577,nan,,,,,,,,,,
3.0253801373789875,inhale,25929.159700916065,25927.70770091577,25928.78670091599,,,,,,,,,,
nan,pause,25929.160700916065,25929.159700916065,nan,,,,,,,,,,
-4.856079338149295,exhale,25929.96670091623,25929.160700916065,25929.456700916126,,,,,,,,,,
nan,pause,25929.96770091623,25929.96670091623,nan,,,,,,,,,,
2.5831841129546946,inhale,25931.34470091651,25929.96770091623,25930.11670091626,,,,,,,,,,
nan,pause,25931.34570091651,25931.34470091651,nan,,,,,,,,,,
-3.5668000000000064,exhale,25932.103700916665,25931.34570091651,25931.626700916568,,,,,,,,,,
nan,pause,25932.104700916665,25932.103700916665,nan,,,,,,,,,,
2.6097383670763907,inhale,25933.570700916964,25932.104700916665,25932.286700916702,,,,,,,,,,
nan,pause,25933.571700916964,25933.570700916964,nan,,,,,,,,,,
-5.490199356108077,exhale,25934.355700917124,25933.571700916964,25933.94670091704,,,,,,,,,,
nan,pause,25934.356700917124,25934.355700917124,nan,,,,,,,,,,
4.057698219736275,inhale,25936.24970091751,25934.356700917124,25935.786700917415,,,,,,,,,,
nan,pause,25936.25070091751,25936.24970091751,nan,,,,,,,,,,
-4.850087256407787,exhale,25937.207700917705,25936.25070091751,25936.616700917584,,,,,,,,,,
nan,pause,25937.208700917705,25937.207700917705,nan,,,,,,,,,,
3.8482138875880456,inhale,25938.61070091799,25937.208700917705,25937.446700917753,,,,,,,,,,
nan,pause,25938.61170091799,25938.61070091799,nan,,,,,,,,,,
-5.060059568135424,exhale,25939.48670091817,25938.61170091799,25938.94670091806,,,,,,,,,,
nan,pause,25939.48770091817,25939.48670091817,nan,,,,,,,,,,
3.1831780671622054,inhale,25940.85870091845,25939.48770091817,25939.616700918195,,,,,,,,,,
nan,pause,25940.85970091845,25940.85870091845,nan,,,,,,,,,,
-4.883480260252452,exhale,25941.714700918623,25940.85970091845,25941.1167009185,,,,,,,,,,
nan,pause,25941.715700918623,25941.714700918623,nan,,,,,,,,,,
3.7295359230716514,inhale,25942.955700918876,25941.715700918623,25941.94670091867,,,,,,,,,,
nan,pause,25942.956700918876,25942.955700918876,nan,,,,,,,,,,
-3.7270388660495586,exhale,25943.838700919056,25942.956700918876,25943.286700918943,,,,,,,,,,
nan,pause,25943.839700919056,25943.838700919056,nan,,,,,,,,,,
2.9498909511909717,inhale,25945.0427009193,25943.839700919056,25944.116700919112,,,,,,,,,,
nan,pause,25945.0437009193,25945.0427009193,nan,,,,,,,,,,
-2.5464685481397713,exhale,25945.91370091948,25945.0437009193,25945.446700919383,,,,,,,,,,
nan,pause,25945.91470091948,25945.91370091948,nan,,,,,,,,,,
2.7998872404206776,inhale,25947.073700919715,25945.91470091948,25946.11670091952,,,,,,,,,,
nan,pause,25947.074700919715,25947.073700919715,nan,,,,,,,,,,
-1.6835000000000062,exhale,25947.965700919896,25947.074700919715,25947.286700919758,,,,,,,,,,
nan,pause,25947.966700919897,25947.965700919896,nan,,,,,,,,,,
2.0985748373263275,inhale,25949.040700920115,25947.966700919897,25948.27670091996,,,,,,,,,,
nan,pause,25949.041700920116,25949.040700920115,nan,,,,,,,,,,
-1.5321392239046796,exhale,25949.9547009203,25949.041700920116,25949.286700920165,,,,,,,,,,
nan,pause,25949.9557009203,25949.9547009203,nan,,,,,,,,,,
1.6498913109979814,inhale,25951.08070092053,25949.9557009203,25950.116700920335,,,,,,,,,,
nan,pause,25951.08170092053,25951.08070092053,nan,,,,,,,,,,
-1.413828229286659,exhale,25952.01570092072,25951.08170092053,25951.446700920606,,,,,,,,,,
nan,pause,25952.01670092072,25952.01570092072,nan,,,,,,,,,,
1.7420780862262748,inhale,25953.23970092097,25952.01670092072,25952.286700920777,,,,,,,,,,
nan,pause,25953.24070092097,25953.23970092097,nan,,,,,,,,,,
-2.3977831722208025,exhale,25954.17570092116,25953.24070092097,25953.946700921115,,,,,,,,,,
nan,pause,25954.17670092116,25954.17570092116,nan,,,,,,,,,,
1.9964990788150778,inhale,25955.69170092147,25954.17670092116,25954.286700921184,,,,,,,,,,
nan,pause,25955.69270092147,25955.69170092147,nan,,,,,,,,,,
-2.483490822953863,exhale,25956.540700921643,25955.69270092147,25956.116700921557,,,,,,,,,,
nan,pause,25956.541700921643,25956.540700921643,nan,,,,,,,,,,
3.093729115220906,inhale,25957.84570092191,25956.541700921643,25957.446700921828,,,,,,,,,,
nan,pause,25957.84670092191,25957.84570092191,nan,,,,,,,,,,
-2.147039782243717,exhale,25958.843700922112,25957.84670092191,25958.286700922,,,,,,,,,,
nan,pause,25958.844700922113,25958.843700922112,nan,,,,,,,,,,
2.099889866987009,inhale,25960.185700922386,25958.844700922113,25959.116700922168,,,,,,,,,,
nan,pause,25960.186700922386,25960.185700922386,nan,,,,,,,,,,
-1.7161287018311078,exhale,25961.09670092257,25960.186700922386,25960.45670092244,,,,,,,,,,
nan,pause,25961.09770092257,25961.09670092257,nan,,,,,,,,,,
1.5439573296307467,inhale,25962.337700922824,25961.09770092257,25961.946700922745,,,,,,,,,,
nan,pause,25962.338700922825,25962.337700922824,nan,,,,,,,,,,
-1.7000976413098958,exhale,25963.24670092301,25962.338700922825,25962.61670092288,,,,,,,,,,
nan,pause,25963.24770092301,25963.24670092301,nan,,,,,,,,,,
2.099703424241645,inhale,25964.641700923294,25963.24770092301,25963.456700923052,,,,,,,,,,
nan,pause,25964.642700923294,25964.641700923294,nan,,,,,,,,,,
-1.2000992153509245,exhale,25965.618700923493,25964.642700923294,25965.11670092339,,,,,,,,,,
nan,pause,25965.619700923493,25965.618700923493,nan,,,,,,,,,,
1.1569806783559664,inhale,25966.847700923743,25965.619700923493,25965.786700923527,,,,,,,,,,
nan,pause,25966.848700923743,25966.847700923743,nan,,,,,,,,,,
-1.9331592955727885,exhale,25967.645700923906,25966.848700923743,25967.286700923833,,,,,,,,,,
nan,pause,25967.646700923906,25967.645700923906,nan,,,,,,,,,,
3.2052791951747075,inhale,25968.818700924145,25967.646700923906,25967.786700923934,,,,,,,,,,
nan,pause,25968.819700924145,25968.818700924145,nan,,,,,,,,,,
-1.7477211891632976,exhale,25969.659700924316,25968.819700924145,25969.28670092424,,,,,,,,,,
nan,pause,25969.660700924316,25969.659700924316,nan,,,,,,,,,,
1.5961583711790714,inhale,25970.744700924537,25969.660700924316,25969.786700924342,,,,,,,,,,
nan,pause,25970.745700924537,25970.744700924537,nan,,,,,,,,,,
-1.4334961875671903,exhale,25971.535700924698,25970.745700924537,25971.116700924613,,,,,,,,,,
nan,pause,25971.5367009247,25971.535700924698,nan,,,,,,,,,,
2.3981985175515157,inhale,25972.368700924868,25971.5367009247,25971.78670092475,,,,,,,,,,
nan,pause,25972.369700924868,25972.368700924868,nan,,,,,,,,,,
-1.8000965793950412,exhale,25973.128700925023,25972.369700924868,25972.61670092492,,,,,,,,,,
nan,pause,25973.129700925023,25973.128700925023,nan,,,,,,,,,,
3.499891645599479,inhale,25973.979700925196,25973.129700925023,25973.616700925122,,,,,,,,,,
nan,pause,25973.980700925196,25973.979700925196,nan,,,,,,,,,,
-2.328876243139626,exhale,25974.74070092535,25973.980700925196,25974.276700925257,,,,,,,,,,
nan,pause,25974.74170092535,25974.74070092535,nan,,,,,,,,,,
1.7291299451030044,inhale,25975.826700925572,25974.74170092535,25974.956700925395,,,,,,,,,,
nan,pause,25975.827700925573,25975.826700925572,nan,,,,,,,,,,
-1.165474659946572,exhale,25976.674700925745,25975.827700925573,25976.4467009257,,,,,,,,,,
nan,pause,25976.675700925745,25976.674700925745,nan,,,,,,,,,,
0.9311598525071129,inhale,25977.808700925976,25976.675700925745,25977.28670092587,,,,,,,,,,
nan,pause,25977.809700925976,25977.808700925976,nan,,,,,,,,,,
-1.5598656871664882,exhale,25978.678700926153,25977.809700925976,25978.446700926106,,,,,,,,,,
nan,pause,25978.679700926154,25978.678700926153,nan,,,,,,,,,,
1.2644598523237955,inhale,25980.149700926453,25978.679700926154,25978.786700926175,,,,,,,,,,
nan,pause,25980.150700926453,25980.149700926453,nan,,,,,,,,,,
-1.3335000000000063,exhale,25981.11770092665,25980.150700926453,25980.786700926583,,,,,,,,,,
nan,pause,25981.11870092665,25981.11770092665,nan,,,,,,,,,,
1.937997776674596,inhale,25982.653700926963,25981.11870092665,25981.286700926685,,,,,,,,,,
nan,pause,25981.11870092665,25982.653700926963,nan,,,,,,,,,,
0.44527779676039986,inhale,25982.653700926963,25981.11870092665,25982.44670092692,,,,,,,,,,
nan,pause,25982.654700926963,25982.653700926963,nan,,,,,,,,,,
-1.1000983116049854,exhale,25983.539700927144,25982.654700926963,25983.116700927058,,,,,,,,,,
nan,pause,25983.540700927144,25983.539700927144,nan,,,,,,,,,,
1.0039204456607698,inhale,25984.490700927337,25983.540700927144,25983.786700927194,,,,,,,,,,
nan,pause,26001.19970093074,25984.490700927337,nan,,,,,,,,,,
-0.3000978450788487,exhale,26005.56370093163,26001.19970093074,26002.61670093103,,,,,,,,,,
nan,pause,26001.19970093074,26005.56370093163,nan,,,,,,,,,,
-2.4334967516335877,exhale,26005.56370093163,26001.19970093074,26005.11670093154,,,,,,,,,,
nan,pause,26005.56470093163,26005.56370093163,nan,,,,,,,,,,
2.994118212134257,inhale,26006.649700931852,26005.56470093163,26005.786700931676,,,,,,,,,,
nan,pause,26006.650700931852,26006.649700931852,nan,,,,,,,,,,
-4.504255672964992,exhale,26007.47570093202,26006.650700931852,26006.946700931912,,,,,,,,,,
nan,pause,26007.47670093202,26007.47570093202,nan,,,,,,,,,,
4.516462183001822,inhale,26008.54670093224,26007.47670093202,26007.61670093205,,,,,,,,,,
nan,pause,26008.54770093224,26008.54670093224,nan,,,,,,,,,,
-4.2154392190545265,exhale,26009.362700932405,26008.54770093224,26008.786700932287,,,,,,,,,,
nan,pause,26009.363700932405,26009.362700932405,nan,,,,,,,,,,
2.779180244497261,inhale,26010.56170093265,26009.363700932405,26009.456700932424,,,,,,,,,,
nan,pause,26010.56270093265,26010.56170093265,nan,,,,,,,,,,
-3.9277182104025306,exhale,26011.367700932813,26010.56270093265,26010.786700932695,,,,,,,,,,
nan,pause,26011.368700932813,26011.367700932813,nan,,,,,,,,,,
3.266479014943303,inhale,26012.456700933035,26011.368700932813,26011.616700932864,,,,,,,,,,
nan,pause,26012.457700933035,26012.456700933035,nan,,,,,,,,,,
-3.4481195052249176,exhale,26013.255700933198,26012.457700933035,26012.946700933135,,,,,,,,,,
nan,pause,26013.256700933198,26013.255700933198,nan,,,,,,,,,,
3.623137392838965,inhale,26014.379700933427,26013.256700933198,26013.446700933237,,,,,,,,,,
nan,pause,26014.380700933427,26014.379700933427,nan,,,,,,,,,,
-4.216784768576909,exhale,26015.17370093359,26014.380700933427,26014.616700933475,,,,,,,,,,
nan,pause,26015.17470093359,26015.17370093359,nan,,,,,,,,,,
3.425935810458634,inhale,26016.2157009338,26015.17470093359,26015.446700933644,,,,,,,,,,
nan,pause,26016.2167009338,26016.2157009338,nan,,,,,,,,,,
-4.469430852746257,exhale,26017.027700933966,26016.2167009338,26016.45670093385,,,,,,,,,,
nan,pause,26017.028700933966,26017.027700933966,nan,,,,,,,,,,
4.320997161213455,inhale,26018.12570093419,26017.028700933966,26017.28670093402,,,,,,,,,,
nan,pause,26018.12670093419,26018.12570093419,nan,,,,,,,,,,
-4.307619313733994,exhale,26018.937700934355,26018.12670093419,26018.286700934223,,,,,,,,,,
nan,pause,26018.938700934355,26018.937700934355,nan,,,,,,,,,,
2.999879137493208,inhale,26020.09170093459,26018.938700934355,26019.11670093439,,,,,,,,,,
nan,pause,26020.09270093459,26020.09170093459,nan,,,,,,,,,,
-4.5130604000129555,exhale,26020.87470093475,26020.09270093459,26020.28670093463,,,,,,,,,,
nan,pause,26020.87570093475,26020.87470093475,nan,,,,,,,,,,
2.6831919338849075,inhale,26021.95870093497,26020.87570093475,26021.1167009348,,,,,,,,,,
nan,pause,26021.95970093497,26021.95870093497,nan,,,,,,,,,,
-4.38479885255697,exhale,26022.751700935132,26021.95970093497,26022.286700935038,,,,,,,,,,
nan,pause,26022.752700935132,26022.751700935132,nan,,,,,,,,,,
4.898712630920577,inhale,26023.940700935374,26022.752700935132,26022.946700935172,,,,,,,,,,
nan,pause,26023.941700935375,26023.940700935374,nan,,,,,,,,,,
-3.550080615139826,exhale,26024.75870093554,26023.941700935375,26024.11670093541,,,,,,,,,,
nan,pause,26024.75970093554,26024.75870093554,nan,,,,,,,,,,
3.0637804755723934,inhale,26025.63170093572,26024.75970093554,26025.28670093565,,,,,,,,,,
nan,pause,26025.63270093572,26025.63170093572,nan,,,,,,,,,,
-4.097721181112116,exhale,26026.403700935876,26025.63270093572,26025.78670093575,,,,,,,,,,
nan,pause,26026.404700935876,26026.403700935876,nan,,,,,,,,,,
1.8164817687878774,inhale,26027.74670093615,26026.404700935876,26026.61670093592,,,,,,,,,,
nan,pause,26027.74770093615,26027.74670093615,nan,,,,,,,,,,
-2.6334869246546475,exhale,26028.87370093638,26027.74770093615,26028.116700936225,,,,,,,,,,
nan,pause,26028.87470093638,26028.87370093638,nan,,,,,,,,,,
1.9762620391304033,inhale,26030.262700936662,26028.87470093638,26029.446700936496,,,,,,,,,,
nan,pause,26030.263700936663,26030.262700936662,nan,,,,,,,,,,
-2.9667925641428994,exhale,26031.23070093686,26030.263700936663,26030.616700936735,,,,,,,,,,
nan,pause,26031.23170093686,26031.23070093686,nan,,,,,,,,,,
2.8383155043453367,inhale,26032.569700937132,26031.23170093686,26031.446700936904,,,,,,,,,,
nan,pause,26032.570700937133,26032.569700937132,nan,,,,,,,,,,
-2.8648168103644487,exhale,26033.49370093732,26032.570700937133,26032.94670093721,,,,,,,,,,
nan,pause,26033.49470093732,26033.49370093732,nan,,,,,,,,,,
2.283177525491289,inhale,26034.62670093755,26033.49470093732,26033.616700937346,,,,,,,,,,
nan,pause,26034.62770093755,26034.62670093755,nan,,,,,,,,,,
-2.946751541070271,exhale,26035.50570093773,26034.62770093755,26034.95670093762,,,,,,,,,,
nan,pause,26035.50670093773,26035.50570093773,nan,,,,,,,,,,
2.8770795360732073,inhale,26036.512700937936,26035.50670093773,26035.786700937788,,,,,,,,,,
nan,pause,26036.513700937936,26036.512700937936,nan,,,,,,,,,,
-4.795378374973032,exhale,26037.297700938096,26036.513700937936,26036.78670093799,,,,,,,,,,
nan,pause,26037.298700938096,26037.297700938096,nan,,,,,,,,,,
3.0498822022231247,inhale,26038.327700938305,26037.298700938096,26038.116700938263,,,,,,,,,,
nan,pause,26038.328700938306,26038.327700938305,nan,,,,,,,,,,
-4.650091648331569,exhale,26039.114700938466,26038.328700938306,26038.616700938364,,,,,,,,,,
nan,pause,26039.115700938466,26039.114700938466,nan,,,,,,,,,,
3.683857518879948,inhale,26040.16470093868,26039.115700938466,26039.2867009385,,,,,,,,,,
nan,pause,26040.16570093868,26040.16470093868,nan,,,,,,,,,,
-5.690595979403307,exhale,26040.941700938838,26040.16570093868,26040.446700938737,,,,,,,,,,
nan,pause,26040.94270093884,26040.941700938838,nan,,,,,,,,,,
2.946098446244674,inhale,26042.018700939057,26040.94270093884,26041.78670093901,,,,,,,,,,
nan,pause,26042.019700939058,26042.018700939057,nan,,,,,,,,,,
-5.51105829019699,exhale,26042.81370093922,26042.019700939058,26042.286700939112,,,,,,,,,,
nan,pause,26042.81470093922,26042.81370093922,nan,,,,,,,,,,
3.86648452627815,inhale,26043.759700939412,26042.81470093922,26043.11670093928,,,,,,,,,,
nan,pause,26043.760700939412,26043.759700939412,nan,,,,,,,,,,
-6.046650862655616,exhale,26044.455700939554,26043.760700939412,26043.956700939452,,,,,,,,,,
nan,pause,26044.456700939554,26044.455700939554,nan,,,,,,,,,,
3.766484567084761,inhale,26045.403700939747,26044.456700939554,26045.11670093969,,,,,,,,,,
nan,pause,26045.404700939747,26045.403700939747,nan,,,,,,,,,,
-5.766771838416302,exhale,26046.140700939897,26045.404700939747,26045.61670093979,,,,,,,,,,
nan,pause,26046.141700939897,26046.140700939897,nan,,,,,,,,,,
3.2093594542607984,inhale,26047.342700940142,26046.141700939897,26046.286700939927,,,,,,,,,,
nan,pause,26047.343700940142,26047.342700940142,nan,,,,,,,,,,
-4.666783433343926,exhale,26048.230700940323,26047.343700940142,26047.616700940198,,,,,,,,,,
nan,pause,26048.231700940323,26048.230700940323,nan,,,,,,,,,,
2.613590074385,inhale,26050.049700940694,26048.231700940323,26048.446700940367,,,,,,,,,,
nan,pause,26050.050700940694,26050.049700940694,nan,,,,,,,,,,
-3.0610582794423653,exhale,26051.031700940894,26050.050700940694,26050.286700940742,,,,,,,,,,
nan,pause,26051.032700940894,26051.031700940894,nan,,,,,,,,,,
2.1896643980368733,inhale,26052.231700941138,26051.032700940894,26051.44670094098,,,,,,,,,,
nan,pause,26052.23270094114,26052.231700941138,nan,,,,,,,,,,
-3.013254872893704,exhale,26053.21470094134,26052.23270094114,26052.456700941184,,,,,,,,,,
nan,pause,26053.21570094134,26053.21470094134,nan,,,,,,,,,,
1.7480176909936662,inhale,26054.632700941627,26053.21570094134,26053.446700941386,,,,,,,,,,
nan,pause,26054.633700941627,26054.632700941627,nan,,,,,,,,,,
-3.116995085513361,exhale,26055.550700941814,26054.633700941627,26054.94670094169,,,,,,,,,,
nan,pause,26055.551700941814,26055.550700941814,nan,,,,,,,,,,
1.7985173295295784,inhale,26056.06070094192,26055.551700941814,26055.786700941862,,,,,,,,,,
nan,pause,26056.634700942035,26056.06070094192,nan,,,,,,,,,,
-0.8501380360764991,exhale,26057.97970094231,26056.634700942035,26056.786700942066,,,,,,,,,,
nan,pause,26059.21770094256,26057.97970094231,nan,,,,,,,,,,
1.5998999999999937,inhale,26060.705700942864,26059.21770094256,26060.126700942747,,,,,,,,,,
nan,pause,26060.706700942865,26060.705700942864,nan,,,,,,,,,,
-1.9334956751396883,exhale,26061.56570094304,26060.706700942865,26061.11670094295,,,,,,,,,,
nan,pause,26061.56670094304,26061.56570094304,nan,,,,,,,,,,
1.2998927888812812,inhale,26062.824700943296,26061.56670094304,26062.616700943254,,,,,,,,,,
nan,pause,26062.825700943296,26062.824700943296,nan,,,,,,,,,,
-2.3334968990803637,exhale,26063.58570094345,26062.825700943296,26063.116700943356,,,,,,,,,,
nan,pause,26063.58670094345,26063.58570094345,nan,,,,,,,,,,
1.5515395209153018,inhale,26064.736700943686,26063.58670094345,26063.786700943492,,,,,,,,,,
nan,pause,26064.737700943686,26064.736700943686,nan,,,,,,,,,,
-2.2334967222871915,exhale,26065.53770094385,26064.737700943686,26065.116700943763,,,,,,,,,,
nan,pause,26065.53870094385,26065.53770094385,nan,,,,,,,,,,
1.9920780330447772,inhale,26066.53070094405,26065.53870094385,26065.7867009439,,,,,,,,,,
nan,pause,26066.53170094405,26066.53070094405,nan,,,,,,,,,,
-2.4239785806033547,exhale,26067.325700944213,26066.53170094405,26066.786700944103,,,,,,,,,,
nan,pause,26067.326700944213,26067.325700944213,nan,,,,,,,,,,
2.1664899405156057,inhale,26068.358700944424,26067.326700944213,26067.616700944272,,,,,,,,,,
nan,pause,26068.359700944424,26068.358700944424,nan,,,,,,,,,,
-2.516791629664927,exhale,26069.159700944587,26068.359700944424,26068.616700944476,,,,,,,,,,
nan,pause,26069.160700944587,26069.159700944587,nan,,,,,,,,,,
2.391057952036643,inhale,26070.488700944858,26069.160700944587,26069.286700944613,,,,,,,,,,
nan,pause,26070.489700944858,26070.488700944858,nan,,,,,,,,,,
-4.400063431580993,exhale,26071.353700945034,26070.489700944858,26071.116700944985,,,,,,,,,,
nan,pause,26071.354700945034,26071.353700945034,nan,,,,,,,,,,
1.1998927062256814,inhale,26072.95770094536,26071.354700945034,26071.616700945087,,,,,,,,,,
nan,pause,26072.95870094536,26072.95770094536,nan,,,,,,,,,,
-1.2667922025696408,exhale,26073.88970094555,26072.95870094536,26073.116700945393,,,,,,,,,,
nan,pause,26073.89070094555,26073.88970094555,nan,,,,,,,,,,
1.2492381654417724,inhale,26074.989700945775,26073.89070094555,26074.27670094563,,,,,,,,,,
nan,pause,26074.990700945775,26074.989700945775,nan,,,,,,,,,,
-1.5095368761112622,exhale,26075.730700945925,26074.990700945775,26075.446700945868,,,,,,,,,,
nan,pause,26075.731700945926,26075.730700945925,nan,,,,,,,,,,
1.3432912431628299,inhale,26076.43270094607,26075.731700945926,26076.276700946037,,,,,,,,,,
nan,pause,26077.0697009462,26076.43270094607,nan,,,,,,,,,,
-1.7697349480504325,exhale,26078.176700946424,26077.0697009462,26077.946700946377,,,,,,,,,,
nan,pause,26078.177700946424,26078.176700946424,nan,,,,,,,,,,
1.3484792670868397,inhale,26079.567700946707,26078.177700946424,26079.28670094665,,,,,,,,,,
nan,pause,26079.568700946707,26079.567700946707,nan,,,,,,,,,,
-1.8667906101186234,exhale,26080.524700946902,26079.568700946707,26080.11670094682,,,,,,,,,,
nan,pause,26080.525700946902,26080.524700946902,nan,,,,,,,,,,
0.6988799199291006,inhale,26081.9817009472,26080.525700946902,26080.786700946956,,,,,,,,,,
nan,pause,26081.9827009472,26081.9817009472,nan,,,,,,,,,,
-0.6167882862814473,exhale,26082.241700947252,26081.9827009472,26082.116700947226,,,,,,,,,,
nan,pause,26082.58170094732,26082.241700947252,nan,,,,,,,,,,
-0.3249986516706716,exhale,26082.91670094739,26082.58170094732,26082.786700947363,,,,,,,,,,
nan,pause,26092.09870094926,26082.91670094739,nan,,,,,,,,,,
-7.249999886907526,exhale,26092.74270094939,26092.09870094926,26092.616700949366,,,,,,,,,,
nan,pause,26092.74370094939,26092.74270094939,nan,,,,,,,,,,
2.7729647897205143,inhale,26094.130700949674,26092.74370094939,26092.946700949433,,,,,,,,,,
nan,pause,26094.131700949674,26094.130700949674,nan,,,,,,,,,,
-9.666703215000785,exhale,26094.79370094981,26094.131700949674,26094.616700949773,,,,,,,,,,
nan,pause,26094.79470094981,26094.79370094981,nan,,,,,,,,,,
4.07888279492904,inhale,26096.17370095009,26094.79470094981,26094.956700949842,,,,,,,,,,
nan,pause,26096.17470095009,26096.17370095009,nan,,,,,,,,,,
-8.050040827385493,exhale,26096.85970095023,26096.17470095009,26096.61670095018,,,,,,,,,,
nan,pause,26096.86070095023,26096.85970095023,nan,,,,,,,,,,
2.823771519724357,inhale,26098.12770095049,26096.86070095023,26096.95670095025,,,,,,,,,,
nan,pause,26098.12870095049,26098.12770095049,nan,,,,,,,,,,
-9.78129340356927,exhale,26098.845700950635,26098.12870095049,26098.456700950555,,,,,,,,,,
nan,pause,26098.846700950635,26098.845700950635,nan,,,,,,,,,,
3.9148639705085175,inhale,26100.88570095105,26098.846700950635,26098.956700950657,,,,,,,,,,
nan,pause,26100.88670095105,26100.88570095105,nan,,,,,,,,,,
-10.000116015145446,exhale,26101.72170095122,26100.88670095105,26101.286700951132,,,,,,,,,,
nan,pause,26101.72270095122,26101.72170095122,nan,,,,,,,,,,
3.775756712341413,inhale,26103.68170095162,26101.72270095122,26103.28670095154,,,,,,,,,,
nan,pause,26103.68270095162,26103.68170095162,nan,,,,,,,,,,
-10.526976173129073,exhale,26104.732700951834,26103.68270095162,26103.956700951676,,,,,,,,,,
nan,pause,26104.733700951834,26104.732700951834,nan,,,,,,,,,,
3.3071216919928683,inhale,26106.707700952236,26104.733700951834,26104.946700951878,,,,,,,,,,
nan,pause,26106.708700952237,26106.707700952236,nan,,,,,,,,,,
-9.090178740709126,exhale,26107.527700952403,26106.708700952237,26107.276700952352,,,,,,,,,,
nan,pause,26107.528700952404,26107.527700952403,nan,,,,,,,,,,
4.5164483889606215,inhale,26108.966700952697,26107.528700952404,26107.61670095242,,,,,,,,,,
nan,pause,26108.967700952697,26108.966700952697,nan,,,,,,,,,,
-11.628965884741454,exhale,26109.731700952852,26108.967700952697,26109.446700952794,,,,,,,,,,
nan,pause,26109.732700952853,26109.731700952852,nan,,,,,,,,,,
4.471966245431324,inhale,26111.19970095315,26109.732700952853,26109.946700952896,,,,,,,,,,
nan,pause,26111.20070095315,26111.19970095315,nan,,,,,,,,,,
-12.066745360617668,exhale,26111.903700953295,26111.20070095315,26111.616700953236,,,,,,,,,,
nan,pause,26111.904700953295,26111.903700953295,nan,,,,,,,,,,
4.466468839997694,inhale,26113.386700953597,26111.904700953295,26112.11670095334,,,,,,,,,,
nan,pause,26113.387700953597,26113.386700953597,nan,,,,,,,,,,
-11.328154163891002,exhale,26114.154700953753,26113.387700953597,26113.94670095371,,,,,,,,,,
nan,pause,26114.155700953754,26114.154700953753,nan,,,,,,,,,,
5.509375401395458,inhale,26115.66370095406,26114.155700953754,26114.28670095378,,,,,,,,,,
nan,pause,26115.66470095406,26115.66370095406,nan,,,,,,,,,,
-11.100060490945408,exhale,26116.44570095422,26115.66470095406,26116.116700954153,,,,,,,,,,
nan,pause,26116.44670095422,26116.44570095422,nan,,,,,,,,,,
7.43312631615854,inhale,26117.8127009545,26116.44670095422,26116.616700954255,,,,,,,,,,
nan,pause,26117.8137009545,26117.8127009545,nan,,,,,,,,,,
-11.116753515157567,exhale,26118.54870095465,26117.8137009545,26118.11670095456,,,,,,,,,,
nan,pause,26118.54970095465,26118.54870095465,nan,,,,,,,,,,
6.5529762099259345,inhale,26119.83170095491,26118.54970095465,26118.786700954697,,,,,,,,,,
nan,pause,26119.83270095491,26119.83170095491,nan,,,,,,,,,,
-9.583469790592089,exhale,26120.56970095506,26119.83270095491,26120.116700954968,,,,,,,,,,
nan,pause,26120.57070095506,26120.56970095506,nan,,,,,,,,,,
5.136276204304198,inhale,26121.862700955324,26120.57070095506,26120.786700955105,,,,,,,,,,
nan,pause,26121.863700955324,26121.862700955324,nan,,,,,,,,,,
-9.298115841412226,exhale,26122.590700955472,26121.863700955324,26122.276700955408,,,,,,,,,,
nan,pause,26122.591700955472,26122.590700955472,nan,,,,,,,,,,
5.2652430686183775,inhale,26124.78270095592,26122.591700955472,26124.44670095585,,,,,,,,,,
nan,pause,26124.78370095592,26124.78270095592,nan,,,,,,,,,,
-73.13298714095444,pause,26126.94070095636,26124.78370095592,26126.616700956292,,,,,,,,,,
nan,pause,26126.94170095636,26126.94070095636,nan,,,,,,,,,,
113.89909884445619,pause,26130.862700957157,26126.94170095636,26127.116700956394,,,,,,,,,,
nan,pause,26131.346700957256,26130.862700957157,nan,,,,,,,,,,
0.3998962106375695,inhale,26132.74570095754,26131.346700957256,26131.61670095731,,,,,,,,,,
nan,pause,26131.346700957256,26132.74570095754,nan,,,,,,,,,,
0.4424187096803335,inhale,26132.74570095754,26131.346700957256,26132.286700957447,,,,,,,,,,
nan,pause,26132.809700957554,26132.74570095754,nan,,,,,,,,,,
0.34989702360872804,inhale,26133.43070095768,26132.809700957554,26133.116700957617,,,,,,,,,,
nan,pause,26133.43170095768,26133.43070095768,nan,,,,,,,,,,
-0.8428375466048195,exhale,26134.252700957848,26133.43170095768,26133.946700957786,,,,,,,,,,
nan,pause,26139.033700958822,26134.252700957848,nan,,,,,,,,,,
-5.86600507861221,exhale,26139.686700958955,26139.033700958822,26139.446700958906,,,,,,,,,,
nan,pause,26139.687700958955,26139.686700958955,nan,,,,,,,,,,
2.128137534853295,inhale,26141.242700959272,26139.687700958955,26139.786700958975,,,,,,,,,,
nan,pause,26141.243700959272,26141.242700959272,nan,,,,,,,,,,
-3.7598210294056833,exhale,26142.02270095943,26141.243700959272,26141.77670095938,,,,,,,,,,
nan,pause,26142.02370095943,26142.02270095943,nan,,,,,,,,,,
1.9998773599850825,inhale,26143.3357009597,26142.02370095943,26142.11670095945,,,,,,,,,,
nan,pause,26143.3367009597,26143.3357009597,nan,,,,,,,,,,
-3.7647377708098766,exhale,26144.03770095984,26143.3367009597,26143.78670095979,,,,,,,,,,
nan,pause,26144.03870095984,26144.03770095984,nan,,,,,,,,,,
1.833178930024318,inhale,26145.3067009601,26144.03870095984,26144.116700959858,,,,,,,,,,
nan,pause,26145.3077009601,26145.3067009601,nan,,,,,,,,,,
-3.27975833173112,exhale,26146.063700960254,26145.3077009601,26145.786700960198,,,,,,,,,,
nan,pause,26146.064700960254,26146.063700960254,nan,,,,,,,,,,
2.6709969378664185,inhale,26147.201700960486,26146.064700960254,26146.2867009603,,,,,,,,,,
nan,pause,26147.202700960486,26147.201700960486,nan,,,,,,,,,,
-4.13348533091976,exhale,26147.95370096064,26147.202700960486,26147.61670096057,,,,,,,,,,
nan,pause,26147.95470096064,26147.95370096064,nan,,,,,,,,,,
2.43317941533161,inhale,26149.315700960917,26147.95470096064,26148.116700960672,,,,,,,,,,
nan,pause,26149.316700960917,26149.315700960917,nan,,,,,,,,,,
-3.2000909630822885,exhale,26150.045700961065,26149.316700960917,26149.616700960978,,,,,,,,,,
nan,pause,26150.046700961066,26150.045700961065,nan,,,,,,,,,,
1.7098977529174657,inhale,26151.226700961306,26150.046700961066,26150.276700961113,,,,,,,,,,
nan,pause,26151.227700961306,26151.226700961306,nan,,,,,,,,,,
-4.174236511570662,exhale,26151.920700961447,26151.227700961306,26151.776700961418,,,,,,,,,,
nan,pause,26151.921700961448,26151.920700961447,nan,,,,,,,,,,
2.199886915857934,inhale,26153.223700961713,26151.921700961448,26152.116700961487,,,,,,,,,,
nan,pause,26153.224700961713,26153.223700961713,nan,,,,,,,,,,
-4.066788959462003,exhale,26153.982700961868,26153.224700961713,26153.616700961793,,,,,,,,,,
nan,pause,26153.983700961868,26153.982700961868,nan,,,,,,,,,,
2.399881933013545,inhale,26155.191700962114,26153.983700961868,26154.116700961895,,,,,,,,,,
nan,pause,26155.192700962114,26155.191700962114,nan,,,,,,,,,,
-3.1667958212619647,exhale,26155.923700962263,26155.192700962114,26155.6167009622,,,,,,,,,,
nan,pause,26155.924700962263,26155.923700962263,nan,,,,,,,,,,
1.8498873249814292,inhale,26157.120700962507,26155.924700962263,26156.116700962302,,,,,,,,,,
nan,pause,26157.121700962507,26157.120700962507,nan,,,,,,,,,,
-3.283490858870327,exhale,26157.881700962662,26157.121700962507,26157.616700962608,,,,,,,,,,
nan,pause,26157.882700962662,26157.881700962662,nan,,,,,,,,,,
1.7331915944376433,inhale,26159.29970096295,26157.882700962662,26158.11670096271,,,,,,,,,,
nan,pause,26159.30070096295,26159.29970096295,nan,,,,,,,,,,
-3.91018852688346,exhale,26160.012700963096,26159.30070096295,26159.776700963048,,,,,,,,,,
nan,pause,26160.013700963096,26160.012700963096,nan,,,,,,,,,,
3.051972987568016,inhale,26161.181700963334,26160.013700963096,26160.27670096315,,,,,,,,,,
nan,pause,26161.182700963334,26161.181700963334,nan,,,,,,,,,,
-3.966789352477368,exhale,26161.924700963486,26161.182700963334,26161.616700963423,,,,,,,,,,
nan,pause,26161.925700963486,26161.924700963486,nan,,,,,,,,,,
2.599878470889219,inhale,26163.201700963746,26161.925700963486,26162.116700963525,,,,,,,,,,
nan,pause,26163.202700963746,26163.201700963746,nan,,,,,,,,,,
-3.933486563965401,exhale,26163.90370096389,26163.202700963746,26163.61670096383,,,,,,,,,,
nan,pause,26163.90470096389,26163.90370096389,nan,,,,,,,,,,
2.8331839783031803,inhale,26165.071700964127,26163.90470096389,26164.116700963932,,,,,,,,,,
nan,pause,26165.072700964127,26165.071700964127,nan,,,,,,,,,,
-4.432275161161464,exhale,26165.785700964272,26165.072700964127,26165.446700964203,,,,,,,,,,
nan,pause,26165.786700964272,26165.785700964272,nan,,,,,,,,,,
3.0977437315817546,inhale,26166.982700964516,26165.786700964272,26165.956700964307,,,,,,,,,,
nan,pause,26166.983700964516,26166.982700964516,nan,,,,,,,,,,
-3.7644570465639915,exhale,26167.698700964662,26166.983700964516,26167.286700964578,,,,,,,,,,
nan,pause,26167.699700964662,26167.698700964662,nan,,,,,,,,,,
2.1429672953474452,inhale,26168.886700964904,26167.699700964662,26167.946700964712,,,,,,,,,,
nan,pause,26168.887700964904,26168.886700964904,nan,,,,,,,,,,
-2.8500817569516967,exhale,26169.638700965057,26168.887700964904,26169.11670096495,,,,,,,,,,
nan,pause,26169.639700965057,26169.638700965057,nan,,,,,,,,,,
3.0600408185550347,inhale,26170.762700965286,26169.639700965057,26169.786700965087,,,,,,,,,,
nan,pause,26170.763700965286,26170.762700965286,nan,,,,,,,,,,
-1.4801475074499184,exhale,26171.55970096545,26170.763700965286,26170.956700965326,,,,,,,,,,
nan,pause,26171.56070096545,26171.55970096545,nan,,,,,,,,,,
2.020958972421718,inhale,26172.50470096564,26171.56070096545,26171.786700965495,,,,,,,,,,
nan,pause,26172.50570096564,26172.50470096564,nan,,,,,,,,,,
-1.2664592913786685,exhale,26173.317700965807,26172.50570096564,26172.7867009657,,,,,,,,,,
nan,pause,26173.318700965807,26173.317700965807,nan,,,,,,,,,,
1.6044406733636656,inhale,26174.30870096601,26173.318700965807,26173.456700965835,,,,,,,,,,
nan,pause,26174.30970096601,26174.30870096601,nan,,,,,,,,,,
-1.61679715711546,exhale,26175.079700966166,26174.30970096601,26174.61670096607,,,,,,,,,,
nan,pause,26175.080700966166,26175.079700966166,nan,,,,,,,,,,
1.5264001077546017,inhale,26176.142700966382,26175.080700966166,26175.286700966208,,,,,,,,,,
nan,pause,26176.143700966382,26176.142700966382,nan,,,,,,,,,,
-1.6614416387092068,exhale,26176.884700966533,26176.143700966382,26176.456700966446,,,,,,,,,,
nan,pause,26176.885700966533,26176.884700966533,nan,,,,,,,,,,
1.7831905553859397,inhale,26177.95470096675,26176.885700966533,26177.11670096658,,,,,,,,,,
nan,pause,26177.95570096675,26177.95470096675,nan,,,,,,,,,,
-1.7428370147198187,exhale,26178.712700966906,26177.95570096675,26178.276700966817,,,,,,,,,,
nan,pause,26178.713700966906,26178.712700966906,nan,,,,,,,,,,
1.6666998877638126,inhale,26180.10270096719,26178.713700966906,26178.946700966953,,,,,,,,,,
nan,pause,26180.10370096719,26180.10270096719,nan,,,,,,,,,,
-2.257878542092208,exhale,26181.153700967403,26180.10370096719,26180.94670096736,,,,,,,,,,
nan,pause,26181.154700967403,26181.153700967403,nan,,,,,,,,,,
1.4787789463570633,inhale,26182.636700967705,26181.154700967403,26181.28670096743,,,,,,,,,,
nan,pause,26181.154700967403,26182.636700967705,nan,,,,,,,,,,
0.36649699407772,inhale,26182.636700967705,26181.154700967403,26182.1167009676,,,,,,,,,,
nan,pause,26182.637700967705,26182.636700967705,nan,,,,,,,,,,
-1.7052383414877312,exhale,26183.557700967893,26182.637700967705,26183.286700967838,,,,,,,,,,
nan,pause,26183.558700967893,26183.557700967893,nan,,,,,,,,,,
1.0264001042922848,inhale,26185.0577009682,26183.558700967893,26183.78670096794,,,,,,,,,,
nan,pause,26185.0587009682,26185.0577009682,nan,,,,,,,,,,
-1.9667921211432837,exhale,26186.027700968396,26185.0587009682,26185.616700968312,,,,,,,,,,
nan,pause,26186.028700968396,26186.027700968396,nan,,,,,,,,,,
1.820279584168612,inhale,26187.41570096868,26186.028700968396,26186.28670096845,,,,,,,,,,
nan,pause,26187.41670096868,26187.41570096868,nan,,,,,,,,,,
-2.1915169984470437,exhale,26188.379700968875,26187.41670096868,26187.776700968752,,,,,,,,,,
nan,pause,26188.380700968875,26188.379700968875,nan,,,,,,,,,,
0.8938703339320677,inhale,26189.72970096915,26188.380700968875,26188.45670096889,,,,,,,,,,
nan,pause,26189.73070096915,26189.72970096915,nan,,,,,,,,,,
-1.7834970637972092,exhale,26190.623700969332,26189.73070096915,26190.11670096923,,,,,,,,,,
nan,pause,26190.624700969332,26190.623700969332,nan,,,,,,,,,,
5.152250279236233,inhale,26190.939700969397,26190.624700969332,26190.786700969365,,,,,,,,,,
nan,pause,26191.284700969467,26190.939700969397,nan,,,,,,,,,,
-0.700090082435687,exhale,26191.83870096958,26191.284700969467,26191.616700969535,,,,,,,,,,
nan,pause,26193.65470096995,26191.83870096958,nan,,,,,,,,,,
-1.270098059978701,exhale,26194.29270097008,26193.65470096995,26193.95670097001,,,,,,,,,,
nan,pause,26194.29370097008,26194.29270097008,nan,,,,,,,,,,
0.9950494188465757,inhale,26195.61570097035,26194.29370097008,26194.44670097011,,,,,,,,,,
nan,pause,26195.61670097035,26195.61570097035,nan,,,,,,,,,,
-0.6317984947204377,exhale,26196.290700970487,26195.61670097035,26195.786700970384,,,,,,,,,,
nan,pause,26196.291700970487,26196.290700970487,nan,,,,,,,,,,
0.3262695927845504,inhale,26197.497700970733,26196.291700970487,26196.44670097052,,,,,,,,,,
nan,pause,26197.498700970733,26197.497700970733,nan,,,,,,,,,,
-0.46547883113393407,exhale,26198.26870097089,26197.498700970733,26197.946700970824,,,,,,,,,,
nan,pause,26198.70670097098,26198.26870097089,nan,,,,,,,,,,
-1.7181986898627164,exhale,26200.070700971257,26198.70670097098,26199.7867009712,,,,,,,,,,
nan,pause,26200.071700971257,26200.070700971257,nan,,,,,,,,,,
0.3664886159794582,inhale,26200.23870097129,26200.071700971257,26200.116700971266,,,,,,,,,,
nan,pause,26201.716700971592,26200.23870097129,nan,,,,,,,,,,
-1.2134971362978566,exhale,26202.696700971792,26201.716700971592,26202.44670097174,,,,,,,,,,
nan,pause,26202.697700971792,26202.696700971792,nan,,,,,,,,,,
1.308249238468216,inhale,26203.710700972,26202.697700971792,26202.946700971843,,,,,,,,,,
nan,pause,26203.711700972,26203.710700972,nan,,,,,,,,,,
-1.4447416342292334,exhale,26204.65570097219,26203.711700972,26203.95670097205,,,,,,,,,,
nan,pause,26204.65670097219,26204.65570097219,nan,,,,,,,,,,
1.8726584142454057,inhale,26205.658700972395,26204.65670097219,26204.786700972218,,,,,,,,,,
nan,pause,26205.659700972396,26205.658700972395,nan,,,,,,,,,,
-1.3964702455731495,exhale,26206.51470097257,26205.659700972396,26205.946700972454,,,,,,,,,,
nan,pause,26206.51570097257,26206.51470097257,nan,,,,,,,,,,
1.3325206215450227,inhale,26207.565700972784,26206.51570097257,26206.786700972625,,,,,,,,,,
nan,pause,26207.566700972784,26207.565700972784,nan,,,,,,,,,,
-1.3500979988901054,exhale,26208.43670097296,26207.566700972784,26208.116700972896,,,,,,,,,,
nan,pause,26208.43770097296,26208.43670097296,nan,,,,,,,,,,
1.199890089270672,inhale,26209.646700973208,26208.43770097296,26208.616700972998,,,,,,,,,,
nan,pause,26209.647700973208,26209.646700973208,nan,,,,,,,,,,
-1.2562328215706746,exhale,26210.502700973382,26209.647700973208,26210.276700973336,,,,,,,,,,
nan,pause,26210.503700973382,26210.502700973382,nan,,,,,,,,,,
1.6277588505298504,inhale,26211.37470097356,26210.503700973382,26210.78670097344,,,,,,,,,,
nan,pause,26211.37570097356,26211.37470097356,nan,,,,,,,,,,
-1.1164688049196623,exhale,26212.219700973732,26211.37570097356,26211.946700973676,,,,,,,,,,
nan,pause,26212.220700973732,26212.219700973732,nan,,,,,,,,,,
1.711417735995734,inhale,26213.275700973947,26212.220700973732,26212.44670097378,,,,,,,,,,
nan,pause,26213.276700973947,26213.275700973947,nan,,,,,,,,,,
-2.0623789377500152,exhale,26214.107700974117,26213.276700973947,26213.78670097405,,,,,,,,,,
nan,pause,26214.108700974117,26214.107700974117,nan,,,,,,,,,,
2.265179121354952,inhale,26215.187700974337,26214.108700974117,26214.286700974153,,,,,,,,,,
nan,pause,26215.188700974337,26215.187700974337,nan,,,,,,,,,,
-2.0335000000000063,exhale,26216.048700974512,26215.188700974337,26215.45670097439,,,,,,,,,,
nan,pause,26216.049700974512,26216.048700974512,nan,,,,,,,,,,
1.9545996493003535,inhale,26217.081700974722,26216.049700974512,26216.28670097456,,,,,,,,,,
nan,pause,26217.082700974723,26217.081700974722,nan,,,,,,,,,,
-2.3158096739706884,exhale,26217.877700974885,26217.082700974723,26217.446700974797,,,,,,,,,,
nan,pause,26217.878700974885,26217.877700974885,nan,,,,,,,,,,
2.2998935948009405,inhale,26218.83170097508,26217.878700974885,26218.116700974933,,,,,,,,,,
nan,pause,26218.83270097508,26218.83170097508,nan,,,,,,,,,,
-2.399761330606702,exhale,26219.66370097525,26218.83270097508,26219.28670097517,,,,,,,,,,
nan,pause,26219.66470097525,26219.66370097525,nan,,,,,,,,,,
2.0498981884457623,inhale,26220.642700975448,26219.66470097525,26220.11670097534,,,,,,,,,,
nan,pause,26220.643700975448,26220.642700975448,nan,,,,,,,,,,
-2.516791433884205,exhale,26221.455700975614,26220.643700975448,26221.116700975545,,,,,,,,,,
nan,pause,26221.456700975614,26221.455700975614,nan,,,,,,,,,,
2.4331834723265584,inhale,26222.401700975806,26221.456700975614,26221.616700975646,,,,,,,,,,
nan,pause,26222.402700975807,26222.401700975806,nan,,,,,,,,,,
-2.414483831915396,exhale,26223.21070097597,26222.402700975807,26222.946700975917,,,,,,,,,,
nan,pause,26223.21170097597,26223.21070097597,nan,,,,,,,,,,
2.2264990239794002,inhale,26224.17870097617,26223.21170097597,26223.45670097602,,,,,,,,,,
nan,pause,26224.17970097617,26224.17870097617,nan,,,,,,,,,,
-2.500095907122763,exhale,26224.97570097633,26224.17970097617,26224.616700976258,,,,,,,,,,
nan,pause,26224.97670097633,26224.97570097633,nan,,,,,,,,,,
2.46648196931155,inhale,26225.982700976536,26224.97670097633,26225.11670097636,,,,,,,,,,
nan,pause,26225.983700976536,26225.982700976536,nan,,,,,,,,,,
-2.449105584859671,exhale,26226.755700976693,26225.983700976536,26226.44670097663,,,,,,,,,,
nan,pause,26226.756700976694,26226.755700976693,nan,,,,,,,,,,
2.277841630482334,inhale,26227.798700976906,26226.756700976694,26226.956700976734,,,,,,,,,,
nan,pause,26227.799700976906,26227.798700976906,nan,,,,,,,,,,
-2.2667982906219155,exhale,26228.60070097707,26227.799700976906,26228.11670097697,,,,,,,,,,
nan,pause,26228.60170097707,26228.60070097707,nan,,,,,,,,,,
2.1118764066569593,inhale,26229.597700977272,26228.60170097707,26228.94670097714,,,,,,,,,,
nan,pause,26229.598700977273,26229.597700977272,nan,,,,,,,,,,
-2.4282185691137648,exhale,26230.36470097743,26229.598700977273,26229.946700977343,,,,,,,,,,
nan,pause,26230.36570097743,26230.36470097743,nan,,,,,,,,,,
2.349888030741453,inhale,26231.385700977637,26230.36570097743,26230.61670097748,,,,,,,,,,
nan,pause,26231.386700977637,26231.385700977637,nan,,,,,,,,,,
-2.1335000000000064,exhale,26232.218700977806,26231.386700977637,26231.78670097772,,,,,,,,,,
nan,pause,26232.219700977806,26232.218700977806,nan,,,,,,,,,,
2.423494353872848,inhale,26233.27370097802,26232.219700977806,26232.446700977853,,,,,,,,,,
nan,pause,26233.27470097802,26233.27370097802,nan,,,,,,,,,,
-2.228875437771926,exhale,26234.05970097818,26233.27470097802,26233.776700978124,,,,,,,,,,
nan,pause,26234.06070097818,26234.05970097818,nan,,,,,,,,,,
2.1250392843948984,inhale,26235.115700978396,26234.06070097818,26234.286700978228,,,,,,,,,,
nan,pause,26235.116700978397,26235.115700978396,nan,,,,,,,,,,
-2.4474605665285636,exhale,26235.87370097855,26235.116700978397,26235.446700978464,,,,,,,,,,
nan,pause,26235.87470097855,26235.87370097855,nan,,,,,,,,,,
2.549899999999994,inhale,26236.80070097874,26235.87470097855,26236.126700978602,,,,,,,,,,
nan,pause,26236.80170097874,26236.80070097874,nan,,,,,,,,,,
-2.5334980068209894,exhale,26237.568700978896,26236.80170097874,26237.116700978804,,,,,,,,,,
nan,pause,26237.569700978896,26237.568700978896,nan,,,,,,,,,,
2.081500530618924,inhale,26238.639700979114,26237.569700978896,26237.78670097894,,,,,,,,,,
nan,pause,26238.640700979115,26238.639700979114,nan,,,,,,,,,,
-2.2602000725803983,exhale,26239.50770097929,26238.640700979115,26238.946700979177,,,,,,,,,,
nan,pause,26239.50870097929,26239.50770097929,nan,,,,,,,,,,
2.303238832772648,inhale,26240.467700979487,26239.50870097929,26239.786700979348,,,,,,,,,,
nan,pause,26240.468700979487,26240.467700979487,nan,,,,,,,,,,
-2.696701060627054,exhale,26241.199700979636,26240.468700979487,26240.786700979552,,,,,,,,,,
nan,pause,26241.200700979636,26241.199700979636,nan,,,,,,,,,,
2.09989724908557,inhale,26242.215700979843,26241.200700979636,26241.61670097972,,,,,,,,,,
nan,pause,26242.216700979843,26242.215700979843,nan,,,,,,,,,,
-2.315461411935317,exhale,26243.03470098001,26242.216700979843,26242.456700979892,,,,,,,,,,
nan,pause,26243.03570098001,26243.03470098001,nan,,,,,,,,,,
2.344739440107423,inhale,26244.148700980237,26243.03570098001,26243.28670098006,,,,,,,,,,
nan,pause,26244.149700980237,26244.148700980237,nan,,,,,,,,,,
-2.4595380238090634,exhale,26244.99270098041,26244.149700980237,26244.446700980297,,,,,,,,,,
nan,pause,26244.99370098041,26244.99270098041,nan,,,,,,,,,,
2.039017678569954,inhale,26246.006700980615,26244.99370098041,26245.28670098047,,,,,,,,,,
nan,pause,26246.007700980615,26246.006700980615,nan,,,,,,,,,,
-2.5984467884274665,exhale,26246.794700980776,26246.007700980615,26246.446700980705,,,,,,,,,,
nan,pause,26246.795700980776,26246.794700980776,nan,,,,,,,,,,
2.116449557871823,inhale,26247.813700980983,26246.795700980776,26246.95670098081,,,,,,,,,,
nan,pause,26247.814700980984,26247.813700980983,nan,,,,,,,,,,
-2.81679575322859,exhale,26248.571700981138,26247.814700980984,26248.116700981045,,,,,,,,,,
nan,pause,26248.572700981138,26248.571700981138,nan,,,,,,,,,,
2.515177399422262,inhale,26249.500700981327,26248.572700981138,26248.946700981214,,,,,,,,,,
nan,pause,26249.501700981327,26249.500700981327,nan,,,,,,,,,,
-2.149420619795087,exhale,26250.265700981483,26249.501700981327,26249.786700981385,,,,,,,,,,
nan,pause,26250.266700981483,26250.265700981483,nan,,,,,,,,,,
2.011141626653993,inhale,26251.543700981743,26250.266700981483,26250.456700981522,,,,,,,,,,
nan,pause,26251.544700981744,26251.543700981743,nan,,,,,,,,,,
-1.8000960854787247,exhale,26252.436700981925,26251.544700981744,26252.11670098186,,,,,,,,,,
nan,pause,26252.437700981925,26252.436700981925,nan,,,,,,,,,,
1.833184338373269,inhale,26253.83870098221,26252.437700981925,26252.616700981962,,,,,,,,,,
nan,pause,26254.23070098229,26253.83870098221,nan,,,,,,,,,,
-1.3334943006666227,exhale,26255.21570098249,26254.23070098229,26254.61670098237,,,,,,,,,,
nan,pause,26255.21670098249,26255.21570098249,nan,,,,,,,,,,
0.9575867956069617,inhale,26256.750700982804,26255.21670098249,26255.44670098254,,,,,,,,,,
nan,pause,26256.751700982804,26256.750700982804,nan,,,,,,,,,,
-1.0500920808268757,exhale,26257.90370098304,26256.751700982804,26257.11670098288,,,,,,,,,,
nan,pause,26257.90470098304,26257.90370098304,nan,,,,,,,,,,
1.0664949247662583,inhale,26259.150700983293,26257.90470098304,26258.116700983082,,,,,,,,,,
nan,pause,26259.151700983293,26259.150700983293,nan,,,,,,,,,,
-1.3161382750601403,exhale,26260.055700983477,26259.151700983293,26259.77670098342,,,,,,,,,,
nan,pause,26260.056700983478,26260.055700983477,nan,,,,,,,,,,
1.2913985612777317,inhale,26261.158700983702,26260.056700983478,26260.286700983524,,,,,,,,,,
nan,pause,26261.159700983702,26261.158700983702,nan,,,,,,,,,,
-1.8667958878416415,exhale,26262.012700983876,26261.159700983702,26261.616700983795,,,,,,,,,,
nan,pause,26262.013700983876,26262.012700983876,nan,,,,,,,,,,
1.3638593859280472,inhale,26263.051700984088,26262.013700983876,26262.446700983965,,,,,,,,,,
nan,pause,26263.052700984088,26263.051700984088,nan,,,,,,,,,,
-2.6263593614410663,exhale,26263.84270098425,26263.052700984088,26263.286700984136,,,,,,,,,,
nan,pause,26263.84370098425,26263.84270098425,nan,,,,,,,,,,
2.16649104206911,inhale,26264.794700984443,26263.84370098425,26264.116700984305,,,,,,,,,,
nan,pause,26264.795700984443,26264.794700984443,nan,,,,,,,,,,
-2.4500967095772004,exhale,26265.529700984593,26264.795700984443,26265.11670098451,,,,,,,,,,
nan,pause,26265.530700984593,26265.529700984593,nan,,,,,,,,,,
1.5434387412277648,inhale,26266.49370098479,26265.530700984593,26265.786700984645,,,,,,,,,,
nan,pause,26266.49470098479,26266.49370098479,nan,,,,,,,,,,
-2.61000007048379,exhale,26267.208700984935,26266.49470098479,26266.78670098485,,,,,,,,,,
nan,pause,26267.209700984935,26267.208700984935,nan,,,,,,,,,,
1.9958802129666562,inhale,26268.185700985134,26267.209700984935,26267.456700984985,,,,,,,,,,
nan,pause,26268.186700985134,26268.185700985134,nan,,,,,,,,,,
-2.7554119429883355,exhale,26268.938700985287,26268.186700985134,26268.45670098519,,,,,,,,,,
nan,pause,26268.939700985287,26268.938700985287,nan,,,,,,,,,,
1.949885579803247,inhale,26269.963700985496,26268.939700985287,26269.116700985323,,,,,,,,,,
nan,pause,26269.964700985496,26269.963700985496,nan,,,,,,,,,,
-2.3991038924075667,exhale,26270.689700985644,26269.964700985496,26270.446700985594,,,,,,,,,,
nan,pause,26270.690700985644,26270.689700985644,nan,,,,,,,,,,
1.9154799083189942,inhale,26271.65270098584,26270.690700985644,26270.786700985664,,,,,,,,,,
nan,pause,26271.65370098584,26271.65270098584,nan,,,,,,,,,,
-2.6647901062083617,exhale,26272.376700985988,26271.65370098584,26271.956700985902,,,,,,,,,,
nan,pause,26272.377700985988,26272.376700985988,nan,,,,,,,,,,
1.7664921400264784,inhale,26273.353700986187,26272.377700985988,26272.616700986036,,,,,,,,,,
nan,pause,26273.354700986187,26273.353700986187,nan,,,,,,,,,,
-2.7667902172783307,exhale,26274.11070098634,26273.354700986187,26273.61670098624,,,,,,,,,,
nan,pause,26274.11170098634,26274.11070098634,nan,,,,,,,,,,
1.929460343113401,inhale,26275.165700986556,26274.11170098634,26274.286700986377,,,,,,,,,,
nan,pause,26275.166700986556,26275.165700986556,nan,,,,,,,,,,
-2.72345052997243,exhale,26275.97570098672,26275.166700986556,26275.456700986615,,,,,,,,,,
nan,pause,26275.97670098672,26275.97570098672,nan,,,,,,,,,,
1.9498862300048982,inhale,26276.96070098692,26275.97670098672,26276.11670098675,,,,,,,,,,
nan,pause,26276.96170098692,26276.96070098692,nan,,,,,,,,,,
-2.783484008515875,exhale,26277.678700987068,26276.96170098692,26277.116700986953,,,,,,,,,,
nan,pause,26277.679700987068,26277.678700987068,nan,,,,,,,,,,
2.033194075952782,inhale,26278.67170098727,26277.679700987068,26278.116700987157,,,,,,,,,,
nan,pause,26278.67270098727,26278.67170098727,nan,,,,,,,,,,
-2.4607703173418494,exhale,26279.481700987435,26278.67270098727,26278.956700987328,,,,,,,,,,
nan,pause,26279.482700987435,26279.481700987435,nan,,,,,,,,,,
1.8979188444785642,inhale,26280.462700987635,26279.482700987435,26279.776700987495,,,,,,,,,,
nan,pause,26280.463700987635,26280.462700987635,nan,,,,,,,,,,
-2.668971026139749,exhale,26281.198700987785,26280.463700987635,26280.7767009877,,,,,,,,,,
nan,pause,26281.199700987785,26281.198700987785,nan,,,,,,,,,,
2.149894304441893,inhale,26282.129700987975,26281.199700987785,26281.61670098787,,,,,,,,,,
nan,pause,26282.130700987975,26282.129700987975,nan,,,,,,,,,,
-2.465477517745527,exhale,26282.876700988127,26282.130700987975,26282.44670098804,,,,,,,,,,
nan,pause,26282.877700988127,26282.876700988127,nan,,,,,,,,,,
1.6498946914394863,inhale,26283.87970098833,26282.877700988127,26283.116700988176,,,,,,,,,,
nan,pause,26283.88070098833,26283.87970098833,nan,,,,,,,,,,
-2.1834908729230462,exhale,26284.599700988478,26283.88070098833,26284.11670098838,,,,,,,,,,
nan,pause,26284.600700988478,26284.599700988478,nan,,,,,,,,,,
2.4132007215561546,inhale,26285.480700988657,26284.600700988478,26284.94670098855,,,,,,,,,,
nan,pause,26285.481700988657,26285.480700988657,nan,,,,,,,,,,
-2.4667855144021344,exhale,26286.190700988802,26285.481700988657,26285.616700988685,,,,,,,,,,
nan,pause,26286.191700988802,26286.190700988802,nan,,,,,,,,,,
2.557121831433942,inhale,26287.044700988976,26286.191700988802,26286.456700988856,,,,,,,,,,
nan,pause,26287.045700988976,26287.044700988976,nan,,,,,,,,,,
-2.63281857808359,exhale,26287.85170098914,26287.045700988976,26287.286700989025,,,,,,,,,,
nan,pause,26287.85270098914,26287.85170098914,nan,,,,,,,,,,
1.5287789180199711,inhale,26289.204700989416,26287.85270098914,26288.28670098923,,,,,,,,,,
nan,pause,26289.205700989416,26289.204700989416,nan,,,,,,,,,,
-1.683499158714842,exhale,26290.070700989592,26289.205700989416,26289.6167009895,,,,,,,,,,
nan,pause,26290.071700989593,26290.070700989592,nan,,,,,,,,,,
0.7430378625256118,inhale,26291.393700989862,26290.071700989593,26291.28670098984,,,,,,,,,,
nan,pause,26291.82870098995,26291.393700989862,nan,,,,,,,,,,
-1.0589799671020643,exhale,26292.5577009901,26291.82870098995,26292.286700990044,,,,,,,,,,
nan,pause,26292.5587009901,26292.5577009901,nan,,,,,,,,,,
1.298479036614558,inhale,26293.5487009903,26292.5587009901,26292.786700990146,,,,,,,,,,
nan,pause,26293.5497009903,26293.5487009903,nan,,,,,,,,,,
-1.1154391958227041,exhale,26294.5287009905,26293.5497009903,26293.78670099035,,,,,,,,,,
nan,pause,26294.5297009905,26294.5287009905,nan,,,,,,,,,,
1.8450780439016714,inhale,26295.530700990705,26294.5297009905,26294.786700990553,,,,,,,,,,
nan,pause,26295.531700990705,26295.530700990705,nan,,,,,,,,,,
-1.42920781207896,exhale,26296.33670099087,26295.531700990705,26295.94670099079,,,,,,,,,,
nan,pause,26296.33770099087,26296.33670099087,nan,,,,,,,,,,
1.5104703140421225,inhale,26297.32770099107,26296.33770099087,26296.956700990995,,,,,,,,,,
nan,pause,26297.32870099107,26297.32770099107,nan,,,,,,,,,,
-2.0500946404479152,exhale,26298.15970099124,26297.32870099107,26297.61670099113,,,,,,,,,,
nan,pause,26298.16070099124,26298.15970099124,nan,,,,,,,,,,
0.8998981154756037,inhale,26299.165700991445,26298.16070099124,26298.616700991333,,,,,,,,,,
nan,pause,26299.166700991445,26299.165700991445,nan,,,,,,,,,,
-1.909537161817592,exhale,26299.908700991597,26299.166700991445,26299.446700991502,,,,,,,,,,
nan,pause,26299.909700991597,26299.908700991597,nan,,,,,,,,,,
1.649888822663087,inhale,26300.819700991782,26299.909700991597,26300.11670099164,,,,,,,,,,
nan,pause,26300.820700991782,26300.819700991782,nan,,,,,,,,,,
-1.1000922554116972,exhale,26301.419700991904,26300.820700991782,26301.116700991843,,,,,,,,,,
nan,pause,26301.98070099202,26301.419700991904,nan,,,,,,,,,,
-0.7500877404844889,exhale,26302.47370099212,26301.98070099202,26302.116700992046,,,,,,,,,,
nan,pause,26313.447700994355,26302.47370099212,nan,,,,,,,,,,
1.9998696675245613,inhale,26313.893700994446,26313.447700994355,26313.61670099439,,,,,,,,,,
nan,pause,26313.894700994446,26313.893700994446,nan,,,,,,,,,,
-1.1302883610034864,exhale,26314.424700994554,26313.894700994446,26314.276700994524,,,,,,,,,,
nan,pause,26316.345700994945,26314.424700994554,nan,,,,,,,,,,
-0.33348834062199817,exhale,26316.672700995012,26316.345700994945,26316.616700995,,,,,,,,,,
nan,pause,26316.673700995012,26316.672700995012,nan,,,,,,,,,,
0.6492185768794264,inhale,26318.18670099532,26316.673700995012,26316.786700995035,,,,,,,,,,
nan,pause,26316.673700995012,26318.18670099532,nan,,,,,,,,,,
0.3612211110062238,inhale,26318.18670099532,26316.673700995012,26317.94670099527,,,,,,,,,,
nan,pause,26318.18770099532,26318.18670099532,nan,,,,,,,,,,
-1.0467968732087456,exhale,26318.97170099548,26318.18770099532,26318.77670099544,,,,,,,,,,
nan,pause,26318.97270099548,26318.97170099548,nan,,,,,,,,,,
0.8831904289727402,inhale,26320.164700995723,26318.97270099548,26319.11670099551,,,,,,,,,,
nan,pause,26320.165700995723,26320.164700995723,nan,,,,,,,,,,
-1.2668000000000064,exhale,26320.875700995868,26320.165700995723,26320.456700995783,,,,,,,,,,
nan,pause,26320.87670099587,26320.875700995868,nan,,,,,,,,,,
1.7998905518769124,inhale,26322.039700996105,26320.87670099587,26321.116700995917,,,,,,,,,,
nan,pause,26322.040700996105,26322.039700996105,nan,,,,,,,,,,
-3.0000632073878735,exhale,26322.762700996253,26322.040700996105,26322.616700996223,,,,,,,,,,
nan,pause,26322.763700996253,26322.762700996253,nan,,,,,,,,,,
3.98317580658735,inhale,26323.963700996497,26322.763700996253,26323.116700996325,,,,,,,,,,
nan,pause,26323.964700996497,26323.963700996497,nan,,,,,,,,,,
-7.79295933534888,exhale,26324.65970099664,26323.964700996497,26324.286700996563,,,,,,,,,,
nan,pause,26324.66070099664,26324.65970099664,nan,,,,,,,,,,
5.049158385327859,inhale,26325.88570099689,26324.66070099664,26324.786700996665,,,,,,,,,,
nan,pause,26325.88670099689,26325.88570099689,nan,,,,,,,,,,
-7.566767381169655,exhale,26326.57170099703,26325.88670099689,26326.116700996936,,,,,,,,,,
nan,pause,26326.57270099703,26326.57170099703,nan,,,,,,,,,,
7.154334391942518,inhale,26327.65570099725,26326.57270099703,26326.786700997072,,,,,,,,,,
nan,pause,26327.65670099725,26327.65570099725,nan,,,,,,,,,,
-7.649338217611098,exhale,26328.377700997396,26327.65670099725,26327.94670099731,,,,,,,,,,
nan,pause,26328.378700997397,26328.377700997396,nan,,,,,,,,,,
5.249871251179714,inhale,26329.444700997614,26328.378700997397,26328.616700997445,,,,,,,,,,
nan,pause,26329.445700997614,26329.444700997614,nan,,,,,,,,,,
-9.181138350324801,exhale,26330.16070099776,26329.445700997614,26329.77670099768,,,,,,,,,,
nan,pause,26330.16170099776,26330.16070099776,nan,,,,,,,,,,
7.127907619453345,inhale,26331.332700998,26330.16170099776,26330.94670099792,,,,,,,,,,
nan,pause,26331.333700998,26331.332700998,nan,,,,,,,,,,
-10.18344013833313,exhale,26332.113700998158,26331.333700998,26331.616700998056,,,,,,,,,,
nan,pause,26332.114700998158,26332.113700998158,nan,,,,,,,,,,
7.578417797070966,inhale,26333.316700998403,26332.114700998158,26332.286700998193,,,,,,,,,,
nan,pause,26333.317700998403,26333.316700998403,nan,,,,,,,,,,
-10.972551555729487,exhale,26334.08270099856,26333.317700998403,26333.776700998496,,,,,,,,,,
nan,pause,26334.08370099856,26334.08270099856,nan,,,,,,,,,,
6.238957419847077,inhale,26335.35870099882,26334.08370099856,26334.2867009986,,,,,,,,,,
nan,pause,26335.35970099882,26335.35870099882,nan,,,,,,,,,,
-11.333459865351587,exhale,26336.077700998965,26335.35970099882,26335.61670099887,,,,,,,,,,
nan,pause,26336.078700998965,26336.077700998965,nan,,,,,,,,,,
7.656715269337633,inhale,26337.368700999228,26336.078700998965,26336.286700999008,,,,,,,,,,
nan,pause,26337.36970099923,26337.368700999228,nan,,,,,,,,,,
-9.502212896948354,exhale,26338.11270099938,26337.36970099923,26337.946700999346,,,,,,,,,,
nan,pause,26338.11370099938,26338.11270099938,nan,,,,,,,,,,
6.49273687977338,inhale,26339.946700999753,26338.11370099938,26338.286700999415,,,,,,,,,,
nan,pause,26339.947700999754,26339.946700999753,nan,,,,,,,,,,
-11.663090927398793,exhale,26340.789700999925,26339.947700999754,26340.286700999823,,,,,,,,,,
nan,pause,26340.790700999925,26340.789700999925,nan,,,,,,,,,,
7.878210957852552,inhale,26342.47770100027,26340.790700999925,26340.95670099996,,,,,,,,,,
nan,pause,26342.47870100027,26342.47770100027,nan,,,,,,,,,,
-10.266786920782513,exhale,26343.432701000464,26342.47870100027,26343.1167010004,,,,,,,,,,
nan,pause,26343.433701000464,26343.432701000464,nan,,,,,,,,,,
5.599873800213792,inhale,26345.32470100085,26343.433701000464,26343.6167010005,,,,,,,,,,
nan,pause,26345.32570100085,26345.32470100085,nan,,,,,,,,,,
-12.75424123017342,exhale,26346.21770100103,26345.32570100085,26345.946701000976,,,,,,,,,,
nan,pause,26346.21870100103,26346.21770100103,nan,,,,,,,,,,
8.781702803401467,inhale,26347.796701001353,26346.21870100103,26346.446701001078,,,,,,,,,,
nan,pause,26347.797701001353,26347.796701001353,nan,,,,,,,,,,
-15.63455064758004,exhale,26348.586701001514,26347.797701001353,26348.286701001452,,,,,,,,,,
nan,pause,26348.587701001514,26348.586701001514,nan,,,,,,,,,,
5.031197551736047,inhale,26350.113701001825,26348.587701001514,26348.786701001554,,,,,,,,,,
nan,pause,26350.114701001825,26350.113701001825,nan,,,,,,,,,,
-14.589282231054064,exhale,26350.78370100196,26350.114701001825,26350.456701001895,,,,,,,,,,
nan,pause,26350.78470100196,26350.78370100196,nan,,,,,,,,,,
8.901688313241594,inhale,26352.043701002218,26350.78470100196,26350.956701001996,,,,,,,,,,
nan,pause,26352.044701002218,26352.043701002218,nan,,,,,,,,,,
-13.72295832110395,exhale,26352.74870100236,26352.044701002218,26352.286701002267,,,,,,,,,,
nan,pause,26352.74970100236,26352.74870100236,nan,,,,,,,,,,
9.002753554242036,inhale,26353.9137010026,26352.74970100236,26352.956701002404,,,,,,,,,,
nan,pause,26353.9147010026,26353.9137010026,nan,,,,,,,,,,
-13.008401458053523,exhale,26354.59870100274,26353.9147010026,26354.276701002673,,,,,,,,,,
nan,pause,26354.59970100274,26354.59870100274,nan,,,,,,,,,,
10.381831964447246,inhale,26355.78870100298,26354.59970100274,26354.786701002777,,,,,,,,,,
nan,pause,26355.78970100298,26355.78870100298,nan,,,,,,,,,,
-16.166746121011915,exhale,26356.448701003115,26355.78970100298,26356.116701003048,,,,,,,,,,
nan,pause,26356.449701003115,26356.448701003115,nan,,,,,,,,,,
7.38315362100822,inhale,26357.663701003363,26356.449701003115,26356.61670100315,,,,,,,,,,
nan,pause,26357.664701003363,26357.663701003363,nan,,,,,,,,,,
-16.126107066727812,exhale,26358.370701003507,26357.664701003363,26357.956701003422,,,,,,,,,,
nan,pause,26358.371701003507,26358.370701003507,nan,,,,,,,,,,
7.316469769291625,inhale,26359.549701003747,26358.371701003507,26358.616701003557,,,,,,,,,,
nan,pause,26359.550701003747,26359.549701003747,nan,,,,,,,,,,
-15.534100604347927,exhale,26360.25870100389,26359.550701003747,26359.946701003828,,,,,,,,,,
nan,pause,26360.25970100389,26360.25870100389,nan,,,,,,,,,,
11.912878512074862,inhale,26361.441701004132,26360.25970100389,26360.44670100393,,,,,,,,,,
nan,pause,26361.442701004133,26361.441701004132,nan,,,,,,,,,,
-17.762371637219886,exhale,26362.190701004285,26361.442701004133,26361.786701004203,,,,,,,,,,
nan,pause,26362.191701004285,26362.190701004285,nan,,,,,,,,,,
7.701832352795929,inhale,26363.49470100455,26362.191701004285,26362.446701004337,,,,,,,,,,
nan,pause,26363.49570100455,26363.49470100455,nan,,,,,,,,,,
-13.6335152291718,exhale,26364.250701004705,26363.49570100455,26363.78670100461,,,,,,,,,,
nan,pause,26364.251701004705,26364.250701004705,nan,,,,,,,,,,
9.732045438675227,inhale,26365.49470100496,26364.251701004705,26364.446701004745,,,,,,,,,,
nan,pause,26365.49570100496,26365.49470100496,nan,,,,,,,,,,
-15.800478440223165,exhale,26366.23670100511,26365.49570100496,26365.786701005018,,,,,,,,,,
nan,pause,26366.23770100511,26366.23670100511,nan,,,,,,,,,,
8.159474102065074,inhale,26367.497701005366,26366.23770100511,26366.446701005152,,,,,,,,,,
nan,pause,26367.498701005366,26367.497701005366,nan,,,,,,,,,,
-15.746034826762003,exhale,26368.24970100552,26367.498701005366,26367.786701005425,,,,,,,,,,
nan,pause,26368.25070100552,26368.24970100552,nan,,,,,,,,,,
9.559637066893599,inhale,26369.563701005787,26368.25070100552,26368.44670100556,,,,,,,,,,
nan,pause,26369.564701005787,26369.563701005787,nan,,,,,,,,,,
-15.595481866441947,exhale,26370.301701005938,26369.564701005787,26369.946701005865,,,,,,,,,,
nan,pause,26370.302701005938,26370.301701005938,nan,,,,,,,,,,
12.21352481316683,inhale,26371.383701006158,26370.302701005938,26370.45670100597,,,,,,,,,,
nan,pause,26371.384701006158,26371.383701006158,nan,,,,,,,,,,
-18.6000170413916,exhale,26372.092701006302,26371.384701006158,26371.616701006205,,,,,,,,,,
nan,pause,26372.093701006303,26372.092701006302,nan,,,,,,,,,,
7.940318167728745,inhale,26373.392701006567,26372.093701006303,26372.286701006342,,,,,,,,,,
nan,pause,26373.393701006567,26373.392701006567,nan,,,,,,,,,,
-13.757975030179471,exhale,26374.165701006725,26373.393701006567,26373.786701006647,,,,,,,,,,
nan,pause,26374.166701006725,26374.165701006725,nan,,,,,,,,,,
7.973152912051614,inhale,26375.747701007047,26374.166701006725,26374.446701006782,,,,,,,,,,
nan,pause,26375.748701007047,26375.747701007047,nan,,,,,,,,,,
-18.55002287513219,exhale,26376.54370100721,26375.748701007047,26376.116701007122,,,,,,,,,,
nan,pause,26376.54470100721,26376.54370100721,nan,,,,,,,,,,
6.233177473563689,inhale,26378.328701007573,26376.54470100721,26376.78670100726,,,,,,,,,,
nan,pause,26378.329701007573,26378.328701007573,nan,,,,,,,,,,
-14.250026613941701,exhale,26379.20170100775,26378.329701007573,26378.61670100763,,,,,,,,,,
nan,pause,26379.20270100775,26379.20170100775,nan,,,,,,,,,,
6.370509407915982,inhale,26380.952701008107,26379.20270100775,26379.4467010078,,,,,,,,,,
nan,pause,26380.953701008108,26380.952701008107,nan,,,,,,,,,,
-15.529735743528377,exhale,26381.85670100829,26380.953701008108,26381.286701008175,,,,,,,,,,
nan,pause,26381.85770100829,26381.85670100829,nan,,,,,,,,,,
7.233151603364798,inhale,26383.310701008588,26381.85770100829,26382.116701008345,,,,,,,,,,
nan,pause,26383.311701008588,26383.310701008588,nan,,,,,,,,,,
-17.550027840123775,exhale,26384.089701008746,26383.311701008588,26383.61670100865,,,,,,,,,,
nan,pause,26384.090701008747,26384.089701008746,nan,,,,,,,,,,
8.789032755750057,inhale,26385.504701009035,26384.090701008747,26384.286701008787,,,,,,,,,,
nan,pause,26385.505701009035,26385.504701009035,nan,,,,,,,,,,
-16.614118302876822,exhale,26386.250701009187,26385.505701009035,26385.946701009125,,,,,,,,,,
nan,pause,26386.251701009187,26386.250701009187,nan,,,,,,,,,,
8.923624796384797,inhale,26387.578701009457,26386.251701009187,26386.45670100923,,,,,,,,,,
nan,pause,26387.579701009457,26387.578701009457,nan,,,,,,,,,,
-16.28514786396911,exhale,26388.33170100961,26387.579701009457,26387.946701009532,,,,,,,,,,
nan,pause,26388.33270100961,26388.33170100961,nan,,,,,,,,,,
8.749864200011862,inhale,26389.567701009863,26388.33270100961,26388.61670100967,,,,,,,,,,
nan,pause,26389.568701009863,26389.567701009863,nan,,,,,,,,,,
-12.787179426666473,exhale,26390.277701010007,26389.568701009863,26389.786701009907,,,,,,,,,,
nan,pause,26390.278701010007,26390.277701010007,nan,,,,,,,,,,
6.3472187920223915,inhale,26391.488701010254,26390.278701010007,26390.456701010044,,,,,,,,,,
nan,pause,26391.489701010254,26391.488701010254,nan,,,,,,,,,,
-11.881437245472851,exhale,26392.25570101041,26391.489701010254,26391.786701010315,,,,,,,,,,
nan,pause,26392.25670101041,26392.25570101041,nan,,,,,,,,,,
5.233197452395076,inhale,26393.553701010675,26392.25670101041,26392.616701010484,,,,,,,,,,
nan,pause,26393.554701010675,26393.553701010675,nan,,,,,,,,,,
-10.628414643361163,exhale,26394.32470101083,26393.554701010675,26393.786701010722,,,,,,,,,,
nan,pause,26394.325701010832,26394.32470101083,nan,,,,,,,,,,
7.63315494455226,inhale,26395.485701011068,26394.325701010832,26394.61670101089,,,,,,,,,,
nan,pause,26395.48670101107,26395.485701011068,nan,,,,,,,,,,
-6.857316090674081,exhale,26396.268701011228,26395.48670101107,26395.78670101113,,,,,,,,,,
nan,pause,26396.269701011228,26396.268701011228,nan,,,,,,,,,,
4.966487350637471,inhale,26397.391701011456,26396.269701011228,26396.6167010113,,,,,,,,,,
nan,pause,26397.392701011457,26397.391701011456,nan,,,,,,,,,,
-6.633456725049281,exhale,26398.162701011614,26397.392701011457,26397.616701011502,,,,,,,,,,
nan,pause,26398.163701011614,26398.162701011614,nan,,,,,,,,,,
4.9499942544856275,inhale,26399.26870101184,26398.163701011614,26398.44670101167,,,,,,,,,,
nan,pause,26399.26970101184,26399.26870101184,nan,,,,,,,,,,
-5.719233669145312,exhale,26400.036701011995,26399.26970101184,26399.456701011877,,,,,,,,,,
nan,pause,26400.037701011996,26400.036701011995,nan,,,,,,,,,,
4.813855800938408,inhale,26401.302701012253,26400.037701011996,26400.286701012046,,,,,,,,,,
nan,pause,26401.303701012253,26401.302701012253,nan,,,,,,,,,,
-3.2980395774869464,exhale,26402.103701012416,26401.303701012253,26401.456701012285,,,,,,,,,,
nan,pause,26402.104701012417,26402.103701012416,nan,,,,,,,,,,
4.114842777389442,inhale,26403.15470101263,26402.104701012417,26402.446701012486,,,,,,,,,,
nan,pause,26403.15570101263,26403.15470101263,nan,,,,,,,,,,
-2.7341191168853634,exhale,26403.9807010128,26403.15570101263,26403.286701012657,,,,,,,,,,
nan,pause,26403.9817010128,26403.9807010128,nan,,,,,,,,,,
3.728108234111103,inhale,26405.01270101301,26403.9817010128,26404.27670101286,,,,,,,,,,
nan,pause,26405.01370101301,26405.01270101301,nan,,,,,,,,,,
-2.2000769008528347,exhale,26405.835701013177,26405.01370101301,26405.11670101303,,,,,,,,,,
nan,pause,26405.836701013177,26405.835701013177,nan,,,,,,,,,,
3.133188749655337,inhale,26406.900701013394,26405.836701013177,26406.616701013336,,,,,,,,,,
nan,pause,26406.901701013394,26406.900701013394,nan,,,,,,,,,,
-2.0167924944891937,exhale,26407.71870101356,26406.901701013394,26407.116701013438,,,,,,,,,,
nan,pause,26407.71970101356,26407.71870101356,nan,,,,,,,,,,
2.9628672873477404,inhale,26408.737701013768,26407.71970101356,26408.44670101371,,,,,,,,,,
nan,pause,26408.738701013768,26408.737701013768,nan,,,,,,,,,,
-2.0846920900173553,exhale,26409.57570101394,26408.738701013768,26408.956701013813,,,,,,,,,,
nan,pause,26409.57670101394,26409.57570101394,nan,,,,,,,,,,
3.7376587979034883,inhale,26411.083701014246,26409.57670101394,26409.78670101398,,,,,,,,,,
nan,pause,26411.084701014246,26411.083701014246,nan,,,,,,,,,,
-4.177657794139921,exhale,26412.060701014445,26411.084701014246,26411.286701014287,,,,,,,,,,
nan,pause,26412.061701014445,26412.060701014445,nan,,,,,,,,,,
3.4923583056500096,inhale,26413.333701014704,26412.061701014445,26412.28670101449,,,,,,,,,,
nan,pause,26413.334701014704,26413.333701014704,nan,,,,,,,,,,
-2.50009505782034,exhale,26414.2927010149,26413.334701014704,26413.616701014762,,,,,,,,,,
nan,pause,26414.2937010149,26414.2927010149,nan,,,,,,,,,,
2.702430682505421,inhale,26415.342701015114,26414.2937010149,26414.456701014933,,,,,,,,,,
nan,pause,26415.343701015114,26415.342701015114,nan,,,,,,,,,,
-2.016467807358279,exhale,26416.2647010153,26415.343701015114,26415.946701015237,,,,,,,,,,
nan,pause,26416.2657010153,26416.2647010153,nan,,,,,,,,,,
2.213100973785631,inhale,26417.405701015534,26416.2657010153,26416.45670101534,,,,,,,,,,
nan,pause,26417.406701015534,26417.405701015534,nan,,,,,,,,,,
-1.7456809239254845,exhale,26418.246701015705,26417.406701015534,26417.78670101561,,,,,,,,,,
nan,pause,26418.247701015705,26418.246701015705,nan,,,,,,,,,,
2.2531019883108363,inhale,26419.173701015894,26418.247701015705,26418.456701015748,,,,,,,,,,
nan,pause,26419.174701015894,26419.173701015894,nan,,,,,,,,,,
-1.9679879281821586,exhale,26420.09070101608,26419.174701015894,26419.44670101595,,,,,,,,,,
nan,pause,26420.09170101608,26420.09070101608,nan,,,,,,,,,,
2.1893582781641436,inhale,26421.143701016295,26420.09170101608,26420.28670101612,,,,,,,,,,
nan,pause,26421.144701016296,26421.143701016295,nan,,,,,,,,,,
-1.5168000000000064,exhale,26422.09570101649,26421.144701016296,26421.626701016394,,,,,,,,,,
nan,pause,26422.09670101649,26422.09570101649,nan,,,,,,,,,,
1.6580005189801488,inhale,26423.157701016706,26422.09670101649,26422.28670101653,,,,,,,,,,
nan,pause,26423.158701016706,26423.157701016706,nan,,,,,,,,,,
-1.5967515015200773,exhale,26424.027701016883,26423.158701016706,26423.456701016767,,,,,,,,,,
nan,pause,26424.028701016883,26424.027701016883,nan,,,,,,,,,,
3.0475404007482005,inhale,26424.601701017,26424.028701016883,26424.44670101697,,,,,,,,,,
nan,pause,26424.931701017067,26424.601701017,nan,,,,,,,,,,
-0.7310587924595724,exhale,26425.416701017166,26424.931701017067,26425.28670101714,,,,,,,,,,
nan,pause,26427.811701017654,26425.416701017166,nan,,,,,,,,,,
0.9291801932905814,inhale,26429.034701017903,26427.811701017654,26428.456701017785,,,,,,,,,,
nan,pause,26429.035701017903,26429.034701017903,nan,,,,,,,,,,
-1.0304396959011892,exhale,26429.9937010181,26429.035701017903,26429.286701017954,,,,,,,,,,
nan,pause,26429.9947010181,26429.9937010181,nan,,,,,,,,,,
0.866491049054919,inhale,26431.199701018344,26429.9947010181,26430.116701018123,,,,,,,,,,
nan,pause,26432.093701018526,26431.199701018344,nan,,,,,,,,,,
0.34581959380163446,inhale,26433.39370101879,26432.093701018526,26432.286701018566,,,,,,,,,,
nan,pause,26452.367701022657,26433.39370101879,nan,,,,,,,,,,
0.5661613258696436,inhale,26453.22170102283,26452.367701022657,26452.786701022742,,,,,,,,,,
nan,pause,26454.041701022998,26453.22170102283,nan,,,,,,,,,,
0.4985391827395072,inhale,26455.115701023216,26454.041701022998,26454.286701023047,,,,,,,,,,
nan,pause,26457.999701023804,26455.115701023216,nan,,,,,,,,,,
0.5825395268226349,inhale,26459.01570102401,26457.999701023804,26458.446701023895,,,,,,,,,,
nan,pause,26459.01670102401,26459.01570102401,nan,,,,,,,,,,
-0.31679910716253856,exhale,26459.865701024184,26459.01670102401,26459.616701024133,,,,,,,,,,
nan,pause,26459.866701024184,26459.865701024184,nan,,,,,,,,,,
0.7331963861873106,inhale,26460.96670102441,26459.866701024184,26460.116701024235,,,,,,,,,,
nan,pause,26460.96770102441,26460.96670102441,nan,,,,,,,,,,
-0.5834942993728561,exhale,26461.80470102458,26460.96770102441,26461.11670102444,,,,,,,,,,
nan,pause,26461.80570102458,26461.80470102458,nan,,,,,,,,,,
0.563822806004861,inhale,26462.925701024807,26461.80570102458,26461.95670102461,,,,,,,,,,
nan,pause,26462.926701024808,26462.925701024807,nan,,,,,,,,,,
-0.38247989655613607,exhale,26463.833701024992,26462.926701024808,26463.28670102488,,,,,,,,,,
nan,pause,26463.834701024993,26463.833701024992,nan,,,,,,,,,,
0.5164982138253611,inhale,26464.959701025222,26463.834701024993,26464.11670102505,,,,,,,,,,
nan,pause,26464.960701025222,26464.959701025222,nan,,,,,,,,,,
-0.4167970917254706,exhale,26465.816701025396,26464.960701025222,26465.616701025356,,,,,,,,,,
nan,pause,26465.817701025397,26465.816701025396,nan,,,,,,,,,,
0.6478900943538192,inhale,26466.849701025607,26465.817701025397,26465.956701025425,,,,,,,,,,
nan,pause,26466.850701025607,26466.849701025607,nan,,,,,,,,,,
-0.3994206109436028,exhale,26467.674701025775,26466.850701025607,26467.286701025696,,,,,,,,,,
nan,pause,26467.675701025775,26467.674701025775,nan,,,,,,,,,,
0.4822091562576705,inhale,26468.845701026014,26467.675701025775,26467.94670102583,,,,,,,,,,
nan,pause,26468.846701026014,26468.845701026014,nan,,,,,,,,,,
-0.38316889477264987,exhale,26469.674701026182,26468.846701026014,26469.446701026136,,,,,,,,,,
nan,pause,26469.675701026183,26469.674701026182,nan,,,,,,,,,,
0.6322091558439777,inhale,26470.70170102639,26469.675701026183,26469.946701026238,,,,,,,,,,
nan,pause,26470.702701026392,26470.70170102639,nan,,,,,,,,,,
-0.5328286914121373,exhale,26471.52670102656,26470.702701026392,26470.956701026444,,,,,,,,,,
nan,pause,26471.52770102656,26471.52670102656,nan,,,,,,,,,,
0.34989648798680395,inhale,26473.09770102688,26471.52770102656,26471.616701026578,,,,,,,,,,
nan,pause,26471.52770102656,26473.09770102688,nan,,,,,,,,,,
0.2992379570921376,inhale,26473.09770102688,26471.52770102656,26472.276701026713,,,,,,,,,,
nan,pause,26473.09870102688,26473.09770102688,nan,,,,,,,,,,
-0.7335000000000064,exhale,26474.144701027093,26473.09870102688,26473.626701026988,,,,,,,,,,
nan,pause,26474.145701027093,26474.144701027093,nan,,,,,,,,,,
0.7158206106587148,inhale,26476.178701027507,26474.145701027093,26474.286701027122,,,,,,,,,,
nan,pause,26476.179701027508,26476.178701027507,nan,,,,,,,,,,
-0.9754603748488636,exhale,26477.258701027728,26476.179701027508,26476.456701027564,,,,,,,,,,
nan,pause,26477.259701027728,26477.258701027728,nan,,,,,,,,,,
0.6598029920454873,inhale,26478.98770102808,26477.259701027728,26477.456701027768,,,,,,,,,,
nan,pause,26478.98870102808,26478.98770102808,nan,,,,,,,,,,
-1.166789510751617,exhale,26479.851701028256,26478.98870102808,26479.616701028208,,,,,,,,,,
nan,pause,26479.852701028256,26479.851701028256,nan,,,,,,,,,,
0.5371692522185045,inhale,26480.46770102838,26479.852701028256,26479.956701028277,,,,,,,,,,
nan,pause,26480.46870102838,26480.46770102838,nan,,,,,,,,,,
-0.6688778219074794,exhale,26480.941701028478,26480.46870102838,26480.786701028446,,,,,,,,,,
nan,pause,26511.005701034603,26480.941701028478,nan,,,,,,,,,,
-0.8841190134987109,exhale,26511.555701034715,26511.005701034603,26511.28670103466,,,,,,,,,,
nan,pause,26527.793701038023,26511.555701034715,nan,,,,,,,,,,
-4.733464059826517,exhale,26528.476701038162,26527.793701038023,26528.11670103809,,,,,,,,,,
nan,pause,26528.477701038162,26528.476701038162,nan,,,,,,,,,,
2.2664812268790913,inhale,26530.03770103848,26528.477701038162,26528.61670103819,,,,,,,,,,
nan,pause,26530.03870103848,26530.03770103848,nan,,,,,,,,,,
-3.93999986556028,exhale,26530.999701038676,26530.03870103848,26530.456701038565,,,,,,,,,,
nan,pause,26531.000701038676,26530.999701038676,nan,,,,,,,,,,
2.6664811335284373,inhale,26532.525701038987,26531.000701038676,26531.1167010387,,,,,,,,,,
nan,pause,26532.526701038987,26532.525701038987,nan,,,,,,,,,,
-4.949172982775586,exhale,26533.37570103916,26532.526701038987,26532.946701039073,,,,,,,,,,
nan,pause,26533.37670103916,26533.37570103916,nan,,,,,,,,,,
3.4998783358650956,inhale,26534.635701039417,26533.37670103916,26533.61670103921,,,,,,,,,,
nan,pause,26534.636701039417,26534.635701039417,nan,,,,,,,,,,
-4.8834841820969865,exhale,26535.43670103958,26534.636701039417,26535.116701039515,,,,,,,,,,
nan,pause,26535.43770103958,26535.43670103958,nan,,,,,,,,,,
2.8664804507007693,inhale,26536.977701039894,26535.43770103958,26535.616701039617,,,,,,,,,,
nan,pause,26536.978701039894,26536.977701039894,nan,,,,,,,,,,
-3.7905277529809682,exhale,26537.832701040068,26536.978701039894,26537.44670103999,,,,,,,,,,
nan,pause,26537.83370104007,26537.832701040068,nan,,,,,,,,,,
2.224489049861524,inhale,26539.191701040345,26537.83370104007,26537.956701040093,,,,,,,,,,
nan,pause,26539.192701040345,26539.191701040345,nan,,,,,,,,,,
-3.5821687672243936,exhale,26540.00570104051,26539.192701040345,26539.776701040464,,,,,,,,,,
nan,pause,26540.00670104051,26540.00570104051,nan,,,,,,,,,,
2.8164750718129175,inhale,26541.342701040783,26540.00670104051,26540.116701040533,,,,,,,,,,
nan,pause,26541.343701040783,26541.342701040783,nan,,,,,,,,,,
-4.575278726287844,exhale,26542.138701040945,26541.343701040783,26541.786701040874,,,,,,,,,,
nan,pause,26542.139701040946,26542.138701040945,nan,,,,,,,,,,
3.0716380928538696,inhale,26543.403701041203,26542.139701040946,26542.286701040975,,,,,,,,,,
nan,pause,26543.404701041203,26543.403701041203,nan,,,,,,,,,,
-3.713739674911339,exhale,26544.194701041364,26543.404701041203,26543.78670104128,,,,,,,,,,
nan,pause,26544.195701041364,26544.194701041364,nan,,,,,,,,,,
2.8772507306965105,inhale,26545.55570104164,26544.195701041364,26544.446701041416,,,,,,,,,,
nan,pause,26545.55670104164,26545.55570104164,nan,,,,,,,,,,
-4.70128657097795,exhale,26546.373701041808,26545.55670104164,26545.94670104172,,,,,,,,,,
nan,pause,26546.37470104181,26546.373701041808,nan,,,,,,,,,,
2.8331859108219586,inhale,26547.61570104206,26546.37470104181,26546.616701041858,,,,,,,,,,
nan,pause,26547.61670104206,26547.61570104206,nan,,,,,,,,,,
-4.233493240118685,exhale,26548.426701042226,26547.61670104206,26548.116701042163,,,,,,,,,,
nan,pause,26548.427701042227,26548.426701042226,nan,,,,,,,,,,
3.54987069717882,inhale,26549.67770104248,26548.427701042227,26548.616701042265,,,,,,,,,,
nan,pause,26549.67870104248,26549.67770104248,nan,,,,,,,,,,
-5.516784477962991,exhale,26550.484701042646,26549.67870104248,26550.11670104257,,,,,,,,,,
nan,pause,26550.485701042646,26550.484701042646,nan,,,,,,,,,,
3.7498738668040157,inhale,26551.670701042887,26550.485701042646,26550.616701042673,,,,,,,,,,
nan,pause,26551.671701042887,26551.670701042887,nan,,,,,,,,,,
-5.783488011584597,exhale,26552.42470104304,26551.671701042887,26552.116701042978,,,,,,,,,,
nan,pause,26552.42570104304,26552.42470104304,nan,,,,,,,,,,
4.383169752768254,inhale,26553.637701043288,26552.42570104304,26552.61670104308,,,,,,,,,,
nan,pause,26553.638701043288,26553.637701043288,nan,,,,,,,,,,
-5.750087707375757,exhale,26554.415701043446,26553.638701043288,26554.116701043386,,,,,,,,,,
nan,pause,26554.416701043447,26554.415701043446,nan,,,,,,,,,,
4.483170143344297,inhale,26555.776701043724,26554.416701043447,26554.616701043487,,,,,,,,,,
nan,pause,26555.777701043724,26555.776701043724,nan,,,,,,,,,,
-6.916776782273091,exhale,26556.559701043883,26555.777701043724,26556.116701043793,,,,,,,,,,
nan,pause,26556.560701043883,26556.559701043883,nan,,,,,,,,,,
5.382896820566705,inhale,26557.805701044137,26556.560701043883,26556.78670104393,,,,,,,,,,
nan,pause,26557.806701044137,26557.805701044137,nan,,,,,,,,,,
-6.733479107271647,exhale,26558.713701044322,26557.806701044137,26558.1167010442,,,,,,,,,,
nan,pause,26558.714701044322,26558.713701044322,nan,,,,,,,,,,
5.1443403743647975,inhale,26560.12070104461,26558.714701044322,26558.95670104437,,,,,,,,,,
nan,pause,26560.12170104461,26560.12070104461,nan,,,,,,,,,,
-6.914592904842365,exhale,26560.96070104478,26560.12170104461,26560.456701044677,,,,,,,,,,
nan,pause,26560.96170104478,26560.96070104478,nan,,,,,,,,,,
6.949842310306704,inhale,26562.18570104503,26560.96170104478,26561.11670104481,,,,,,,,,,
nan,pause,26562.18670104503,26562.18570104503,nan,,,,,,,,,,
-8.03347317910754,exhale,26562.947701045185,26562.18670104503,26562.616701045117,,,,,,,,,,
nan,pause,26562.948701045185,26562.947701045185,nan,,,,,,,,,,
4.515838231252542,inhale,26564.232701045446,26562.948701045185,26563.27670104525,,,,,,,,,,
nan,pause,26564.233701045447,26564.232701045446,nan,,,,,,,,,,
-7.616783941287037,exhale,26565.011701045605,26564.233701045447,26564.616701045525,,,,,,,,,,
nan,pause,26565.012701045605,26565.011701045605,nan,,,,,,,,,,
6.479520057580069,inhale,26566.20770104585,26565.012701045605,26565.28570104566,,,,,,,,,,
nan,pause,26566.20870104585,26566.20770104585,nan,,,,,,,,,,
-7.866770104317429,exhale,26567.03970104602,26566.20870104585,26566.616701045932,,,,,,,,,,
nan,pause,26567.04070104602,26567.03970104602,nan,,,,,,,,,,
5.827056434516661,inhale,26568.353701046286,26567.04070104602,26567.28670104607,,,,,,,,,,
nan,pause,26568.354701046286,26568.353701046286,nan,,,,,,,,,,
-10.234474290522135,exhale,26569.191701046457,26568.354701046286,26568.786701046374,,,,,,,,,,
nan,pause,26569.192701046457,26569.191701046457,nan,,,,,,,,,,
7.786289627580827,inhale,26570.413701046706,26569.192701046457,26569.44670104651,,,,,,,,,,
nan,pause,26570.414701046706,26570.413701046706,nan,,,,,,,,,,
-8.354596202898854,exhale,26571.22870104687,26570.414701046706,26570.78670104678,,,,,,,,,,
nan,pause,26571.229701046872,26571.22870104687,nan,,,,,,,,,,
4.781716946417662,inhale,26572.59970104715,26571.229701046872,26571.446701046916,,,,,,,,,,
nan,pause,26572.60070104715,26572.59970104715,nan,,,,,,,,,,
-7.976527415209782,exhale,26573.3247010473,26572.60070104715,26572.94670104722,,,,,,,,,,
nan,pause,26573.3257010473,26573.3247010473,nan,,,,,,,,,,
6.633164779218278,inhale,26574.35370104751,26573.3257010473,26573.61670104736,,,,,,,,,,
nan,pause,26574.35470104751,26574.35370104751,nan,,,,,,,,,,
-9.033447206475781,exhale,26575.172701047675,26574.35470104751,26574.616701047562,,,,,,,,,,
nan,pause,26575.173701047675,26575.172701047675,nan,,,,,,,,,,
5.413381046601416,inhale,26576.357701047917,26575.173701047675,26575.44670104773,,,,,,,,,,
nan,pause,26576.358701047917,26576.357701047917,nan,,,,,,,,,,
-7.367857627442575,exhale,26577.177701048084,26576.358701047917,26576.786701048004,,,,,,,,,,
nan,pause,26577.178701048084,26577.177701048084,nan,,,,,,,,,,
4.079891645991063,inhale,26578.52970104836,26577.178701048084,26577.44670104814,,,,,,,,,,
nan,pause,26578.53070104836,26578.52970104836,nan,,,,,,,,,,
-7.781058617377275,exhale,26579.309701048518,26578.53070104836,26578.78670104841,,,,,,,,,,
nan,pause,26579.31070104852,26579.309701048518,nan,,,,,,,,,,
5.099867889019918,inhale,26580.580701048777,26579.31070104852,26579.61670104858,,,,,,,,,,
nan,pause,26580.581701048777,26580.580701048777,nan,,,,,,,,,,
-7.450166993090567,exhale,26581.397701048943,26580.581701048777,26580.94670104885,,,,,,,,,,
nan,pause,26581.398701048944,26581.397701048943,nan,,,,,,,,,,
4.566484862547046,inhale,26582.6547010492,26581.398701048944,26581.616701048988,,,,,,,,,,
nan,pause,26582.6557010492,26582.6547010492,nan,,,,,,,,,,
-8.95980051761257,exhale,26583.417701049355,26582.6557010492,26582.95670104926,,,,,,,,,,
nan,pause,26583.418701049355,26583.417701049355,nan,,,,,,,,,,
4.833175081612129,inhale,26584.645701049605,26583.418701049355,26583.616701049395,,,,,,,,,,
nan,pause,26584.646701049605,26584.645701049605,nan,,,,,,,,,,
-8.300059864477674,exhale,26585.45670104977,26584.646701049605,26585.1167010497,,,,,,,,,,
nan,pause,26585.45770104977,26585.45670104977,nan,,,,,,,,,,
5.849841317835156,inhale,26586.72570105003,26585.45770104977,26585.616701049803,,,,,,,,,,
nan,pause,26586.72670105003,26586.72570105003,nan,,,,,,,,,,
-7.933472348496573,exhale,26587.46570105018,26586.72670105003,26587.11670105011,,,,,,,,,,
nan,pause,26587.46670105018,26587.46570105018,nan,,,,,,,,,,
6.099862946336438,inhale,26588.660701050423,26587.46670105018,26587.61670105021,,,,,,,,,,
nan,pause,26588.661701050423,26588.660701050423,nan,,,,,,,,,,
-8.376353907701423,exhale,26589.500701050594,26588.661701050423,26588.956701050483,,,,,,,,,,
nan,pause,26589.501701050594,26589.500701050594,nan,,,,,,,,,,
5.030373103375319,inhale,26590.71170105084,26589.501701050594,26589.77670105065,,,,,,,,,,
nan,pause,26590.71270105084,26590.71170105084,nan,,,,,,,,,,
-7.233480974077616,exhale,26591.503701051002,26590.71270105084,26591.116701050923,,,,,,,,,,
nan,pause,26591.504701051002,26591.503701051002,nan,,,,,,,,,,
5.062917420346118,inhale,26592.751701051257,26591.504701051002,26591.776701051058,,,,,,,,,,
nan,pause,26592.752701051257,26592.751701051257,nan,,,,,,,,,,
-8.30006562172829,exhale,26593.51270105141,26592.752701051257,26593.11670105133,,,,,,,,,,
nan,pause,26593.51370105141,26593.51270105141,nan,,,,,,,,,,
4.857697214545489,inhale,26594.751701051664,26593.51370105141,26593.786701051467,,,,,,,,,,
nan,pause,26594.752701051664,26594.751701051664,nan,,,,,,,,,,
-6.790671124125272,exhale,26595.553701051827,26594.752701051664,26594.956701051706,,,,,,,,,,
nan,pause,26595.554701051828,26595.553701051827,nan,,,,,,,,,,
6.2196123672412105,inhale,26596.711701052063,26595.554701051828,26595.786701051875,,,,,,,,,,
nan,pause,26596.712701052063,26596.711701052063,nan,,,,,,,,,,
-7.450077847597979,exhale,26597.493701052223,26596.712701052063,26597.116701052146,,,,,,,,,,
nan,pause,26597.494701052223,26597.493701052223,nan,,,,,,,,,,
4.861873099353771,inhale,26598.71670105247,26597.494701052223,26597.77670105228,,,,,,,,,,
nan,pause,26598.717701052472,26598.71670105247,nan,,,,,,,,,,
-7.67747025868026,exhale,26599.460701052623,26598.717701052472,26598.95670105252,,,,,,,,,,
nan,pause,26599.461701052624,26599.460701052623,nan,,,,,,,,,,
5.149863712673811,inhale,26600.683701052872,26599.461701052624,26599.616701052655,,,,,,,,,,
nan,pause,26600.684701052873,26600.683701052872,nan,,,,,,,,,,
-8.305163980481813,exhale,26601.445701053028,26600.684701052873,26600.956701052928,,,,,,,,,,
nan,pause,26601.446701053028,26601.445701053028,nan,,,,,,,,,,
4.8164738545631085,inhale,26602.68170105328,26601.446701053028,26601.616701053063,,,,,,,,,,
nan,pause,26602.68270105328,26602.68170105328,nan,,,,,,,,,,
-8.016765774191535,exhale,26603.502701053447,26602.68270105328,26603.116701053368,,,,,,,,,,
nan,pause,26603.503701053447,26603.502701053447,nan,,,,,,,,,,
4.700647558822331,inhale,26604.708701053692,26603.503701053447,26603.776701053503,,,,,,,,,,
nan,pause,26604.709701053693,26604.708701053692,nan,,,,,,,,,,
-7.9641187745374005,exhale,26605.467701053847,26604.709701053693,26604.956701053743,,,,,,,,,,
nan,pause,26605.468701053847,26605.467701053847,nan,,,,,,,,,,
5.066455209245467,inhale,26606.674701054093,26605.468701053847,26605.616701053877,,,,,,,,,,
nan,pause,26606.675701054093,26606.674701054093,nan,,,,,,,,,,
-8.108563111859539,exhale,26607.48870105426,26606.675701054093,26606.95670105415,,,,,,,,,,
nan,pause,26607.48970105426,26607.48870105426,nan,,,,,,,,,,
5.665649332108498,inhale,26608.833701054533,26607.48970105426,26607.776701054318,,,,,,,,,,
nan,pause,26608.834701054533,26608.833701054533,nan,,,,,,,,,,
-8.161704204507823,exhale,26609.60670105469,26608.834701054533,26609.276701054623,,,,,,,,,,
nan,pause,26609.60770105469,26609.60670105469,nan,,,,,,,,,,
4.344799438020627,inhale,26610.988701054972,26609.60770105469,26609.786701054727,,,,,,,,,,
nan,pause,26610.989701054972,26610.988701054972,nan,,,,,,,,,,
-7.254217932578786,exhale,26611.839701055145,26610.989701054972,26611.286701055033,,,,,,,,,,
nan,pause,26611.840701055145,26611.839701055145,nan,,,,,,,,,,
3.969751281485624,inhale,26613.199701055422,26611.840701055145,26611.95670105517,,,,,,,,,,
nan,pause,26613.200701055423,26613.199701055422,nan,,,,,,,,,,
-7.562729541910972,exhale,26613.996701055585,26613.200701055423,26613.456701055475,,,,,,,,,,
nan,pause,26613.997701055585,26613.996701055585,nan,,,,,,,,,,
4.321501035594128,inhale,26615.260701055842,26613.997701055585,26614.27670105564,,,,,,,,,,
nan,pause,26615.261701055842,26615.260701055842,nan,,,,,,,,,,
-6.483478645962176,exhale,26616.033701056,26615.261701055842,26615.616701055915,,,,,,,,,,
nan,pause,26616.034701056,26616.033701056,nan,,,,,,,,,,
3.6460977441387703,inhale,26617.292701056256,26616.034701056,26616.28670105605,,,,,,,,,,
nan,pause,26617.293701056256,26617.292701056256,nan,,,,,,,,,,
-6.750072413536305,exhale,26618.070701056415,26617.293701056256,26617.616701056322,,,,,,,,,,
nan,pause,26618.071701056415,26618.070701056415,nan,,,,,,,,,,
3.7182390239846024,inhale,26619.341701056674,26618.071701056415,26618.28670105646,,,,,,,,,,
nan,pause,26619.342701056674,26619.341701056674,nan,,,,,,,,,,
-6.3434935533015135,exhale,26620.132701056835,26619.342701056674,26619.776701056762,,,,,,,,,,
nan,pause,26620.133701056835,26620.132701056835,nan,,,,,,,,,,
3.715178683079793,inhale,26621.497701057113,26620.133701056835,26620.286701056866,,,,,,,,,,
nan,pause,26621.498701057113,26621.497701057113,nan,,,,,,,,,,
-5.350856379867423,exhale,26622.282701057273,26621.498701057113,26621.78670105717,,,,,,,,,,
nan,pause,26622.283701057273,26622.282701057273,nan,,,,,,,,,,
4.149879140227941,inhale,26623.35470105749,26622.283701057273,26622.61670105734,,,,,,,,,,
nan,pause,26623.35570105749,26623.35470105749,nan,,,,,,,,,,
-5.0334709909536475,exhale,26624.166701057657,26623.35570105749,26623.616701057545,,,,,,,,,,
nan,pause,26624.167701057657,26624.166701057657,nan,,,,,,,,,,
3.556586429571966,inhale,26625.474701057923,26624.167701057657,26624.446701057714,,,,,,,,,,
nan,pause,26625.475701057923,26625.474701057923,nan,,,,,,,,,,
-4.214419055386102,exhale,26626.382701058108,26625.475701057923,26625.786701057987,,,,,,,,,,
nan,pause,26626.38370105811,26626.382701058108,nan,,,,,,,,,,
3.2998845374025114,inhale,26627.555701058347,26626.38370105811,26626.616701058156,,,,,,,,,,
nan,pause,26627.556701058347,26627.555701058347,nan,,,,,,,,,,
-4.032758070571778,exhale,26628.40770105852,26627.556701058347,26627.786701058394,,,,,,,,,,
nan,pause,26628.40870105852,26628.40770105852,nan,,,,,,,,,,
3.049874933890612,inhale,26629.720701058788,26628.40870105852,26628.616701058563,,,,,,,,,,
nan,pause,26629.72170105879,26629.720701058788,nan,,,,,,,,,,
-5.116769946339178,exhale,26630.585701058964,26629.72170105879,26630.11670105887,,,,,,,,,,
nan,pause,26630.586701058965,26630.585701058964,nan,,,,,,,,,,
4.314837953776273,inhale,26631.818701059216,26630.586701058965,26630.786701059005,,,,,,,,,,
nan,pause,26631.819701059216,26631.818701059216,nan,,,,,,,,,,
-3.1667937567746254,exhale,26632.7267010594,26631.819701059216,26632.116701059276,,,,,,,,,,
nan,pause,26632.7277010594,26632.7267010594,nan,,,,,,,,,,
2.598547395901281,inhale,26634.019701059664,26632.7277010594,26632.946701059445,,,,,,,,,,
nan,pause,26634.020701059664,26634.019701059664,nan,,,,,,,,,,
-2.723298861070347,exhale,26634.955701059855,26634.020701059664,26634.28670105972,,,,,,,,,,
nan,pause,26634.956701059855,26634.955701059855,nan,,,,,,,,,,
2.8331733381860094,inhale,26636.174701060103,26634.956701059855,26635.116701059887,,,,,,,,,,
nan,pause,26636.175701060103,26636.174701060103,nan,,,,,,,,,,
-2.443402959672368,exhale,26637.068701060285,26636.175701060103,26636.45670106016,,,,,,,,,,
nan,pause,26637.069701060285,26637.068701060285,nan,,,,,,,,,,
2.3556062907867545,inhale,26638.259701060528,26637.069701060285,26637.946701060464,,,,,,,,,,
nan,pause,26638.260701060528,26638.259701060528,nan,,,,,,,,,,
-2.253401898697938,exhale,26639.168701060713,26638.260701060528,26638.456701060568,,,,,,,,,,
nan,pause,26639.169701060713,26639.168701060713,nan,,,,,,,,,,
1.928247759736018,inhale,26640.371701060958,26639.169701060713,26639.44670106077,,,,,,,,,,
nan,pause,26640.37270106096,26640.371701060958,nan,,,,,,,,,,
-2.433492264489467,exhale,26641.31170106115,26640.37270106096,26640.616701061008,,,,,,,,,,
nan,pause,26641.31270106115,26641.31170106115,nan,,,,,,,,,,
2.533190281634224,inhale,26642.478701061387,26641.31270106115,26641.61670106121,,,,,,,,,,
nan,pause,26642.479701061387,26642.478701061387,nan,,,,,,,,,,
-2.3500838494337,exhale,26643.401701061575,26642.479701061387,26642.616701061415,,,,,,,,,,
nan,pause,26643.402701061575,26643.401701061575,nan,,,,,,,,,,
1.9831871576561946,inhale,26644.64670106183,26643.402701061575,26644.11670106172,,,,,,,,,,
nan,pause,26644.64770106183,26644.64670106183,nan,,,,,,,,,,
-2.2060791049403274,exhale,26645.63170106203,26644.64770106183,26644.956701061892,,,,,,,,,,
nan,pause,26645.63270106203,26645.63170106203,nan,,,,,,,,,,
2.6216380211725228,inhale,26646.801701062268,26645.63270106203,26645.78670106206,,,,,,,,,,
nan,pause,26646.802701062268,26646.801701062268,nan,,,,,,,,,,
-2.1334968807448815,exhale,26647.70270106245,26646.802701062268,26647.116701062332,,,,,,,,,,
nan,pause,26647.70370106245,26647.70270106245,nan,,,,,,,,,,
2.0324780414598735,inhale,26648.841701062684,26647.70370106245,26647.956701062503,,,,,,,,,,
nan,pause,26648.842701062684,26648.841701062684,nan,,,,,,,,,,
-1.966791718679677,exhale,26649.779701062875,26648.842701062684,26649.11670106274,,,,,,,,,,
nan,pause,26649.780701062875,26649.779701062875,nan,,,,,,,,,,
2.5597523095653845,inhale,26650.825701063088,26649.780701062875,26649.95670106291,,,,,,,,,,
nan,pause,26650.826701063088,26650.825701063088,nan,,,,,,,,,,
-2.1834955720702762,exhale,26651.72870106327,26650.826701063088,26651.116701063147,,,,,,,,,,
nan,pause,26651.729701063272,26651.72870106327,nan,,,,,,,,,,
1.8277909128695606,inhale,26652.964701063524,26651.729701063272,26651.956701063318,,,,,,,,,,
nan,pause,26652.965701063524,26652.964701063524,nan,,,,,,,,,,
-1.9654795203952276,exhale,26653.87170106371,26652.965701063524,26653.276701063587,,,,,,,,,,
nan,pause,26653.87270106371,26653.87170106371,nan,,,,,,,,,,
2.183184985317944,inhale,26655.035701063945,26653.87270106371,26654.11670106376,,,,,,,,,,
nan,pause,26655.036701063946,26655.035701063945,nan,,,,,,,,,,
-1.9500949982483426,exhale,26655.965701064135,26655.036701063946,26655.616701064064,,,,,,,,,,
nan,pause,26655.966701064135,26655.965701064135,nan,,,,,,,,,,
2.091057640858296,inhale,26657.150701064376,26655.966701064135,26656.786701064302,,,,,,,,,,
nan,pause,26657.151701064377,26657.150701064376,nan,,,,,,,,,,
-2.079208525434457,exhale,26658.030701064556,26657.151701064377,26657.446701064437,,,,,,,,,,
nan,pause,26658.031701064556,26658.030701064556,nan,,,,,,,,,,
2.3440574620908676,inhale,26659.32370106482,26658.031701064556,26658.286701064608,,,,,,,,,,
nan,pause,26659.32470106482,26659.32370106482,nan,,,,,,,,,,
-2.0834983039450736,exhale,26660.237701065005,26659.32470106482,26659.61670106488,,,,,,,,,,
nan,pause,26660.238701065005,26660.237701065005,nan,,,,,,,,,,
1.946547457557857,inhale,26661.420701065246,26660.238701065005,26660.45670106505,,,,,,,,,,
nan,pause,26661.421701065246,26661.420701065246,nan,,,,,,,,,,
-1.966790156902187,exhale,26662.33070106543,26661.421701065246,26661.616701065286,,,,,,,,,,
nan,pause,26662.331701065432,26662.33070106543,nan,,,,,,,,,,
1.316498188559238,inhale,26663.50870106567,26662.331701065432,26663.11670106559,,,,,,,,,,
nan,pause,26663.509701065672,26663.50870106567,nan,,,,,,,,,,
-2.044320024468806,exhale,26664.364701065846,26663.509701065672,26663.78670106573,,,,,,,,,,
nan,pause,26664.365701065846,26664.364701065846,nan,,,,,,,,,,
2.383175002705526,inhale,26665.297701066036,26664.365701065846,26665.116701066,,,,,,,,,,
nan,pause,26665.298701066036,26665.297701066036,nan,,,,,,,,,,
-4.7712396174010685,exhale,26666.068701066193,26665.298701066036,26665.94670106617,,,,,,,,,,
nan,pause,26666.069701066193,26666.068701066193,nan,,,,,,,,,,
1.933142446062287,inhale,26666.270701066234,26666.069701066193,26666.116701066203,,,,,,,,,,
nan,pause,26666.79670106634,26666.270701066234,nan,,,,,,,,,,
1.5498762598963007,inhale,26667.270701066438,26666.79670106634,26667.116701066407,,,,,,,,,,
nan,pause,26668.15670106662,26667.270701066438,nan,,,,,,,,,,
-0.6416003937332674,exhale,26668.595701066708,26668.15670106662,26668.286701066645,,,,,,,,,,
nan,pause,26669.806701066955,26668.595701066708,nan,,,,,,,,,,
-1.833489623602118,exhale,26670.85670106717,26669.806701066955,26670.61670106712,,,,,,,,,,
nan,pause,26670.85770106717,26670.85670106717,nan,,,,,,,,,,
1.409802952647997,inhale,26672.688701067542,26670.85770106717,26670.95670106719,,,,,,,,,,
nan,pause,26672.689701067542,26672.688701067542,nan,,,,,,,,,,
-2.8853632790604813,exhale,26673.741701067756,26672.689701067542,26672.956701067596,,,,,,,,,,
nan,pause,26673.742701067757,26673.741701067756,nan,,,,,,,,,,
2.3378404898628795,inhale,26675.115701068036,26673.742701067757,26673.9567010678,,,,,,,,,,
nan,pause,26675.116701068036,26675.115701068036,nan,,,,,,,,,,
-2.6491065586011766,exhale,26676.06970106823,26675.116701068036,26675.446701068104,,,,,,,,,,
nan,pause,26676.07070106823,26676.06970106823,nan,,,,,,,,,,
1.7743596707627418,inhale,26677.478701068518,26676.07070106823,26676.286701068275,,,,,,,,,,
nan,pause,26677.479701068518,26677.478701068518,nan,,,,,,,,,,
-2.333483632145435,exhale,26678.3727010687,26677.479701068518,26677.616701068546,,,,,,,,,,
nan,pause,26678.3737010687,26678.3727010687,nan,,,,,,,,,,
1.8664921766427163,inhale,26679.50270106893,26678.3737010687,26678.61670106875,,,,,,,,,,
nan,pause,26679.50370106893,26679.50270106893,nan,,,,,,,,,,
-2.6913930320927473,exhale,26680.466701069126,26679.50370106893,26679.956701069023,,,,,,,,,,
nan,pause,26680.467701069127,26680.466701069126,nan,,,,,,,,,,
1.9161613212441773,inhale,26681.675701069373,26680.467701069127,26680.78670106919,,,,,,,,,,
nan,pause,26681.676701069373,26681.675701069373,nan,,,,,,,,,,
-2.958709660965379,exhale,26682.576701069556,26681.676701069373,26681.95670106943,,,,,,,,,,
nan,pause,26682.577701069556,26682.576701069556,nan,,,,,,,,,,
2.5284775460114277,inhale,26683.72270106979,26682.577701069556,26682.7867010696,,,,,,,,,,
nan,pause,26683.72370106979,26683.72270106979,nan,,,,,,,,,,
-2.63349662919666,exhale,26684.584701069965,26683.72370106979,26684.11670106987,,,,,,,,,,
nan,pause,26684.585701069966,26684.584701069965,nan,,,,,,,,,,
2.1331944275877577,inhale,26685.79370107021,26684.585701069966,26685.116701070074,,,,,,,,,,
nan,pause,26685.794701070212,26685.79370107021,nan,,,,,,,,,,
-2.6834892123596448,exhale,26686.732701070403,26685.794701070212,26686.116701070277,,,,,,,,,,
nan,pause,26686.733701070403,26686.732701070403,nan,,,,,,,,,,
2.056465449237212,inhale,26687.99770107066,26686.733701070403,26686.946701070447,,,,,,,,,,
nan,pause,26687.99870107066,26687.99770107066,nan,,,,,,,,,,
-2.133159280857651,exhale,26689.011701070867,26687.99870107066,26688.28670107072,,,,,,,,,,
nan,pause,26689.012701070867,26689.011701070867,nan,,,,,,,,,,
2.6828966856138847,inhale,26690.039701071077,26689.012701070867,26689.286701070923,,,,,,,,,,
nan,pause,26690.040701071077,26690.039701071077,nan,,,,,,,,,,
-2.742620499847218,exhale,26690.956701071264,26690.040701071077,26690.286701071127,,,,,,,,,,
nan,pause,26690.957701071264,26690.956701071264,nan,,,,,,,,,,
2.566478416287961,inhale,26692.06470107149,26690.957701071264,26691.116701071296,,,,,,,,,,
nan,pause,26692.06570107149,26692.06470107149,nan,,,,,,,,,,
-2.816459280776014,exhale,26692.978701071675,26692.06570107149,26692.286701071534,,,,,,,,,,
nan,pause,26692.979701071676,26692.978701071675,nan,,,,,,,,,,
2.0664869916448416,inhale,26694.141701071912,26692.979701071676,26693.116701071704,,,,,,,,,,
nan,pause,26694.142701071913,26694.141701071912,nan,,,,,,,,,,
-2.793402947863301,exhale,26695.00570107209,26694.142701071913,26694.456701071977,,,,,,,,,,
nan,pause,26695.00670107209,26695.00570107209,nan,,,,,,,,,,
3.2535791902197384,inhale,26695.98770107229,26695.00670107209,26695.286701072146,,,,,,,,,,
nan,pause,26695.98870107229,26695.98770107229,nan,,,,,,,,,,
-3.195340130898001,exhale,26696.838701072462,26695.98870107229,26696.28670107235,,,,,,,,,,
nan,pause,26696.839701072462,26696.838701072462,nan,,,,,,,,,,
2.7831959255574543,inhale,26697.824701072663,26696.839701072462,26697.11670107252,,,,,,,,,,
nan,pause,26697.825701072663,26697.824701072663,nan,,,,,,,,,,
-3.3834922996724988,exhale,26698.664701072834,26697.825701072663,26698.116701072722,,,,,,,,,,
nan,pause,26698.665701072834,26698.664701072834,nan,,,,,,,,,,
2.530819044974757,inhale,26699.685701073042,26698.665701072834,26698.78670107286,,,,,,,,,,
nan,pause,26699.686701073042,26699.685701073042,nan,,,,,,,,,,
-3.282010720495573,exhale,26700.55970107322,26699.686701073042,26699.956701073097,,,,,,,,,,
nan,pause,26700.56070107322,26700.55970107322,nan,,,,,,,,,,
2.798245695273146,inhale,26701.59870107343,26700.56070107322,26700.9467010733,,,,,,,,,,
nan,pause,26701.59970107343,26701.59870107343,nan,,,,,,,,,,
-3.1818415862539533,exhale,26702.447701073605,26701.59970107343,26701.946701073502,,,,,,,,,,
nan,pause,26702.448701073605,26702.447701073605,nan,,,,,,,,,,
2.95395490639157,inhale,26703.483701073816,26702.448701073605,26702.77670107367,,,,,,,,,,
nan,pause,26703.484701073816,26703.483701073816,nan,,,,,,,,,,
-3.4474177553434138,exhale,26704.34170107399,26703.484701073816,26703.786701073877,,,,,,,,,,
nan,pause,26704.34270107399,26704.34170107399,nan,,,,,,,,,,
2.883185775316561,inhale,26705.3617010742,26704.34270107399,26704.616701074046,,,,,,,,,,
nan,pause,26705.3627010742,26705.3617010742,nan,,,,,,,,,,
-3.566777656825224,exhale,26706.20470107437,26705.3627010742,26705.61670107425,,,,,,,,,,
nan,pause,26706.20570107437,26706.20470107437,nan,,,,,,,,,,
2.7363511948681203,inhale,26707.203701074573,26706.20570107437,26706.45670107442,,,,,,,,,,
nan,pause,26707.204701074574,26707.203701074573,nan,,,,,,,,,,
-3.915264059571211,exhale,26708.02570107474,26707.204701074574,26707.456701074625,,,,,,,,,,
nan,pause,26708.02670107474,26708.02570107474,nan,,,,,,,,,,
2.612456912153514,inhale,26709.126701074965,26708.02670107474,26708.286701074794,,,,,,,,,,
nan,pause,26709.127701074965,26709.126701074965,nan,,,,,,,,,,
-3.298059763048201,exhale,26709.97970107514,26709.127701074965,26709.286701074998,,,,,,,,,,
nan,pause,26709.98070107514,26709.97970107514,nan,,,,,,,,,,
2.077255915612769,inhale,26711.11570107537,26709.98070107514,26710.2767010752,,,,,,,,,,
nan,pause,26711.11670107537,26711.11570107537,nan,,,,,,,,,,
-3.293496413005048,exhale,26711.864701075523,26711.11670107537,26711.446701075438,,,,,,,,,,
nan,pause,26711.865701075523,26711.864701075523,nan,,,,,,,,,,
2.6239541680620446,inhale,26712.959701075746,26711.865701075523,26712.276701075607,,,,,,,,,,
nan,pause,26712.960701075746,26712.959701075746,nan,,,,,,,,,,
-3.4136894284736545,exhale,26713.830701075924,26712.960701075746,26713.27670107581,,,,,,,,,,
nan,pause,26713.831701075924,26713.830701075924,nan,,,,,,,,,,
2.733185826907043,inhale,26714.89670107614,26713.831701075924,26714.116701075982,,,,,,,,,,
nan,pause,26714.89770107614,26714.89670107614,nan,,,,,,,,,,
-3.3334799939260473,exhale,26715.747701076314,26714.89770107614,26715.116701076186,,,,,,,,,,
nan,pause,26715.748701076314,26715.747701076314,nan,,,,,,,,,,
2.26176218343922,inhale,26716.878701076545,26715.748701076314,26715.956701076357,,,,,,,,,,
nan,pause,26716.879701076545,26716.878701076545,nan,,,,,,,,,,
-3.350082248735928,exhale,26717.702701076712,26716.879701076545,26717.116701076593,,,,,,,,,,
nan,pause,26717.703701076713,26717.702701076712,nan,,,,,,,,,,
2.3231653908675782,inhale,26718.809701076938,26717.703701076713,26717.946701076762,,,,,,,,,,
nan,pause,26718.810701076938,26718.809701076938,nan,,,,,,,,,,
-3.4500844291908925,exhale,26719.681701077116,26718.810701076938,26719.116701077,,,,,,,,,,
nan,pause,26719.682701077116,26719.681701077116,nan,,,,,,,,,,
2.5943890427366307,inhale,26720.669701077317,26719.682701077116,26719.94670107717,,,,,,,,,,
nan,pause,26720.670701077317,26720.669701077317,nan,,,,,,,,,,
-3.384641260349458,exhale,26721.491701077484,26720.670701077317,26720.956701077375,,,,,,,,,,
nan,pause,26721.492701077485,26721.491701077484,nan,,,,,,,,,,
2.0651775419234357,inhale,26722.584701077707,26721.492701077485,26721.776701077542,,,,,,,,,,
nan,pause,26722.585701077707,26722.584701077707,nan,,,,,,,,,,
-2.749079880699175,exhale,26723.455701077884,26722.585701077707,26722.786701077748,,,,,,,,,,
nan,pause,26723.456701077885,26723.455701077884,nan,,,,,,,,,,
1.815180484488853,inhale,26724.642701078126,26723.456701077885,26723.77670107795,,,,,,,,,,
nan,pause,26724.643701078126,26724.642701078126,nan,,,,,,,,,,
-2.934917837354152,exhale,26725.467701078294,26724.643701078126,26724.94670107819,,,,,,,,,,
nan,pause,26725.468701078295,26725.467701078294,nan,,,,,,,,,,
2.2906522263522904,inhale,26726.404701078485,26725.468701078295,26725.776701078357,,,,,,,,,,
nan,pause,26726.405701078485,26726.404701078485,nan,,,,,,,,,,
-3.200081315022819,exhale,26727.16870107864,26726.405701078485,26726.61670107853,,,,,,,,,,
nan,pause,26727.16970107864,26727.16870107864,nan,,,,,,,,,,
2.6213174851941705,inhale,26728.14070107884,26727.16970107864,26727.446701078698,,,,,,,,,,
nan,pause,26728.14170107884,26728.14070107884,nan,,,,,,,,,,
-3.106895537595087,exhale,26728.98070107901,26728.14170107884,26728.4467010789,,,,,,,,,,
nan,pause,26728.98170107901,26728.98070107901,nan,,,,,,,,,,
2.0285749011522576,inhale,26729.95770107921,26728.98170107901,26729.27670107907,,,,,,,,,,
nan,pause,26729.95870107921,26729.95770107921,nan,,,,,,,,,,
-3.3934889055194324,exhale,26730.709701079362,26729.95870107921,26730.44670107931,,,,,,,,,,
nan,pause,26730.710701079362,26730.709701079362,nan,,,,,,,,,,
3.740517684854526,inhale,26731.68570107956,26730.710701079362,26730.956701079413,,,,,,,,,,
nan,pause,26731.68670107956,26731.68570107956,nan,,,,,,,,,,
-4.214592719708893,exhale,26732.526701079732,26731.68670107956,26731.956701079616,,,,,,,,,,
nan,pause,26732.527701079733,26732.526701079732,nan,,,,,,,,,,
3.5450774818503135,inhale,26733.507701079932,26732.527701079733,26732.786701079785,,,,,,,,,,
nan,pause,26733.508701079933,26733.507701079932,nan,,,,,,,,,,
-4.274657600074082,exhale,26734.245701080083,26733.508701079933,26733.78670107999,,,,,,,,,,
nan,pause,26734.246701080083,26734.245701080083,nan,,,,,,,,,,
3.7631007794691143,inhale,26735.186701080274,26734.246701080083,26734.456701080126,,,,,,,,,,
nan,pause,26735.187701080275,26735.186701080274,nan,,,,,,,,,,
-4.106699698529346,exhale,26735.94270108043,26735.187701080275,26735.45670108033,,,,,,,,,,
nan,pause,26735.94370108043,26735.94270108043,nan,,,,,,,,,,
1.4853707214687109,inhale,26736.992701080642,26735.94370108043,26736.7767010806,,,,,,,,,,
nan,pause,26736.993701080642,26736.992701080642,nan,,,,,,,,,,
-3.1599998788343595,exhale,26737.851701080817,26736.993701080642,26737.286701080702,,,,,,,,,,
nan,pause,26737.852701080817,26737.851701080817,nan,,,,,,,,,,
2.2664936984318844,inhale,26738.94570108104,26737.852701080817,26738.11670108087,,,,,,,,,,
nan,pause,26738.94670108104,26738.94570108104,nan,,,,,,,,,,
-3.7456808388210834,exhale,26739.7347010812,26738.94670108104,26739.28670108111,,,,,,,,,,
nan,pause,26739.7357010812,26739.7347010812,nan,,,,,,,,,,
2.835159229197821,inhale,26740.81670108142,26739.7357010812,26739.956701081246,,,,,,,,,,
nan,pause,26740.81770108142,26740.81670108142,nan,,,,,,,,,,
-4.116776577339725,exhale,26741.59670108158,26740.81770108142,26741.116701081482,,,,,,,,,,
nan,pause,26741.59770108158,26741.59670108158,nan,,,,,,,,,,
2.722636917197922,inhale,26742.52170108177,26741.59770108158,26741.94670108165,,,,,,,,,,
nan,pause,26742.52270108177,26742.52170108177,nan,,,,,,,,,,
-3.9963602381628793,exhale,26743.26170108192,26742.52270108177,26742.786701081823,,,,,,,,,,
nan,pause,26743.26270108192,26743.26170108192,nan,,,,,,,,,,
2.899891442552536,inhale,26744.29470108213,26743.26270108192,26743.61670108199,,,,,,,,,,
nan,pause,26744.29570108213,26744.29470108213,nan,,,,,,,,,,
-3.7000842745293276,exhale,26744.92970108226,26744.29570108213,26744.616701082196,,,,,,,,,,
nan,pause,26744.93070108226,26744.92970108226,nan,,,,,,,,,,
2.083187980903544,inhale,26746.025701082483,26744.93070108226,26745.116701082297,,,,,,,,,,
nan,pause,26746.026701082483,26746.025701082483,nan,,,,,,,,,,
-2.94125963369474,exhale,26746.93770108267,26746.026701082483,26746.286701082536,,,,,,,,,,
nan,pause,26746.93870108267,26746.93770108267,nan,,,,,,,,,,
3.0664677128684517,inhale,26748.159701082917,26746.93870108267,26747.116701082705,,,,,,,,,,
nan,pause,26748.160701082918,26748.159701082917,nan,,,,,,,,,,
-2.8167945454026304,exhale,26749.021701083093,26748.160701082918,26748.61670108301,,,,,,,,,,
nan,pause,26749.022701083093,26749.021701083093,nan,,,,,,,,,,
2.5372572137033864,inhale,26750.350701083364,26749.022701083093,26749.286701083147,,,,,,,,,,
nan,pause,26750.351701083364,26750.350701083364,nan,,,,,,,,,,
-1.5449993949410343,exhale,26751.324701083562,26750.351701083364,26750.786701083452,,,,,,,,,,
nan,pause,26751.325701083562,26751.324701083562,nan,,,,,,,,,,
1.281861391220797,inhale,26752.63570108383,26751.325701083562,26751.45670108359,,,,,,,,,,
nan,pause,26751.325701083562,26752.63570108383,nan,,,,,,,,,,
0.3465975831219111,inhale,26752.63570108383,26751.325701083562,26752.44670108379,,,,,,,,,,
nan,pause,26752.63670108383,26752.63570108383,nan,,,,,,,,,,
-0.8788746291513966,exhale,26753.484701084002,26752.63670108383,26753.27670108396,,,,,,,,,,
nan,pause,26753.485701084002,26753.484701084002,nan,,,,,,,,,,
0.9498917391078763,inhale,26754.715701084253,26753.485701084002,26753.61670108403,,,,,,,,,,
nan,pause,26754.716701084253,26754.715701084253,nan,,,,,,,,,,
-0.6648165072378062,exhale,26755.653701084444,26754.716701084253,26755.446701084402,,,,,,,,,,
nan,pause,26755.654701084444,26755.653701084444,nan,,,,,,,,,,
0.6318391581626842,inhale,26757.15270108475,26755.654701084444,26755.78670108447,,,,,,,,,,
nan,pause,26755.654701084444,26757.15270108475,nan,,,,,,,,,,
0.3482477360649039,inhale,26757.15270108475,26755.654701084444,26756.946701084707,,,,,,,,,,
nan,pause,26757.15370108475,26757.15270108475,nan,,,,,,,,,,
-4.708871069141905,exhale,26757.930701084908,26757.15370108475,26757.776701084877,,,,,,,,,,
nan,pause,26757.931701084908,26757.930701084908,nan,,,,,,,,,,
3.277251159315759,inhale,26759.55670108524,26757.931701084908,26758.27670108498,,,,,,,,,,
nan,pause,26759.55770108524,26759.55670108524,nan,,,,,,,,,,
-6.338878662820792,exhale,26760.286701085388,26759.55770108524,26759.786701085286,,,,,,,,,,
nan,pause,26760.287701085388,26760.286701085388,nan,,,,,,,,,,
4.726922138028493,inhale,26761.67370108567,26760.287701085388,26760.456701085423,,,,,,,,,,
nan,pause,26761.67470108567,26761.67370108567,nan,,,,,,,,,,
-8.182447233930834,exhale,26762.40870108582,26761.67470108567,26761.946701085726,,,,,,,,,,
nan,pause,26762.40970108582,26762.40870108582,nan,,,,,,,,,,
4.449875260566851,inhale,26763.751701086094,26762.40970108582,26762.616701085863,,,,,,,,,,
nan,pause,26763.752701086094,26763.751701086094,nan,,,,,,,,,,
-7.483478457594586,exhale,26764.541701086255,26763.752701086094,26764.116701086168,,,,,,,,,,
nan,pause,26764.542701086255,26764.541701086255,nan,,,,,,,,,,
2.556589493563809,inhale,26765.280701086405,26764.542701086255,26764.776701086303,,,,,,,,,,
nan,pause,26766.248701086603,26765.280701086405,nan,,,,,,,,,,
-3.533491508199703,exhale,26766.96770108675,26766.248701086603,26766.616701086677,,,,,,,,,,
nan,pause,26766.96870108675,26766.96770108675,nan,,,,,,,,,,
4.491307820945346,inhale,26768.033701086966,26766.96870108675,26767.276701086812,,,,,,,,,,
nan,pause,26768.034701086966,26768.033701086966,nan,,,,,,,,,,
-7.929419511675421,exhale,26768.78270108712,26768.034701086966,26768.286701087018,,,,,,,,,,
nan,pause,26768.78370108712,26768.78270108712,nan,,,,,,,,,,
3.5423302021053638,inhale,26770.476701087464,26768.78370108712,26768.956701087154,,,,,,,,,,
nan,pause,26770.477701087464,26770.476701087464,nan,,,,,,,,,,
-7.283426315474855,exhale,26771.312701087634,26770.477701087464,26771.116701087594,,,,,,,,,,
nan,pause,26771.313701087634,26771.312701087634,nan,,,,,,,,,,
4.671512951753863,inhale,26772.803701087938,26771.313701087634,26771.456701087664,,,,,,,,,,
nan,pause,26772.804701087938,26772.803701087938,nan,,,,,,,,,,
-6.075003797919929,exhale,26773.54670108809,26772.804701087938,26773.276701088034,,,,,,,,,,
nan,pause,26773.54770108809,26773.54670108809,nan,,,,,,,,,,
3.5899768171520585,inhale,26774.863701088358,26773.54770108809,26773.78670108814,,,,,,,,,,
nan,pause,26774.864701088358,26774.863701088358,nan,,,,,,,,,,
-6.220947737105773,exhale,26775.5697010885,26774.864701088358,26775.27670108844,,,,,,,,,,
nan,pause,26775.5707010885,26775.5697010885,nan,,,,,,,,,,
3.466878039368955,inhale,26777.044701088802,26775.5707010885,26775.786701088546,,,,,,,,,,
nan,pause,26777.045701088802,26777.044701088802,nan,,,,,,,,,,
-6.726359141582316,exhale,26777.77370108895,26777.045701088802,26777.28670108885,,,,,,,,,,
nan,pause,26777.77470108895,26777.77370108895,nan,,,,,,,,,,
3.109074608635451,inhale,26779.370701089276,26777.77470108895,26777.946701088986,,,,,,,,,,
nan,pause,26779.371701089276,26779.370701089276,nan,,,,,,,,,,
-10.332646569914104,exhale,26780.105701089426,26779.371701089276,26779.77670108936,,,,,,,,,,
nan,pause,26780.106701089426,26780.105701089426,nan,,,,,,,,,,
8.511791402990866,inhale,26781.40870108969,26780.106701089426,26780.286701089462,,,,,,,,,,
nan,pause,26781.40970108969,26781.40870108969,nan,,,,,,,,,,
-12.683852658407156,exhale,26782.14570108984,26781.40970108969,26781.786701089768,,,,,,,,,,
nan,pause,26782.14670108984,26782.14570108984,nan,,,,,,,,,,
6.3405584750637045,inhale,26784.00970109022,26782.14670108984,26783.776701090173,,,,,,,,,,
nan,pause,26784.01070109022,26784.00970109022,nan,,,,,,,,,,
-9.17849779557938,exhale,26784.874701090397,26784.01070109022,26784.44670109031,,,,,,,,,,
nan,pause,26784.875701090397,26784.874701090397,nan,,,,,,,,,,
4.216480488059748,inhale,26786.394701090707,26784.875701090397,26785.116701090446,,,,,,,,,,
nan,pause,26786.395701090707,26786.394701090707,nan,,,,,,,,,,
-10.916735378453803,exhale,26787.23670109088,26786.395701090707,26786.616701090752,,,,,,,,,,
nan,pause,26787.23770109088,26787.23670109088,nan,,,,,,,,,,
5.985975496076168,inhale,26788.707701091178,26787.23770109088,26787.44670109092,,,,,,,,,,
nan,pause,26788.70870109118,26788.707701091178,nan,,,,,,,,,,
-10.15007144092187,exhale,26789.526701091345,26788.70870109118,26789.11670109126,,,,,,,,,,
nan,pause,26789.527701091345,26789.526701091345,nan,,,,,,,,,,
10.656704699029735,inhale,26790.798701091604,26789.527701091345,26789.786701091398,,,,,,,,,,
nan,pause,26790.799701091604,26790.798701091604,nan,,,,,,,,,,
-11.50009132410485,exhale,26791.681701091784,26790.799701091604,26791.11670109167,,,,,,,,,,
nan,pause,26791.682701091784,26791.681701091784,nan,,,,,,,,,,
7.108000330855241,inhale,26793.03870109206,26791.682701091784,26791.786701091805,,,,,,,,,,
nan,pause,26793.03970109206,26793.03870109206,nan,,,,,,,,,,
-12.681436394977629,exhale,26793.837701092223,26793.03970109206,26793.28670109211,,,,,,,,,,
nan,pause,26793.838701092223,26793.837701092223,nan,,,,,,,,,,
5.27831141191119,inhale,26795.271701092515,26793.838701092223,26793.956701092247,,,,,,,,,,
nan,pause,26795.272701092515,26795.271701092515,nan,,,,,,,,,,
-9.850086227532737,exhale,26795.991701092662,26795.272701092515,26795.616701092586,,,,,,,,,,
nan,pause,26795.992701092662,26795.991701092662,nan,,,,,,,,,,
6.932849849047032,inhale,26797.345701092938,26795.992701092662,26796.286701092722,,,,,,,,,,
nan,pause,26797.346701092938,26797.345701092938,nan,,,,,,,,,,
-9.883457783598782,exhale,26798.167701093105,26797.346701092938,26797.616701092993,,,,,,,,,,
nan,pause,26798.168701093105,26798.167701093105,nan,,,,,,,,,,
9.373580175873771,inhale,26799.345701093345,26798.168701093105,26798.446701093162,,,,,,,,,,
nan,pause,26799.346701093345,26799.345701093345,nan,,,,,,,,,,
-10.0000534911575,exhale,26800.15070109351,26799.346701093345,26799.6167010934,,,,,,,,,,
nan,pause,26800.15170109351,26800.15070109351,nan,,,,,,,,,,
7.414484298795078,inhale,26801.360701093756,26800.15170109351,26800.44670109357,,,,,,,,,,
nan,pause,26801.361701093756,26801.360701093756,nan,,,,,,,,,,
-10.153879107792335,exhale,26802.190701093925,26801.361701093756,26801.786701093843,,,,,,,,,,
nan,pause,26802.191701093925,26802.190701093925,nan,,,,,,,,,,
6.099329765888251,inhale,26803.471701094186,26802.191701093925,26802.446701093977,,,,,,,,,,
nan,pause,26803.472701094186,26803.471701094186,nan,,,,,,,,,,
-10.885855550988282,exhale,26804.22470109434,26803.472701094186,26803.78670109425,,,,,,,,,,
nan,pause,26804.22570109434,26804.22470109434,nan,,,,,,,,,,
6.883141989572004,inhale,26805.442701094587,26804.22570109434,26804.61670109442,,,,,,,,,,
nan,pause,26805.443701094588,26805.442701094587,nan,,,,,,,,,,
-10.005194330249788,exhale,26806.261701094754,26805.443701094588,26805.776701094655,,,,,,,,,,
nan,pause,26806.262701094754,26806.261701094754,nan,,,,,,,,,,
10.029056251519885,inhale,26807.453701094997,26806.262701094754,26806.456701094794,,,,,,,,,,
nan,pause,26807.454701094997,26807.453701094997,nan,,,,,,,,,,
-9.511163256406748,exhale,26808.25170109516,26807.454701094997,26807.946701095098,,,,,,,,,,
nan,pause,26808.25270109516,26808.25170109516,nan,,,,,,,,,,
6.5315624964527546,inhale,26809.615701095438,26808.25270109516,26808.4567010952,,,,,,,,,,
nan,pause,26809.616701095438,26809.615701095438,nan,,,,,,,,,,
-11.647144004965401,exhale,26810.396701095597,26809.616701095438,26809.946701095505,,,,,,,,,,
nan,pause,26810.397701095597,26810.396701095597,nan,,,,,,,,,,
7.483154580034069,inhale,26811.675701095857,26810.397701095597,26810.61670109564,,,,,,,,,,
nan,pause,26811.676701095857,26811.675701095857,nan,,,,,,,,,,
-11.300052306074184,exhale,26812.51670109603,26811.676701095857,26812.116701095947,,,,,,,,,,
nan,pause,26812.51770109603,26812.51670109603,nan,,,,,,,,,,
4.871970246434702,inhale,26813.957701096322,26812.51770109603,26812.77670109608,,,,,,,,,,
nan,pause,26813.958701096322,26813.957701096322,nan,,,,,,,,,,
-8.858298279149961,exhale,26814.78570109649,26813.958701096322,26814.28670109639,,,,,,,,,,
nan,pause,26814.78670109649,26814.78570109649,nan,,,,,,,,,,
8.148783067171513,inhale,26816.122701096763,26814.78670109649,26814.956701096526,,,,,,,,,,
nan,pause,26816.123701096763,26816.122701096763,nan,,,,,,,,,,
-10.319594191946642,exhale,26816.909701096924,26816.123701096763,26816.44670109683,,,,,,,,,,
nan,pause,26816.910701096924,26816.909701096924,nan,,,,,,,,,,
6.8331566354093125,inhale,26818.2717010972,26816.910701096924,26817.116701096966,,,,,,,,,,
nan,pause,26818.2727010972,26818.2717010972,nan,,,,,,,,,,
-10.233459101403568,exhale,26819.09370109737,26818.2727010972,26818.61670109727,,,,,,,,,,
nan,pause,26819.09470109737,26819.09370109737,nan,,,,,,,,,,
7.079096089506875,inhale,26820.37070109763,26819.09470109737,26819.286701097408,,,,,,,,,,
nan,pause,26820.37170109763,26820.37070109763,nan,,,,,,,,,,
-10.579627997380525,exhale,26821.15970109779,26820.37170109763,26820.77670109771,,,,,,,,,,
nan,pause,26821.16070109779,26821.15970109779,nan,,,,,,,,,,
6.3141956138085735,inhale,26822.53670109807,26821.16070109779,26821.286701097815,,,,,,,,,,
nan,pause,26822.53770109807,26822.53670109807,nan,,,,,,,,,,
-10.498762059304221,exhale,26823.259701098217,26822.53770109807,26822.946701098153,,,,,,,,,,
nan,pause,26823.260701098217,26823.259701098217,nan,,,,,,,,,,
5.081613201002996,inhale,26824.664701098503,26823.260701098217,26823.456701098257,,,,,,,,,,
nan,pause,26824.665701098504,26824.664701098503,nan,,,,,,,,,,
-11.313921303503038,exhale,26825.397701098653,26824.665701098504,26824.956701098563,,,,,,,,,,
nan,pause,26825.398701098653,26825.397701098653,nan,,,,,,,,,,
4.133182464882852,inhale,26826.935701098966,26825.398701098653,26825.616701098697,,,,,,,,,,
nan,pause,26826.936701098966,26826.935701098966,nan,,,,,,,,,,
-10.595680815526565,exhale,26827.68470109912,26826.936701098966,26827.286701099038,,,,,,,,,,
nan,pause,26827.68570109912,26827.68470109912,nan,,,,,,,,,,
8.446391059729615,inhale,26829.16070109942,26827.68570109912,26827.946701099172,,,,,,,,,,
nan,pause,26829.16170109942,26829.16070109942,nan,,,,,,,,,,
-9.100084924672279,exhale,26829.977701099586,26829.16170109942,26829.616701099512,,,,,,,,,,
nan,pause,26829.978701099586,26829.977701099586,nan,,,,,,,,,,
4.299856247377495,inhale,26831.493701099895,26829.978701099586,26830.116701099614,,,,,,,,,,
nan,pause,26831.494701099895,26831.493701099895,nan,,,,,,,,,,
-10.68159946512459,exhale,26832.246701100048,26831.494701099895,26831.946701099987,,,,,,,,,,
nan,pause,26832.24770110005,26832.246701100048,nan,,,,,,,,,,
4.242254339365182,inhale,26833.9767011004,26832.24770110005,26833.77670110036,,,,,,,,,,
nan,pause,26833.9777011004,26833.9767011004,nan,,,,,,,,,,
-8.471597168500331,exhale,26834.780701100564,26833.9777011004,26834.286701100464,,,,,,,,,,
nan,pause,26834.781701100565,26834.780701100564,nan,,,,,,,,,,
4.183172202594399,inhale,26836.162701100846,26834.781701100565,26835.116701100633,,,,,,,,,,
nan,pause,26836.163701100846,26836.162701100846,nan,,,,,,,,,,
-11.9500507846283,exhale,26836.940701101004,26836.163701100846,26836.61670110094,,,,,,,,,,
nan,pause,26836.941701101005,26836.940701101004,nan,,,,,,,,,,
3.8664675855664234,inhale,26838.49470110132,26836.941701101005,26837.11670110104,,,,,,,,,,
nan,pause,26838.49570110132,26838.49470110132,nan,,,,,,,,,,
-10.603575822274225,exhale,26839.236701101472,26838.49570110132,26838.946701101413,,,,,,,,,,
nan,pause,26839.237701101472,26839.236701101472,nan,,,,,,,,,,
4.799872021548765,inhale,26840.65170110176,26839.237701101472,26839.61670110155,,,,,,,,,,
nan,pause,26840.65270110176,26840.65170110176,nan,,,,,,,,,,
-12.266722464286817,exhale,26841.400701101913,26840.65270110176,26841.116701101855,,,,,,,,,,
nan,pause,26841.401701101913,26841.400701101913,nan,,,,,,,,,,
4.516470127071563,inhale,26842.869701102212,26841.401701101913,26841.616701101957,,,,,,,,,,
nan,pause,26842.870701102212,26842.869701102212,nan,,,,,,,,,,
-9.726674337794968,exhale,26843.613701102364,26842.870701102212,26843.286701102297,,,,,,,,,,
nan,pause,26843.614701102364,26843.613701102364,nan,,,,,,,,,,
6.184196666152677,inhale,26845.254701102698,26843.614701102364,26844.786701102603,,,,,,,,,,
nan,pause,26845.2557011027,26845.254701102698,nan,,,,,,,,,,
-9.40005663389454,exhale,26846.09870110287,26845.2557011027,26845.616701102772,,,,,,,,,,
nan,pause,26846.09970110287,26846.09870110287,nan,,,,,,,,,,
5.551627723472654,inhale,26847.289701103113,26846.09970110287,26846.44670110294,,,,,,,,,,
nan,pause,26847.290701103113,26847.289701103113,nan,,,,,,,,,,
-10.33346447969776,exhale,26848.001701103258,26847.290701103113,26847.61670110318,,,,,,,,,,
nan,pause,26848.002701103258,26848.001701103258,nan,,,,,,,,,,
4.466445205724335,inhale,26849.369701103536,26848.002701103258,26848.11670110328,,,,,,,,,,
nan,pause,26849.370701103537,26849.369701103536,nan,,,,,,,,,,
-8.968963442432521,exhale,26850.06970110368,26849.370701103537,26849.77670110362,,,,,,,,,,
nan,pause,26850.07070110368,26850.06970110368,nan,,,,,,,,,,
3.3551439979711124,inhale,26851.49170110397,26850.07070110368,26850.946701103858,,,,,,,,,,
nan,pause,26851.49270110397,26851.49170110397,nan,,,,,,,,,,
-9.209318387236348,exhale,26852.23370110412,26851.49270110397,26851.78670110403,,,,,,,,,,
nan,pause,26852.23470110412,26852.23370110412,nan,,,,,,,,,,
5.1465474379883505,inhale,26853.531701104384,26852.23470110412,26852.456701104165,,,,,,,,,,
nan,pause,26853.532701104385,26853.531701104384,nan,,,,,,,,,,
-8.501861695474396,exhale,26854.285701104538,26853.532701104385,26853.95670110447,,,,,,,,,,
nan,pause,26854.28670110454,26854.285701104538,nan,,,,,,,,,,
5.550843646683886,inhale,26855.77570110484,26854.28670110454,26854.456701104573,,,,,,,,,,
nan,pause,26855.77670110484,26855.77570110484,nan,,,,,,,,,,
-7.766780048012382,exhale,26856.615701105013,26855.77670110484,26856.11670110491,,,,,,,,,,
nan,pause,26856.616701105013,26856.615701105013,nan,,,,,,,,,,
3.833178349519695,inhale,26858.085701105312,26856.616701105013,26857.116701105115,,,,,,,,,,
nan,pause,26858.086701105312,26858.085701105312,nan,,,,,,,,,,
-8.158038211444506,exhale,26858.881701105474,26858.086701105312,26858.456701105388,,,,,,,,,,
nan,pause,26858.882701105475,26858.881701105474,nan,,,,,,,,,,
7.247495092788798,inhale,26860.255701105754,26858.882701105475,26859.956701105693,,,,,,,,,,
nan,pause,26860.256701105754,26860.255701105754,nan,,,,,,,,,,
-7.515410632228211,exhale,26861.102701105927,26860.256701105754,26860.456701105795,,,,,,,,,,
nan,pause,26861.103701105927,26861.102701105927,nan,,,,,,,,,,
4.33150046714519,inhale,26862.800701106273,26861.103701105927,26861.286701105964,,,,,,,,,,
nan,pause,26862.801701106273,26862.800701106273,nan,,,,,,,,,,
-8.233483077776683,exhale,26863.679701106452,26862.801701106273,26863.116701106337,,,,,,,,,,
nan,pause,26863.680701106452,26863.679701106452,nan,,,,,,,,,,
7.482024436465784,inhale,26865.33770110679,26863.680701106452,26863.946701106506,,,,,,,,,,
nan,pause,26865.33870110679,26865.33770110679,nan,,,,,,,,,,
-7.683500000000007,exhale,26866.293701106984,26865.33870110679,26865.956701106916,,,,,,,,,,
nan,pause,26866.294701106985,26866.293701106984,nan,,,,,,,,,,
4.712528128723458,inhale,26867.79570110729,26866.294701106985,26866.776701107083,,,,,,,,,,
nan,pause,26867.79670110729,26867.79570110729,nan,,,,,,,,,,
-8.083469875296068,exhale,26868.613701107457,26867.79670110729,26868.116701107356,,,,,,,,,,
nan,pause,26868.614701107457,26868.613701107457,nan,,,,,,,,,,
8.382156363268667,inhale,26869.75070110769,26868.614701107457,26868.786701107492,,,,,,,,,,
nan,pause,26869.75170110769,26869.75070110769,nan,,,,,,,,,,
-7.850068363718053,exhale,26870.617701107865,26869.75170110769,26870.116701107763,,,,,,,,,,
nan,pause,26870.618701107865,26870.617701107865,nan,,,,,,,,,,
8.03189008352933,inhale,26871.735701108093,26870.618701107865,26870.7867011079,,,,,,,,,,
nan,pause,26871.736701108093,26871.735701108093,nan,,,,,,,,,,
-5.050720556358898,exhale,26872.594701108268,26871.736701108093,26871.956701108138,,,,,,,,,,
nan,pause,26872.59570110827,26872.594701108268,nan,,,,,,,,,,
4.916574443249684,inhale,26873.09970110837,26872.59570110827,26872.786701108307,,,,,,,,,,
nan,pause,26873.10070110837,26873.09970110837,nan,,,,,,,,,,
-0.36677502047460303,pause,26873.2427011084,26873.10070110837,26873.116701108374,,,,,,,,,,
nan,pause,26873.510701108455,26873.2427011084,nan,,,,,,,,,,
-0.4308566474997916,exhale,26874.67170110869,26873.510701108455,26873.946701108543,,,,,,,,,,
nan,pause,26874.95870110875,26874.67170110869,nan,,,,,,,,,,
1.8618145181207275,inhale,26875.460701108852,26874.95870110875,26875.286701108816,,,,,,,,,,
nan,pause,26875.461701108852,26875.460701108852,nan,,,,,,,,,,
-3.7066359321303217,exhale,26876.43270110905,26875.461701108852,26875.78670110892,,,,,,,,,,
nan,pause,26876.43370110905,26876.43270110905,nan,,,,,,,,,,
4.18316196054797,inhale,26878.09570110939,26876.43370110905,26876.616701109087,,,,,,,,,,
nan,pause,26878.09670110939,26878.09570110939,nan,,,,,,,,,,
-3.2925094213063764,exhale,26879.08170110959,26878.09670110939,26878.44670110946,,,,,,,,,,
nan,pause,26879.08270110959,26879.08170110959,nan,,,,,,,,,,
3.620316262947109,inhale,26880.477701109874,26879.08270110959,26879.28670110963,,,,,,,,,,
nan,pause,26880.478701109874,26880.477701109874,nan,,,,,,,,,,
-2.3461370606046117,exhale,26881.351701110052,26880.478701109874,26880.776701109935,,,,,,,,,,
nan,pause,26881.352701110052,26881.351701110052,nan,,,,,,,,,,
3.883166010262517,inhale,26882.627701110312,26881.352701110052,26881.616701110106,,,,,,,,,,
nan,pause,26882.628701110312,26882.627701110312,nan,,,,,,,,,,
-2.2494388893020125,exhale,26883.45970111048,26882.628701110312,26882.946701110377,,,,,,,,,,
nan,pause,26883.46070111048,26883.45970111048,nan,,,,,,,,,,
3.6331754002888155,inhale,26884.67170111073,26883.46070111048,26883.616701110514,,,,,,,,,,
nan,pause,26884.67270111073,26884.67170111073,nan,,,,,,,,,,
-2.016135223263969,exhale,26885.533701110904,26884.67270111073,26885.27670111085,,,,,,,,,,
nan,pause,26885.534701110904,26885.533701110904,nan,,,,,,,,,,
2.824396768472983,inhale,26886.69270111114,26885.534701110904,26885.786701110956,,,,,,,,,,
nan,pause,26886.69370111114,26886.69270111114,nan,,,,,,,,,,
-1.6167987215757096,exhale,26887.501701111305,26886.69370111114,26887.116701111227,,,,,,,,,,
nan,pause,26887.502701111305,26887.501701111305,nan,,,,,,,,,,
2.8937184706123156,inhale,26888.543701111517,26887.502701111305,26887.786701111363,,,,,,,,,,
nan,pause,26888.544701111517,26888.543701111517,nan,,,,,,,,,,
-1.9579595582348541,exhale,26889.4457011117,26888.544701111517,26888.786701111567,,,,,,,,,,
nan,pause,26889.4467011117,26889.4457011117,nan,,,,,,,,,,
2.2664809529239593,inhale,26890.510701111918,26889.4467011117,26889.616701111736,,,,,,,,,,
nan,pause,26890.51170111192,26890.510701111918,nan,,,,,,,,,,
-1.4658097334962392,exhale,26891.340701112087,26890.51170111192,26890.946701112007,,,,,,,,,,
nan,pause,26891.341701112087,26891.340701112087,nan,,,,,,,,,,
2.2164900987685177,inhale,26892.43870111231,26891.341701112087,26892.116701112245,,,,,,,,,,
nan,pause,26892.43970111231,26892.43870111231,nan,,,,,,,,,,
-1.8000908909741165,exhale,26893.349701112496,26892.43970111231,26892.616701112347,,,,,,,,,,
nan,pause,26893.350701112497,26893.349701112496,nan,,,,,,,,,,
1.5498921155014893,inhale,26894.486701112728,26893.350701112497,26893.61670111255,,,,,,,,,,
nan,pause,26894.48770111273,26894.486701112728,nan,,,,,,,,,,
-1.4000929798344157,exhale,26895.361701112906,26894.48770111273,26895.116701112856,,,,,,,,,,
nan,pause,26895.362701112907,26895.361701112906,nan,,,,,,,,,,
1.7164926241422234,inhale,26896.391701113116,26895.362701112907,26895.61670111296,,,,,,,,,,
nan,pause,26896.392701113116,26896.391701113116,nan,,,,,,,,,,
-1.4974610842392317,exhale,26897.23970111329,26896.392701113116,26896.776701113195,,,,,,,,,,
nan,pause,26897.24070111329,26897.23970111329,nan,,,,,,,,,,
1.8098029065315548,inhale,26898.296701113504,26897.24070111329,26897.456701113333,,,,,,,,,,
nan,pause,26898.297701113504,26898.296701113504,nan,,,,,,,,,,
-1.7834952578251477,exhale,26899.091701113666,26898.297701113504,26898.61670111357,,,,,,,,,,
nan,pause,26899.092701113666,26899.091701113666,nan,,,,,,,,,,
1.9468396097419667,inhale,26900.169701113886,26899.092701113666,26899.286701113706,,,,,,,,,,
nan,pause,26900.170701113886,26900.169701113886,nan,,,,,,,,,,
-1.598118932983656,exhale,26900.97670111405,26900.170701113886,26900.446701113942,,,,,,,,,,
nan,pause,26900.97770111405,26900.97670111405,nan,,,,,,,,,,
1.9998954703048817,inhale,26901.972701114253,26900.97770111405,26901.61670111418,,,,,,,,,,
nan,pause,26901.973701114253,26901.972701114253,nan,,,,,,,,,,
-2.066784809766838,exhale,26902.83870111443,26901.973701114253,26902.116701114282,,,,,,,,,,
nan,pause,26902.83970111443,26902.83870111443,nan,,,,,,,,,,
1.7618128377611486,inhale,26903.999701114666,26902.83970111443,26902.956701114454,,,,,,,,,,
nan,pause,26904.000701114666,26903.999701114666,nan,,,,,,,,,,
-1.8304396088253918,exhale,26904.743701114818,26904.000701114666,26904.286701114725,,,,,,,,,,
nan,pause,26904.744701114818,26904.743701114818,nan,,,,,,,,,,
2.296839608642062,inhale,26905.725701115018,26904.744701114818,26905.28670111493,,,,,,,,,,
nan,pause,26905.726701115018,26905.725701115018,nan,,,,,,,,,,
-2.5167947415131398,exhale,26906.552701115186,26905.726701115018,26906.116701115097,,,,,,,,,,
nan,pause,26906.553701115186,26906.552701115186,nan,,,,,,,,,,
3.176436997481032,inhale,26907.90270111546,26906.553701115186,26906.786701115234,,,,,,,,,,
nan,pause,26907.90370111546,26907.90270111546,nan,,,,,,,,,,
-2.926232025258221,exhale,26908.817701115648,26907.90370111546,26908.276701115537,,,,,,,,,,
nan,pause,26908.818701115648,26908.817701115648,nan,,,,,,,,,,
2.821313326986686,inhale,26910.0577011159,26908.818701115648,26909.776701115843,,,,,,,,,,
nan,pause,26910.0587011159,26910.0577011159,nan,,,,,,,,,,
-2.580439607725487,exhale,26910.915701116075,26910.0587011159,26910.286701115947,,,,,,,,,,
nan,pause,26910.916701116075,26910.915701116075,nan,,,,,,,,,,
2.9164839483125378,inhale,26912.16770111633,26910.916701116075,26911.116701116116,,,,,,,,,,
nan,pause,26912.16870111633,26912.16770111633,nan,,,,,,,,,,
-2.48077829081114,exhale,26913.020701116504,26912.16870111633,26912.286701116354,,,,,,,,,,
nan,pause,26913.021701116504,26913.020701116504,nan,,,,,,,,,,
2.0910575049991538,inhale,26914.18270111674,26913.021701116504,26913.286701116558,,,,,,,,,,
nan,pause,26914.18370111674,26914.18270111674,nan,,,,,,,,,,
-2.2068973149700724,exhale,26915.004701116908,26914.18370111674,26914.446701116794,,,,,,,,,,
nan,pause,26915.00570111691,26915.004701116908,nan,,,,,,,,,,
2.315178364628631,inhale,26916.021701117115,26915.00570111691,26915.286701116966,,,,,,,,,,
nan,pause,26916.022701117116,26916.021701117115,nan,,,,,,,,,,
-1.6654777789997093,exhale,26916.811701117276,26916.022701117116,26916.446701117202,,,,,,,,,,
nan,pause,26916.812701117276,26916.811701117276,nan,,,,,,,,,,
2.1998999999999937,inhale,26917.846701117487,26916.812701117276,26917.456701117408,,,,,,,,,,
nan,pause,26917.847701117487,26917.846701117487,nan,,,,,,,,,,
-1.998779252386897,exhale,26918.659701117653,26917.847701117487,26918.276701117575,,,,,,,,,,
nan,pause,26918.660701117653,26918.659701117653,nan,,,,,,,,,,
1.6625371867962466,inhale,26919.716701117868,26918.660701117653,26919.446701117813,,,,,,,,,,
nan,pause,26919.71770111787,26919.716701117868,nan,,,,,,,,,,
-1.9321573644966765,exhale,26920.501701118028,26919.71770111787,26919.956701117917,,,,,,,,,,
nan,pause,26920.50270111803,26920.501701118028,nan,,,,,,,,,,
2.0998936256541754,inhale,26921.467701118225,26920.50270111803,26921.116701118153,,,,,,,,,,
nan,pause,26921.468701118225,26921.467701118225,nan,,,,,,,,,,
-1.882175154082378,exhale,26922.23670111838,26921.468701118225,26921.776701118288,,,,,,,,,,
nan,pause,26922.23770111838,26922.23670111838,nan,,,,,,,,,,
1.854440398754098,inhale,26923.246701118587,26922.23770111838,26922.456701118426,,,,,,,,,,
nan,pause,26923.247701118587,26923.246701118587,nan,,,,,,,,,,
-1.4587602655916525,exhale,26924.08770111876,26923.247701118587,26923.45670111863,,,,,,,,,,
nan,pause,26924.08870111876,26924.08770111876,nan,,,,,,,,,,
1.8620807897172866,inhale,26925.096701118964,26924.08870111876,26924.7867011189,,,,,,,,,,
nan,pause,26925.097701118964,26925.096701118964,nan,,,,,,,,,,
-1.5500962262538676,exhale,26925.895701119127,26925.097701118964,26925.61670111907,,,,,,,,,,
nan,pause,26925.896701119127,26925.895701119127,nan,,,,,,,,,,
1.5831952340631203,inhale,26926.94570111934,26925.896701119127,26926.616701119274,,,,,,,,,,
nan,pause,26926.94670111934,26926.94570111934,nan,,,,,,,,,,
-1.499420592223223,exhale,26927.740701119503,26926.94670111934,26927.28670111941,,,,,,,,,,
nan,pause,26927.741701119503,26927.740701119503,nan,,,,,,,,,,
1.6438701983687998,inhale,26928.835701119726,26927.741701119503,26927.956701119547,,,,,,,,,,
nan,pause,26928.836701119726,26928.835701119726,nan,,,,,,,,,,
-1.7167957927231865,exhale,26929.63670111989,26928.836701119726,26929.116701119783,,,,,,,,,,
nan,pause,26929.63770111989,26929.63670111989,nan,,,,,,,,,,
1.5825367294294703,inhale,26930.694701120105,26929.63770111989,26929.946701119952,,,,,,,,,,
nan,pause,26930.695701120105,26930.694701120105,nan,,,,,,,,,,
-1.3667997113472814,exhale,26931.525701120274,26930.695701120105,26931.11670112019,,,,,,,,,,
nan,pause,26931.526701120274,26931.525701120274,nan,,,,,,,,,,
1.6654798678974925,inhale,26932.609701120495,26931.526701120274,26932.28670112043,,,,,,,,,,
nan,pause,26932.610701120495,26932.609701120495,nan,,,,,,,,,,
-1.5157798678669523,exhale,26933.481701120672,26932.610701120495,26932.78670112053,,,,,,,,,,
nan,pause,26933.482701120673,26933.481701120672,nan,,,,,,,,,,
1.7831999999999937,inhale,26934.462701120872,26933.482701120673,26933.95670112077,,,,,,,,,,
nan,pause,26934.463701120872,26934.462701120872,nan,,,,,,,,,,
-1.6474605362833943,exhale,26935.27770112104,26934.463701120872,26934.776701120936,,,,,,,,,,
nan,pause,26935.27870112104,26935.27770112104,nan,,,,,,,,,,
1.7972579587540323,inhale,26936.295701121246,26935.27870112104,26935.946701121175,,,,,,,,,,
nan,pause,26936.296701121246,26936.295701121246,nan,,,,,,,,,,
-1.963451449295497,exhale,26937.0547011214,26936.296701121246,26936.45670112128,,,,,,,,,,
nan,pause,26937.0557011214,26937.0547011214,nan,,,,,,,,,,
1.5787787460111742,inhale,26938.145701121623,26937.0557011214,26937.78670112155,,,,,,,,,,
nan,pause,26938.146701121623,26938.145701121623,nan,,,,,,,,,,
-1.4148193244850493,exhale,26938.97170112179,26938.146701121623,26938.446701121684,,,,,,,,,,
nan,pause,26938.97270112179,26938.97170112179,nan,,,,,,,,,,
2.4831843472973367,inhale,26939.993701122,26938.97270112179,26939.616701121922,,,,,,,,,,
nan,pause,26939.994701122,26939.993701122,nan,,,,,,,,,,
-1.8157798674086585,exhale,26940.850701122174,26939.994701122,26940.28670112206,,,,,,,,,,
nan,pause,26940.851701122174,26940.850701122174,nan,,,,,,,,,,
1.649895357057896,inhale,26941.90970112239,26940.851701122174,26941.116701122228,,,,,,,,,,
nan,pause,26941.91070112239,26941.90970112239,nan,,,,,,,,,,
-1.7948183345209723,exhale,26942.682701122547,26941.91070112239,26942.276701122464,,,,,,,,,,
nan,pause,26942.683701122547,26942.682701122547,nan,,,,,,,,,,
2.241188942604306,inhale,26943.67970112275,26942.683701122547,26942.956701122603,,,,,,,,,,
nan,pause,26943.68070112275,26943.67970112275,nan,,,,,,,,,,
-2.6189743019129756,exhale,26944.492701122916,26943.68070112275,26943.946701122804,,,,,,,,,,
nan,pause,26944.493701122916,26944.492701122916,nan,,,,,,,,,,
2.281876291977973,inhale,26945.53770112313,26944.493701122916,26945.286701123077,,,,,,,,,,
nan,pause,26945.53870112313,26945.53770112313,nan,,,,,,,,,,
-2.031519188417321,exhale,26946.33570112329,26945.53870112313,26945.946701123212,,,,,,,,,,
nan,pause,26946.33670112329,26946.33570112329,nan,,,,,,,,,,
1.8351591366548246,inhale,26947.527701123534,26946.33670112329,26946.456701123316,,,,,,,,,,
nan,pause,26947.528701123534,26947.527701123534,nan,,,,,,,,,,
-1.9460194678014406,exhale,26948.29370112369,26947.528701123534,26947.786701123587,,,,,,,,,,
nan,pause,26948.29470112369,26948.29370112369,nan,,,,,,,,,,
1.7831928713763439,inhale,26949.495701123935,26948.29470112369,26949.116701123858,,,,,,,,,,
nan,pause,26949.496701123935,26949.495701123935,nan,,,,,,,,,,
-1.7318464799521518,exhale,26950.315701124102,26949.496701123935,26949.946701124027,,,,,,,,,,
nan,pause,26950.316701124102,26950.315701124102,nan,,,,,,,,,,
1.4104701942441566,inhale,26951.704701124385,26950.316701124102,26950.45670112413,,,,,,,,,,
nan,pause,26951.705701124385,26951.704701124385,nan,,,,,,,,,,
-1.7667969311999852,exhale,26952.56670112456,26951.705701124385,26952.11670112447,,,,,,,,,,
nan,pause,26952.56770112456,26952.56670112456,nan,,,,,,,,,,
2.1308190087490257,inhale,26953.79370112481,26952.56770112456,26952.786701124605,,,,,,,,,,
nan,pause,26953.79470112481,26953.79370112481,nan,,,,,,,,,,
-1.8000989556367593,exhale,26954.635701124982,26953.79470112481,26954.116701124876,,,,,,,,,,
nan,pause,26954.636701124982,26954.635701124982,nan,,,,,,,,,,
1.9661613156855027,inhale,26955.983701125257,26954.636701124982,26954.786701125013,,,,,,,,,,
nan,pause,26955.984701125257,26955.983701125257,nan,,,,,,,,,,
-2.0800988746808238,exhale,26956.87570112544,26955.984701125257,26956.28670112532,,,,,,,,,,
nan,pause,26956.87670112544,26956.87570112544,nan,,,,,,,,,,
2.1552693509474388,inhale,26958.233701125715,26956.87670112544,26957.446701125555,,,,,,,,,,
nan,pause,26958.234701125715,26958.233701125715,nan,,,,,,,,,,
-2.096751447055847,exhale,26959.132701125898,26958.234701125715,26958.45670112576,,,,,,,,,,
nan,pause,26959.1337011259,26959.132701125898,nan,,,,,,,,,,
2.3664858172478076,inhale,26960.379701126152,26959.1337011259,26960.1167011261,,,,,,,,,,
nan,pause,26960.380701126152,26960.379701126152,nan,,,,,,,,,,
-1.5000949092962519,exhale,26961.221701126324,26960.380701126152,26960.6167011262,,,,,,,,,,
nan,pause,26961.222701126324,26961.221701126324,nan,,,,,,,,,,
1.248577224671142,inhale,26962.657701126616,26961.222701126324,26961.94670112647,,,,,,,,,,
nan,pause,26962.658701126617,26962.657701126616,nan,,,,,,,,,,
-1.2661375026005883,exhale,26963.5647011268,26962.658701126617,26963.276701126742,,,,,,,,,,
nan,pause,26963.5657011268,26963.5647011268,nan,,,,,,,,,,
1.207659518519112,inhale,26965.004701127094,26963.5657011268,26963.786701126846,,,,,,,,,,
nan,pause,26965.005701127095,26965.004701127094,nan,,,,,,,,,,
-1.3464699291224917,exhale,26965.797701127256,26965.005701127095,26965.446701127184,,,,,,,,,,
nan,pause,26965.798701127256,26965.797701127256,nan,,,,,,,,,,
1.4998978019744564,inhale,26966.9937011275,26965.798701127256,26966.616701127423,,,,,,,,,,
nan,pause,26966.9947011275,26966.9937011275,nan,,,,,,,,,,
-1.750078303689739,exhale,26967.78570112766,26966.9947011275,26967.616701127627,,,,,,,,,,
nan,pause,26967.78670112766,26967.78570112766,nan,,,,,,,,,,
2.457742146554439,inhale,26969.06470112792,26967.78670112766,26967.956701127696,,,,,,,,,,
nan,pause,26969.06570112792,26969.06470112792,nan,,,,,,,,,,
-1.9168000000000063,exhale,26969.872701128086,26969.06570112792,26969.286701127967,,,,,,,,,,
nan,pause,26969.873701128086,26969.872701128086,nan,,,,,,,,,,
1.9818761564740752,inhale,26971.008701128318,26969.873701128086,26970.77670112827,,,,,,,,,,
nan,pause,26971.009701128318,26971.008701128318,nan,,,,,,,,,,
-1.731518103414537,exhale,26971.785701128476,26971.009701128318,26971.446701128407,,,,,,,,,,
nan,pause,26971.786701128476,26971.785701128476,nan,,,,,,,,,,
1.743870190302831,inhale,26972.859701128695,26971.786701128476,26971.95670112851,,,,,,,,,,
nan,pause,26972.860701128695,26972.859701128695,nan,,,,,,,,,,
-1.9000942611823284,exhale,26973.610701128848,26972.860701128695,26973.116701128747,,,,,,,,,,
nan,pause,26973.611701128848,26973.610701128848,nan,,,,,,,,,,
2.1462661915918524,inhale,26974.623701129054,26973.611701128848,26973.946701128916,,,,,,,,,,
nan,pause,26974.624701129054,26974.623701129054,nan,,,,,,,,,,
-2.050085570365448,exhale,26975.361701129204,26974.624701129054,26975.116701129155,,,,,,,,,,
nan,pause,26975.362701129205,26975.361701129204,nan,,,,,,,,,,
2.1331909904815256,inhale,26976.47670112943,26975.362701129205,26975.616701129256,,,,,,,,,,
nan,pause,26976.47770112943,26976.47670112943,nan,,,,,,,,,,
-2.733478376302402,exhale,26977.192701129577,26976.47770112943,26976.61670112946,,,,,,,,,,
nan,pause,26977.193701129578,26977.192701129577,nan,,,,,,,,,,
4.602430441687374,inhale,26978.04670112975,26977.193701129578,26977.45670112963,,,,,,,,,,
nan,pause,26978.04770112975,26978.04670112975,nan,,,,,,,,,,
-3.1841185664471667,exhale,26978.82570112991,26978.04770112975,26978.2867011298,,,,,,,,,,
nan,pause,26978.82670112991,26978.82570112991,nan,,,,,,,,,,
3.6498894148185688,inhale,26979.80470113011,26978.82670112991,26979.11670112997,,,,,,,,,,
nan,pause,26979.80570113011,26979.80470113011,nan,,,,,,,,,,
-8.438866474798003,exhale,26980.570701130266,26979.80570113011,26980.276701130206,,,,,,,,,,
nan,pause,26980.571701130266,26980.570701130266,nan,,,,,,,,,,
2.165832955206262,inhale,26980.93970113034,26980.571701130266,26980.776701130308,,,,,,,,,,
nan,pause,26981.367701130428,26980.93970113034,nan,,,,,,,,,,
1.8582372711137567,inhale,26982.11570113058,26981.367701130428,26981.946701130546,,,,,,,,,,
nan,pause,26982.11670113058,26982.11570113058,nan,,,,,,,,,,
-4.016796009135277,exhale,26983.020701130765,26982.11670113058,26982.616701130682,,,,,,,,,,
nan,pause,26983.021701130765,26983.020701130765,nan,,,,,,,,,,
1.6161613151073195,inhale,26984.288701131023,26983.021701130765,26983.28670113082,,,,,,,,,,
nan,pause,26984.289701131023,26984.288701131023,nan,,,,,,,,,,
-2.731516526435028,exhale,26985.020701131172,26984.289701131023,26984.776701131123,,,,,,,,,,
nan,pause,26985.021701131172,26985.020701131172,nan,,,,,,,,,,
3.8403543156733826,inhale,26986.1417011314,26985.021701131172,26985.286701131226,,,,,,,,,,
nan,pause,26986.1427011314,26986.1417011314,nan,,,,,,,,,,
-6.226127549426968,exhale,26986.895701131554,26986.1427011314,26986.456701131465,,,,,,,,,,
nan,pause,26986.896701131554,26986.895701131554,nan,,,,,,,,,,
2.666488837771351,inhale,26988.432701131867,26986.896701131554,26987.1167011316,,,,,,,,,,
nan,pause,26988.433701131868,26988.432701131867,nan,,,,,,,,,,
-7.757618780005185,exhale,26989.18670113202,26988.433701131868,26988.78670113194,,,,,,,,,,
nan,pause,26989.18770113202,26989.18670113202,nan,,,,,,,,,,
3.323957451777504,inhale,26990.64970113232,26989.18770113202,26989.446701132074,,,,,,,,,,
nan,pause,26990.65070113232,26990.64970113232,nan,,,,,,,,,,
-8.583431672681517,exhale,26991.366701132465,26990.65070113232,26991.116701132414,,,,,,,,,,
nan,pause,26991.367701132465,26991.366701132465,nan,,,,,,,,,,
5.149877405256241,inhale,26992.580701132712,26991.367701132465,26991.616701132516,,,,,,,,,,
nan,pause,26992.581701132713,26992.580701132712,nan,,,,,,,,,,
-8.32261719129197,exhale,26993.290701132857,26992.581701132713,26992.786701132754,,,,,,,,,,
nan,pause,26993.291701132857,26993.290701132857,nan,,,,,,,,,,
5.076724114674424,inhale,26994.417701133087,26993.291701132857,26993.45670113289,,,,,,,,,,
nan,pause,26994.418701133087,26994.417701133087,nan,,,,,,,,,,
-7.057210243002638,exhale,26995.240701133254,26994.418701133087,26994.946701133194,,,,,,,,,,
nan,pause,26995.241701133255,26995.240701133254,nan,,,,,,,,,,
6.76687204594364,inhale,26996.261701133462,26995.241701133255,26995.4567011333,,,,,,,,,,
nan,pause,26996.262701133463,26996.261701133462,nan,,,,,,,,,,
-11.61674095566412,exhale,26996.9307011336,26996.262701133463,26996.616701133535,,,,,,,,,,
nan,pause,26996.9317011336,26996.9307011336,nan,,,,,,,,,,
3.5998816795378463,inhale,26998.341701133886,26996.9317011336,26997.116701133637,,,,,,,,,,
nan,pause,26998.342701133886,26998.341701133886,nan,,,,,,,,,,
-10.952266504364932,exhale,26999.032701134027,26998.342701133886,26998.776701133975,,,,,,,,,,
nan,pause,26999.033701134027,26999.032701134027,nan,,,,,,,,,,
5.721596345291617,inhale,27000.28170113428,26999.033701134027,26999.276701134077,,,,,,,,,,
nan,pause,27000.28270113428,27000.28170113428,nan,,,,,,,,,,
-8.366772496791633,exhale,27000.947701134417,27000.28270113428,27000.61670113435,,,,,,,,,,
nan,pause,27000.948701134417,27000.947701134417,nan,,,,,,,,,,
5.4331650273547645,inhale,27002.268701134686,27000.948701134417,27001.11670113445,,,,,,,,,,
nan,pause,27002.269701134686,27002.268701134686,nan,,,,,,,,,,
-9.666745878968548,exhale,27002.96870113483,27002.269701134686,27002.616701134757,,,,,,,,,,
nan,pause,27002.96970113483,27002.96870113483,nan,,,,,,,,,,
5.331819976281394,inhale,27004.359701135112,27002.96970113483,27003.446701134926,,,,,,,,,,
nan,pause,27004.360701135112,27004.359701135112,nan,,,,,,,,,,
-8.732831501831837,exhale,27005.111701135265,27004.360701135112,27004.776701135197,,,,,,,,,,
nan,pause,27005.112701135266,27005.111701135265,nan,,,,,,,,,,
2.3821798634367677,inhale,27006.56070113556,27005.112701135266,27005.2867011353,,,,,,,,,,
nan,pause,27006.56170113556,27006.56070113556,nan,,,,,,,,,,
-11.216685347975604,exhale,27007.353701135722,27006.56170113556,27007.116701135674,,,,,,,,,,
nan,pause,27007.354701135722,27007.353701135722,nan,,,,,,,,,,
4.099889501945113,inhale,27008.644701135985,27007.354701135722,27007.616701135776,,,,,,,,,,
nan,pause,27008.645701135985,27008.644701135985,nan,,,,,,,,,,
-9.766669195276663,exhale,27009.281701136115,27008.645701135985,27009.11670113608,,,,,,,,,,
nan,pause,27009.282701136115,27009.281701136115,nan,,,,,,,,,,
6.212378461413986,inhale,27010.445701136352,27009.282701136115,27009.45670113615,,,,,,,,,,
nan,pause,27010.446701136352,27010.445701136352,nan,,,,,,,,,,
-10.25289589302076,exhale,27011.101701136486,27010.446701136352,27010.78670113642,,,,,,,,,,
nan,pause,27011.102701136486,27011.101701136486,nan,,,,,,,,,,
5.830795207454852,inhale,27012.420701136754,27011.102701136486,27011.286701136523,,,,,,,,,,
nan,pause,27012.421701136755,27012.420701136754,nan,,,,,,,,,,
-9.616749008736106,exhale,27013.071701136887,27012.421701136755,27012.616701136794,,,,,,,,,,
nan,pause,27013.072701136887,27013.071701136887,nan,,,,,,,,,,
5.733176203056982,inhale,27014.31070113714,27013.072701136887,27013.28670113693,,,,,,,,,,
nan,pause,27014.31170113714,27014.31070113714,nan,,,,,,,,,,
-18.29410517326684,exhale,27015.114701137303,27014.31170113714,27014.94670113727,,,,,,,,,,
nan,pause,27015.658701137414,27015.114701137303,nan,,,,,,,,,,
6.949820210260029,inhale,27016.343701137554,27015.658701137414,27016.116701137507,,,,,,,,,,
nan,pause,27016.344701137554,27016.343701137554,nan,,,,,,,,,,
-10.816639140293905,exhale,27017.26070113774,27016.344701137554,27017.11670113771,,,,,,,,,,
nan,pause,27017.26170113774,27017.26070113774,nan,,,,,,,,,,
11.223094921864709,inhale,27018.654701138024,27017.26170113774,27017.44670113778,,,,,,,,,,
nan,pause,27018.655701138025,27018.654701138024,nan,,,,,,,,,,
-18.325661518087234,exhale,27019.406701138178,27018.655701138025,27018.946701138084,,,,,,,,,,
nan,pause,27019.407701138178,27019.406701138178,nan,,,,,,,,,,
7.299829790540811,inhale,27021.048701138512,27019.407701138178,27019.61670113822,,,,,,,,,,
nan,pause,27021.049701138512,27021.048701138512,nan,,,,,,,,,,
-12.616708701201377,exhale,27021.843701138674,27021.049701138512,27021.616701138628,,,,,,,,,,
nan,pause,27021.844701138674,27021.843701138674,nan,,,,,,,,,,
13.116426335703753,inhale,27023.073701138925,27021.844701138674,27022.11670113873,,,,,,,,,,
nan,pause,27023.074701138925,27023.073701138925,nan,,,,,,,,,,
-17.142620350653928,exhale,27023.79270113907,27023.074701138925,27023.286701138968,,,,,,,,,,
nan,pause,27023.79370113907,27023.79270113907,nan,,,,,,,,,,
11.94841054231098,inhale,27024.851701139287,27023.79370113907,27023.956701139105,,,,,,,,,,
nan,pause,27024.852701139287,27024.851701139287,nan,,,,,,,,,,
-23.149899551692588,exhale,27025.55770113943,27024.852701139287,27025.11670113934,,,,,,,,,,
nan,pause,27025.55870113943,27025.55770113943,nan,,,,,,,,,,
10.007043636859445,inhale,27026.82470113969,27025.55870113943,27025.786701139477,,,,,,,,,,
nan,pause,27026.82570113969,27026.82470113969,nan,,,,,,,,,,
-16.850028356257674,exhale,27027.604701139848,27026.82570113969,27027.11670113975,,,,,,,,,,
nan,pause,27027.605701139848,27027.604701139848,nan,,,,,,,,,,
8.66644073835153,inhale,27028.911701140114,27027.605701139848,27028.616701140054,,,,,,,,,,
nan,pause,27028.912701140114,27028.911701140114,nan,,,,,,,,,,
-17.899994703767785,exhale,27029.63070114026,27028.912701140114,27029.116701140156,,,,,,,,,,
nan,pause,27029.63170114026,27029.63070114026,nan,,,,,,,,,,
10.9655301619068,inhale,27030.992701140538,27029.63170114026,27029.786701140292,,,,,,,,,,
nan,pause,27030.993701140538,27030.992701140538,nan,,,,,,,,,,
-18.39603267794519,exhale,27031.73570114069,27030.993701140538,27031.286701140598,,,,,,,,,,
nan,pause,27031.73670114069,27031.73570114069,nan,,,,,,,,,,
9.669333116902127,inhale,27033.098701140967,27031.73670114069,27031.946701140732,,,,,,,,,,
nan,pause,27033.099701140967,27033.098701140967,nan,,,,,,,,,,
-17.565931014496613,exhale,27033.825701141115,27033.099701140967,27033.45670114104,,,,,,,,,,
nan,pause,27033.826701141115,27033.825701141115,nan,,,,,,,,,,
10.349804825727412,inhale,27035.12870114138,27033.826701141115,27034.116701141174,,,,,,,,,,
nan,pause,27035.12970114138,27035.12870114138,nan,,,,,,,,,,
-14.76960392384799,exhale,27035.921701141542,27035.12970114138,27035.446701141445,,,,,,,,,,
nan,pause,27035.922701141542,27035.921701141542,nan,,,,,,,,,,
7.149824332949512,inhale,27037.502701141864,27035.922701141542,27036.116701141582,,,,,,,,,,
nan,pause,27037.503701141864,27037.502701141864,nan,,,,,,,,,,
-16.281750717205917,exhale,27038.27470114202,27037.503701141864,27037.786701141922,,,,,,,,,,
nan,pause,27038.27570114202,27038.27470114202,nan,,,,,,,,,,
16.342197945359334,pause,27039.623701142296,27038.27570114202,27039.44670114226,,,,,,,,,,
nan,pause,27039.624701142297,27039.623701142296,nan,,,,,,,,,,
-12.999184181657743,exhale,27040.440701142463,27039.624701142297,27039.956701142364,,,,,,,,,,
nan,pause,27040.441701142463,27040.440701142463,nan,,,,,,,,,,
10.716383901176206,inhale,27041.69670114272,27040.441701142463,27040.6167011425,,,,,,,,,,
nan,pause,27041.69770114272,27041.69670114272,nan,,,,,,,,,,
-17.701194119405006,exhale,27042.44570114287,27041.69770114272,27041.95670114277,,,,,,,,,,
nan,pause,27042.44670114287,27042.44570114287,nan,,,,,,,,,,
7.549829079608769,inhale,27043.947701143177,27042.44670114287,27042.616701142906,,,,,,,,,,
nan,pause,27043.948701143177,27043.947701143177,nan,,,,,,,,,,
-16.440931941111515,exhale,27044.728701143336,27043.948701143177,27044.286701143246,,,,,,,,,,
nan,pause,27044.729701143337,27044.728701143336,nan,,,,,,,,,,
15.037669103400209,inhale,27046.000701143596,27044.729701143337,27044.94670114338,,,,,,,,,,
nan,pause,27046.001701143596,27046.000701143596,nan,,,,,,,,,,
-14.391033029429003,exhale,27046.771701143753,27046.001701143596,27046.446701143686,,,,,,,,,,
nan,pause,27046.772701143753,27046.771701143753,nan,,,,,,,,,,
11.843808023826934,inhale,27047.960701143995,27046.772701143753,27047.78670114396,,,,,,,,,,
nan,pause,27047.961701143995,27047.960701143995,nan,,,,,,,,,,
-12.801596849186783,exhale,27048.809701144168,27047.961701143995,27048.446701144094,,,,,,,,,,
nan,pause,27048.810701144168,27048.809701144168,nan,,,,,,,,,,
9.933124019268924,inhale,27049.90570114439,27048.810701144168,27049.11670114423,,,,,,,,,,
nan,pause,27049.90670114439,27049.90570114439,nan,,,,,,,,,,
-17.88018716492479,exhale,27050.600701144533,27049.90670114439,27050.276701144467,,,,,,,,,,
nan,pause,27050.601701144533,27050.600701144533,nan,,,,,,,,,,
9.644144194533766,inhale,27051.937701144805,27050.601701144533,27050.78670114457,,,,,,,,,,
nan,pause,27051.938701144805,27051.937701144805,nan,,,,,,,,,,
-18.256308089217303,exhale,27052.609701144942,27051.938701144805,27052.286701144876,,,,,,,,,,
nan,pause,27052.610701144942,27052.609701144942,nan,,,,,,,,,,
9.571991632054823,inhale,27053.886701145202,27052.610701144942,27052.786701144978,,,,,,,,,,
nan,pause,27053.887701145202,27053.886701145202,nan,,,,,,,,,,
-15.450100000000006,exhale,27054.582701145344,27053.887701145202,27054.12670114525,,,,,,,,,,
nan,pause,27054.583701145344,27054.582701145344,nan,,,,,,,,,,
8.3770684428815,inhale,27055.824701145597,27054.583701145344,27054.786701145385,,,,,,,,,,
nan,pause,27055.825701145597,27055.824701145597,nan,,,,,,,,,,
-18.500019595375527,exhale,27056.512701145737,27055.825701145597,27056.116701145656,,,,,,,,,,
nan,pause,27056.513701145737,27056.512701145737,nan,,,,,,,,,,
9.8947754176765,inhale,27057.85770114601,27056.513701145737,27056.786701145793,,,,,,,,,,
nan,pause,27057.85870114601,27057.85770114601,nan,,,,,,,,,,
-16.516702706437663,exhale,27058.604701146163,27057.85870114601,27058.116701146064,,,,,,,,,,
nan,pause,27058.605701146163,27058.604701146163,nan,,,,,,,,,,
7.275731442682261,inhale,27059.952701146438,27058.605701146163,27058.7867011462,,,,,,,,,,
nan,pause,27059.953701146438,27059.952701146438,nan,,,,,,,,,,
-19.82597051227924,exhale,27060.624701146575,27059.953701146438,27060.286701146506,,,,,,,,,,
nan,pause,27060.625701146575,27060.624701146575,nan,,,,,,,,,,
6.398878862169866,inhale,27062.100701146876,27060.625701146575,27060.94670114664,,,,,,,,,,
nan,pause,27062.101701146876,27062.100701146876,nan,,,,,,,,,,
-22.214605260149398,exhale,27062.81370114702,27062.101701146876,27062.446701146946,,,,,,,,,,
nan,pause,27062.81470114702,27062.81370114702,nan,,,,,,,,,,
11.266451748323247,inhale,27064.13370114729,27062.81470114702,27063.116701147082,,,,,,,,,,
nan,pause,27064.13470114729,27064.13370114729,nan,,,,,,,,,,
-21.004542649686606,exhale,27064.895701147445,27064.13470114729,27064.456701147355,,,,,,,,,,
nan,pause,27064.896701147445,27064.895701147445,nan,,,,,,,,,,
4.533190786439622,inhale,27066.756701147824,27064.896701147445,27065.11670114749,,,,,,,,,,
nan,pause,27066.757701147824,27066.756701147824,nan,,,,,,,,,,
-90.99993038970646,pause,27068.5957011482,27066.757701147824,27068.1167011481,,,,,,,,,,
nan,pause,27068.5967011482,27068.5957011482,nan,,,,,,,,,,
167.6844192433273,pause,27072.763701149048,27068.5967011482,27068.786701148238,,,,,,,,,,
nan,pause,27073.0197011491,27072.763701149048,nan,,,,,,,,,,
-0.4500913338096846,exhale,27073.5047011492,27073.0197011491,27073.11670114912,,,,,,,,,,
nan,pause,27073.5057011492,27073.5047011492,nan,,,,,,,,,,
0.6552784517612674,inhale,27074.122701149325,27073.5057011492,27073.786701149256,,,,,,,,,,
nan,pause,27074.123701149325,27074.122701149325,nan,,,,,,,,,,
-3.6895379250236924,exhale,27074.94270114949,27074.123701149325,27074.776701149458,,,,,,,,,,
nan,pause,27074.943701149492,27074.94270114949,nan,,,,,,,,,,
0.8664898434812148,inhale,27075.38270114958,27074.943701149492,27075.116701149527,,,,,,,,,,
nan,pause,27076.293701149767,27075.38270114958,nan,,,,,,,,,,
0.6831932231162604,inhale,27076.983701149908,27076.293701149767,27076.616701149833,,,,,,,,,,
nan,pause,27076.984701149908,27076.983701149908,nan,,,,,,,,,,
-0.3834918344375656,exhale,27077.257701149963,27076.984701149908,27077.116701149935,,,,,,,,,,
nan,pause,27077.664701150046,27077.257701149963,nan,,,,,,,,,,
-4.9093434802475375,exhale,27078.188701150153,27077.664701150046,27077.946701150104,,,,,,,,,,
nan,pause,27078.189701150153,27078.188701150153,nan,,,,,,,,,,
3.8746029422008155,inhale,27079.464701150413,27078.189701150153,27078.446701150206,,,,,,,,,,
nan,pause,27079.465701150413,27079.464701150413,nan,,,,,,,,,,
-5.048312286356833,exhale,27079.968701150516,27079.465701150413,27079.776701150477,,,,,,,,,,
nan,pause,27079.969701150516,27079.968701150516,nan,,,,,,,,,,
7.038630586031084,inhale,27080.943701150714,27079.969701150516,27080.28670115058,,,,,,,,,,
nan,pause,27080.944701150715,27080.943701150714,nan,,,,,,,,,,
-4.993467944132102,exhale,27081.65670115086,27080.944701150715,27081.446701150817,,,,,,,,,,
nan,pause,27081.65770115086,27081.65670115086,nan,,,,,,,,,,
2.8603791525730635,inhale,27082.849701151103,27081.65770115086,27081.786701150886,,,,,,,,,,
nan,pause,27082.850701151103,27082.849701151103,nan,,,,,,,,,,
-3.850080641518573,exhale,27083.47970115123,27082.850701151103,27083.116701151157,,,,,,,,,,
nan,pause,27083.48070115123,27083.47970115123,nan,,,,,,,,,,
3.11647650572798,inhale,27084.483701151436,27083.48070115123,27083.61670115126,,,,,,,,,,
nan,pause,27084.484701151436,27084.483701151436,nan,,,,,,,,,,
-5.182265007463705,exhale,27085.057701151552,27084.484701151436,27084.776701151495,,,,,,,,,,
nan,pause,27085.058701151553,27085.057701151552,nan,,,,,,,,,,
5.266198322566094,inhale,27086.046701151754,27085.058701151553,27085.2867011516,,,,,,,,,,
nan,pause,27086.047701151754,27086.046701151754,nan,,,,,,,,,,
-2.4987748807459758,exhale,27086.742701151896,27086.047701151754,27086.446701151835,,,,,,,,,,
nan,pause,27086.743701151896,27086.742701151896,nan,,,,,,,,,,
2.587693488426688,inhale,27087.65570115208,27086.743701151896,27086.95670115194,,,,,,,,,,
nan,pause,27087.656701152082,27087.65570115208,nan,,,,,,,,,,
-2.6067502817300245,exhale,27088.32770115222,27087.656701152082,27087.956701152143,,,,,,,,,,
nan,pause,27088.32870115222,27088.32770115222,nan,,,,,,,,,,
2.213822755012174,inhale,27089.293701152415,27088.32870115222,27088.456701152245,,,,,,,,,,
nan,pause,27089.294701152416,27089.293701152415,nan,,,,,,,,,,
-2.5834949447070152,exhale,27090.020701152564,27089.294701152416,27089.61670115248,,,,,,,,,,
nan,pause,27090.021701152564,27090.020701152564,nan,,,,,,,,,,
1.4992362922565718,inhale,27091.203701152805,27090.021701152564,27090.276701152616,,,,,,,,,,
nan,pause,27091.204701152805,27091.203701152805,nan,,,,,,,,,,
-3.13000056132134,exhale,27091.888701152944,27091.204701152805,27091.456701152856,,,,,,,,,,
nan,pause,27091.889701152944,27091.888701152944,nan,,,,,,,,,,
4.549852898510245,inhale,27092.94870115316,27091.889701152944,27092.11670115299,,,,,,,,,,
nan,pause,27092.94970115316,27092.94870115316,nan,,,,,,,,,,
-3.0579594499432985,exhale,27093.652701153303,27092.94970115316,27093.28670115323,,,,,,,,,,
nan,pause,27093.653701153304,27093.652701153303,nan,,,,,,,,,,
4.509057320112141,inhale,27094.685701153514,27093.653701153304,27093.78670115333,,,,,,,,,,
nan,pause,27094.686701153514,27094.685701153514,nan,,,,,,,,,,
-3.046700559182636,exhale,27095.45870115367,27094.686701153514,27094.95670115357,,,,,,,,,,
nan,pause,27095.45970115367,27095.45870115367,nan,,,,,,,,,,
4.399864323664119,inhale,27096.567701153897,27095.45970115367,27095.616701153704,,,,,,,,,,
nan,pause,27096.568701153898,27096.567701153897,nan,,,,,,,,,,
-2.2613585617483882,exhale,27097.289701154044,27096.568701153898,27096.786701153942,,,,,,,,,,
nan,pause,27097.290701154045,27097.289701154044,nan,,,,,,,,,,
2.8831999999999938,inhale,27098.180701154226,27097.290701154045,27097.45670115408,,,,,,,,,,
nan,pause,27098.181701154226,27098.180701154226,nan,,,,,,,,,,
-2.4385484491974396,exhale,27098.88170115437,27098.181701154226,27098.44670115428,,,,,,,,,,
nan,pause,27098.88270115437,27098.88170115437,nan,,,,,,,,,,
3.0498844174044333,inhale,27099.835701154563,27098.88270115437,27099.116701154417,,,,,,,,,,
nan,pause,27099.836701154563,27099.835701154563,nan,,,,,,,,,,
-2.2167925015260757,exhale,27100.531701154705,27099.836701154563,27100.11670115462,,,,,,,,,,
nan,pause,27100.532701154705,27100.531701154705,nan,,,,,,,,,,
2.6434384180457897,inhale,27101.372701154876,27100.532701154705,27100.786701154757,,,,,,,,,,
nan,pause,27101.373701154876,27101.372701154876,nan,,,,,,,,,,
-2.1967983345350324,exhale,27102.092701155023,27101.373701154876,27101.77670115496,,,,,,,,,,
nan,pause,27102.093701155023,27102.092701155023,nan,,,,,,,,,,
1.9583388600760652,inhale,27103.139701155236,27102.093701155023,27102.286701155062,,,,,,,,,,
nan,pause,27103.140701155236,27103.139701155236,nan,,,,,,,,,,
-2.3625070014827463,exhale,27103.817701155374,27103.140701155236,27103.4467011553,,,,,,,,,,
nan,pause,27103.818701155375,27103.817701155374,nan,,,,,,,,,,
3.0998730341634384,inhale,27104.844701155584,27103.818701155375,27104.616701155537,,,,,,,,,,
nan,pause,27104.845701155584,27104.844701155584,nan,,,,,,,,,,
-2.000095616829962,exhale,27105.572701155732,27104.845701155584,27105.11670115564,,,,,,,,,,
nan,pause,27105.573701155732,27105.572701155732,nan,,,,,,,,,,
2.525718273406207,inhale,27106.533701155928,27105.573701155732,27105.786701155776,,,,,,,,,,
nan,pause,27106.534701155928,27106.533701155928,nan,,,,,,,,,,
-2.0473802993872705,exhale,27107.250701156074,27106.534701155928,27106.78670115598,,,,,,,,,,
nan,pause,27107.251701156074,27107.250701156074,nan,,,,,,,,,,
2.464490055154434,inhale,27108.186701156264,27107.251701156074,27107.456701156116,,,,,,,,,,
nan,pause,27108.187701156265,27108.186701156264,nan,,,,,,,,,,
-2.1131690616919463,exhale,27108.880701156406,27108.187701156265,27108.446701156317,,,,,,,,,,
nan,pause,27108.881701156406,27108.880701156406,nan,,,,,,,,,,
2.6726317423137753,inhale,27109.88170115661,27108.881701156406,27109.276701156487,,,,,,,,,,
nan,pause,27109.88270115661,27109.88170115661,nan,,,,,,,,,,
-2.100090996208317,exhale,27110.678701156772,27109.88270115661,27110.116701156658,,,,,,,,,,
nan,pause,27110.679701156772,27110.678701156772,nan,,,,,,,,,,
2.020328782618696,inhale,27111.676701156975,27110.679701156772,27110.946701156827,,,,,,,,,,
nan,pause,27111.677701156976,27111.676701156975,nan,,,,,,,,,,
-1.396137890645228,exhale,27112.448701157133,27111.677701156976,27111.94670115703,,,,,,,,,,
nan,pause,27112.449701157133,27112.448701157133,nan,,,,,,,,,,
1.7648497693149028,inhale,27113.337701157314,27112.449701157133,27112.946701157234,,,,,,,,,,
nan,pause,27113.338701157314,27113.337701157314,nan,,,,,,,,,,
-2.0000941904934453,exhale,27114.034701157456,27113.338701157314,27113.61670115737,,,,,,,,,,
nan,pause,27114.035701157456,27114.034701157456,nan,,,,,,,,,,
2.816491027028969,inhale,27114.913701157635,27114.035701157456,27114.616701157574,,,,,,,,,,
nan,pause,27114.914701157635,27114.913701157635,nan,,,,,,,,,,
-2.411517955976157,exhale,27115.665701157788,27114.914701157635,27115.27670115771,,,,,,,,,,
nan,pause,27115.66670115779,27115.665701157788,nan,,,,,,,,,,
1.8978597133691544,inhale,27116.793701158018,27115.66670115779,27115.786701157813,,,,,,,,,,
nan,pause,27116.794701158018,27116.793701158018,nan,,,,,,,,,,
-2.213451430920182,exhale,27117.54670115817,27116.794701158018,27116.95670115805,,,,,,,,,,
nan,pause,27117.54770115817,27117.54670115817,nan,,,,,,,,,,
1.7712990066565868,inhale,27118.554701158377,27117.54770115817,27117.78670115822,,,,,,,,,,
nan,pause,27118.555701158377,27118.554701158377,nan,,,,,,,,,,
-1.4956807383634771,exhale,27119.373701158544,27118.555701158377,27118.786701158424,,,,,,,,,,
nan,pause,27119.374701158544,27119.373701158544,nan,,,,,,,,,,
1.7331844862297132,inhale,27120.33170115874,27119.374701158544,27120.116701158695,,,,,,,,,,
nan,pause,27120.33270115874,27120.33170115874,nan,,,,,,,,,,
-1.5487789145413096,exhale,27121.040701158883,27120.33270115874,27120.77670115883,,,,,,,,,,
nan,pause,27121.041701158883,27121.040701158883,nan,,,,,,,,,,
1.7426310865621322,inhale,27122.00770115908,27121.041701158883,27121.776701159033,,,,,,,,,,
nan,pause,27122.00870115908,27122.00770115908,nan,,,,,,,,,,
-1.6324798562873988,exhale,27122.78570115924,27122.00870115908,27122.286701159137,,,,,,,,,,
nan,pause,27122.78670115924,27122.78570115924,nan,,,,,,,,,,
1.0664850566615312,inhale,27123.77770115944,27122.78670115924,27123.616701159408,,,,,,,,,,
nan,pause,27123.77870115944,27123.77770115944,nan,,,,,,,,,,
-1.6334973163177366,exhale,27124.46770115958,27123.77870115944,27124.11670115951,,,,,,,,,,
nan,pause,27124.46870115958,27124.46770115958,nan,,,,,,,,,,
1.5434384085632047,inhale,27125.553701159803,27124.46870115958,27125.28670115975,,,,,,,,,,
nan,pause,27125.554701159803,27125.553701159803,nan,,,,,,,,,,
-1.8664592719285626,exhale,27126.32770115996,27125.554701159803,27125.78670115985,,,,,,,,,,
nan,pause,27126.32870115996,27126.32770115996,nan,,,,,,,,,,
1.5998972572480743,inhale,27127.41170116018,27126.32870115996,27127.11670116012,,,,,,,,,,
nan,pause,27127.41270116018,27127.41170116018,nan,,,,,,,,,,
-1.6501000000000063,exhale,27128.212701160344,27127.41270116018,27127.626701160225,,,,,,,,,,
nan,pause,27128.213701160344,27128.212701160344,nan,,,,,,,,,,
1.649897056539131,inhale,27129.156701160537,27128.213701160344,27128.616701160427,,,,,,,,,,
nan,pause,27129.157701160537,27129.156701160537,nan,,,,,,,,,,
-1.7628366315802302,exhale,27129.897701160688,27129.157701160537,27129.446701160596,,,,,,,,,,
nan,pause,27129.898701160688,27129.897701160688,nan,,,,,,,,,,
5.7101005906522,inhale,27130.610701160833,27129.898701160688,27130.4467011608,,,,,,,,,,
nan,pause,27130.949701160902,27130.610701160833,nan,,,,,,,,,,
-0.6425069329623039,exhale,27131.685701161052,27130.949701160902,27131.446701161003,,,,,,,,,,
nan,pause,27132.02070116112,27131.685701161052,nan,,,,,,,,,,
1.433179269865324,inhale,27132.79970116128,27132.02070116112,27132.61670116124,,,,,,,,,,
nan,pause,27132.80070116128,27132.79970116128,nan,,,,,,,,,,
-2.766794204233812,exhale,27133.59270116144,27132.80070116128,27133.116701161343,,,,,,,,,,
nan,pause,27133.59370116144,27133.59270116144,nan,,,,,,,,,,
1.2366381226007754,inhale,27135.088701161745,27133.59370116144,27133.78670116148,,,,,,,,,,
nan,pause,27135.089701161745,27135.088701161745,nan,,,,,,,,,,
-1.6167944138386934,exhale,27135.970701161925,27135.089701161745,27135.616701161853,,,,,,,,,,
nan,pause,27135.971701161925,27135.970701161925,nan,,,,,,,,,,
1.3998889551550993,inhale,27137.3267011622,27135.971701161925,27136.116701161955,,,,,,,,,,
nan,pause,27137.3277011622,27137.3267011622,nan,,,,,,,,,,
-1.4000973770226253,exhale,27138.070701162353,27137.3277011622,27137.61670116226,,,,,,,,,,
nan,pause,27138.071701162353,27138.070701162353,nan,,,,,,,,,,
1.2770791318581896,inhale,27139.404701162624,27138.071701162353,27138.286701162397,,,,,,,,,,
nan,pause,27139.405701162625,27139.404701162624,nan,,,,,,,,,,
-1.1834888384655406,exhale,27140.137701162774,27139.405701162625,27139.616701162668,,,,,,,,,,
nan,pause,27140.138701162774,27140.137701162774,nan,,,,,,,,,,
1.4155063743871985,inhale,27141.181701162986,27140.138701162774,27140.446701162837,,,,,,,,,,
nan,pause,27141.182701162987,27141.181701162986,nan,,,,,,,,,,
-1.1151004386405583,exhale,27141.874701163128,27141.182701162987,27141.286701163008,,,,,,,,,,
nan,pause,27141.875701163128,27141.874701163128,nan,,,,,,,,,,
1.0831930786032153,inhale,27142.899701163336,27141.875701163128,27142.116701163177,,,,,,,,,,
nan,pause,27142.900701163337,27142.899701163336,nan,,,,,,,,,,
-0.9480597100083467,exhale,27143.634701163486,27142.900701163337,27143.286701163415,,,,,,,,,,
nan,pause,27143.635701163486,27143.634701163486,nan,,,,,,,,,,
0.9818753374192932,inhale,27144.6917011637,27143.635701163486,27144.44670116365,,,,,,,,,,
nan,pause,27144.6927011637,27144.6917011637,nan,,,,,,,,,,
-1.0167973227719098,exhale,27145.42370116385,27144.6927011637,27145.116701163788,,,,,,,,,,
nan,pause,27145.42470116385,27145.42370116385,nan,,,,,,,,,,
1.149892227568939,inhale,27146.474701164065,27145.42470116385,27145.61670116389,,,,,,,,,,
nan,pause,27146.475701164065,27146.474701164065,nan,,,,,,,,,,
-0.981118981080566,exhale,27147.19270116421,27146.475701164065,27146.78670116413,,,,,,,,,,
nan,pause,27147.19370116421,27147.19270116421,nan,,,,,,,,,,
1.0436269564755063,inhale,27148.330701164443,27147.19370116421,27147.446701164263,,,,,,,,,,
nan,pause,27148.331701164443,27148.330701164443,nan,,,,,,,,,,
-1.2834970046975607,exhale,27149.06170116459,27148.331701164443,27148.6167011645,,,,,,,,,,
nan,pause,27149.062701164592,27149.06170116459,nan,,,,,,,,,,
1.2951379614480083,inhale,27150.17370116482,27149.062701164592,27149.286701164638,,,,,,,,,,
nan,pause,27150.17470116482,27150.17370116482,nan,,,,,,,,,,
-1.277559382817493,exhale,27150.887701164964,27150.17470116482,27150.446701164874,,,,,,,,,,
nan,pause,27150.888701164964,27150.887701164964,nan,,,,,,,,,,
1.149895431710582,inhale,27152.023701165195,27150.888701164964,27151.11670116501,,,,,,,,,,
nan,pause,27152.024701165195,27152.023701165195,nan,,,,,,,,,,
-1.1921756833752222,exhale,27152.773701165348,27152.024701165195,27152.276701165247,,,,,,,,,,
nan,pause,27152.77470116535,27152.773701165348,nan,,,,,,,,,,
1.7970718462482882,inhale,27153.999701165598,27152.77470116535,27152.956701165385,,,,,,,,,,
nan,pause,27154.000701165598,27153.999701165598,nan,,,,,,,,,,
-1.3334885217203494,exhale,27154.74070116575,27154.000701165598,27154.11670116562,,,,,,,,,,
nan,pause,27154.74170116575,27154.74070116575,nan,,,,,,,,,,
2.155782958607197,inhale,27155.861701165977,27154.74170116575,27154.956701165793,,,,,,,,,,
nan,pause,27155.862701165977,27155.861701165977,nan,,,,,,,,,,
-1.548400437113524,exhale,27156.626701166133,27155.862701165977,27156.286701166064,,,,,,,,,,
nan,pause,27156.627701166133,27156.626701166133,nan,,,,,,,,,,
1.2294601454210932,inhale,27157.852701166383,27156.627701166133,27156.786701166166,,,,,,,,,,
nan,pause,27157.853701166383,27157.852701166383,nan,,,,,,,,,,
-1.716793510582675,exhale,27158.67070116655,27157.853701166383,27158.116701166437,,,,,,,,,,
nan,pause,27158.67170116655,27158.67070116655,nan,,,,,,,,,,
1.5485391253120715,inhale,27159.79670116678,27158.67170116655,27158.786701166573,,,,,,,,,,
nan,pause,27159.79770116678,27159.79670116678,nan,,,,,,,,,,
-1.5834968571597556,exhale,27160.566701166936,27159.79770116678,27160.116701166844,,,,,,,,,,
nan,pause,27160.567701166936,27160.566701166936,nan,,,,,,,,,,
1.3468395618044486,inhale,27161.586701167143,27160.567701166936,27160.78670116698,,,,,,,,,,
nan,pause,27161.587701167144,27161.586701167143,nan,,,,,,,,,,
-1.4144189789412513,exhale,27162.3537011673,27161.587701167144,27161.786701167184,,,,,,,,,,
nan,pause,27162.3547011673,27162.3537011673,nan,,,,,,,,,,
1.149895094923575,inhale,27163.28870116749,27162.3547011673,27162.616701167353,,,,,,,,,,
nan,pause,27163.28970116749,27163.28870116749,nan,,,,,,,,,,
-1.2821573545573257,exhale,27163.994701167634,27163.28970116749,27163.456701167524,,,,,,,,,,
nan,pause,27163.995701167634,27163.994701167634,nan,,,,,,,,,,
1.197256531263437,inhale,27164.877701167814,27163.995701167634,27164.27670116769,,,,,,,,,,
nan,pause,27164.878701167814,27164.877701167814,nan,,,,,,,,,,
-1.2001000000000064,exhale,27165.571701167955,27164.878701167814,27165.286701167897,,,,,,,,,,
nan,pause,27165.572701167956,27165.571701167955,nan,,,,,,,,,,
1.3607198504904332,inhale,27166.52370116815,27165.572701167956,27166.2867011681,,,,,,,,,,
nan,pause,27166.52470116815,27166.52370116815,nan,,,,,,,,,,
-1.3667858871555638,exhale,27167.2677011683,27166.52470116815,27166.61670116817,,,,,,,,,,
nan,pause,27167.2687011683,27167.2677011683,nan,,,,,,,,,,
0.9472492975010072,inhale,27168.361701168524,27167.2687011683,27168.276701168506,,,,,,,,,,
nan,pause,27168.362701168524,27168.361701168524,nan,,,,,,,,,,
-1.5334944148565217,exhale,27169.055701168665,27168.362701168524,27168.616701168576,,,,,,,,,,
nan,pause,27169.056701168665,27169.055701168665,nan,,,,,,,,,,
1.1825401865999998,inhale,27169.879701168833,27169.056701168665,27169.446701168745,,,,,,,,,,
nan,pause,27169.880701168833,27169.879701168833,nan,,,,,,,,,,
-1.6334919107240797,exhale,27170.566701168973,27169.880701168833,27170.11670116888,,,,,,,,,,
nan,pause,27170.567701168973,27170.566701168973,nan,,,,,,,,,,
1.4145154436815541,inhale,27171.499701169163,27170.567701168973,27171.276701169118,,,,,,,,,,
nan,pause,27171.500701169163,27171.499701169163,nan,,,,,,,,,,
-1.1987800327069975,exhale,27172.1787011693,27171.500701169163,27171.77670116922,,,,,,,,,,
nan,pause,27172.1797011693,27172.1787011693,nan,,,,,,,,,,
1.013201051225676,inhale,27173.015701169472,27172.1797011693,27172.446701169356,,,,,,,,,,
nan,pause,27173.016701169472,27173.015701169472,nan,,,,,,,,,,
-1.2961378395825913,exhale,27173.704701169612,27173.016701169472,27173.276701169525,,,,,,,,,,
nan,pause,27173.705701169612,27173.704701169612,nan,,,,,,,,,,
1.1311900510908968,inhale,27174.53070116978,27173.705701169612,27173.956701169664,,,,,,,,,,
nan,pause,27174.53170116978,27174.53070116978,nan,,,,,,,,,,
-1.3620399944681916,exhale,27175.21770116992,27174.53170116978,27174.786701169833,,,,,,,,,,
nan,pause,27175.21870116992,27175.21770116992,nan,,,,,,,,,,
1.0124801019984822,inhale,27176.14470117011,27175.21870116992,27175.45670116997,,,,,,,,,,
nan,pause,27176.14570117011,27176.14470117011,nan,,,,,,,,,,
-1.614080288065156,exhale,27176.750701170233,27176.14570117011,27176.28670117014,,,,,,,,,,
nan,pause,27176.751701170233,27176.750701170233,nan,,,,,,,,,,
1.4998536371215407,inhale,27177.684701170423,27176.751701170233,27177.61670117041,,,,,,,,,,
nan,pause,27177.685701170423,27177.684701170423,nan,,,,,,,,,,
-2.1627194115840838,exhale,27178.31170117055,27177.685701170423,27177.786701170444,,,,,,,,,,
nan,pause,27178.31270117055,27178.31170117055,nan,,,,,,,,,,
2.2664880652486654,inhale,27179.201701170732,27178.31270117055,27178.616701170613,,,,,,,,,,
nan,pause,27179.202701170732,27179.201701170732,nan,,,,,,,,,,
-2.7960291845003256,exhale,27179.840701170862,27179.202701170732,27179.456701170784,,,,,,,,,,
nan,pause,27179.841701170863,27179.840701170862,nan,,,,,,,,,,
2.8164851706087357,inhale,27180.695701171036,27179.841701170863,27180.11670117092,,,,,,,,,,
nan,pause,27180.696701171037,27180.695701171036,nan,,,,,,,,,,
-2.7019466131143215,exhale,27181.340701171168,27180.696701171037,27180.946701171088,,,,,,,,,,
nan,pause,27181.341701171168,27181.340701171168,nan,,,,,,,,,,
2.783185358655042,inhale,27182.33870117137,27181.341701171168,27181.616701171224,,,,,,,,,,
nan,pause,27182.33970117137,27182.33870117137,nan,,,,,,,,,,
-2.968759030891413,exhale,27183.02870117151,27182.33970117137,27182.456701171395,,,,,,,,,,
nan,pause,27183.029701171512,27183.02870117151,nan,,,,,,,,,,
2.116475222274547,inhale,27184.19270117175,27183.029701171512,27183.11670117153,,,,,,,,,,
nan,pause,27184.19370117175,27184.19270117175,nan,,,,,,,,,,
-4.0600479086423436,exhale,27184.83370117188,27184.19370117175,27184.456701171803,,,,,,,,,,
nan,pause,27184.83470117188,27184.83370117188,nan,,,,,,,,,,
5.833167445219199,inhale,27185.746701172066,27184.83470117188,27185.116701171937,,,,,,,,,,
nan,pause,27185.747701172066,27185.746701172066,nan,,,,,,,,,,
-3.2719607050068693,exhale,27186.4117011722,27185.747701172066,27185.95670117211,,,,,,,,,,
nan,pause,27186.4127011722,27186.4117011722,nan,,,,,,,,,,
2.9331775458891554,inhale,27187.415701172406,27186.4127011722,27186.616701172243,,,,,,,,,,
nan,pause,27187.416701172406,27187.415701172406,nan,,,,,,,,,,
-1.3834945996752044,exhale,27188.065701172538,27187.416701172406,27187.616701172446,,,,,,,,,,
nan,pause,27188.066701172538,27188.065701172538,nan,,,,,,,,,,
2.0706174973290246,inhale,27189.026701172734,27188.066701172538,27188.786701172685,,,,,,,,,,
nan,pause,27189.027701172734,27189.026701172734,nan,,,,,,,,,,
-3.1478499124920427,exhale,27189.714701172874,27189.027701172734,27189.44670117282,,,,,,,,,,
nan,pause,27189.715701172874,27189.714701172874,nan,,,,,,,,,,
1.8331639357957499,inhale,27190.72970117308,27189.715701172874,27190.616701173058,,,,,,,,,,
nan,pause,27190.73070117308,27190.72970117308,nan,,,,,,,,,,
-3.9000895335420784,exhale,27191.40670117322,27190.73070117308,27191.11670117316,,,,,,,,,,
nan,pause,27191.40770117322,27191.40670117322,nan,,,,,,,,,,
7.616390175512784,inhale,27192.3057011734,27191.40770117322,27192.116701173363,,,,,,,,,,
nan,pause,27192.306701173402,27192.3057011734,nan,,,,,,,,,,
-6.0167789719122,exhale,27192.88770117352,27192.306701173402,27192.616701173465,,,,,,,,,,
nan,pause,27192.88870117352,27192.88770117352,nan,,,,,,,,,,
8.644093644608324,inhale,27193.781701173702,27192.88870117352,27193.2867011736,,,,,,,,,,
nan,pause,27193.782701173703,27193.781701173702,nan,,,,,,,,,,
-4.5667771563638615,exhale,27194.41470117383,27193.782701173703,27194.11670117377,,,,,,,,,,
nan,pause,27194.41570117383,27194.41470117383,nan,,,,,,,,,,
5.074018666714977,inhale,27195.209701173993,27194.41570117383,27194.786701173907,,,,,,,,,,
nan,pause,27195.210701173994,27195.209701173993,nan,,,,,,,,,,
-3.5221076021367668,exhale,27195.909701174136,27195.210701173994,27195.456701174044,,,,,,,,,,
nan,pause,27195.910701174136,27195.909701174136,nan,,,,,,,,,,
2.216484482266934,inhale,27196.972701174353,27195.910701174136,27196.61670117428,,,,,,,,,,
nan,pause,27196.973701174353,27196.972701174353,nan,,,,,,,,,,
-1.3467514227250967,exhale,27197.728701174507,27196.973701174353,27197.45670117445,,,,,,,,,,
nan,pause,27197.729701174507,27197.728701174507,nan,,,,,,,,,,
2.9831690174299648,inhale,27198.82470117473,27197.729701174507,27198.616701174687,,,,,,,,,,
nan,pause,27198.82570117473,27198.82470117473,nan,,,,,,,,,,
-4.298106513170177,exhale,27199.521701174872,27198.82570117473,27199.276701174822,,,,,,,,,,
nan,pause,27199.522701174872,27199.521701174872,nan,,,,,,,,,,
1.699878772981101,inhale,27201.056701175185,27199.522701174872,27199.61670117489,,,,,,,,,,
nan,pause,27201.057701175185,27201.056701175185,nan,,,,,,,,,,
-4.70887273716959,exhale,27201.735701175323,27201.057701175185,27201.446701175264,,,,,,,,,,
nan,pause,27201.736701175323,27201.735701175323,nan,,,,,,,,,,
4.671950864551703,inhale,27202.90770117556,27201.736701175323,27202.776701175535,,,,,,,,,,
nan,pause,27202.908701175562,27202.90770117556,nan,,,,,,,,,,
-14.533396876206996,exhale,27203.573701175697,27202.908701175562,27203.116701175604,,,,,,,,,,
nan,pause,27203.574701175698,27203.573701175697,nan,,,,,,,,,,
4.7088898502858285,inhale,27204.951701175978,27203.574701175698,27203.946701175773,,,,,,,,,,
nan,pause,27204.95270117598,27204.951701175978,nan,,,,,,,,,,
-14.82846693321764,exhale,27205.5577011761,27204.95270117598,27205.276701176044,,,,,,,,,,
nan,pause,27205.5587011761,27205.5577011761,nan,,,,,,,,,,
5.233109708621517,inhale,27206.760701176347,27205.5587011761,27206.616701176317,,,,,,,,,,
nan,pause,27206.761701176347,27206.760701176347,nan,,,,,,,,,,
-15.046400786590524,exhale,27207.425701176482,27206.761701176347,27206.956701176387,,,,,,,,,,
nan,pause,27207.426701176482,27207.425701176482,nan,,,,,,,,,,
4.983151198348278,inhale,27208.706701176743,27207.426701176482,27207.61670117652,,,,,,,,,,
nan,pause,27208.707701176743,27208.706701176743,nan,,,,,,,,,,
-14.142554650458926,exhale,27209.344701176873,27208.707701176743,27208.956701176794,,,,,,,,,,
nan,pause,27209.345701176873,27209.344701176873,nan,,,,,,,,,,
11.066435519563948,inhale,27210.30870117707,27209.345701176873,27209.61670117693,,,,,,,,,,
nan,pause,27210.30970117707,27210.30870117707,nan,,,,,,,,,,
-23.26667127137922,exhale,27210.9407011772,27210.30970117707,27210.616701177132,,,,,,,,,,
nan,pause,27210.9417011772,27210.9407011772,nan,,,,,,,,,,
4.566487632885568,inhale,27212.453701177506,27210.9417011772,27212.116701177438,,,,,,,,,,
nan,pause,27212.454701177507,27212.453701177506,nan,,,,,,,,,,
-19.396750432101832,exhale,27213.10870117764,27212.454701177507,27212.786701177574,,,,,,,,,,
nan,pause,27213.10970117764,27213.10870117764,nan,,,,,,,,,,
4.628859436991639,inhale,27214.598701177943,27213.10970117764,27214.276701177878,,,,,,,,,,
nan,pause,27214.599701177944,27214.598701177943,nan,,,,,,,,,,
-20.13123315206794,exhale,27215.244701178075,27214.599701177944,27214.946701178014,,,,,,,,,,
nan,pause,27215.245701178075,27215.244701178075,nan,,,,,,,,,,
4.928867555677699,inhale,27216.53670117834,27215.245701178075,27215.446701178116,,,,,,,,,,
nan,pause,27216.53770117834,27216.53670117834,nan,,,,,,,,,,
-15.892788140998343,exhale,27217.222701178478,27216.53770117834,27216.94670117842,,,,,,,,,,
nan,pause,27217.22370117848,27217.222701178478,nan,,,,,,,,,,
9.612761009570779,inhale,27218.389701178716,27217.22370117848,27217.446701178524,,,,,,,,,,
nan,pause,27218.390701178716,27218.389701178716,nan,,,,,,,,,,
-19.29430041373863,exhale,27219.063701178853,27218.390701178716,27218.776701178795,,,,,,,,,,
nan,pause,27219.064701178853,27219.063701178853,nan,,,,,,,,,,
4.94986460460136,inhale,27220.2817011791,27219.064701178853,27219.616701178966,,,,,,,,,,
nan,pause,27220.2827011791,27220.2817011791,nan,,,,,,,,,,
-17.450000539930286,exhale,27220.91770117923,27220.2827011791,27220.61670117917,,,,,,,,,,
nan,pause,27220.91870117923,27220.91770117923,nan,,,,,,,,,,
7.204952322710625,inhale,27222.106701179473,27220.91870117923,27221.786701179408,,,,,,,,,,
nan,pause,27222.107701179473,27222.106701179473,nan,,,,,,,,,,
-16.56183994833718,exhale,27222.769701179608,27222.107701179473,27222.446701179542,,,,,,,,,,
nan,pause,27222.77070117961,27222.769701179608,nan,,,,,,,,,,
8.033178329616451,inhale,27223.969701179853,27222.77070117961,27223.11670117968,,,,,,,,,,
nan,pause,27223.970701179853,27223.969701179853,nan,,,,,,,,,,
-16.87687914059452,exhale,27224.676701179997,27223.970701179853,27224.44670117995,,,,,,,,,,
nan,pause,27224.677701179997,27224.676701179997,nan,,,,,,,,,,
4.173941062432922,inhale,27225.97270118026,27224.677701179997,27224.94670118005,,,,,,,,,,
nan,pause,27225.97370118026,27225.97270118026,nan,,,,,,,,,,
-18.566460341142694,exhale,27226.60770118039,27225.97370118026,27226.286701180325,,,,,,,,,,
nan,pause,27226.60870118039,27226.60770118039,nan,,,,,,,,,,
12.816387012790923,inhale,27227.874701180648,27226.60870118039,27227.616701180596,,,,,,,,,,
nan,pause,27227.87570118065,27227.874701180648,nan,,,,,,,,,,
-17.40001035650988,exhale,27228.67570118081,27227.87570118065,27228.116701180697,,,,,,,,,,
nan,pause,27228.67670118081,27228.67570118081,nan,,,,,,,,,,
4.466479422135629,inhale,27230.512701181186,27228.67670118081,27230.116701181105,,,,,,,,,,
nan,pause,27230.513701181186,27230.512701181186,nan,,,,,,,,,,
-16.41333578251295,exhale,27231.306701181347,27230.513701181186,27230.946701181274,,,,,,,,,,
nan,pause,27231.307701181348,27231.306701181347,nan,,,,,,,,,,
3.6180064921069515,inhale,27232.926701181677,27231.307701181348,27231.776701181443,,,,,,,,,,
nan,pause,27232.927701181678,27232.926701181677,nan,,,,,,,,,,
-23.285855770248034,exhale,27233.599701181814,27232.927701181678,27233.28670118175,,,,,,,,,,
nan,pause,27233.600701181815,27233.599701181814,nan,,,,,,,,,,
4.849868768470638,inhale,27235.14770118213,27233.600701181815,27234.61670118202,,,,,,,,,,
nan,pause,27235.14870118213,27235.14770118213,nan,,,,,,,,,,
-21.623252365514507,exhale,27235.87670118228,27235.14870118213,27235.456701182193,,,,,,,,,,
nan,pause,27235.87770118228,27235.87670118228,nan,,,,,,,,,,
9.374916665580205,inhale,27237.285701182565,27235.87770118228,27236.446701182394,,,,,,,,,,
nan,pause,27237.286701182566,27237.285701182565,nan,,,,,,,,,,
-22.3999790351501,exhale,27237.962701182703,27237.286701182566,27237.616701182633,,,,,,,,,,
nan,pause,27237.963701182704,27237.962701182703,nan,,,,,,,,,,
5.316455673732103,inhale,27239.441701183005,27237.963701182704,27238.616701182837,,,,,,,,,,
nan,pause,27239.442701183005,27239.441701183005,nan,,,,,,,,,,
-19.795742774185655,exhale,27240.094701183138,27239.442701183005,27239.786701183075,,,,,,,,,,
nan,pause,27240.095701183138,27240.094701183138,nan,,,,,,,,,,
8.032871874360046,inhale,27241.32970118339,27240.095701183138,27240.286701183177,,,,,,,,,,
nan,pause,27241.33070118339,27241.32970118339,nan,,,,,,,,,,
-21.899959447231176,exhale,27241.952701183516,27241.33070118339,27241.616701183448,,,,,,,,,,
nan,pause,27241.953701183516,27241.952701183516,nan,,,,,,,,,,
8.013854947227237,inhale,27243.120701183754,27241.953701183516,27242.276701183582,,,,,,,,,,
nan,pause,27243.121701183754,27243.120701183754,nan,,,,,,,,,,
-17.37779334835579,exhale,27243.73970118388,27243.121701183754,27243.44670118382,,,,,,,,,,
nan,pause,27243.74070118388,27243.73970118388,nan,,,,,,,,,,
9.640325545830528,inhale,27244.844701184105,27243.74070118388,27243.946701183922,,,,,,,,,,
nan,pause,27244.845701184106,27244.844701184105,nan,,,,,,,,,,
-18.65912493011516,exhale,27245.56070118425,27244.845701184106,27245.276701184193,,,,,,,,,,
nan,pause,27245.56170118425,27245.56070118425,nan,,,,,,,,,,
6.149867360658171,inhale,27246.7877011845,27245.56170118425,27246.116701184365,,,,,,,,,,
nan,pause,27246.7887011845,27246.7877011845,nan,,,,,,,,,,
-15.388711604206593,exhale,27247.42470118463,27246.7887011845,27246.956701184536,,,,,,,,,,
nan,pause,27247.42570118463,27247.42470118463,nan,,,,,,,,,,
7.367531628899177,inhale,27248.635701184878,27247.42570118463,27247.776701184703,,,,,,,,,,
nan,pause,27248.636701184878,27248.635701184878,nan,,,,,,,,,,
-17.293103045261095,exhale,27249.28970118501,27248.636701184878,27248.956701184943,,,,,,,,,,
nan,pause,27249.29070118501,27249.28970118501,nan,,,,,,,,,,
5.259093891000612,inhale,27250.649701185288,27249.29070118501,27249.946701185145,,,,,,,,,,
nan,pause,27250.65070118529,27250.649701185288,nan,,,,,,,,,,
-19.93702222651623,exhale,27251.34470118543,27250.65070118529,27250.95670118535,,,,,,,,,,
nan,pause,27251.34570118543,27251.34470118543,nan,,,,,,,,,,
7.295902781312095,inhale,27252.741701185714,27251.34570118543,27251.456701185452,,,,,,,,,,
nan,pause,27252.742701185714,27252.741701185714,nan,,,,,,,,,,
-19.116679592434707,exhale,27253.40870118585,27252.742701185714,27253.11670118579,,,,,,,,,,
nan,pause,27253.40970118585,27253.40870118585,nan,,,,,,,,,,
7.84981780832439,inhale,27254.674701186108,27253.40970118585,27253.616701185892,,,,,,,,,,
nan,pause,27254.67570118611,27254.674701186108,nan,,,,,,,,,,
-19.05027363165537,exhale,27255.37170118625,27254.67570118611,27254.956701186165,,,,,,,,,,
nan,pause,27255.37270118625,27255.37170118625,nan,,,,,,,,,,
8.661862688652567,inhale,27256.45370118647,27255.37270118625,27255.776701186333,,,,,,,,,,
nan,pause,27256.45470118647,27256.45370118647,nan,,,,,,,,,,
-17.983184379983552,exhale,27257.098701186602,27256.45470118647,27256.78670118654,,,,,,,,,,
nan,pause,27257.099701186602,27257.098701186602,nan,,,,,,,,,,
6.524932808147809,inhale,27258.31970118685,27257.099701186602,27257.446701186673,,,,,,,,,,
nan,pause,27258.32070118685,27258.31970118685,nan,,,,,,,,,,
-17.250003915743843,exhale,27258.977701186985,27258.32070118685,27258.61670118691,,,,,,,,,,
nan,pause,27258.978701186985,27258.977701186985,nan,,,,,,,,,,
5.433137120276999,inhale,27260.311701187256,27258.978701186985,27260.116701187217,,,,,,,,,,
nan,pause,27260.312701187257,27260.311701187256,nan,,,,,,,,,,
-11.715454513438486,exhale,27261.006701187398,27260.312701187257,27260.77670118735,,,,,,,,,,
nan,pause,27261.0077011874,27261.006701187398,nan,,,,,,,,,,
23.482193181493546,pause,27261.914701187583,27261.0077011874,27261.286701187455,,,,,,,,,,
nan,pause,27261.915701187583,27261.914701187583,nan,,,,,,,,,,
-1.933487623652649,exhale,27262.68270118774,27261.915701187583,27262.116701187624,,,,,,,,,,
nan,pause,27262.68370118774,27262.68270118774,nan,,,,,,,,,,
3.3151536930004957,inhale,27263.51370118791,27262.68370118774,27263.286701187862,,,,,,,,,,
nan,pause,27263.51470118791,27263.51370118791,nan,,,,,,,,,,
-1.4467975663277954,exhale,27264.393701188088,27263.51470118791,27263.776701187962,,,,,,,,,,
nan,pause,27264.39470118809,27264.393701188088,nan,,,,,,,,,,
3.0383375924695915,inhale,27265.119701188236,27264.39470118809,27264.786701188168,,,,,,,,,,
nan,pause,27265.120701188236,27265.119701188236,nan,,,,,,,,,,
-2.866785670277308,exhale,27265.894701188394,27265.120701188236,27265.616701188337,,,,,,,,,,
nan,pause,27265.895701188394,27265.894701188394,nan,,,,,,,,,,
2.3498823676985974,inhale,27267.018701188623,27265.895701188394,27266.11670118844,,,,,,,,,,
nan,pause,27267.019701188623,27267.018701188623,nan,,,,,,,,,,
-4.766772707641749,exhale,27267.825701188787,27267.019701188623,27267.616701188745,,,,,,,,,,
nan,pause,27267.826701188787,27267.825701188787,nan,,,,,,,,,,
9.784785757902988,inhale,27268.66870118896,27267.826701188787,27268.27670118888,,,,,,,,,,
nan,pause,27268.66970118896,27268.66870118896,nan,,,,,,,,,,
-3.8824590786440316,exhale,27269.498701189128,27268.66970118896,27269.276701189083,,,,,,,,,,
nan,pause,27269.49970118913,27269.498701189128,nan,,,,,,,,,,
6.632896094367752,inhale,27270.39870118931,27269.49970118913,27269.786701189187,,,,,,,,,,
nan,pause,27270.39970118931,27270.39870118931,nan,,,,,,,,,,
-3.1667883967309907,exhale,27271.154701189465,27270.39970118931,27270.616701189356,,,,,,,,,,
nan,pause,27271.155701189466,27271.154701189465,nan,,,,,,,,,,
5.8574288941819175,inhale,27272.16170118967,27271.155701189466,27271.946701189627,,,,,,,,,,
nan,pause,27272.16270118967,27272.16170118967,nan,,,,,,,,,,
-5.266775259155479,exhale,27272.90270118982,27272.16270118967,27272.616701189763,,,,,,,,,,
nan,pause,27272.90370118982,27272.90270118982,nan,,,,,,,,,,
6.683144249813455,inhale,27273.901701190025,27272.90370118982,27273.116701189865,,,,,,,,,,
nan,pause,27273.902701190025,27273.901701190025,nan,,,,,,,,,,
-3.3334799408922793,exhale,27274.679701190184,27273.902701190025,27274.11670119007,,,,,,,,,,
nan,pause,27274.680701190184,27274.679701190184,nan,,,,,,,,,,
5.766490066196879,inhale,27275.512701190353,27274.680701190184,27275.116701190273,,,,,,,,,,
nan,pause,27275.513701190353,27275.512701190353,nan,,,,,,,,,,
-2.67821503826753,exhale,27276.269701190507,27275.513701190353,27275.94670119044,,,,,,,,,,
nan,pause,27276.270701190508,27276.269701190507,nan,,,,,,,,,,
4.872319046465219,inhale,27277.197701190697,27276.270701190508,27276.786701190613,,,,,,,,,,
nan,pause,27277.198701190697,27277.197701190697,nan,,,,,,,,,,
-2.9774701342993573,exhale,27277.95470119085,27277.198701190697,27277.45670119075,,,,,,,,,,
nan,pause,27277.95570119085,27277.95470119085,nan,,,,,,,,,,
5.983149032574334,inhale,27278.83370119103,27277.95570119085,27278.456701190953,,,,,,,,,,
nan,pause,27278.83470119103,27278.83370119103,nan,,,,,,,,,,
-3.2647390769945104,exhale,27279.57770119118,27278.83470119103,27278.956701191055,,,,,,,,,,
nan,pause,27279.57870119118,27279.57770119118,nan,,,,,,,,,,
5.066491252414329,inhale,27280.484701191366,27279.57870119118,27280.11670119129,,,,,,,,,,
nan,pause,27280.485701191366,27280.484701191366,nan,,,,,,,,,,
-3.4000695943167347,exhale,27281.18970119151,27280.485701191366,27280.616701191393,,,,,,,,,,
nan,pause,27281.19070119151,27281.18970119151,nan,,,,,,,,,,
4.648233214777677,inhale,27282.22270119172,27281.19070119151,27281.946701191664,,,,,,,,,,
nan,pause,27282.22370119172,27282.22270119172,nan,,,,,,,,,,
-2.695361814220192,exhale,27282.885701191855,27282.22370119172,27282.456701191768,,,,,,,,,,
nan,pause,27282.886701191856,27282.885701191855,nan,,,,,,,,,,
6.376738347410208,inhale,27283.667701192015,27282.886701191856,27283.286701191937,,,,,,,,,,
nan,pause,27283.668701192015,27283.667701192015,nan,,,,,,,,,,
-3.11717754270084,exhale,27284.367701192157,27283.668701192015,27283.78670119204,,,,,,,,,,
nan,pause,27284.368701192157,27284.367701192157,nan,,,,,,,,,,
6.0856178490077415,inhale,27285.16170119232,27284.368701192157,27284.786701192243,,,,,,,,,,
nan,pause,27285.16270119232,27285.16170119232,nan,,,,,,,,,,
-2.8984004239810273,exhale,27285.862701192462,27285.16270119232,27285.286701192344,,,,,,,,,,
nan,pause,27285.863701192462,27285.862701192462,nan,,,,,,,,,,
6.182557386522631,inhale,27286.761701192645,27285.863701192462,27286.28670119255,,,,,,,,,,
nan,pause,27286.762701192645,27286.761701192645,nan,,,,,,,,,,
-6.142365286669137,exhale,27287.554701192807,27286.762701192645,27287.27670119275,,,,,,,,,,
nan,pause,27287.555701192807,27287.554701192807,nan,,,,,,,,,,
6.375038769395023,inhale,27288.74370119305,27287.555701192807,27287.786701192854,,,,,,,,,,
nan,pause,27288.74470119305,27288.74370119305,nan,,,,,,,,,,
-5.374117525689513,exhale,27289.547701193213,27288.74470119305,27288.956701193092,,,,,,,,,,
nan,pause,27289.548701193213,27289.547701193213,nan,,,,,,,,,,
6.397494611825845,inhale,27290.55870119342,27289.548701193213,27289.78670119326,,,,,,,,,,
nan,pause,27290.55970119342,27290.55870119342,nan,,,,,,,,,,
-3.725338767928497,exhale,27291.426701193595,27290.55970119342,27290.786701193465,,,,,,,,,,
nan,pause,27291.427701193596,27291.426701193595,nan,,,,,,,,,,
6.8647136206900505,inhale,27292.33070119378,27291.427701193596,27291.9467011937,,,,,,,,,,
nan,pause,27292.33170119378,27292.33070119378,nan,,,,,,,,,,
-3.3266518515525076,exhale,27293.129701193942,27292.33170119378,27292.456701193805,,,,,,,,,,
nan,pause,27293.130701193943,27293.129701193942,nan,,,,,,,,,,
3.2965473930396407,inhale,27293.9017011941,27293.130701193943,27293.45670119401,,,,,,,,,,
nan,pause,27293.9027011941,27293.9017011941,nan,,,,,,,,,,
-1.825338766217534,exhale,27294.64370119425,27293.9027011941,27294.286701194178,,,,,,,,,,
nan,pause,27294.64470119425,27294.64370119425,nan,,,,,,,,,,
5.049868676816579,inhale,27295.395701194404,27294.64470119425,27295.116701194347,,,,,,,,,,
nan,pause,27295.396701194404,27295.395701194404,nan,,,,,,,,,,
-1.9949992284276676,exhale,27296.138701194555,27295.396701194404,27295.786701194484,,,,,,,,,,
nan,pause,27296.139701194556,27296.138701194555,nan,,,,,,,,,,
4.199890211843317,inhale,27296.956701194722,27296.139701194556,27296.616701194653,,,,,,,,,,
nan,pause,27296.957701194722,27296.956701194722,nan,,,,,,,,,,
-1.8335000000000063,exhale,27297.67870119487,27296.957701194722,27297.126701194757,,,,,,,,,,
nan,pause,27297.67970119487,27297.67870119487,nan,,,,,,,,,,
4.266485657045679,inhale,27298.41870119502,27297.67970119487,27298.11670119496,,,,,,,,,,
nan,pause,27298.41970119502,27298.41870119502,nan,,,,,,,,,,
-1.8106790730132951,exhale,27299.10770119516,27298.41970119502,27298.786701195095,,,,,,,,,,
nan,pause,27299.10870119516,27299.10770119516,nan,,,,,,,,,,
4.983175956632911,inhale,27299.916701195325,27299.10870119516,27299.616701195264,,,,,,,,,,
nan,pause,27299.917701195325,27299.916701195325,nan,,,,,,,,,,
-2.1308541589189307,exhale,27300.703701195485,27299.917701195325,27300.446701195433,,,,,,,,,,
nan,pause,27300.704701195486,27300.703701195485,nan,,,,,,,,,,
3.4148372162900973,inhale,27301.65970119568,27300.704701195486,27301.286701195604,,,,,,,,,,
nan,pause,27301.66070119568,27301.65970119568,nan,,,,,,,,,,
-1.8947414553561137,exhale,27302.378701195827,27301.66070119568,27301.95670119574,,,,,,,,,,
nan,pause,27302.379701195827,27302.378701195827,nan,,,,,,,,,,
2.705782910386392,inhale,27303.340701196023,27302.379701195827,27302.956701195944,,,,,,,,,,
nan,pause,27303.341701196023,27303.340701196023,nan,,,,,,,,,,
-1.9001000000000063,exhale,27304.076701196173,27303.341701196023,27303.62670119608,,,,,,,,,,
nan,pause,27304.077701196173,27304.076701196173,nan,,,,,,,,,,
2.3998961547006106,inhale,27305.027701196366,27304.077701196173,27304.616701196283,,,,,,,,,,
nan,pause,27305.028701196366,27305.027701196366,nan,,,,,,,,,,
-1.4311873477927148,exhale,27305.78170119652,27305.028701196366,27305.44670119645,,,,,,,,,,
nan,pause,27305.78270119652,27305.78170119652,nan,,,,,,,,,,
3.313439535131757,inhale,27306.600701196687,27305.78270119652,27306.286701196623,,,,,,,,,,
nan,pause,27306.601701196687,27306.600701196687,nan,,,,,,,,,,
-1.695479251363733,exhale,27307.374701196844,27306.601701196687,27306.946701196757,,,,,,,,,,
nan,pause,27307.375701196845,27307.374701196844,nan,,,,,,,,,,
1.6831918788710265,inhale,27308.407701197055,27307.375701196845,27307.616701196894,,,,,,,,,,
nan,pause,27308.408701197055,27308.407701197055,nan,,,,,,,,,,
-1.400093639983792,exhale,27309.22070119722,27308.408701197055,27308.616701197097,,,,,,,,,,
nan,pause,27309.22170119722,27309.22070119722,nan,,,,,,,,,,
1.7831789535172757,inhale,27310.309701197442,27309.22170119722,27310.116701197403,,,,,,,,,,
nan,pause,27310.310701197443,27310.309701197442,nan,,,,,,,,,,
-1.7807782258435512,exhale,27311.092701197602,27310.310701197443,27310.78670119754,,,,,,,,,,
nan,pause,27311.093701197602,27311.092701197602,nan,,,,,,,,,,
1.7304802660725467,inhale,27312.473701197883,27311.093701197602,27311.28670119764,,,,,,,,,,
nan,pause,27312.474701197883,27312.473701197883,nan,,,,,,,,,,
-3.143979067880406,exhale,27313.227701198037,27312.474701197883,27312.786701197947,,,,,,,,,,
nan,pause,27313.228701198037,27313.227701198037,nan,,,,,,,,,,
4.0831877787159865,inhale,27314.355701198267,27313.228701198037,27313.616701198116,,,,,,,,,,
nan,pause,27314.356701198267,27314.355701198267,nan,,,,,,,,,,
-3.28349201396187,exhale,27315.138701198426,27314.356701198267,27314.61670119832,,,,,,,,,,
nan,pause,27315.139701198426,27315.138701198426,nan,,,,,,,,,,
2.9274197989028203,inhale,27316.28070119866,27315.139701198426,27315.286701198456,,,,,,,,,,
nan,pause,27316.28170119866,27316.28070119866,nan,,,,,,,,,,
-3.1407215377605926,exhale,27317.012701198808,27316.28170119866,27316.456701198695,,,,,,,,,,
nan,pause,27317.013701198808,27317.012701198808,nan,,,,,,,,,,
3.6246980229942167,inhale,27318.014701199012,27317.013701198808,27317.286701198864,,,,,,,,,,
nan,pause,27318.015701199012,27318.014701199012,nan,,,,,,,,,,
-3.2055782874171697,exhale,27318.74670119916,27318.015701199012,27318.286701199067,,,,,,,,,,
nan,pause,27318.74770119916,27318.74670119916,nan,,,,,,,,,,
2.951316101016553,inhale,27319.749701199366,27318.74770119916,27319.446701199304,,,,,,,,,,
nan,pause,27319.750701199366,27319.749701199366,nan,,,,,,,,,,
-2.1080888427624145,exhale,27320.524701199523,27319.750701199366,27319.956701199408,,,,,,,,,,
nan,pause,27320.525701199524,27320.524701199523,nan,,,,,,,,,,
2.0454786445802746,inhale,27321.500701199722,27320.525701199524,27320.786701199577,,,,,,,,,,
nan,pause,27321.501701199722,27321.500701199722,nan,,,,,,,,,,
-2.032479844096787,exhale,27322.252701199875,27321.501701199722,27321.78670119978,,,,,,,,,,
nan,pause,27322.253701199876,27322.252701199875,nan,,,,,,,,,,
2.19989396426033,inhale,27323.234701200076,27322.253701199876,27322.61670119995,,,,,,,,,,
nan,pause,27323.235701200076,27323.234701200076,nan,,,,,,,,,,
-1.9694302936890837,exhale,27323.973701200226,27323.235701200076,27323.45670120012,,,,,,,,,,
nan,pause,27323.974701200226,27323.973701200226,nan,,,,,,,,,,
2.599873833230738,inhale,27324.8297012004,27323.974701200226,27324.616701200357,,,,,,,,,,
nan,pause,27324.8307012004,27324.8297012004,nan,,,,,,,,,,
-1.850094502762606,exhale,27325.524701200542,27324.8307012004,27325.11670120046,,,,,,,,,,
nan,pause,27325.525701200542,27325.524701200542,nan,,,,,,,,,,
2.5331964668804523,inhale,27326.45470120073,27325.525701200542,27326.116701200663,,,,,,,,,,
nan,pause,27326.45570120073,27326.45470120073,nan,,,,,,,,,,
-1.780194088546282,exhale,27327.198701200883,27326.45570120073,27326.776701200797,,,,,,,,,,
nan,pause,27327.199701200883,27327.198701200883,nan,,,,,,,,,,
2.8750387498411607,inhale,27328.092701201065,27327.199701200883,27327.786701201003,,,,,,,,,,
nan,pause,27328.093701201065,27328.092701201065,nan,,,,,,,,,,
-1.5980596873991921,exhale,27328.869701201224,27328.093701201065,27328.286701201105,,,,,,,,,,
nan,pause,27328.870701201224,27328.869701201224,nan,,,,,,,,,,
1.9608885075755942,inhale,27329.84070120142,27328.870701201224,27329.44670120134,,,,,,,,,,
nan,pause,27329.84170120142,27329.84070120142,nan,,,,,,,,,,
-1.3927314923530811,exhale,27330.557701201567,27329.84170120142,27329.956701201445,,,,,,,,,,
nan,pause,27330.558701201568,27330.557701201567,nan,,,,,,,,,,
1.6757181723483583,inhale,27331.55070120177,27330.558701201568,27331.286701201716,,,,,,,,,,
nan,pause,27331.55170120177,27331.55070120177,nan,,,,,,,,,,
-1.3487799085494916,exhale,27332.325701201928,27331.55170120177,27331.94670120185,,,,,,,,,,
nan,pause,27332.326701201928,27332.325701201928,nan,,,,,,,,,,
2.2998798593902086,inhale,27333.349701202136,27332.326701201928,27333.11670120209,,,,,,,,,,
nan,pause,27333.350701202136,27333.349701202136,nan,,,,,,,,,,
-1.5334959802818744,exhale,27334.080701202285,27333.350701202136,27333.61670120219,,,,,,,,,,
nan,pause,27334.081701202285,27334.080701202285,nan,,,,,,,,,,
1.9005182251754726,inhale,27335.051701202483,27334.081701202285,27334.78670120243,,,,,,,,,,
nan,pause,27335.052701202483,27335.051701202483,nan,,,,,,,,,,
-1.3137395298155632,exhale,27335.838701202643,27335.052701202483,27335.28670120253,,,,,,,,,,
nan,pause,27335.839701202643,27335.838701202643,nan,,,,,,,,,,
1.811812775987928,inhale,27336.85970120285,27335.839701202643,27336.45670120277,,,,,,,,,,
nan,pause,27336.86070120285,27336.85970120285,nan,,,,,,,,,,
-1.500098059471199,exhale,27337.621701203007,27336.86070120285,27337.116701202904,,,,,,,,,,
nan,pause,27337.622701203007,27337.621701203007,nan,,,,,,,,,,
2.2920774368028782,inhale,27338.592701203204,27337.622701203007,27338.286701203142,,,,,,,,,,
nan,pause,27338.593701203205,27338.592701203204,nan,,,,,,,,,,
-1.4301974609232433,exhale,27339.374701203364,27338.593701203205,27338.946701203276,,,,,,,,,,
nan,pause,27339.375701203364,27339.374701203364,nan,,,,,,,,,,
1.366493139087977,inhale,27340.397701203572,27339.375701203364,27340.116701203515,,,,,,,,,,
nan,pause,27340.398701203572,27340.397701203572,nan,,,,,,,,,,
-1.0834960978731274,exhale,27341.194701203734,27340.398701203572,27340.616701203617,,,,,,,,,,
nan,pause,27341.195701203735,27341.194701203734,nan,,,,,,,,,,
2.2784399468531777,inhale,27342.15170120393,27341.195701203735,27341.786701203855,,,,,,,,,,
nan,pause,27342.15270120393,27342.15170120393,nan,,,,,,,,,,
-1.2831592675099395,exhale,27342.88870120408,27342.15270120393,27342.286701203957,,,,,,,,,,
nan,pause,27342.88970120408,27342.88870120408,nan,,,,,,,,,,
1.8664931350236178,inhale,27343.899701204286,27342.88970120408,27343.616701204228,,,,,,,,,,
nan,pause,27343.900701204286,27343.899701204286,nan,,,,,,,,,,
-1.2949992136095054,exhale,27344.674701204443,27343.900701204286,27344.286701204364,,,,,,,,,,
nan,pause,27344.675701204444,27344.674701204443,nan,,,,,,,,,,
1.9409849480254568,inhale,27345.704701204653,27344.675701204444,27345.4467012046,,,,,,,,,,
nan,pause,27345.705701204653,27345.704701204653,nan,,,,,,,,,,
-1.4460800811614094,exhale,27346.448701204805,27345.705701204653,27345.956701204705,,,,,,,,,,
nan,pause,27346.449701204805,27346.448701204805,nan,,,,,,,,,,
2.8294240635839825,inhale,27347.516701205022,27346.449701204805,27347.276701204974,,,,,,,,,,
nan,pause,27347.517701205023,27347.516701205022,nan,,,,,,,,,,
-1.9158073881899416,exhale,27348.23870120517,27347.517701205023,27347.94670120511,,,,,,,,,,
nan,pause,27348.23970120517,27348.23870120517,nan,,,,,,,,,,
3.046261937381312,inhale,27349.32070120539,27348.23970120517,27348.946701205314,,,,,,,,,,
nan,pause,27349.32170120539,27349.32070120539,nan,,,,,,,,,,
-2.050094997712105,exhale,27350.067701205542,27349.32170120539,27349.61670120545,,,,,,,,,,
nan,pause,27350.068701205542,27350.067701205542,nan,,,,,,,,,,
2.831215106041578,inhale,27351.051701205743,27350.068701205542,27350.776701205687,,,,,,,,,,
nan,pause,27351.052701205743,27351.051701205743,nan,,,,,,,,,,
-2.081459684588324,exhale,27351.859701205907,27351.052701205743,27351.28670120579,,,,,,,,,,
nan,pause,27351.860701205907,27351.859701205907,nan,,,,,,,,,,
2.599886265522637,inhale,27352.876701206114,27351.860701205907,27352.61670120606,,,,,,,,,,
nan,pause,27352.877701206115,27352.876701206114,nan,,,,,,,,,,
-1.9500961592204844,exhale,27353.68670120628,27352.877701206115,27353.116701206163,,,,,,,,,,
nan,pause,27353.68770120628,27353.68670120628,nan,,,,,,,,,,
2.3418601602452016,inhale,27354.81270120651,27353.68770120628,27354.456701206436,,,,,,,,,,
nan,pause,27354.81370120651,27354.81270120651,nan,,,,,,,,,,
-1.6334993098512705,exhale,27355.578701206665,27354.81370120651,27355.11670120657,,,,,,,,,,
nan,pause,27355.579701206665,27355.578701206665,nan,,,,,,,,,,
1.9736246700338342,inhale,27356.698701206893,27355.579701206665,27356.44670120684,,,,,,,,,,
nan,pause,27356.699701206893,27356.698701206893,nan,,,,,,,,,,
-1.5321573466589093,exhale,27357.46570120705,27356.699701206893,27356.956701206946,,,,,,,,,,
nan,pause,27357.46670120705,27357.46570120705,nan,,,,,,,,,,
2.523948763508822,inhale,27358.473701207255,27357.46670120705,27358.276701207215,,,,,,,,,,
nan,pause,27358.474701207255,27358.473701207255,nan,,,,,,,,,,
-2.1334849141538528,exhale,27359.200701207403,27358.474701207255,27358.616701207284,,,,,,,,,,
nan,pause,27359.201701207403,27359.200701207403,nan,,,,,,,,,,
4.583144036419027,inhale,27360.288701207624,27359.201701207403,27360.11670120759,,,,,,,,,,
nan,pause,27360.289701207625,27360.288701207624,nan,,,,,,,,,,
-7.633456925962492,exhale,27361.018701207773,27360.289701207625,27360.61670120769,,,,,,,,,,
nan,pause,27361.019701207773,27361.018701207773,nan,,,,,,,,,,
7.44983504348674,inhale,27361.970701207967,27361.019701207773,27361.616701207895,,,,,,,,,,
nan,pause,27361.971701207967,27361.970701207967,nan,,,,,,,,,,
-5.233451698140508,exhale,27362.704701208117,27361.971701207967,27362.116701207997,,,,,,,,,,
nan,pause,27362.705701208117,27362.704701208117,nan,,,,,,,,,,
5.479426612322802,inhale,27363.682701208316,27362.705701208117,27363.276701208233,,,,,,,,,,
nan,pause,27363.683701208316,27363.682701208316,nan,,,,,,,,,,
-3.5474544945629214,exhale,27364.49270120848,27363.683701208316,27363.94670120837,,,,,,,,,,
nan,pause,27364.49370120848,27364.49270120848,nan,,,,,,,,,,
5.393575636384298,inhale,27365.532701208693,27364.49370120848,27365.27670120864,,,,,,,,,,
nan,pause,27365.533701208693,27365.532701208693,nan,,,,,,,,,,
-3.474997998295317,exhale,27366.40270120887,27365.533701208693,27365.786701208744,,,,,,,,,,
nan,pause,27366.40370120887,27366.40270120887,nan,,,,,,,,,,
4.933183963230739,inhale,27367.47870120909,27366.40370120887,27367.116701209015,,,,,,,,,,
nan,pause,27367.47970120909,27367.47870120909,nan,,,,,,,,,,
-3.6167649943457763,exhale,27368.21070120924,27367.47970120909,27367.616701209117,,,,,,,,,,
nan,pause,27368.21170120924,27368.21070120924,nan,,,,,,,,,,
4.826300784116402,inhale,27369.160701209432,27368.21170120924,27368.45670120929,,,,,,,,,,
nan,pause,27369.161701209432,27369.160701209432,nan,,,,,,,,,,
-4.0596588883597855,exhale,27369.89670120958,27369.161701209432,27369.286701209458,,,,,,,,,,
nan,pause,27369.897701209582,27369.89670120958,nan,,,,,,,,,,
3.8544402345016464,inhale,27370.897701209786,27369.897701209582,27370.456701209696,,,,,,,,,,
nan,pause,27370.898701209786,27370.897701209786,nan,,,,,,,,,,
-3.9167784439031377,exhale,27371.639701209937,27370.898701209786,27371.11670120983,,,,,,,,,,
nan,pause,27371.640701209937,27371.639701209937,nan,,,,,,,,,,
4.1385075410063665,inhale,27372.53970121012,27371.640701209937,27371.95670121,,,,,,,,,,
nan,pause,27372.54070121012,27372.53970121012,nan,,,,,,,,,,
-3.7082979947305255,exhale,27373.248701210265,27372.54070121012,27372.78670121017,,,,,,,,,,
nan,pause,27373.249701210265,27373.248701210265,nan,,,,,,,,,,
4.216481832609158,inhale,27374.130701210444,27373.249701210265,27373.61670121034,,,,,,,,,,
nan,pause,27374.131701210445,27374.130701210444,nan,,,,,,,,,,
-3.642620193396139,exhale,27374.84670121059,27374.131701210445,27374.286701210476,,,,,,,,,,
nan,pause,27374.84770121059,27374.84670121059,nan,,,,,,,,,,
3.433181537648757,inhale,27375.707701210766,27374.84770121059,27375.116701210645,,,,,,,,,,
nan,pause,27375.708701210766,27375.707701210766,nan,,,,,,,,,,
-3.5826816757860733,exhale,27376.406701210908,27375.708701210766,27375.956701210816,,,,,,,,,,
nan,pause,27376.40770121091,27376.406701210908,nan,,,,,,,,,,
3.633172194621026,inhale,27377.212701211072,27376.40770121091,27376.61670121095,,,,,,,,,,
nan,pause,27377.213701211072,27377.212701211072,nan,,,,,,,,,,
-3.514739414180282,exhale,27377.866701211206,27377.213701211072,27377.45570121112,,,,,,,,,,
nan,pause,27377.867701211206,27377.866701211206,nan,,,,,,,,,,
4.649869693325463,inhale,27378.67670121137,27377.867701211206,27378.116701211256,,,,,,,,,,
nan,pause,27378.67770121137,27378.67670121137,nan,,,,,,,,,,
-3.9535379279787426,exhale,27379.329701211504,27378.67770121137,27378.786701211393,,,,,,,,,,
nan,pause,27379.330701211504,27379.329701211504,nan,,,,,,,,,,
4.783169147134667,inhale,27380.213701211684,27379.330701211504,27379.616701211562,,,,,,,,,,
nan,pause,27380.214701211684,27380.213701211684,nan,,,,,,,,,,
-3.338711557985478,exhale,27380.873701211818,27380.214701211684,27380.456701211733,,,,,,,,,,
nan,pause,27380.87470121182,27380.873701211818,nan,,,,,,,,,,
4.866465160543149,inhale,27381.693701211985,27380.87470121182,27381.116701211868,,,,,,,,,,
nan,pause,27381.694701211985,27381.693701211985,nan,,,,,,,,,,
-3.349420573726674,exhale,27382.35370121212,27381.694701211985,27381.786701212004,,,,,,,,,,
nan,pause,27382.35470121212,27382.35370121212,nan,,,,,,,,,,
5.8558025638963205,inhale,27383.216701212295,27382.35470121212,27382.94670121224,,,,,,,,,,
nan,pause,27383.217701212296,27383.216701212295,nan,,,,,,,,,,
-2.9370821331648025,pause,27383.28670121231,27383.217701212296,27383.28570121231,,,,,,,,,,
