time,pressure1, temperature1,pressure2,temperature2,x,y,z,counter,session
11192.4333,-3.1833,21.16,0.0,20.485,0,0,512,0,80
11192.6333,-3.2,21.12,0.0,20.48,0,0,512,0,80
11192.8333,-3.2,21.12,0.0,20.48,0,0,512,0,80
11193.0333,-2.6,21.12,0.0,20.64,0,0,520,0,80
11193.2333,-2.0667,21.12,0.0,20.64,0,2,520,0,80
11193.4333,-2.1333,21.12,0.0167,20.5,0,0,512,0,80
11193.6333,-3.6667,21.12,0.0,20.52,0,0,524,0,80
11193.8333,-2.1333,21.12,0.0,20.52,0,0,512,0,80
11194.0333,-6.4,21.2,0.0,20.49,0,10,512,8,80
11194.2333,-3.6667,21.12,0.0,20.48,0,0,512,0,80
11194.4333,0.0667,21.16,0.0,20.52,2,306,512,0,80
11194.6333,2.1333,21.125,0.0,20.64,0,8,512,0,80
11194.8333,0.0,21.12,0.0,20.64,0,0,514,0,80
11195.0333,0.0,21.12,0.0,20.485,0,0,512,0,80
11195.2333,1.2667,21.12,0.0,20.52,0,0,512,0,80
11195.4333,1.1333,21.12,0.0,20.64,0,290,512,0,80
11195.6333,0.55,21.12,0.0,20.52,0,0,512,16,80
11195.8333,1.6,21.12,0.0167,20.5,0,0,512,16,80
11196.0333,1.6,21.12,0.0,20.48,0,0,512,16,80
11196.2333,0.8,21.2,0.0,20.48,0,0,512,16,80
11196.4333,-14.7333,21.12,0.0,20.48,0,0,512,16,80
11196.6333,-14.9333,21.12,0.0,20.52,2,16,512,16,80
11196.8333,-3.1833,21.12,0.0,20.54,0,16,512,16,80
11197.0333,4.2667,21.125,0.0,20.52,6,0,512,16,80
11197.2333,12.9,21.12,0.0,20.5,0,0,512,24,80
11197.4333,18.7333,21.12,0.0167,20.64,0,0,514,0,80
11197.6333,18.6833,21.12,0.0,20.64,0,4,512,0,80
11197.8333,17.7333,21.12,0.0,20.54,0,16,512,0,80
11198.0333,10.6667,21.12,0.0,20.52,0,32,520,0,80
11198.2333,-6.2667,21.12,0.0,20.52,0,16,513,0,80
11198.4333,-12.7667,21.12,0.0,20.64,0,0,512,0,80
11198.6333,-12.8,21.12,0.0,20.54,0,16,512,0,80
11198.8333,-13.5333,21.12,0.0,20.64,0,1,512,0,80
11199.0333,2.1333,21.12,0.0,20.64,0,0,514,0,80
11199.2333,0.0,21.12,0.0,20.64,0,0,516,0,80
11199.4333,0.0,21.12,0.0,20.52,0,16,512,0,80
11199.6333,0.3,21.12,0.0,20.64,0,0,512,0,80
11199.8333,1.3333,21.12,0.0,20.66,0,0,512,0,80
11200.0333,1.0667,21.12,0.0,20.485,0,4,520,0,80
11200.2333,1.1667,21.12,0.0167,20.48,0,0,512,0,80
11200.4333,0.0,21.12,0.0,20.48,0,8,512,8,80
11200.6333,0.5333,21.2,0.0,20.64,0,32,512,0,80
11200.8333,0.1333,21.12,0.0,20.52,0,16,512,0,80
11201.0333,23.4667,21.12,0.0,20.48,0,0,512,0,80
11201.2333,17.2,21.14,0.0,20.68,0,0,512,0,80
11201.4333,4.3333,21.12,0.0,20.54,0,0,512,0,80
11201.6333,-12.2667,21.12,0.0167,20.54,0,20,512,0,80
11201.8333,-20.2,21.2,0.0,20.48,0,0,520,0,80
11202.0333,-21.25,21.12,0.0167,20.48,0,0,520,16,80
11202.2333,-21.3333,21.12,0.0,20.52,0,0,512,16,80
11202.4333,-24.5167,21.12,0.0,20.5,4,42,512,16,80
11202.6333,-25.4667,21.13,0.0167,20.48,0,5,512,16,80
11202.8333,-23.3,21.2,0.0167,20.5,0,4,512,16,80
11203.0333,-20.8,21.14,0.0,20.64,0,0,512,16,80
11203.2333,0.1333,21.12,0.0,20.48,0,1,512,16,80
11203.4333,1.1333,21.12,0.0,20.52,0,8,512,16,80
11203.6333,1.1333,21.2,0.0,20.48,0,0,512,24,80
11203.8333,0.0,21.2,0.0,20.54,0,4,516,0,80
11204.0333,1.0667,21.12,0.0,20.48,0,0,512,0,80
11204.2333,0.0,21.12,0.0,20.56,1,0,512,32,80
11204.4333,0.0,21.2,0.0,20.52,0,0,768,32,80
11204.6333,1.0667,21.14,0.0,20.48,0,0,512,32,80
11204.8333,1.0667,21.16,0.0,20.5,0,0,513,0,80
11205.0333,0.0,21.12,0.0,20.49,2,0,512,0,80
11205.2333,0.2,21.14,0.0,20.54,4,0,512,0,80
11205.4333,-18.1333,21.12,0.0167,20.52,0,0,514,0,80
11205.6333,-24.9333,21.12,0.0,20.52,2,0,512,0,80
11205.8333,-21.8667,21.12,0.0,20.48,0,0,512,0,80
11206.0333,-22.9,21.125,0.0167,20.64,1,2,520,0,80
11206.2333,-21.3167,21.2,0.0,20.48,0,0,512,0,80
11206.4333,-20.8,21.2,0.0,20.52,0,16,512,0,80
11206.6333,-17.0167,21.12,0.0,20.64,3,16,512,0,80
11206.8333,-4.2667,21.12,0.0,20.64,0,0,512,8,80
11207.0333,10.1667,21.12,0.0,20.48,0,1,512,0,80
11207.2333,14.9333,21.2,0.0,20.55,0,16,512,0,80
11207.4333,14.9333,21.14,0.0,20.64,0,18,514,0,80
11207.6333,14.9333,21.12,0.0,20.52,0,0,512,0,80
11207.8333,12.85,21.12,0.0,20.48,4,0,512,0,80
11208.0333,0.7333,21.12,0.0,20.48,0,0,512,0,80
11208.2333,0.0167,21.2,0.0,20.64,0,0,512,0,80
11208.4333,0.0,21.2,0.0,20.54,0,0,520,16,80
11208.6333,1.0667,21.16,0.0,20.485,0,0,512,16,80
11208.8333,0.5333,21.12,0.0,20.64,0,0,512,16,80
11209.0333,0.1333,21.12,0.0,20.64,0,0,512,16,80
11209.2333,1.6167,21.2,0.0,20.48,0,8,512,16,80
11209.4333,1.2667,21.2,0.0,20.64,0,32,512,16,80
11209.6333,0.55,21.2,0.0,20.64,0,0,512,16,80
11209.8333,0.0,21.22,0.0,20.64,0,0,512,16,80
11210.0333,12.8,21.2,0.0,20.48,0,4,512,24,80
11210.2333,12.95,21.2,0.0,20.48,0,0,516,0,80
11210.4333,11.7333,21.2,0.0,20.64,0,0,512,0,80
11210.6333,17.0667,21.2,0.0,20.48,0,0,514,0,80
11210.8333,12.8,21.12,0.0,20.48,0,33,520,0,80
11211.0333,0.1,21.2,0.0,20.65,0,36,520,0,80
11211.2333,-11.6,21.12,0.0,20.48,0,16,512,0,80
11211.4333,-17.0667,21.2,0.0,20.49,4,2,516,0,80
11211.6333,-19.7333,21.12,0.0,20.48,0,0,512,0,80
11211.8333,-19.1333,21.2,0.0,20.64,0,0,513,0,80
11212.0333,-18.6667,21.2,0.0,20.49,8,0,512,0,80
11212.2333,2.2667,21.2,0.0,20.52,0,1,512,0,80
11212.4333,2.1333,21.12,0.0,20.54,0,4,512,0,80
11212.6333,0.1333,21.2,0.0,20.48,2,4,512,0,80
11212.8333,1.1333,21.12,0.0,20.48,0,0,520,0,80
11213.0333,1.2667,21.2,0.0,20.48,4,0,512,0,80
11213.2333,1.6,21.2,0.0,20.65,0,0,512,8,80
11213.4333,0.1333,21.16,0.0,20.48,0,0,576,0,80
11213.6333,1.1333,21.12,0.0,20.52,0,0,576,0,80
11213.8333,0.0,21.2,0.0,20.52,0,8,512,0,80
11214.0333,0.5333,21.2,0.0,20.48,0,40,512,0,80
11214.2333,25.6,21.12,0.0167,20.64,0,0,515,0,80
11214.4333,21.4,21.2,0.0,20.48,0,0,512,0,80
11214.6333,21.3333,21.14,0.0,20.64,0,8,521,0,80
11214.8333,21.3333,21.2,0.0,20.64,0,0,512,16,80
11215.0333,21.3333,21.12,0.0,20.48,4,0,512,16,80
11215.2333,22.0667,21.2,0.0,20.48,0,16,512,16,80
11215.4333,25.6,21.12,0.0,20.64,0,16,772,16,80
11215.6333,26.6667,21.14,0.0,20.48,0,16,768,16,80
11215.8333,18.1333,21.2,0.0,20.49,0,0,769,16,80
11216.0333,-6.2667,21.12,0.0,20.66,2,16,770,16,80
11216.2333,-38.4,21.12,0.0167,20.48,0,16,772,16,80
11216.4333,-57.5333,21.2,0.0,20.64,0,32,768,24,80
11216.6333,-48.9833,21.12,0.0,20.48,0,0,512,0,80
11216.8333,-44.7833,21.205,0.0,20.52,0,0,768,0,80
11217.0333,0.0667,21.12,0.0,20.49,0,0,768,32,80
11217.2333,1.6167,21.2,0.0,20.48,2,0,768,32,80
11217.4333,1.0667,21.12,0.0,20.485,0,0,832,32,80
11217.6333,0.0,21.2,0.0,20.64,0,0,768,64,80
11217.8333,0.5667,21.13,0.0,20.52,0,0,768,64,80
11218.0333,1.6333,21.12,0.0,20.485,0,16,512,0,80
11218.2333,2.1333,21.12,0.0,20.49,0,0,512,0,80
11218.4333,2.3333,21.2,0.0,20.48,0,0,512,0,80
11218.6333,1.6,21.12,0.0167,20.48,1,0,512,0,80
11218.8333,9.0833,21.2,0.0,20.48,0,0,512,0,80
11219.0333,8.5333,21.2,0.0,20.5,0,0,512,0,80
11219.2333,8.5333,21.2,0.0,20.64,0,2,512,0,80
11219.4333,4.3,21.2,0.0,20.48,2,16,516,0,80
11219.6333,-4.2667,21.12,0.0,20.64,0,0,512,8,80
11219.8333,-12.2667,21.16,0.0,20.48,0,0,512,0,80
11220.0333,-16.0,21.12,0.0,20.48,4,0,512,0,80
11220.2333,-15.9833,21.205,0.0,20.65,1,0,515,0,80
11220.4333,-16.4,21.205,0.0,20.65,0,0,512,0,80
11220.6333,-17.0667,21.12,0.0,20.48,0,0,520,0,80
11220.8333,-12.8,21.2,0.0,20.64,0,0,514,0,80
11221.0333,-12.5333,21.2,0.0,20.64,0,0,512,0,80
11221.2333,-8.5333,21.21,0.0167,20.64,0,0,520,16,80
11221.4333,2.1333,21.2,0.0167,20.64,0,0,512,16,80
11221.6333,9.7333,21.2,0.0,20.48,1,0,520,16,80
11221.8333,0.0,21.2,0.0,20.64,0,0,512,16,80
11222.0333,0.05,21.2,0.0167,20.64,0,0,520,16,80
11222.2333,0.0667,21.2,0.0,20.565,0,0,512,16,80
11222.4333,1.1167,21.2,0.0,20.485,2,1,512,16,80
11222.6333,0.0333,21.12,0.0,20.48,0,4,576,16,80
11222.8333,0.0,21.2,0.0,20.64,0,0,512,24,80
11223.0333,0.5333,21.2,0.0,20.48,0,8,513,0,80
11223.2333,0.0,21.2,0.0,20.48,0,0,512,0,80
11223.4333,0.2667,21.12,0.0,20.48,0,8,512,128,80
11223.6333,0.1333,21.14,0.0,20.56,0,16,512,128,80
11223.8333,-12.5333,21.14,0.0,20.52,1,16,512,128,80
11224.0333,-12.8,21.22,0.0,20.48,0,0,256,128,80
11224.2333,-16.2667,21.22,0.0,20.48,0,0,514,128,80
11224.4333,-12.2667,21.22,0.0,20.64,0,0,512,128,80
11224.6333,0.0,21.2,0.0167,20.54,0,0,512,128,80
11224.8333,8.5333,21.2,0.0,20.48,4,0,512,128,80
11225.0333,8.85,21.205,0.0167,20.48,0,0,512,128,80
11225.2333,9.1333,21.2,0.0,20.64,4,0,513,128,80
11225.4333,17.2,21.16,0.0,20.64,0,0,257,128,80
11225.6333,17.1333,21.2,0.0,20.64,0,32,520,128,80
11225.8333,10.6667,21.2,0.0167,20.48,0,32,256,128,80
11226.0333,0.5333,21.12,0.0,20.54,0,0,258,136,80
11226.2333,-7.4333,21.12,0.0,20.48,0,0,256,128,80
11226.4333,0.0333,21.2,0.0,20.66,2,12,384,128,80
11226.6333,0.0,21.12,0.0,20.52,0,8,256,128,80
11226.8333,1.1,21.12,0.0,20.48,0,32,256,128,80
11227.0333,0.5333,21.12,0.0,20.48,0,0,384,128,80
11227.2333,1.0667,21.12,0.0,20.52,0,4,384,128,80
11227.4333,1.0667,21.2,0.0,20.56,0,8,256,128,80
11227.6333,0.6,21.205,0.0,20.52,0,0,256,144,80
11227.8333,0.0,21.2,0.0,20.66,0,0,512,144,80
11228.0333,0.4,21.12,0.0167,20.48,4,0,384,144,80
11228.2333,11.75,21.12,0.0,20.48,0,8,258,144,80
11228.4333,14.4,21.2,0.0,20.64,4,0,256,144,80
11228.6333,21.3833,21.13,0.0167,20.64,0,16,259,144,80
11228.8333,25.6333,21.2,0.0,20.48,0,0,384,144,80
11229.0333,25.7333,21.2,0.0,20.64,0,36,256,144,80
11229.2333,21.4667,21.12,0.0,20.64,2,32,384,152,80
11229.4333,21.4,21.12,0.0,20.48,0,32,256,128,80
11229.6333,13.3333,21.2,0.0,20.64,4,0,256,128,80
11229.8333,0.15,21.2,0.0,20.64,0,0,264,160,80
11230.0333,-8.4,21.12,0.0167,20.52,0,0,256,160,80
11230.2333,-16.5333,21.15,0.0,20.56,0,16,384,160,80
11230.4333,-18.6667,21.12,0.0,20.5,0,0,264,0,80
11230.6333,1.0667,21.12,0.0,20.56,0,2,384,0,80
11230.8333,0.0,21.2,0.0,20.64,0,32,384,0,80
11231.0333,0.0,21.12,0.0,20.49,0,34,384,0,80
11231.2333,1.0667,21.22,0.0,20.56,1,0,512,0,80
11231.4333,0.0667,21.12,0.0,20.55,0,8,512,0,80
11231.6333,0.0,21.2,0.0,20.52,0,0,512,0,80
11231.8333,1.2,21.12,0.0,20.485,0,0,512,0,80
11232.0333,0.0,21.205,0.0,20.48,0,0,520,0,80
11232.2333,1.0667,21.12,0.0,20.48,0,0,512,0,80
11232.4333,0.6,21.2,0.0,20.48,0,0,384,8,80
11232.6333,1.0667,21.12,0.0,20.485,0,0,520,0,80
11232.8333,0.5333,21.2,0.0,20.65,0,2,512,0,80
11233.0333,17.1,21.2,0.0,20.52,0,0,512,0,80
11233.2333,17.1333,21.2,0.0,20.535,0,0,512,0,80
11233.4333,19.7667,21.14,0.0,20.48,0,0,514,0,80
11233.6333,17.0667,21.12,0.0,20.56,0,0,512,0,80
11233.8333,12.2833,21.12,0.0,20.64,4,1,520,0,80
11234.0333,0.0,21.12,0.0,20.52,0,17,512,16,80
11234.2333,-8.4667,21.13,0.0167,20.64,0,0,512,16,80
11234.4333,-4.2667,21.2,0.0,20.48,0,0,512,16,80
11234.6333,-4.2667,21.12,0.0,20.48,0,0,520,16,80
11234.8333,-2.1333,21.22,0.0,20.525,1,2,512,16,80
11235.0333,0.0,21.12,0.0,20.54,0,0,512,16,80
11235.2333,0.8,21.12,0.0,20.56,1,0,513,16,80
11235.4333,1.0667,21.12,0.0,20.64,0,0,512,16,80
11235.6333,0.2667,21.2,0.0,20.64,0,0,512,24,80
11235.8333,1.0667,21.2,0.0,20.64,4,0,512,0,80
11236.0333,0.6667,21.12,0.0,20.48,0,0,512,0,80
11236.2333,1.2,21.12,0.0,20.48,0,0,544,0,80
11236.4333,0.0667,21.205,0.0,20.5,0,0,512,0,80
11236.6333,0.55,21.2,0.0167,20.48,0,0,512,0,80
11236.8333,1.0667,21.12,0.0,20.56,0,0,514,0,80
11237.0333,0.0,21.12,0.0,20.52,1,0,512,0,80
11237.2333,5.9667,21.15,0.0,20.52,0,16,512,0,80
11237.4333,10.7,21.2,0.0,20.64,2,0,512,0,80
11237.6333,9.1333,21.2,0.0,20.49,0,0,520,0,80
11237.8333,10.7,21.12,0.0,20.48,0,4,512,0,80
11238.0333,9.6,21.12,0.0,20.48,1,0,512,0,80
11238.2333,4.3333,21.16,0.0,20.48,0,16,512,0,80
11238.4333,0.5333,21.12,0.0,20.56,0,1,512,0,80
11238.6333,0.0,21.13,0.0167,20.55,1,0,512,0,80
11238.8333,0.1333,21.12,0.0,20.64,1,8,516,8,80
11239.0333,1.0667,21.2,0.0,20.48,0,9,513,0,80
11239.2333,0.2833,21.12,0.0167,20.56,0,0,512,0,80
11239.4333,0.0,21.13,0.0,20.48,1,0,512,0,80
11239.6333,0.0,21.2,0.0,20.56,0,0,512,0,80
11239.8333,0.0333,21.12,0.0,20.56,0,0,512,0,80
11240.0333,1.0667,21.14,0.0,20.56,0,0,513,0,80
11240.2333,1.6667,21.12,0.0,20.64,0,4,520,0,80
11240.4333,0.6667,21.12,0.0,20.52,0,0,520,16,80
11240.6333,0.2667,21.2,0.0,20.66,0,0,512,16,80
11240.8333,1.1333,21.12,0.0,20.48,1,32,512,16,80
11241.0333,12.8,21.2,0.0,20.525,0,32,514,16,80
11241.2333,17.2167,21.15,0.0,20.48,0,32,516,16,80
11241.4333,19.2,21.12,0.0167,20.49,0,0,512,16,80
11241.6333,17.6,21.2,0.0167,20.48,4,16,512,16,80
11241.8333,0.2667,21.2,0.0,20.48,0,17,512,16,80
11242.0333,0.8,21.22,0.0,20.52,0,0,516,24,80
11242.2333,0.0833,21.2,0.0,20.565,0,0,512,0,80
11242.4333,0.0167,21.12,0.0,20.565,0,16,512,0,80
11242.6333,0.4333,21.2,0.0,20.48,0,32,516,32,80
11242.8333,-41.3167,21.2,0.0,20.56,0,4,512,32,80
11243.0333,-34.1333,21.2,0.0,20.66,0,0,512,32,80
11243.2333,-29.5667,21.14,0.0,20.56,0,4,520,64,80
11243.4333,-21.3333,21.12,0.0,20.49,0,0,512,64,80
11243.6333,-17.0667,21.12,0.0167,20.64,0,0,512,0,80
11243.8333,0.0667,21.13,0.0,20.48,0,32,520,0,80
11244.0333,0.15,21.2,0.0,20.48,0,8,512,0,80
11244.2333,0.2667,21.2,0.0,20.48,2,0,512,0,80
11244.4333,0.0667,21.2,0.0,20.5,0,8,512,0,80
11244.6333,0.0,21.12,0.0,20.52,0,0,512,0,80
11244.8333,0.0,21.12,0.0,20.48,0,0,512,0,80
11245.0333,1.6,21.2,0.0,20.52,0,4,512,0,80
11245.2333,0.8,21.2,0.0,20.48,0,0,512,8,80
11245.4333,0.05,21.2,0.0,20.64,0,0,512,0,80
11245.6333,0.5333,21.12,0.0,20.48,0,0,512,0,80
11245.8333,-3.7333,21.12,0.0,20.64,4,0,512,0,80
11246.0333,-8.0,21.12,0.0,20.48,0,0,514,0,80
11246.2333,-5.3333,21.2,0.0167,20.64,0,0,512,0,80
11246.4333,-4.6667,21.2,0.0,20.66,1,16,512,0,80
11246.6333,-8.5333,21.2,0.0,20.56,4,0,512,0,80
11246.8333,-17.0667,21.12,0.0,20.49,0,16,512,16,80
11247.0333,-11.6667,21.12,0.0,20.64,2,8,512,16,80
11247.2333,-12.8,21.14,0.0,20.64,0,16,512,16,80
11247.4333,-12.5,21.12,0.0,20.48,0,0,512,16,80
11247.6333,-10.6667,21.2,0.0,20.49,0,0,514,16,80
11247.8333,-4.2333,21.14,0.0,20.48,0,16,512,16,80
11248.0333,0.0,21.2,0.0,20.48,0,16,512,16,80
11248.2333,0.1333,21.12,0.0,20.64,1,0,512,16,80
11248.4333,12.8,21.22,0.0,20.49,0,8,512,24,80
11248.6333,2.1333,21.2,0.0,20.48,1,0,512,0,80
11248.8333,0.5333,21.2,0.0,20.48,0,0,512,0,80
11249.0333,0.8,21.2,0.0,20.48,8,0,512,0,80
11249.2333,0.2,21.12,0.0167,20.56,0,8,512,0,80
11249.4333,0.0167,21.13,0.0,20.48,0,0,512,0,80
11249.6333,2.1333,21.12,0.0,20.48,0,0,512,0,80
11249.8333,2.1333,21.16,0.0167,20.56,3,32,512,0,80
11250.0333,0.3333,21.2,0.0,20.49,0,0,513,0,80
11250.2333,0.0,21.13,0.0,20.55,0,8,512,0,80
11250.4333,0.0,21.12,0.0,20.55,0,17,512,0,80
11250.6333,-12.7833,21.2,0.0167,20.64,4,16,516,0,80
11250.8333,-12.8,21.2,0.0167,20.5,0,0,512,0,80
11251.0333,-12.4,21.12,0.0167,20.48,0,16,512,0,80
11251.2333,-8.0,21.16,0.0,20.52,0,0,516,0,80
11251.4333,-4.2667,21.12,0.0,20.48,0,16,512,0,80
11251.6333,1.0833,21.2,0.0,20.48,4,17,512,8,80
11251.8333,5.3333,21.2,0.0167,20.55,1,17,512,0,80
11252.0333,9.0667,21.12,0.0,20.64,0,0,512,0,80
11252.2333,12.8333,21.12,0.0,20.48,0,0,512,0,80
11252.4333,17.0667,21.24,0.0,20.48,0,0,512,0,80
11252.6333,17.0667,21.14,0.0167,20.52,0,0,521,0,80
11252.8333,9.6667,21.12,0.0,20.64,2,0,512,0,80
11253.0333,0.5333,21.205,0.0,20.64,2,8,512,0,80
11253.2333,0.5333,21.165,0.0,20.56,0,8,512,16,80
11253.4333,1.6,21.2,0.0,20.5,0,32,512,16,80
11253.6333,1.6167,21.12,0.0,20.48,0,8,644,16,80
11253.8333,1.0667,21.2,0.0,20.48,4,0,512,16,80
11254.0333,0.0,21.12,0.0,20.49,0,0,520,16,80
11254.2333,0.0667,21.2,0.0,20.49,6,0,512,16,80
11254.4333,0.0,21.12,0.0,20.48,0,0,512,16,80
11254.6333,0.0,21.12,0.0,20.52,0,0,512,16,80
11254.8333,0.0,21.2,0.0,20.48,0,0,512,24,80
11255.0333,4.8,21.2,0.0,20.48,0,0,649,0,80
11255.2333,8.6,21.12,0.0,20.48,0,32,641,0,80
11255.4333,12.8,21.13,0.0167,20.48,1,34,640,32,80
11255.6333,17.1333,21.12,0.0,20.48,0,0,640,32,80
11255.8333,17.3667,21.12,0.0167,20.48,0,16,768,32,80
11256.0333,17.1667,21.12,0.0167,20.52,0,0,648,0,80
11256.2333,0.0,21.2,0.0167,20.48,0,32,640,0,80
11256.4333,-7.1333,21.2,0.0167,20.48,0,0,512,0,80
11256.6333,-12.7667,21.2,0.0,20.65,0,16,514,0,80
11256.8333,-15.3333,21.2,0.0,20.48,0,16,512,0,80
11257.0333,-14.9333,21.2,0.0,20.525,0,0,512,0,80
11257.2333,-12.8,21.2,0.0,20.56,0,8,512,0,80
11257.4333,0.0,21.2,0.0,20.5,0,8,384,0,80
11257.6333,0.2667,21.12,0.0167,20.48,0,32,384,0,80
11257.8333,1.0667,21.12,0.0167,20.48,4,2,256,0,80
11258.0333,0.0167,21.2,0.0,20.48,0,32,256,8,80
11258.2333,1.1,21.22,0.0,20.48,0,36,256,0,80
11258.4333,0.0167,21.12,0.0,20.56,0,0,256,0,80
11258.6333,0.0,21.12,0.0,20.49,8,4,256,0,80
11258.8333,0.0,21.12,0.0,20.48,4,0,256,0,80
11259.0333,0.0,21.2,0.0,20.52,8,4,356,0,80
11259.2333,1.6,21.13,0.0167,20.48,0,0,256,0,80
11259.4333,18.1333,21.2,0.0,20.54,0,0,256,0,80
11259.6333,4.3333,21.2,0.0,20.48,0,0,256,16,80
11259.8333,-8.45,21.12,0.0,20.48,0,9,256,16,80
11260.0333,-17.0667,21.2,0.0,20.65,0,0,256,16,80
11260.2333,-17.0333,21.2,0.0,20.48,0,0,260,16,80
11260.4333,-50.6667,21.12,0.0167,20.48,0,0,256,16,80
11260.6333,-187.7333,21.2,0.0,20.48,2,0,256,16,80
11260.8333,-85.1667,21.13,0.0,20.64,0,8,264,16,80
11261.0333,-12.0,21.2,0.0,20.48,0,0,256,16,80
11261.2333,2.1333,21.12,0.0167,20.48,0,0,256,24,80
11261.4333,19.2,21.2,0.0,20.48,8,0,256,0,80
11261.6333,0.8,21.2,0.0167,20.485,0,8,129,0,80
11261.8333,0.5333,21.2,0.0,20.48,4,0,256,0,80
11262.0333,2.1333,21.2,0.0,20.48,1,8,256,0,80
11262.2333,1.2667,21.14,0.0,20.48,0,0,128,0,80
11262.4333,0.2667,21.12,0.0,20.48,0,32,128,0,80
11262.6333,0.0333,21.12,0.0,20.48,0,0,128,0,80
11262.8333,0.2667,21.22,0.0,20.48,0,0,128,0,80
11263.0333,0.0,21.12,0.0,20.5,0,0,261,0,80
11263.2333,0.0,21.12,0.0,20.52,0,0,256,0,80
11263.4333,0.0333,21.2,0.0,20.48,0,32,260,0,80
11263.6333,-51.2,21.12,0.0,20.48,0,0,256,0,80
11263.8333,-12.8,21.2,0.0,20.48,0,0,256,0,80
11264.0333,-12.8,21.22,0.0,20.48,0,0,256,0,80
11264.2333,-17.05,21.16,0.0,20.48,3,0,256,0,80
11264.4333,0.0,21.2,0.0,20.48,0,0,256,8,80
11264.6333,4.8167,21.12,0.0,20.48,4,0,256,0,80
11264.8333,9.6,21.12,0.0167,20.48,0,0,256,0,80
11265.0333,0.0,21.12,0.0,20.48,0,0,256,0,80
11265.2333,0.0333,21.12,0.0,20.48,0,0,256,0,80
11265.4333,21.3333,21.2,0.0,20.48,0,0,258,0,80
11265.6333,17.0667,21.22,0.0,20.48,0,1,256,0,80
11265.8333,2.5833,21.2,0.0,20.48,0,0,256,0,80
11266.0333,0.8,21.2,0.0,20.48,4,0,256,16,80
11266.2333,2.3167,21.24,0.0,20.48,0,2,256,16,80
11266.4333,0.0167,21.12,0.0,20.48,1,32,256,16,80
11266.6333,1.1333,21.2,0.0,20.48,0,40,256,16,80
11266.8333,0.5333,21.125,0.0,20.48,0,36,256,16,80
11267.0333,2.15,21.12,0.0,20.64,0,32,256,16,80
11267.2333,0.0833,21.2,0.0,20.64,0,0,258,16,80
11267.4333,0.0,21.22,0.0,20.52,0,32,256,16,80
11267.6333,0.0333,21.2,0.0167,20.565,0,32,257,24,80
11267.8333,0.0,21.12,0.0,20.64,0,32,256,0,80
11268.0333,4.55,21.2,0.0,20.5,0,0,386,0,80
11268.2333,0.4333,21.2,0.0,20.54,0,0,384,32,80
11268.4333,0.0,21.2,0.0,20.48,0,0,384,32,80
11268.6333,12.9333,21.2,0.0,20.48,0,0,384,32,80
11268.8333,12.9667,21.2,0.0,20.52,0,0,392,64,80
11269.0333,0.2667,21.24,0.0,20.64,0,0,260,64,80
11269.2333,1.0833,21.2,0.0,20.48,0,0,264,0,80
11269.4333,4.5333,21.12,0.0,20.5,0,49,384,0,80
11269.6333,4.9333,21.12,0.0,20.64,0,48,384,0,80
11269.8333,0.0167,21.2,0.0,20.56,0,49,384,0,80
11270.0333,17.0833,21.2,0.0,20.535,0,40,386,0,80
11270.2333,19.2,21.205,0.0,20.48,4,0,256,0,80
11270.4333,0.0,21.2,0.0,20.48,0,0,256,0,80
11270.6333,2.6667,21.2,0.0,20.64,0,8,256,0,80
11270.8333,2.1333,21.24,0.0167,20.48,0,0,256,8,80
11271.0333,0.0667,21.125,0.0,20.48,0,0,256,0,80
11271.2333,0.0167,21.2,0.0,20.65,0,32,256,0,80
11271.4333,1.6,21.13,0.0,20.64,4,32,256,0,80
11271.6333,1.6,21.2,0.0,20.64,0,40,259,0,80
11271.8333,0.0,21.24,0.0,20.485,0,33,256,0,80
11272.0333,0.0,21.16,0.0,20.48,0,0,258,0,80
11272.2333,0.0,21.24,0.0,20.48,0,32,256,0,80
11272.4333,10.6667,21.12,0.0,20.52,2,8,258,16,80
11272.6333,4.3333,21.205,0.0,20.52,0,0,256,16,80
11272.8333,-42.6667,21.205,0.0,20.64,0,0,256,16,80
11273.0333,-51.0667,21.12,0.0,20.64,0,16,258,16,80
11273.2333,-34.1333,21.2,0.0,20.64,0,16,256,16,80
11273.4333,0.0667,21.2,0.0,20.48,0,0,256,16,80
11273.6333,2.2167,21.2,0.0,20.485,0,0,258,16,80
11273.8333,0.0,21.2,0.0,20.48,1,0,256,16,80
11274.0333,2.4,21.2,0.0,20.48,4,0,256,24,80
11274.2333,2.4167,21.2,0.0,20.64,0,0,384,0,80
11274.4333,-12.8,21.24,0.0,20.48,0,16,384,0,80
11274.6333,0.0,21.21,0.0,20.52,4,0,384,128,80
11274.8333,2.2333,21.2,0.0,20.48,0,8,384,128,80
11275.0333,0.0333,21.22,0.0,20.565,0,0,384,128,80
11275.2333,0.0833,21.12,0.0,20.56,0,32,384,128,80
11275.4333,0.0,21.2,0.0,20.64,0,0,260,128,80
11275.6333,0.2667,21.2,0.0,20.48,0,0,256,128,80
11275.8333,1.0667,21.2,0.0167,20.64,0,0,384,128,80
11276.0333,0.2667,21.13,0.0,20.64,0,4,384,128,80
11276.2333,0.0,21.12,0.0,20.48,2,16,256,128,80
11276.4333,0.15,21.24,0.0,20.48,0,0,256,128,80
11276.6333,8.8167,21.2,0.0,20.64,2,2,256,128,80
11276.8333,38.4,21.12,0.0,20.48,0,0,256,128,80
11277.0333,51.2167,21.145,0.0,20.48,0,16,256,128,80
11277.2333,81.4,21.2,0.0,20.52,0,0,260,136,80
11277.4333,81.2,21.22,0.0,20.48,0,32,384,128,80
11277.6333,103.8667,21.2,0.0,20.48,2,0,256,128,80
11277.8333,39.4667,21.2,0.0,20.48,0,0,384,128,80
11278.0333,-17.0667,21.2,0.0,20.5,0,1,256,128,80
11278.2333,0.2,21.2,0.0167,20.52,0,16,256,128,80
11278.4333,0.0,21.22,0.0167,20.48,0,32,384,128,80
11278.6333,0.6667,21.2,0.0,20.52,0,0,256,128,80
11278.8333,0.0,21.21,0.0,20.48,0,0,256,144,80
11279.0333,1.0667,21.2,0.0,20.52,0,1,262,144,80
11279.2333,0.0,21.2,0.0,20.48,0,0,384,144,80
11279.4333,1.0667,21.2,0.0,20.48,0,32,392,144,80
11279.6333,0.3,21.21,0.0,20.48,0,33,384,144,80
11279.8333,0.0667,21.12,0.0,20.64,0,32,256,144,80
11280.0333,1.1,21.2,0.0167,20.64,0,32,388,144,80
11280.2333,-18.9333,21.2,0.0,20.48,0,32,256,144,80
11280.4333,-20.2167,21.175,0.0,20.64,0,16,384,152,80
11280.6333,-17.0667,21.22,0.0,20.48,0,48,386,128,80
11280.8333,-16.3,21.24,0.0,20.5,4,1,384,128,80
11281.0333,-16.4,21.2,0.0,20.48,0,16,392,160,80
11281.2333,-11.2,21.2,0.0,20.48,4,16,384,160,80
11281.4333,4.2667,21.12,0.0,20.48,0,16,384,160,80
11281.6333,8.5333,21.2,0.0,20.52,0,32,384,0,80
11281.8333,0.0,21.2,0.0,20.64,0,0,384,0,80
11282.0333,0.0,21.2,0.0,20.52,0,40,384,0,80
11282.2333,11.8333,21.22,0.0,20.52,0,48,384,0,80
11282.4333,2.1333,21.2,0.0167,20.485,0,32,384,0,80
11282.6333,2.4,21.2,0.0,20.56,0,32,384,0,80
11282.8333,0.0,21.2,0.0,20.64,4,0,258,0,80
11283.0333,1.0667,21.2,0.0,20.58,0,8,392,0,80
11283.2333,0.0,21.2,0.0,20.52,2,32,384,0,80
11283.4333,1.6,21.2,0.0,20.48,0,40,384,0,80
11283.6333,0.55,21.12,0.0167,20.48,0,0,392,8,80
11283.8333,0.2667,21.12,0.0,20.48,0,0,384,0,80
11284.0333,0.0,21.2,0.0,20.52,0,0,384,0,80
11284.2333,-67.2,21.2,0.0167,20.48,0,8,386,0,80
11284.4333,0.5333,21.2,0.0,20.5,0,0,384,0,80
11284.6333,8.6667,21.2,0.0,20.64,0,0,384,0,80
11284.8333,0.6667,21.16,0.0,20.48,0,16,384,0,80
11285.0333,12.8,21.2,0.0,20.64,4,16,384,0,80
11285.2333,0.3,21.2,0.0,20.48,0,48,257,16,80
11285.4333,0.0,21.2,0.0,20.5,0,1,386,16,80
11285.6333,10.7,21.2,0.0,20.56,2,48,256,16,80
11285.8333,0.0,21.2,0.0,20.5,0,0,256,16,80
11286.0333,102.4667,21.14,0.0,20.48,0,0,256,16,80
11286.2333,110.9333,21.2,0.0,20.48,3,4,257,16,80
11286.4333,102.4,21.2,0.0,20.48,0,0,384,16,80
11286.6333,38.4667,21.12,0.0,20.48,0,8,384,16,80
11286.8333,0.55,21.2,0.0,20.64,2,0,256,24,80
11287.0333,2.1333,21.2,0.0,20.48,0,0,384,0,80
11287.2333,0.2667,21.2,0.0,20.64,1,0,256,0,80
11287.4333,0.5333,21.2,0.0,20.48,0,0,384,0,80
11287.6333,0.0833,21.2,0.0167,20.64,0,0,388,0,80
11287.8333,1.0667,21.2,0.0,20.48,0,0,384,0,80
11288.0333,0.4,21.2,0.0,20.48,0,8,384,0,80
11288.2333,0.0,21.2,0.0,20.48,4,0,384,0,80
11288.4333,0.2833,21.12,0.0,20.48,0,4,384,0,80
11288.6333,10.1333,21.2,0.0,20.64,0,1,384,0,80
11288.8333,35.8667,21.125,0.0167,20.48,0,12,384,0,80
11289.0333,43.7333,21.2,0.0,20.48,0,32,384,0,80
11289.2333,43.2167,21.2,0.0,20.48,0,0,384,0,80
11289.4333,42.6667,21.22,0.0,20.64,0,16,385,0,80
11289.6333,42.6667,21.2,0.0,20.52,0,0,512,0,80
11289.8333,34.2667,21.2,0.0167,20.48,4,16,384,0,80
11290.0333,38.4,21.2,0.0,20.48,0,0,384,8,80
11290.2333,1.2,21.2,0.0,20.52,0,0,386,0,80
11290.4333,2.4,21.14,0.0167,20.48,0,0,384,0,80
11290.6333,0.2667,21.24,0.0,20.48,0,0,384,0,80
11290.8333,8.6333,21.2,0.0,20.62,0,44,384,0,80
11291.0333,4.2833,21.2,0.0,20.48,0,0,384,0,80
11291.2333,12.8333,21.2,0.0,20.52,0,0,392,0,80
11291.4333,0.0,21.2,0.0,20.48,0,0,384,0,80
11291.6333,0.0333,21.16,0.0167,20.48,0,32,384,16,80
11291.8333,0.15,21.2,0.0,20.52,4,0,384,16,80
11292.0333,0.1333,21.2,0.0,20.48,0,1,384,16,80
11292.2333,0.0,21.24,0.0,20.6,0,1,384,16,80
11292.4333,1.0667,21.2,0.0167,20.56,0,1,384,16,80
11292.6333,0.0333,21.22,0.0,20.48,0,0,512,16,80
11292.8333,0.0333,21.2,0.0,20.48,0,0,384,16,80
11293.0333,1.0667,21.2,0.0,20.5,0,0,384,16,80
11293.2333,0.0,21.2,0.0,20.48,2,0,384,24,80
11293.4333,2.1333,21.12,0.0,20.48,0,0,512,0,80
11293.6333,0.0,21.2,0.0,20.48,4,10,512,0,80
11293.8333,0.0,21.12,0.0,20.64,0,16,396,32,80
11294.0333,0.0,21.2,0.0,20.5,0,0,388,32,80
11294.2333,0.0667,21.21,0.0,20.48,0,16,384,32,80
11294.4333,13.3333,21.2,0.0,20.52,4,0,516,64,80
11294.6333,9.6,21.2,0.0,20.58,0,0,389,64,80
11294.8333,1.1,21.12,0.0,20.64,0,8,512,0,80
11295.0333,-51.2,21.2,0.0,20.48,0,1,512,0,80
11295.2333,-51.2,21.2,0.0,20.58,0,36,512,0,80
11295.4333,-34.0,21.12,0.0,20.48,0,1,516,0,80
11295.6333,-16.9333,21.2,0.0,20.48,0,0,516,0,80
11295.8333,1.8667,21.12,0.0,20.48,0,0,512,0,80
11296.0333,2.4,21.2,0.0,20.48,0,9,512,0,80
11296.2333,1.2167,21.16,0.0,20.48,0,0,512,0,80
11296.4333,0.0,21.12,0.0,20.64,0,0,512,8,80
11296.6333,1.1333,21.2,0.0,20.64,0,0,512,0,80
11296.8333,0.0167,21.12,0.0,20.5,0,0,512,0,80
11297.0333,0.0,21.12,0.0,20.48,2,0,512,0,80
11297.2333,0.05,21.205,0.0,20.48,0,8,512,0,80
11297.4333,0.8,21.2,0.0,20.48,0,0,512,0,80
11297.6333,0.0167,21.2,0.0,20.52,0,0,512,0,80
11297.8333,1.3333,21.2,0.0,20.5,0,8,512,0,80
11298.0333,6.4,21.2,0.0,20.48,0,0,516,16,80
11298.2333,-50.9333,21.2,0.0,20.48,0,12,513,16,80
11298.4333,-51.1833,21.165,0.0,20.52,0,0,512,16,80
11298.6333,-33.5667,21.12,0.0,20.48,2,0,512,16,80
11298.8333,-32.0,21.2,0.0167,20.48,0,0,520,16,80
11299.0333,-17.0333,21.13,0.0,20.48,2,0,512,16,80
11299.2333,-17.0667,21.2,0.0,20.48,0,0,512,16,80
11299.4333,0.0,21.205,0.0,20.48,0,32,512,16,80
11299.6333,14.4,21.12,0.0,20.49,0,36,512,24,80
11299.8333,18.3333,21.21,0.0,20.64,0,44,512,0,80
11300.0333,27.8,21.21,0.0,20.64,1,33,512,0,80
11300.2333,0.0,21.2,0.0,20.64,2,32,512,0,80
11300.4333,0.0,21.12,0.0,20.48,0,32,512,0,80
11300.6333,1.3333,21.2,0.0,20.48,0,38,512,0,80
11300.8333,0.1333,21.12,0.0,20.56,4,32,512,0,80
11301.0333,0.0,21.13,0.0,20.48,4,42,264,0,80
11301.2333,0.2833,21.23,0.0,20.6,0,0,512,0,80
11301.4333,0.0,21.175,0.0,20.48,0,32,512,0,80
11301.6333,0.5333,21.2,0.0,20.48,0,0,512,0,80
11301.8333,0.0,21.2,0.0167,20.5,0,8,513,0,80
11302.0333,0.5333,21.2,0.0,20.48,0,0,517,0,80
11302.2333,1.1333,21.2,0.0,20.48,0,8,512,0,80
11302.4333,-20.2667,21.21,0.0,20.48,0,0,512,0,80
11302.6333,-17.0667,21.2,0.0,20.48,0,0,520,0,80
11302.8333,0.1667,21.2,0.0,20.64,4,32,512,8,80
11303.0333,1.0667,21.2,0.0167,20.48,0,32,512,0,80
11303.2333,0.0,21.21,0.0,20.48,0,32,384,0,80
11303.4333,8.6667,21.2,0.0,20.56,0,36,512,0,80
11303.6333,17.1,21.2,0.0,20.48,0,0,520,0,80
11303.8333,18.1333,21.12,0.0,20.6,0,32,512,0,80
11304.0333,17.6,21.125,0.0,20.48,0,17,512,0,80
11304.2333,0.1333,21.24,0.0,20.48,0,0,512,0,80
11304.4333,-17.0,21.2,0.0,20.49,0,32,513,16,80
11304.6333,-29.8667,21.2,0.0,20.52,2,16,393,16,80
11304.8333,0.6667,20.49,0.0,20.56,0,4,384,16,80
11305.0333,0.0,21.125,0.0,20.64,0,48,384,16,80
11305.2333,1.0667,21.205,0.0,20.56,0,0,520,16,80
11305.4333,0.5333,21.12,0.0,20.64,2,32,512,16,80
11305.6333,0.5333,21.2,0.0,20.48,0,32,514,16,80
11305.8333,1.0667,20.48,0.0,20.52,0,0,512,16,80
11306.0333,0.0,21.2,0.0,20.56,0,34,512,24,80
11306.2333,0.0,21.12,0.0167,20.48,0,32,512,0,80
11306.4333,1.0667,21.21,0.0,20.48,0,0,512,0,80
11306.6333,4.2667,21.125,0.0,20.48,0,32,512,32,80
11306.8333,17.0833,21.2,0.0,20.48,0,32,512,32,80
11307.0333,0.0,21.205,0.0,20.48,0,0,512,32,80
11307.2333,4.5333,21.205,0.0,20.48,0,32,512,0,80
11307.4333,0.2667,21.2,0.0,20.48,0,32,524,0,80
11307.6333,4.3,21.24,0.0,20.56,4,32,512,0,80
11307.8333,-16.0,21.21,0.0,20.48,0,16,512,0,80
11308.0333,-29.8667,21.12,0.0,20.56,0,36,514,0,80
11308.2333,-55.45,21.21,0.0167,20.5,0,32,512,0,80
11308.4333,-55.45,21.12,0.0,20.56,0,32,512,0,80
11308.6333,-29.8,21.21,0.0,20.48,1,32,512,0,80
11308.8333,-25.6,21.2,0.0167,20.64,0,32,513,0,80
11309.0333,-22.6667,21.22,0.0,20.48,0,36,512,0,80
11309.2333,0.0667,21.2,0.0,20.48,0,32,512,8,80
11309.4333,0.2667,21.12,0.0,20.48,0,32,514,0,80
11309.6333,0.0,21.12,0.0,20.48,2,40,512,0,80
11309.8333,0.5333,21.13,0.0,20.48,0,36,512,0,80
11310.0333,0.0,21.2,0.0,20.48,0,33,512,0,80
11310.2333,0.1333,20.48,0.0,20.5,2,36,512,0,80
11310.4333,0.0667,21.24,0.0,20.48,0,33,512,0,80
11310.6333,0.0,21.13,0.0,20.48,0,33,512,0,80
11310.8333,0.0,21.21,0.0,20.48,0,40,512,16,80
11311.0333,1.6,21.21,0.0,20.56,0,32,512,16,80
11311.2333,0.0167,21.125,0.0,20.48,1,0,512,16,80
11311.4333,-34.1333,21.245,0.0,20.48,0,32,513,16,80
11311.6333,-33.0667,21.2,0.0,20.48,0,32,520,16,80
11311.8333,-59.7333,21.21,0.0,20.48,0,8,514,16,80
11312.0333,-59.6667,21.2,0.0,20.56,0,48,513,16,80
11312.2333,-55.2,21.13,0.0,20.485,0,34,512,16,80
11312.4333,-54.3667,21.2,0.0,20.64,0,32,512,24,80
11312.6333,-29.6,21.205,0.0,20.48,0,32,512,0,80
11312.8333,-21.3333,21.2,0.0167,20.64,0,0,512,0,80
11313.0333,10.7,21.2,0.0167,20.48,0,32,516,0,80
11313.2333,0.0,21.16,0.0,20.56,0,32,520,0,80
11313.4333,0.4,21.2,0.0,20.64,4,40,512,0,80
11313.6333,8.6667,21.2,0.0,20.48,0,34,512,0,80
11313.8333,0.0667,21.21,0.0,20.5,1,40,514,0,80
11314.0333,0.0,21.24,0.0,20.56,0,0,512,0,80
11314.2333,2.1333,21.2,0.0,20.64,0,8,512,0,80
11314.4333,1.4,21.21,0.0,20.56,0,8,513,0,80
11314.6333,0.0,21.21,0.0,20.48,0,0,512,0,80
11314.8333,0.0,21.2,0.0,20.48,0,32,512,0,80
11315.0333,0.0,21.22,0.0,20.48,0,32,512,0,80
11315.2333,0.0,21.21,0.0,20.48,0,32,512,0,80
11315.4333,0.1333,21.125,0.0,20.48,0,32,384,0,80
11315.6333,0.0,21.12,0.0,20.48,0,32,512,8,80
11315.8333,0.0667,21.2,0.0,20.48,0,32,385,0,80
11316.0333,0.0,21.21,0.0,20.48,0,32,512,0,80
11316.2333,-8.5333,21.2,0.0,20.5,0,32,513,0,80
11316.4333,0.0,21.2,0.0,20.5,0,16,390,0,80
11316.6333,8.5333,21.2,0.0,20.64,0,5,388,0,80
11316.8333,10.6833,21.12,0.0,20.48,0,32,384,0,80
11317.0333,4.2667,21.12,0.0,20.48,0,32,392,0,80
11317.2333,4.3333,21.2,0.0,20.48,0,40,384,16,80
11317.4333,4.2667,21.12,0.0,20.64,0,0,512,16,80
11317.6333,0.5333,21.21,0.0167,20.48,1,32,512,16,80
11317.8333,0.2667,21.12,0.0,20.48,4,32,512,16,80
11318.0333,20.3333,21.21,0.0,20.64,1,32,512,16,80
11318.2333,0.2667,20.48,0.0,20.48,0,36,512,16,80
11318.4333,0.5333,21.12,0.0,20.485,0,0,512,16,80
11318.6333,0.0,21.13,0.0,20.52,0,0,516,16,80
11318.8333,0.1,20.48,0.0,20.48,4,0,512,24,80
11319.0333,0.0,21.2,0.0,20.48,0,0,512,0,80
11319.2333,0.0,21.12,0.0,20.48,0,40,512,0,80
11319.4333,0.0,21.15,0.0167,20.48,0,32,513,32,80
11319.6333,0.0,21.245,0.0,20.48,0,40,384,32,80
11319.8333,0.4,21.2,0.0,20.485,0,36,512,32,80
11320.0333,3.2,21.12,0.0,20.56,0,32,384,64,80
11320.2333,8.5333,21.12,0.0,20.48,0,41,384,64,80
11320.4333,11.8,20.48,0.0,20.48,2,33,384,0,80
11320.6333,10.6667,21.2,0.0167,20.48,0,32,384,0,80
11320.8333,12.3667,20.48,0.0,20.48,2,32,384,0,80
11321.0333,12.8333,20.48,0.0167,20.48,0,40,384,0,80
11321.2333,12.9333,20.48,0.0,20.48,0,32,399,0,80
11321.4333,9.6,21.2,0.0,20.48,0,8,384,0,80
11321.6333,-3.7333,21.12,0.0,20.5,4,32,384,0,80
11321.8333,-21.3333,21.21,0.0,20.64,4,37,384,0,80
11322.0333,-23.4667,21.2,0.0,20.48,0,36,384,8,80
11322.2333,-21.1667,20.48,0.0,20.48,0,0,384,0,80
11322.4333,-22.3833,21.2,0.0,20.52,2,0,384,0,80
11322.6333,1.2,21.12,0.0,20.64,0,8,384,0,80
11322.8333,2.1333,20.48,0.0,20.5,0,0,384,0,80
11323.0333,0.5333,21.2,0.0,20.48,4,0,384,0,80
11323.2333,1.6667,21.2,0.0167,20.64,0,32,384,0,80
11323.4333,1.0667,21.24,0.0,20.48,1,4,384,0,80
11323.6333,1.7333,20.48,0.0,20.5,0,32,385,16,80
11323.8333,0.5333,21.2,0.0,20.48,0,36,384,16,80
11324.0333,0.0,21.21,0.0,20.64,0,0,384,16,80
11324.2333,17.2667,21.12,0.0,20.52,0,0,392,16,80
11324.4333,21.4,21.16,0.0,20.48,0,32,384,16,80
11324.6333,17.6167,21.21,0.0,20.64,1,0,384,16,80
11324.8333,8.6,21.24,0.0,20.5,2,0,384,16,80
11325.0333,-4.2,21.2,0.0,20.48,0,0,384,16,80
11325.2333,-16.0,21.16,0.0,20.485,1,33,384,24,80
11325.4333,-24.5333,20.48,0.0,20.64,0,32,384,0,80
11325.6333,-25.0667,21.2,0.0,20.485,0,0,512,0,80
11325.8333,-17.05,21.12,0.0,20.52,0,32,384,128,80
11326.0333,-17.0667,21.21,0.0,20.56,0,32,384,128,80
11326.2333,-16.9333,20.49,0.0167,20.56,0,32,384,128,80
11326.4333,-16.4667,20.48,0.0,20.64,0,0,388,128,80
11326.6333,-12.8,21.21,0.0,20.48,0,1,384,128,80
11326.8333,-12.7333,21.21,0.0,20.48,0,0,384,128,80
11327.0333,0.0,20.48,0.0,20.64,0,32,385,128,80
11327.2333,0.0,20.48,0.0167,20.56,0,0,386,128,80
11327.4333,2.1333,21.2,0.0,20.48,0,32,512,128,80
11327.6333,1.2,21.2,0.0,20.48,0,0,512,128,80
11327.8333,1.2,21.2,0.0167,20.48,0,0,512,128,80
11328.0333,1.0667,20.48,0.0,20.48,0,32,512,128,80
11328.2333,1.1,21.2,0.0,20.52,0,0,512,128,80
11328.4333,1.6,20.49,0.0,20.48,0,32,512,136,80
11328.6333,0.0667,20.48,0.0,20.48,0,40,512,128,80
11328.8333,-12.8,21.2,0.0,20.64,8,16,512,128,80
11329.0333,-15.45,21.12,0.0,20.5,0,2,514,128,80
11329.2333,-16.5333,20.48,0.0,20.48,4,32,512,128,80
11329.4333,-17.0667,20.48,0.0,20.5,4,32,514,128,80
11329.6333,-12.6333,20.48,0.0,20.56,0,0,512,128,80
11329.8333,-15.8667,20.48,0.0,20.5,0,0,514,128,80
11330.0333,-15.3333,20.49,0.0,20.6,0,0,512,144,80
11330.2333,-8.0,21.2,0.0167,20.48,0,0,512,144,80
11330.4333,2.2667,20.48,0.0,20.52,0,32,512,144,80
11330.6333,6.5333,20.485,0.0167,20.56,0,0,529,144,80
11330.8333,9.1,20.48,0.0,20.48,0,32,512,144,80
11331.0333,9.0833,20.48,0.0,20.48,0,1,384,144,80
11331.2333,7.0667,20.48,0.0,20.48,0,0,384,144,80
11331.4333,8.5667,20.48,0.0,20.58,0,0,384,144,80
11331.6333,0.1333,20.5,0.0,20.48,0,32,386,152,80
11331.8333,0.1333,20.49,0.0,20.48,2,32,384,128,80
11332.0333,0.0333,20.5,0.0167,20.48,0,40,256,128,80
11332.2333,0.0,20.48,0.0,20.56,0,40,256,160,80
11332.4333,0.0667,20.48,0.0,20.48,0,32,256,160,80
11332.6333,1.0667,20.49,0.0167,20.54,0,0,256,160,80
11332.8333,1.1333,21.21,0.0,20.48,0,0,256,0,80
11333.0333,0.1333,21.21,0.0,20.56,4,0,256,0,80
11333.2333,1.2667,20.48,0.0167,20.64,0,0,352,0,80
11333.4333,0.1,20.5,0.0167,20.56,0,8,256,0,80
11333.6333,8.6,20.48,0.0,20.5,0,40,264,0,80
11333.8333,5.8667,20.48,0.0,20.54,2,40,256,0,80
11334.0333,8.5333,20.48,0.0,20.5,0,32,256,0,80
11334.2333,9.6667,20.5,0.0,20.48,0,40,265,0,80
11334.4333,9.6,21.21,0.0,20.48,0,0,258,0,80
11334.6333,4.5333,20.48,0.0167,20.485,0,0,256,0,80
11334.8333,-8.0,21.22,0.0,20.48,0,0,384,8,80
11335.0333,-10.6667,20.48,0.0,20.52,0,32,256,0,80
11335.2333,-12.6667,20.48,0.0,20.48,0,4,256,0,80
11335.4333,-12.6667,21.23,0.0,20.48,4,8,256,0,80
11335.6333,-14.9333,21.23,0.0,20.56,0,8,256,0,80
11335.8333,-12.8,20.48,0.0,20.48,0,16,256,0,80
11336.0333,-12.8,21.23,0.0,20.48,0,0,256,0,80
11336.2333,1.7667,20.48,0.0,20.48,0,34,260,0,80
11336.4333,0.5333,20.48,0.0,20.56,0,0,262,16,80
11336.6333,1.1333,20.48,0.0,20.48,0,33,256,16,80
11336.8333,0.0,20.48,0.0,20.48,1,33,256,16,80
11337.0333,0.0,20.48,0.0,20.48,0,32,256,16,80
11337.2333,0.0,21.2,0.0,20.48,0,32,256,16,80
11337.4333,1.0667,20.49,0.0167,20.5,0,32,256,16,80
11337.6333,0.0,21.12,0.0,20.5,0,8,256,16,80
11337.8333,1.15,20.48,0.0,20.48,0,0,256,16,80
11338.0333,-9.5333,20.48,0.0167,20.48,0,0,256,24,80
11338.2333,-10.6167,20.48,0.0,20.64,0,4,256,0,80
11338.4333,-12.6667,20.48,0.0,20.48,2,0,257,0,80
11338.6333,-12.8,20.48,0.0,20.5,0,0,256,0,80
11338.8333,-11.1333,20.48,0.0,20.48,0,0,256,0,80
11339.0333,-12.8,21.24,0.0167,20.52,0,32,256,0,80
11339.2333,-11.7333,20.48,0.0,20.56,4,2,256,0,80
11339.4333,-15.2,20.48,0.0,20.48,0,36,256,0,80
11339.6333,-4.0667,20.48,0.0,20.49,0,32,256,0,80
11339.8333,8.5333,20.48,0.0,20.48,0,0,256,0,80
11340.0333,10.6667,20.48,0.0,20.54,0,32,256,0,80
11340.2333,0.0667,21.24,0.0,20.48,0,40,256,0,80
11340.4333,0.0833,20.48,0.0,20.48,0,32,256,0,80
11340.6333,22.4333,20.48,0.0167,20.48,1,2,256,0,80
11340.8333,0.0,21.12,0.0,20.485,0,0,272,0,80
11341.0333,0.0,20.48,0.0,20.56,0,10,256,0,80
11341.2333,0.0,20.48,0.0,20.48,0,32,512,8,80
11341.4333,0.2667,20.485,0.0,20.48,1,33,512,0,80
11341.6333,1.3333,20.49,0.0,20.56,0,0,512,0,80
11341.8333,0.0167,20.48,0.0167,20.48,2,34,512,0,80
11342.0333,0.0,20.48,0.0167,20.48,0,0,512,0,80
11342.2333,0.2667,20.48,0.0167,20.48,2,0,512,0,80
11342.4333,1.1333,20.49,0.0,20.52,0,0,512,0,80
11342.6333,-1.6,20.52,0.0,20.485,6,4,512,0,80
11342.8333,-2.1333,20.48,0.0,20.48,0,16,512,16,80
11343.0333,-3.2,20.48,0.0,20.48,4,0,512,16,80
11343.2333,-4.2667,20.49,0.0,20.48,2,0,512,16,80
11343.4333,-8.3833,20.49,0.0167,20.56,0,16,258,16,80
11343.6333,-4.25,20.48,0.0,20.48,0,0,512,16,80
11343.8333,1.0667,21.24,0.0,20.5,0,0,512,16,80
11344.0333,0.6667,20.48,0.0,20.48,4,0,512,16,80
11344.2333,0.0,21.14,0.0167,20.56,0,0,512,16,80
11344.4333,-2.1333,20.48,0.0,20.6,0,1,264,24,80
11344.6333,0.0,20.525,0.0,20.56,0,0,512,0,80
11344.8333,-1.4667,20.485,0.0,20.56,0,0,512,0,80
11345.0333,-1.4667,20.49,0.0,20.48,0,0,512,32,80
11345.2333,1.1667,20.49,0.0,20.64,4,0,513,32,80
11345.4333,0.0,21.12,0.0,20.52,0,8,514,32,80
11345.6333,0.1333,20.48,0.0,20.48,0,0,512,64,80
11345.8333,1.0667,20.48,0.0,20.52,0,0,256,64,80
11346.0333,0.0,20.49,0.0,20.48,0,0,512,0,80
11346.2333,0.5333,20.48,0.0,20.48,0,0,384,0,80
11346.4333,1.6,20.52,0.0,20.5,0,8,328,0,80
11346.6333,1.0667,20.49,0.0,20.52,0,0,523,0,80
11346.8333,0.1,20.48,0.0,20.48,1,0,512,0,80
11347.0333,1.0667,20.49,0.0,20.56,0,0,256,0,80
11347.2333,15.4667,20.48,0.0,20.48,0,32,512,0,80
11347.4333,30.6,20.48,0.0,20.485,0,2,258,0,80
11347.6333,37.5333,21.19,0.0,20.52,0,32,256,8,80
11347.8333,35.3667,20.49,0.0,20.48,0,1,264,0,80
11348.0333,30.0333,20.48,0.0,20.56,36,0,256,0,80
11348.2333,25.6,20.48,0.0,20.64,0,8,256,0,80
11348.4333,4.2667,20.48,0.0,20.48,0,1,256,0,80
11348.6333,-7.4,21.23,0.0,20.52,0,34,256,0,80
11348.8333,-15.8667,20.49,0.0,20.52,0,0,256,0,80
11349.0333,-20.25,20.5,0.0,20.48,0,1,516,0,80
11349.2333,2.6667,20.49,0.0,20.48,0,0,516,16,80
11349.4333,0.5333,20.48,0.0,20.56,0,0,516,16,80
11349.6333,1.0667,20.48,0.0167,20.54,0,0,516,16,80
11349.8333,0.15,20.505,0.0167,20.48,0,0,512,16,80
11350.0333,0.0,20.48,0.0,20.485,8,0,512,16,80
11350.2333,0.0333,20.48,0.0,20.64,0,0,512,16,80
11350.4333,0.2,20.48,0.0,20.48,0,6,512,16,80
11350.6333,1.1333,20.48,0.0,20.48,0,12,516,16,80
11350.8333,1.0667,21.13,0.0,20.48,0,1,512,24,80
11351.0333,29.9333,20.49,0.0,20.48,0,0,516,0,80
11351.2333,22.5333,20.48,0.0167,20.48,0,12,513,0,80
11351.4333,17.2,20.48,0.0,20.48,1,0,512,0,80
11351.6333,-4.2667,20.48,0.0,20.48,2,32,512,0,80
11351.8333,-16.9,21.13,0.0,20.56,0,0,640,0,80
11352.0333,-42.6667,20.48,0.0167,20.48,0,0,512,0,80
11352.2333,-62.9333,21.205,0.0,20.48,0,32,768,0,80
11352.4333,-59.1667,20.48,0.0,20.5,0,0,640,0,80
11352.6333,-41.6,20.49,0.0167,20.58,0,12,640,0,80
11352.8333,-32.0,20.48,0.0,20.56,0,0,768,0,80
11353.0333,-27.6,20.485,0.0,20.64,1,34,768,0,80
11353.2333,-25.6,20.49,0.0,20.48,0,8,768,0,80
11353.4333,-23.4667,20.48,0.0,20.56,0,0,768,0,80
11353.6333,0.5333,20.48,0.0,20.5,0,12,776,0,80
11353.8333,2.1333,20.48,0.0,20.64,0,0,770,0,80
11354.0333,0.0167,21.13,0.0,20.48,0,32,768,8,80
11354.2333,0.0,20.48,0.0167,20.5,0,0,648,0,80
11354.4333,1.2,20.49,0.0,20.56,0,40,640,0,80
11354.6333,0.55,20.485,0.0,20.48,0,0,640,0,80
11354.8333,0.0667,20.48,0.0,20.56,8,0,640,0,80
11355.0333,1.0667,20.48,0.0,20.56,1,0,640,0,80
11355.2333,0.1333,21.15,0.0,20.48,0,0,640,0,80
11355.4333,0.0,20.48,0.0,20.48,2,8,640,0,80
11355.6333,8.5333,20.48,0.0,20.48,0,8,512,16,80
11355.8333,-7.4667,20.48,0.0,20.48,1,16,640,16,80
11356.0333,-28.8,20.48,0.0,20.64,0,0,514,16,80
11356.2333,-38.4,20.48,0.0167,20.56,0,1,512,16,80
11356.4333,-42.6667,20.49,0.0167,20.48,0,4,512,16,80
11356.6333,-42.6667,20.48,0.0,20.48,0,0,512,16,80
11356.8333,-38.4,20.49,0.0,20.48,0,0,512,16,80
11357.0333,-27.6,20.48,0.0,20.6,0,16,512,16,80
11357.2333,-23.4667,20.48,0.0,20.48,0,9,512,24,80
11357.4333,-25.3333,21.13,0.0,20.56,0,0,512,0,80
11357.6333,-25.4667,20.48,0.0,20.48,0,8,512,0,80
11357.8333,-19.2,20.52,0.0,20.48,4,6,512,32,80
11358.0333,-0.7833,20.48,0.0,20.52,0,0,512,32,80
11358.2333,2.1333,20.49,0.0,20.52,0,0,513,32,80
11358.4333,0.0,20.48,0.0,20.64,0,1,512,0,80
11358.6333,0.0,20.5,0.0,20.64,0,0,512,0,80
11358.8333,0.1,20.48,0.0,20.48,0,0,512,0,80
11359.0333,0.1667,20.48,0.0,20.6,0,4,512,0,80
11359.2333,0.2667,20.48,0.0,20.48,0,0,512,0,80
11359.4333,0.0333,20.48,0.0,20.5,0,0,552,0,80
11359.6333,0.0,20.49,0.0167,20.48,0,8,544,0,80
11359.8333,0.8167,20.48,0.0,20.58,0,8,512,0,80
11360.0333,0.0,20.48,0.0,20.56,0,4,516,0,80
11360.2333,0.4,20.48,0.0,20.48,0,5,512,0,80
11360.4333,0.5333,20.48,0.0,20.48,0,0,520,8,80
11360.6333,0.0,20.49,0.0,20.5,0,0,514,0,80
11360.8333,-22.9333,20.48,0.0,20.48,0,0,520,0,80
11361.0333,-5.3333,20.48,0.0,20.48,0,4,512,0,80
11361.2333,8.5333,20.48,0.0,20.48,0,0,516,0,80
11361.4333,8.55,21.13,0.0,20.48,0,0,512,0,80
11361.6333,8.6833,20.48,0.0,20.64,2,0,512,0,80
11361.8333,8.5333,20.48,0.0167,20.48,0,8,516,0,80
11362.0333,9.1,20.485,0.0,20.56,0,16,512,16,80
11362.2333,9.6,20.48,0.0,20.48,0,0,512,16,80
11362.4333,8.5333,20.48,0.0,20.48,4,8,512,16,80
11362.6333,-3.7333,20.48,0.0,20.48,0,8,512,16,80
11362.8333,2.6667,20.48,0.0,20.52,0,10,513,16,80
11363.0333,2.6833,20.48,0.0,20.5,0,0,520,16,80
11363.2333,0.4,21.13,0.0,20.5,0,8,512,16,80
11363.4333,1.6333,20.48,0.0,20.48,0,8,512,16,80
11363.6333,0.0333,20.48,0.0,20.64,4,0,512,24,80
11363.8333,0.0,20.525,0.0,20.485,0,0,514,0,80
11364.0333,1.6,20.48,0.0,20.48,0,0,512,0,80
11364.2333,0.0833,20.48,0.0167,20.48,0,0,512,0,80
11364.4333,2.2,20.48,0.0,20.5,0,16,512,0,80
11364.6333,1.0667,20.525,0.0,20.48,0,4,512,0,80
11364.8333,9.8,20.48,0.0,20.48,0,0,512,0,80
11365.0333,8.5333,20.48,0.0,20.48,0,0,512,0,80
11365.2333,8.5333,20.485,0.0,20.48,0,6,513,0,80
11365.4333,10.6667,20.48,0.0,20.5,0,0,520,0,80
11365.6333,17.0667,20.48,0.0,20.5,0,8,512,0,80
11365.8333,17.7333,20.48,0.0,20.48,0,0,512,0,80
11366.0333,17.2667,20.48,0.0167,20.48,0,1,512,0,80
11366.2333,13.0,20.48,0.0,20.64,0,52,512,0,80
11366.4333,12.8667,20.49,0.0167,20.64,0,1,512,0,80
11366.6333,9.0667,20.48,0.0167,20.48,0,0,512,0,80
11366.8333,-8.5333,20.48,0.0,20.48,0,32,512,8,80
11367.0333,-29.3333,20.48,0.0,20.48,0,33,512,0,80
11367.2333,2.2,20.51,0.0167,20.48,1,32,512,0,80
11367.4333,0.5333,20.48,0.0,20.48,2,32,512,0,80
11367.6333,0.0,20.48,0.0,20.56,0,0,512,0,80
11367.8333,0.5333,20.52,0.0,20.48,2,36,514,0,80
11368.0333,1.0667,20.48,0.0167,20.48,0,0,512,0,80
11368.2333,1.1333,20.5,0.0,20.48,0,0,512,0,80
11368.4333,1.0667,20.48,0.0,20.48,0,0,512,16,80
11368.6333,0.55,20.49,0.0,20.485,0,8,512,16,80
11368.8333,0.6667,20.48,0.0,20.48,0,33,512,16,80
11369.0333,-18.1333,20.48,0.0,20.48,0,0,513,16,80
11369.2333,-3.7333,20.48,0.0,20.48,0,0,512,16,80
11369.4333,11.3333,20.5,0.0,20.48,0,0,512,16,80
11369.6333,10.6667,20.48,0.0,20.48,4,0,512,16,80
11369.8333,12.2833,20.48,0.0,20.5,0,0,512,16,80
11370.0333,13.4833,20.48,0.0,20.64,0,32,513,24,80
11370.2333,13.8667,20.52,0.0,20.48,0,0,512,0,80
11370.4333,14.0,20.48,0.0,20.5,0,0,520,0,80
11370.6333,0.5333,20.48,0.0,20.64,0,4,516,32,80
11370.8333,-8.5333,20.485,0.0,20.48,0,8,512,32,80
11371.0333,-19.2,20.49,0.0,20.48,0,0,520,32,80
11371.2333,-23.4667,20.5,0.0167,20.48,0,0,514,64,80
11371.4333,0.0,20.525,0.0,20.48,0,32,512,64,80
11371.6333,0.5333,20.48,0.0,20.64,0,40,512,0,80
11371.8333,0.0,20.48,0.0,20.52,0,40,512,0,80
11372.0333,0.0167,20.54,0.0167,20.6,0,33,640,0,80
11372.2333,0.1333,20.48,0.0,20.48,0,0,640,0,80
11372.4333,0.0167,20.5,0.0167,20.48,0,0,640,0,80
11372.6333,0.0,20.48,0.0,20.48,0,0,768,0,80
11372.8333,0.7,20.48,0.0,20.48,0,40,768,0,80
11373.0333,0.6667,20.48,0.0,20.48,0,8,772,0,80
11373.2333,14.9333,20.48,0.0,20.48,0,0,768,8,80
11373.4333,17.1333,20.48,0.0,20.485,0,32,644,0,80
11373.6333,17.6167,20.48,0.0,20.48,0,48,640,0,80
11373.8333,17.0667,20.48,0.0167,20.485,0,0,640,0,80
11374.0333,12.9333,20.49,0.0,20.48,0,16,640,0,80
11374.2333,0.1333,20.48,0.0,20.52,1,1,640,0,80
11374.4333,-11.7333,20.48,0.0,20.64,0,2,640,0,80
11374.6333,-20.2,20.52,0.0,20.48,0,0,649,0,80
11374.8333,-24.4,20.49,0.0,20.56,2,1,640,16,80
11375.0333,-19.0667,20.49,0.0,20.48,0,16,640,16,80
11375.2333,-16.5333,20.48,0.0,20.6,0,0,512,16,80
11375.4333,-16.4,20.49,0.0,20.48,0,8,512,16,80
11375.6333,-16.5167,20.51,0.0,20.48,0,32,512,16,80
11375.8333,0.8,20.48,0.0,20.48,0,40,512,16,80
11376.0333,0.0,20.48,0.0,20.52,4,32,512,16,80
11376.2333,0.6,20.48,0.0,20.64,0,0,512,16,80
11376.4333,0.5667,20.5,0.0167,20.48,0,0,512,24,80
11376.6333,0.0,20.49,0.0,20.5,0,0,512,0,80
11376.8333,1.8,20.48,0.0,20.52,0,4,512,0,80
11377.0333,0.0,20.49,0.0,20.64,0,32,512,128,80
11377.2333,0.0,20.49,0.0,20.48,0,32,512,128,80
11377.4333,11.7667,20.48,0.0,20.64,4,16,512,128,80
11377.6333,0.5333,20.49,0.0,20.48,4,1,516,128,80
11377.8333,-12.8,20.49,0.0,20.48,0,48,512,128,80
11378.0333,-12.6667,20.48,0.0,20.48,0,0,512,128,80
11378.2333,-11.7333,20.52,0.0,20.48,0,0,384,128,80
11378.4333,-17.0667,20.48,0.0,20.48,0,0,512,128,80
11378.6333,-16.9333,20.52,0.0,20.48,32,16,384,128,80
11378.8333,-15.4,20.49,0.0,20.52,0,0,516,128,80
11379.0333,-12.7,20.5,0.0,20.5,1,0,512,128,80
11379.2333,-12.7333,20.49,0.0,20.48,0,0,512,128,80
11379.4333,-6.2,20.49,0.0,20.52,4,9,512,128,80
11379.6333,6.4,20.49,0.0,20.52,0,8,516,136,80
11379.8333,0.0,20.48,0.0,20.48,2,40,512,128,80
11380.0333,2.1333,20.49,0.0,20.48,2,0,512,128,80
11380.2333,1.6,20.49,0.0,20.58,0,0,512,128,80
11380.4333,0.5333,20.56,0.0,20.48,0,0,520,128,80
11380.6333,1.6,20.48,0.0,20.48,0,0,514,128,80
11380.8333,2.1333,20.51,0.0167,20.64,0,0,512,128,80
11381.0333,1.2,20.5,0.0,20.64,0,32,512,128,80
11381.2333,0.0333,20.48,0.0,20.485,0,0,516,144,80
11381.4333,1.1333,20.525,0.0,20.5,0,0,514,144,80
11381.6333,-15.9333,20.48,0.0167,20.48,0,40,520,144,80
11381.8333,-15.8667,20.49,0.0,20.48,0,40,512,144,80
11382.0333,-17.0,20.49,0.0,20.58,0,48,512,144,80
11382.2333,-21.3333,20.48,0.0,20.62,0,0,512,144,80
11382.4333,-17.0667,20.56,0.0,20.64,0,48,520,144,80
11382.6333,-4.2667,20.49,0.0167,20.64,0,32,512,144,80
11382.8333,9.7,20.52,0.0,20.485,0,49,520,152,80
11383.0333,10.1333,20.48,0.0167,20.48,0,40,512,128,80
11383.2333,10.7,20.49,0.0,20.48,2,36,520,128,80
11383.4333,12.8,20.49,0.0,20.48,4,46,512,160,80
11383.6333,12.8,20.51,0.0,20.48,0,32,512,160,80
11383.8333,10.6667,20.56,0.0,20.5,0,32,520,160,80
11384.0333,2.2667,20.48,0.0,20.48,4,32,520,0,80
11384.2333,2.2667,20.48,0.0,20.64,0,32,512,0,80
11384.4333,2.35,20.56,0.0,20.48,0,0,520,0,80
11384.6333,0.2667,20.49,0.0,20.5,0,32,512,0,80
11384.8333,1.25,20.49,0.0,20.48,0,14,640,0,80
11385.0333,1.3333,20.5,0.0167,20.48,0,2,512,0,80
11385.2333,0.0,20.48,0.0,20.48,0,8,512,0,80
11385.4333,1.6,20.52,0.0167,20.48,0,0,640,0,80
11385.6333,1.6,20.48,0.0167,20.48,0,1,512,0,80
11385.8333,0.1333,20.56,0.0,20.48,0,32,640,0,80
11386.0333,8.5333,20.48,0.0,20.48,0,32,512,8,80
11386.2333,6.0,20.57,0.0167,20.5,0,32,512,0,80
11386.4333,8.5333,20.49,0.0167,20.52,0,0,512,0,80
11386.6333,8.6,20.49,0.0,20.48,4,0,516,0,80
11386.8333,8.5333,20.49,0.0167,20.48,0,16,512,0,80
11387.0333,4.4,20.49,0.0,20.48,0,16,512,0,80
11387.2333,0.6667,20.48,0.0,20.48,0,48,512,0,80
11387.4333,0.0,20.48,0.0,20.48,0,32,512,0,80
11387.6333,-14.9,20.48,0.0167,20.48,0,16,512,16,80
11387.8333,-12.8,20.48,0.0,20.64,0,32,640,16,80
11388.0333,-16.5333,20.57,0.0,20.48,1,16,512,16,80
11388.2333,-18.6667,20.48,0.0,20.48,0,0,770,16,80
11388.4333,-14.3667,20.52,0.0,20.52,1,32,640,16,80
11388.6333,-1.0,20.56,0.0,20.48,2,32,648,16,80
11388.8333,0.0,20.56,0.0167,20.48,0,0,640,16,80
11389.0333,2.1333,20.48,0.0,20.48,0,32,640,16,80
11389.2333,1.0667,20.58,0.0,20.48,0,32,768,24,80
11389.4333,0.0,20.48,0.0,20.48,0,36,640,0,80
11389.6333,0.0,20.57,0.0,20.48,0,0,648,0,80
11389.8333,0.5333,20.57,0.0,20.48,0,8,640,0,80
11390.0333,0.0,20.51,0.0,20.48,0,0,641,0,80
11390.2333,0.1333,20.5,0.0,20.64,0,0,640,0,80
11390.4333,1.0667,20.48,0.0,20.48,0,0,640,0,80
11390.6333,1.0667,20.48,0.0,20.48,0,0,640,0,80
11390.8333,-11.6667,20.48,0.0,20.48,0,0,640,0,80
11391.0333,-17.0667,20.51,0.0,20.48,0,8,640,0,80
11391.2333,-16.9333,20.56,0.0,20.48,0,4,640,0,80
11391.4333,-17.0667,20.5,0.0,20.48,0,0,640,0,80
11391.6333,-8.4667,20.56,0.0,20.48,0,36,640,0,80
11391.8333,0.0,20.48,0.0,20.48,0,0,640,0,80
11392.0333,8.5333,20.48,0.0,20.48,2,0,640,0,80
11392.2333,9.0667,20.56,0.0167,20.5,0,0,641,0,80
11392.4333,9.6,20.56,0.0,20.48,1,0,512,8,80
11392.6333,1.3333,20.56,0.0167,20.52,0,1,640,0,80
11392.8333,0.0,20.57,0.0,20.48,0,1,640,0,80
11393.0333,1.2,20.56,0.0,20.48,0,0,640,0,80
11393.2333,0.0,20.48,0.0,20.48,0,4,642,0,80
11393.4333,1.6,20.52,0.0,20.48,4,0,512,0,80
11393.6333,0.5333,20.56,0.0,20.48,0,32,640,0,80
11393.8333,0.0,20.57,0.0,20.48,0,32,516,0,80
11394.0333,2.3,20.57,0.0167,20.48,8,32,512,16,80
11394.2333,0.0,20.57,0.0,20.48,1,12,640,16,80
11394.4333,0.0,20.57,0.0,20.48,0,36,640,16,80
11394.6333,-8.5333,20.49,0.0,20.485,6,33,512,16,80
11394.8333,0.0,20.56,0.0,20.48,0,0,648,16,80
11395.0333,9.6333,20.56,0.0,20.48,0,32,648,16,80
11395.2333,10.9333,20.57,0.0,20.48,0,0,513,16,80
11395.4333,11.7333,20.58,0.0167,20.48,0,16,640,16,80
11395.6333,8.5333,20.48,0.0,20.48,0,32,640,24,80
11395.8333,13.1,20.48,0.0,20.48,0,48,644,0,80
11396.0333,13.0667,20.56,0.0,20.48,0,1,640,0,80
11396.2333,1.0667,20.48,0.0,20.48,0,32,640,32,80
11396.4333,-8.4667,20.6,0.0167,20.48,1,32,512,32,80
11396.6333,-12.8,20.58,0.0,20.52,0,32,517,32,80
11396.8333,-17.0667,20.48,0.0,20.48,0,32,512,64,80
11397.0333,-19.0,20.52,0.0,20.48,2,42,640,64,80
11397.2333,-21.3333,20.48,0.0,20.48,0,32,512,0,80
11397.4333,1.0667,20.56,0.0,20.48,0,0,512,0,80
11397.6333,1.0667,20.56,0.0,20.48,0,4,640,0,80
11397.8333,0.2667,20.6,0.0,20.48,4,32,642,0,80
11398.0333,1.4667,20.48,0.0,20.48,0,1,640,0,80
11398.2333,1.7333,20.56,0.0,20.48,0,32,644,0,80
11398.4333,2.1333,20.48,0.0,20.64,0,4,512,0,80
11398.6333,2.15,20.48,0.0,20.48,1,32,640,0,80
11398.8333,2.6667,20.56,0.0,20.48,0,32,640,8,80
11399.0333,3.3333,20.48,0.0,20.48,2,18,512,0,80
11399.2333,3.2,20.48,0.0,20.48,0,0,512,0,80
11399.4333,1.2167,20.48,0.0,20.48,0,48,512,0,80
11399.6333,0.0,20.56,0.0,20.48,0,32,640,0,80
11399.8333,-7.3333,20.49,0.0,20.48,0,32,648,0,80
11400.0333,-17.0667,20.56,0.0167,20.52,2,18,640,0,80
11400.2333,-14.7333,20.48,0.0,20.58,0,8,576,0,80
11400.4333,-16.9333,20.48,0.0167,20.5,0,32,640,16,80
11400.6333,-23.9333,20.485,0.0,20.48,0,32,640,16,80
11400.8333,-23.4667,20.48,0.0167,20.48,0,0,640,16,80
11401.0333,-14.9333,20.48,0.0,20.48,0,0,576,16,80
11401.2333,-6.25,20.58,0.0,20.48,0,0,640,16,80
11401.4333,4.3333,20.56,0.0,20.54,0,0,648,16,80
11401.6333,10.6667,20.56,0.0,20.48,0,0,524,16,80
11401.8333,0.6833,20.57,0.0,20.48,0,28,648,16,80
11402.0333,0.5333,20.56,0.0,20.5,0,8,640,24,80
11402.2333,2.1333,20.56,0.0,20.48,0,0,642,0,80
11402.4333,0.0,20.49,0.0,20.48,0,0,640,0,80
11402.6333,0.1333,20.48,0.0,20.48,0,24,640,0,80
11402.8333,0.2167,20.56,0.0,20.525,0,16,642,0,80
11403.0333,0.0,20.48,0.0,20.5,0,0,640,0,80
11403.2333,0.5333,20.56,0.0,20.48,0,4,640,0,80
11403.4333,2.7333,20.56,0.0167,20.52,0,9,648,0,80
11403.6333,-19.0667,20.5,0.0,20.48,0,0,640,0,80
11403.8333,-17.0667,20.56,0.0,20.52,0,0,640,0,80
11404.0333,-16.4,20.56,0.0,20.48,0,0,640,0,80
11404.2333,-15.3833,20.56,0.0167,20.48,0,0,640,0,80
11404.4333,1.0667,20.49,0.0167,20.52,1,32,640,0,80
11404.6333,4.2667,20.56,0.0,20.48,0,32,640,0,80
11404.8333,4.8333,20.48,0.0,20.48,0,32,640,0,80
11405.0333,6.5667,20.48,0.0,20.48,0,8,644,0,80
11405.2333,9.0833,20.56,0.0,20.48,1,40,644,8,80
11405.4333,17.1333,20.52,0.0,20.48,0,0,640,0,80
11405.6333,17.0667,20.485,0.0,20.48,1,4,680,0,80
11405.8333,2.3333,20.48,0.0,20.48,0,6,648,0,80
11406.0333,-8.4,20.48,0.0,20.52,0,0,640,0,80
11406.2333,-7.4667,20.56,0.0,20.48,1,0,672,0,80
11406.4333,-14.4,20.48,0.0,20.48,0,64,672,0,80
11406.6333,2.7333,20.48,0.0167,20.48,0,0,672,0,80
11406.8333,0.6667,20.48,0.0,20.52,0,64,644,16,80
11407.0333,0.0833,20.485,0.0,20.48,0,0,640,16,80
11407.2333,0.1333,20.48,0.0167,20.48,0,66,648,16,80
11407.4333,0.0,20.48,0.0,20.48,0,0,656,16,80
11407.6333,0.5333,20.48,0.0167,20.48,0,65,640,16,80
11407.8333,0.1333,20.48,0.0,20.48,0,0,672,16,80
11408.0333,0.0,20.48,0.0,20.48,0,4,640,16,80
11408.2333,2.1333,20.48,0.0,20.52,0,3,640,16,80
11408.4333,16.5333,20.56,0.0,20.52,0,16,672,24,80
11408.6333,21.3333,20.6,0.0,20.48,0,0,672,0,80
11408.8333,10.7333,20.56,0.0,20.485,0,64,672,0,80
11409.0333,-6.4,20.57,0.0,20.48,0,8,672,32,80
11409.2333,-6.4,20.48,0.0,20.48,0,0,640,32,80
11409.4333,-6.3333,20.48,0.0,20.5,0,10,672,32,80
11409.6333,-5.3333,20.485,0.0,20.48,0,56,672,0,80
11409.8333,-4.8,20.49,0.0,20.48,0,64,672,0,80
11410.0333,-4.25,20.48,0.0,20.48,0,8,672,0,80
11410.2333,-3.1333,20.49,0.0,20.48,4,0,642,0,80
11410.4333,-3.2,20.49,0.0,20.52,0,0,640,0,80
11410.6333,-3.0667,20.48,0.0,20.48,0,0,640,0,80
11410.8333,-4.2333,20.48,0.0,20.48,1,1,676,0,80
11411.0333,-8.4,20.48,0.0,20.48,0,0,640,0,80
11411.2333,-10.0,20.48,0.0167,20.48,0,1,640,0,80
11411.4333,0.5333,20.48,0.0167,20.48,0,40,644,0,80
11411.6333,3.2,20.56,0.0,20.48,0,52,648,8,80
11411.8333,2.2,20.48,0.0,20.52,0,48,641,0,80
11412.0333,2.2,20.485,0.0167,20.52,0,0,672,0,80
11412.2333,1.6,20.48,0.0,20.5,0,0,640,0,80
11412.4333,1.6833,20.48,0.0,20.52,4,48,648,0,80
11412.6333,1.6,20.57,0.0167,20.48,19,46,640,0,80
11412.8333,1.7333,20.48,0.0,20.48,0,0,644,0,80
11413.0333,2.15,20.58,0.0,20.48,0,48,640,0,80
11413.2333,1.6,20.48,0.0,20.48,0,32,641,16,80
11413.4333,0.1333,20.49,0.0167,20.48,2,32,681,16,80
11413.6333,-2.6,20.48,0.0167,20.48,0,32,640,16,80
11413.8333,-4.2667,20.5,0.0,20.48,0,4,648,16,80
11414.0333,-4.8,20.48,0.0,20.48,0,24,640,16,80
11414.2333,-4.6333,20.48,0.0,20.52,0,8,640,16,80
11414.4333,-4.8,20.48,0.0,20.48,0,4,512,16,80
11414.6333,-4.7333,20.495,0.0,20.52,0,0,640,16,80
11414.8333,-4.2667,20.56,0.0,20.48,0,10,640,24,80
11415.0333,-3.6,20.48,0.0,20.48,2,0,512,0,80
11415.2333,-3.1667,20.5,0.0,20.48,0,0,640,0,80
11415.4333,-2.6333,20.5,0.0,20.485,0,4,512,0,80
11415.6333,-1.6,20.48,0.0,20.48,4,8,512,0,80
11415.8333,2.2667,20.57,0.0,20.52,0,1,640,0,80
11416.0333,3.8667,20.49,0.0,20.48,0,64,640,0,80
11416.2333,2.6667,20.56,0.0,20.48,0,64,672,0,80
11416.4333,1.7333,20.49,0.0,20.48,0,64,640,0,80
11416.6333,2.1333,20.48,0.0,20.48,0,72,672,0,80
11416.8333,2.1333,20.49,0.0,20.48,0,68,672,0,80
11417.0333,2.2,20.56,0.0,20.52,0,68,640,0,80
11417.2333,2.2,20.48,0.0,20.48,0,64,640,0,80
11417.4333,1.6,20.57,0.0,20.48,0,64,672,0,80
11417.6333,-1.0167,20.48,0.0,20.48,0,64,644,0,80
11417.8333,-3.2,20.495,0.0167,20.48,0,88,640,0,80
11418.0333,-4.2667,20.48,0.0,20.48,0,68,672,8,80
11418.2333,-5.6667,20.48,0.0,20.48,0,64,642,0,80
11418.4333,-6.2667,20.48,0.0167,20.48,0,66,640,0,80
11418.6333,-12.8,20.48,0.0167,20.48,0,52,648,0,80
11418.8333,-8.5333,20.48,0.0,20.48,8,0,512,0,80
11419.0333,1.0667,20.48,0.0167,20.48,8,41,512,0,80
11419.2333,8.7,20.48,0.0,20.48,4,0,512,0,80
11419.4333,17.3,20.48,0.0,20.48,2,48,513,0,80
11419.6333,23.4667,20.48,0.0,20.48,0,0,512,16,80
11419.8333,25.6,20.49,0.0,20.48,0,64,648,16,80
11420.0333,28.2667,20.535,0.0,20.48,0,61,516,16,80
11420.2333,11.2,20.57,0.0,20.48,0,76,512,16,80
11420.4333,0.5333,20.48,0.0,20.48,0,64,648,16,80
11420.6333,2.1333,20.49,0.0,20.52,0,64,512,16,80
11420.8333,2.6833,20.49,0.0,20.52,0,64,640,16,80
11421.0333,2.2,20.48,0.0,20.48,0,80,640,16,80
11421.2333,1.7333,20.48,0.0,20.48,0,98,644,24,80
11421.4333,0.0333,20.5,0.0,20.48,0,96,642,0,80
11421.6333,0.0,20.48,0.0,20.52,0,72,640,0,80
11421.8333,2.1333,20.48,0.0167,20.5,0,64,648,32,80
11422.0333,1.0667,20.49,0.0,20.48,0,64,640,32,80
11422.2333,-11.7333,20.49,0.0,20.48,0,100,640,32,80
11422.4333,-11.0667,20.5,0.0,20.5,0,104,672,64,80
11422.6333,-8.5333,20.49,0.0,20.48,0,0,644,64,80
11422.8333,-4.1333,20.48,0.0,20.48,0,76,512,0,80
11423.0333,4.2667,20.48,0.0,20.52,0,96,648,0,80
11423.2333,8.6667,20.48,0.0,20.48,0,0,640,0,80
11423.4333,12.8333,20.49,0.0,20.48,0,0,512,0,80
11423.6333,12.8833,20.52,0.0,20.48,0,113,512,0,80
11423.8333,17.0667,20.49,0.0,20.52,0,0,512,0,80
11424.0333,17.7333,20.48,0.0,20.48,0,96,512,0,80
11424.2333,19.2,20.485,0.0,20.48,0,0,514,0,80
11424.4333,21.3333,20.495,0.0,20.5,1,0,512,8,80
11424.6333,17.0667,20.48,0.0,20.48,0,10,520,0,80
11424.8333,17.9333,20.48,0.0,20.48,0,96,513,0,80
11425.0333,0.0,20.49,0.0167,20.52,4,88,512,0,80
11425.2333,0.0,20.48,0.0,20.48,0,74,512,0,80
11425.4333,2.1333,20.48,0.0,20.52,0,80,516,0,80
11425.6333,0.0,20.48,0.0,20.48,0,64,512,0,80
11425.8333,0.0,20.48,0.0,20.48,0,80,512,0,80
11426.0333,0.5667,20.52,0.0,20.52,0,72,512,16,80
11426.2333,1.6,20.48,0.0,20.48,0,80,608,16,80
11426.4333,2.2667,20.48,0.0,20.52,0,80,512,16,80
11426.6333,1.6167,20.48,0.0,20.48,0,68,132,16,80
11426.8333,0.5333,20.48,0.0,20.48,0,17,128,16,80
11427.0333,-10.65,20.48,0.0,20.48,2,0,128,16,80
11427.2333,-8.5333,20.51,0.0,20.48,0,28,128,16,80
11427.4333,-8.5333,20.49,0.0,20.48,0,0,256,16,80
11427.6333,-8.5333,20.49,0.0167,20.52,0,0,256,24,80
11427.8333,-7.3667,20.49,0.0167,20.5,1,0,256,0,80
11428.0333,-7.4667,20.49,0.0,20.48,0,0,256,0,80
11428.2333,-8.5333,20.5,0.0,20.48,0,0,512,128,80
11428.4333,-11.1167,20.48,0.0,20.48,0,0,512,128,80
11428.6333,-6.3333,20.48,0.0,20.48,0,0,256,128,80
11428.8333,2.1667,20.48,0.0167,20.48,3,0,256,128,80
11429.0333,14.9333,20.49,0.0,20.48,0,0,520,128,80
11429.2333,25.6,20.49,0.0,20.48,2,0,256,128,80
11429.4333,25.6667,20.48,0.0,20.52,0,2,512,128,80
11429.6333,27.7333,20.49,0.0,20.52,0,64,512,128,80
11429.8333,0.1333,20.48,0.0,20.485,0,0,256,128,80
11430.0333,0.2,20.48,0.0,20.48,0,72,512,128,80
11430.2333,0.0,20.48,0.0,20.48,0,64,512,128,80
11430.4333,1.2,20.48,0.0,20.52,0,96,256,128,80
11430.6333,0.15,20.48,0.0,20.48,0,72,128,128,80
11430.8333,0.0667,20.49,0.0,20.48,2,64,512,136,80
11431.0333,1.0667,20.48,0.0,20.48,0,0,516,128,80
11431.2333,0.1333,20.48,0.0,20.48,0,64,512,128,80
11431.4333,0.0667,20.48,0.0,20.48,0,80,512,128,80
11431.6333,0.6,20.48,0.0,20.48,0,68,520,128,80
11431.8333,-6.3667,20.52,0.0,20.52,0,72,512,128,80
11432.0333,-3.6,20.52,0.0,20.48,0,0,512,128,80
11432.2333,-2.6667,20.48,0.0,20.48,0,0,521,128,80
11432.4333,-3.1,20.49,0.0,20.48,0,0,512,144,80
11432.6333,-3.1333,20.48,0.0,20.48,0,0,514,144,80
11432.8333,-4.2667,20.48,0.0,20.5,0,0,512,144,80
11433.0333,-7.3833,20.52,0.0,20.52,0,0,512,144,80
11433.2333,-15.3333,20.49,0.0167,20.48,0,0,512,144,80
11433.4333,-10.5333,20.525,0.0,20.48,0,4,512,144,80
11433.6333,-2.0667,20.48,0.0,20.48,0,0,512,144,80
11433.8333,10.7333,20.48,0.0,20.48,6,0,520,144,80
11434.0333,13.5333,20.48,0.0,20.48,4,0,512,152,80
11434.2333,17.7333,20.49,0.0,20.48,4,0,514,128,80
11434.4333,20.4,20.48,0.0,20.48,8,4,512,128,80
11434.6333,1.2,20.525,0.0,20.48,1,0,512,160,80
11434.8333,2.15,20.48,0.0167,20.48,2,0,513,160,80
11435.0333,1.6333,20.48,0.0,20.48,0,0,576,160,80
11435.2333,0.6667,20.48,0.0,20.52,0,16,524,0,80
11435.4333,0.8,20.49,0.0,20.48,0,0,512,0,80
11435.6333,1.0667,20.48,0.0,20.52,0,32,512,0,80
11435.8333,1.0667,20.525,0.0,20.48,0,4,512,0,80
11436.0333,1.0667,20.48,0.0,20.485,0,2,512,0,80
11436.2333,0.5333,20.49,0.0167,20.52,4,0,512,0,80
11436.4333,0.1333,20.48,0.0167,20.48,0,0,512,0,80
11436.6333,0.0,20.49,0.0,20.52,0,0,512,0,80
11436.8333,0.2667,20.48,0.0,20.48,0,0,513,0,80
11437.0333,0.0,20.48,0.0167,20.48,0,4,512,0,80
11437.2333,0.0,20.48,0.0,20.48,0,0,512,8,80
11437.4333,0.2667,20.48,0.0,20.48,4,5,512,0,80
11437.6333,0.0,20.48,0.0,20.52,0,4,512,0,80
11437.8333,-9.9333,20.48,0.0,20.49,0,8,512,0,80
11438.0333,-8.0,20.49,0.0,20.48,0,0,512,0,80
11438.2333,0.0667,20.48,0.0,20.54,0,0,512,0,80
11438.4333,9.7,20.56,0.0,20.48,0,0,512,0,80
11438.6333,0.0,20.48,0.0,20.48,0,17,512,0,80
11438.8333,1.6,20.49,0.0,20.48,0,3,512,16,80
11439.0333,1.0667,20.48,0.0,20.48,0,0,512,16,80
11439.2333,0.0,20.48,0.0,20.48,0,0,512,16,80
11439.4333,0.8,20.5,0.0,20.48,0,0,545,16,80
11439.6333,0.6,20.48,0.0,20.48,0,0,544,16,80
11439.8333,1.2,20.48,0.0,20.48,0,3,520,16,80
11440.0333,0.0667,20.48,0.0167,20.48,0,0,512,16,80
11440.2333,0.1,20.48,0.0,20.52,0,1,512,16,80
11440.4333,-0.4667,20.48,0.0,20.48,0,0,546,24,80
11440.6333,-2.1333,20.48,0.0167,20.485,0,0,544,0,80
11440.8333,0.0,20.48,0.0,20.48,0,0,513,0,80
11441.0333,0.0,20.48,0.0,20.52,4,16,513,0,80
11441.2333,0.0,20.48,0.0,20.52,0,0,512,0,80
11441.4333,-2.1333,20.48,0.0,20.52,0,0,513,0,80
11441.6333,0.0,20.48,0.0,20.535,0,4,512,0,80
11441.8333,-1.6,20.48,0.0,20.48,0,0,515,0,80
11442.0333,-1.6,20.48,0.0,20.52,0,0,512,0,80
11442.2333,-1.6,20.48,0.0,20.52,1,0,512,0,80
11442.4333,-6.2667,20.48,0.0167,20.5,0,0,544,0,80
11442.6333,-21.3,20.48,0.0,20.48,4,0,544,0,80
11442.8333,-29.7333,20.48,0.0,20.49,8,0,512,0,80
11443.0333,-41.0667,20.48,0.0,20.48,0,0,512,0,80
11443.2333,0.1333,20.48,0.0,20.52,0,16,512,0,80
11443.4333,0.0667,20.48,0.0,20.52,4,16,512,0,80
11443.6333,0.2,20.5,0.0,20.48,0,16,512,8,80
11443.8333,0.5333,20.48,0.0167,20.52,0,2,512,0,80
11444.0333,1.0667,20.48,0.0,20.52,0,0,512,0,80
11444.2333,0.1333,20.48,0.0,20.48,0,0,512,0,80
11444.4333,1.0667,20.485,0.0,20.52,0,8,512,0,80
11444.6333,1.0667,20.48,0.0,20.52,0,0,516,0,80
11444.8333,0.5333,20.48,0.0,20.48,4,16,512,0,80
11445.0333,-4.2667,20.56,0.0,20.48,0,0,513,0,80
11445.2333,-8.5333,20.48,0.0,20.485,0,0,512,16,80
11445.4333,-11.7333,20.5,0.0,20.485,0,0,512,16,80
11445.6333,-8.2,20.48,0.0167,20.52,0,0,512,16,80
11445.8333,-6.0667,20.48,0.0,20.48,0,16,512,16,80
11446.0333,-4.2667,20.48,0.0,20.52,0,16,512,16,80
11446.2333,-1.9833,20.48,0.0,20.48,2,16,512,16,80
11446.4333,-1.7167,20.5,0.0,20.48,0,18,513,16,80
11446.6333,-2.0,20.5,0.0,20.52,0,16,512,16,80
11446.8333,-3.4667,20.48,0.0,20.48,0,8,512,24,80
11447.0333,-4.2667,20.48,0.0,20.5,0,16,514,0,80
11447.2333,-7.8667,20.48,0.0,20.48,2,0,512,0,80
11447.4333,-26.0667,20.49,0.0,20.48,1,0,512,32,80
11447.6333,1.6,20.48,0.0,20.48,9,0,512,32,80
11447.8333,1.0667,20.5,0.0,20.48,0,0,512,32,80
11448.0333,0.1333,20.48,0.0,20.48,0,0,520,64,80
11448.2333,0.1333,20.48,0.0,20.48,4,0,544,64,80
11448.4333,0.0,20.48,0.0,20.48,8,0,513,0,80
11448.6333,0.0667,20.48,0.0,20.48,0,0,776,0,80
11448.8333,0.0,20.48,0.0,20.52,4,0,32,0,80
11449.0333,0.0333,20.48,0.0,20.48,0,0,0,0,80
11449.2333,-7.4667,20.48,0.0,20.48,0,0,36,0,80
11449.4333,-4.25,20.48,0.0,20.52,4,8,32,0,80
11449.6333,-1.6,20.48,0.0,20.5,6,0,2,0,80
11449.8333,0.0,20.56,0.0,20.48,0,0,32,0,80
11450.0333,2.1667,20.49,0.0,20.52,2,0,32,8,80
11450.2333,2.1667,20.48,0.0167,20.52,0,0,0,0,80
11450.4333,2.7333,20.485,0.0,20.48,0,0,0,0,80
11450.6333,0.0,20.48,0.0,20.48,0,0,32,0,80
11450.8333,2.6667,20.48,0.0,20.52,0,0,8,0,80
11451.0333,1.1333,20.48,0.0,20.48,0,0,32,0,80
11451.2333,-10.6333,20.48,0.0,20.48,0,16,0,0,80
11451.4333,2.2667,20.48,0.0167,20.52,0,4,0,0,80
11451.6333,17.3333,20.48,0.0,20.48,0,0,802,16,80
11451.8333,22.4,20.48,0.0,20.48,2,18,768,16,80
11452.0333,29.3333,20.48,0.0,20.48,0,0,800,16,80
11452.2333,37.8667,20.48,0.0,20.48,0,0,800,16,80
11452.4333,0.0667,20.48,0.0,20.48,0,4,544,16,80
11452.6333,0.15,20.48,0.0,20.48,0,0,520,16,80
11452.8333,0.5333,20.48,0.0,20.48,0,0,512,16,80
11453.0333,0.0,20.48,0.0,20.5,0,8,520,16,80
11453.2333,0.0,20.48,0.0,20.48,0,8,512,24,80
11453.4333,0.4,20.48,0.0,20.48,0,0,512,0,80
11453.6333,0.2667,20.48,0.0,20.49,0,0,518,0,80
11453.8333,0.5333,20.48,0.0167,20.48,0,0,512,0,80
11454.0333,0.5333,20.48,0.0,20.48,0,0,512,0,80
11454.2333,0.1333,20.48,0.0,20.48,0,0,512,0,80
11454.4333,0.0667,20.485,0.0,20.485,0,16,512,0,80
11454.6333,0.0,20.48,0.0,20.52,0,16,512,0,80
11454.8333,0.0,20.48,0.0167,20.48,0,1,512,0,80
11455.0333,1.3,20.48,0.0,20.48,5,0,512,0,80
11455.2333,-12.8,20.48,0.0,20.52,0,0,512,0,80
11455.4333,-10.6667,20.48,0.0,20.48,0,2,512,0,80
11455.6333,-2.1333,20.48,0.0,20.52,0,0,513,0,80
11455.8333,11.1,20.48,0.0,20.52,0,1,512,0,80
11456.0333,26.2667,20.48,0.0,20.48,0,0,512,0,80
11456.2333,0.5333,20.48,0.0167,20.48,0,0,512,0,80
11456.4333,1.3667,20.485,0.0,20.48,0,0,512,8,80
11456.6333,1.0667,20.5,0.0167,20.48,0,0,512,0,80
11456.8333,0.0667,20.5,0.0,20.48,0,1,512,0,80
11457.0333,0.0,20.48,0.0,20.48,0,4,512,0,80
11457.2333,0.1333,20.48,0.0,20.48,0,0,512,0,80
11457.4333,0.0667,20.48,0.0,20.48,0,0,512,0,80
11457.6333,1.4,20.48,0.0,20.48,0,0,520,0,80
11457.8333,0.0667,20.48,0.0,20.48,4,0,512,0,80
11458.0333,0.0,20.48,0.0,20.52,0,0,516,16,80
11458.2333,0.0333,20.48,0.0,20.48,0,0,544,16,80
11458.4333,0.0,20.48,0.0,20.5,0,0,512,16,80
11458.6333,0.0,20.48,0.0,20.5,0,0,544,16,80
11458.8333,1.0833,20.48,0.0,20.48,2,0,512,16,80
11459.0333,-12.2667,20.51,0.0,20.48,0,16,512,16,80
11459.2333,-16.0,20.48,0.0,20.48,0,0,512,16,80
11459.4333,-12.6667,20.48,0.0,20.5,0,0,512,16,80
11459.6333,-14.6667,20.48,0.0,20.48,0,0,512,24,80
11459.8333,-12.2667,20.48,0.0,20.485,0,0,512,0,80
11460.0333,-8.4,20.52,0.0,20.48,0,8,512,0,80
11460.2333,-2.1,20.48,0.0,20.5,0,17,512,32,80
11460.4333,1.0667,20.48,0.0,20.48,0,0,512,32,80
11460.6333,1.1333,20.565,0.0,20.5,0,3,544,32,80
11460.8333,0.3,20.48,0.0,20.48,0,2,544,0,80
11461.0333,0.8333,20.48,0.0,20.48,0,0,544,0,80
11461.2333,0.6167,20.48,0.0,20.5,0,0,512,0,80
11461.4333,0.0,20.51,0.0,20.485,0,5,512,0,80
11461.6333,0.1333,20.48,0.0,20.48,0,0,512,0,80
11461.8333,0.0,20.5,0.0,20.5,4,16,512,0,80
11462.0333,0.0667,20.48,0.0,20.56,8,0,512,0,80
11462.2333,1.1,20.48,0.0,20.52,0,28,520,0,80
11462.4333,1.1,20.48,0.0,20.48,0,0,512,0,80
11462.6333,-1.7333,20.48,0.0,20.48,0,0,520,0,80
11462.8333,-1.6,20.48,0.0,20.48,2,32,768,8,80
11463.0333,-10.0,20.48,0.0,20.5,0,0,768,0,80
11463.2333,-5.7333,20.48,0.0,20.48,4,0,768,0,80
11463.4333,7.5,20.48,0.0,20.48,0,0,768,0,80
11463.6333,13.8667,20.5,0.0,20.48,0,0,768,0,80
11463.8333,20.2667,20.48,0.0,20.48,0,0,768,0,80
11464.0333,37.4,20.5,0.0,20.48,4,0,768,0,80
11464.2333,1.2,20.48,0.0,20.52,0,0,768,0,80
11464.4333,0.0,20.48,0.0,20.48,4,0,768,16,80
11464.6333,0.2667,20.48,0.0,20.48,4,0,0,16,80
11464.8333,0.4,20.48,0.0,20.52,0,0,769,16,80
11465.0333,0.6,20.48,0.0,20.48,4,18,0,16,80
11465.2333,0.6,20.48,0.0167,20.48,0,0,768,16,80
11465.4333,0.0,20.48,0.0,20.5,0,8,2,16,80
11465.6333,0.0,20.48,0.0,20.48,0,8,769,16,80
11465.8333,0.0,20.48,0.0,20.5,0,0,770,16,80
11466.0333,0.5333,20.48,0.0,20.48,0,0,832,24,80
11466.2333,8.6833,20.48,0.0,20.48,5,16,772,0,80
11466.4333,0.0,20.48,0.0,20.48,0,0,772,0,80
11466.6333,3.2,20.48,0.0,20.5,0,0,832,0,80
11466.8333,0.1333,20.48,0.0,20.48,0,8,768,0,80
11467.0333,8.6,20.48,0.0,20.5,0,1,768,0,80
11467.2333,13.9167,20.52,0.0,20.48,0,32,768,0,80
11467.4333,25.7333,20.48,0.0,20.48,2,0,768,0,80
11467.6333,27.8667,20.48,0.0,20.48,0,0,832,0,80
11467.8333,29.8667,20.48,0.0,20.48,0,8,768,0,80
11468.0333,49.1333,20.48,0.0,20.48,0,0,832,0,80
11468.2333,6.4333,20.48,0.0,20.48,0,30,768,0,80
11468.4333,-0.8667,20.48,0.0,20.48,0,0,776,0,80
11468.6333,0.0667,20.48,0.0,20.48,0,24,768,0,80
11468.8333,0.0,20.48,0.0,20.48,0,4,776,0,80
11469.0333,0.2667,20.5,0.0167,20.48,0,1,768,0,80
11469.2333,0.8,20.48,0.0,20.5,8,8,768,8,80
11469.4333,1.1333,20.52,0.0,20.485,1,0,776,0,80
11469.6333,0.0,20.49,0.0,20.48,0,1,772,0,80
11469.8333,0.0,20.48,0.0,20.48,0,1,769,0,80
11470.0333,0.8333,20.49,0.0,20.48,0,0,768,0,80
11470.2333,0.0,20.48,0.0,20.48,0,4,768,0,80
11470.4333,9.7333,20.48,0.0,20.48,0,24,768,0,80
11470.6333,9.6667,20.48,0.0,20.48,2,16,768,0,80
11470.8333,9.0667,20.5,0.0,20.48,0,0,768,16,80
11471.0333,2.2,20.48,0.0,20.52,0,0,769,16,80
11471.2333,-4.2,20.5,0.0167,20.48,0,16,768,16,80
11471.4333,-11.6833,20.48,0.0,20.48,0,0,768,16,80
11471.6333,-11.6667,20.48,0.0,20.52,0,0,768,16,80
11471.8333,-5.3333,20.48,0.0,20.48,0,0,768,16,80
11472.0333,0.2667,20.5,0.0,20.48,0,0,768,16,80
11472.2333,1.1333,20.48,0.0167,20.48,0,0,768,16,80
11472.4333,1.4667,20.48,0.0,20.52,0,0,776,24,80
11472.6333,-1.0333,20.48,0.0167,20.48,0,0,768,0,80
11472.8333,-18.9333,20.48,0.0,20.52,0,8,768,0,80
11473.0333,-16.9833,20.48,0.0,20.48,0,0,768,32,80
11473.2333,0.5333,20.48,0.0,20.48,0,8,768,32,80
11473.4333,1.2,20.48,0.0,20.48,0,0,768,32,80
11473.6333,0.0,20.48,0.0,20.48,0,0,772,64,80
11473.8333,0.0,20.48,0.0,20.48,1,0,768,64,80
11474.0333,0.0667,20.48,0.0,20.5,0,0,776,0,80
11474.2333,0.0667,20.5,0.0,20.5,0,0,768,0,80
11474.4333,0.4,20.48,0.0,20.48,0,0,768,0,80
11474.6333,1.5,20.48,0.0,20.48,1,0,768,0,80
11474.8333,0.5333,20.5,0.0,20.48,0,0,768,0,80
11475.0333,8.8,20.5,0.0,20.48,0,0,768,0,80
11475.2333,1.0667,20.485,0.0,20.48,0,32,832,0,80
11475.4333,17.0667,20.52,0.0,20.5,0,0,768,0,80
11475.6333,23.4667,20.48,0.0,20.48,2,20,768,8,80
11475.8333,27.7333,20.5,0.0,20.48,0,1,768,0,80
11476.0333,27.7333,20.48,0.0,20.48,0,0,768,0,80
11476.2333,25.6333,20.48,0.0,20.48,0,0,768,0,80
11476.4333,20.3333,20.48,0.0,20.48,0,3,768,0,80
11476.6333,13.9333,20.48,0.0,20.5,2,0,768,0,80
11476.8333,8.5333,20.48,0.0167,20.48,1,0,768,0,80
11477.0333,-6.1333,20.485,0.0,20.48,0,32,768,0,80
11477.2333,-25.4667,20.48,0.0,20.48,0,0,778,16,80
11477.4333,-46.8,20.48,0.0,20.52,2,0,768,16,80
11477.6333,0.0333,20.48,0.0,20.48,0,0,772,16,80
11477.8333,0.8,20.525,0.0167,20.49,0,16,768,16,80
11478.0333,0.2667,20.48,0.0,20.48,0,0,768,16,80
11478.2333,0.0,20.48,0.0,20.48,0,12,768,16,80
11478.4333,1.1,20.52,0.0,20.48,2,4,770,16,80
11478.6333,0.0,20.48,0.0167,20.48,0,0,770,16,80
11478.8333,0.0,20.48,0.0167,20.48,0,0,768,24,80
11479.0333,1.1,20.56,0.0,20.48,0,0,769,0,80
11479.2333,0.2667,20.48,0.0,20.48,0,0,768,0,80
11479.4333,0.3,20.48,0.0,20.5,0,0,768,128,80
11479.6333,-2.0,20.48,0.0167,20.48,0,0,832,128,80
11479.8333,-2.0,20.48,0.0,20.48,0,0,833,128,80
11480.0333,-2.0,20.48,0.0,20.48,0,8,834,128,80
11480.2333,-3.1333,20.48,0.0,20.48,0,24,832,128,80
11480.4333,-6.4,20.48,0.0167,20.48,0,0,836,128,80
11480.6333,-3.2,20.48,0.0,20.485,0,16,840,128,80
11480.8333,0.0,20.49,0.0,20.48,0,0,768,128,80
11481.0333,-1.0667,20.48,0.0,20.48,4,32,838,128,80
11481.2333,-0.9333,20.48,0.0167,20.48,0,1,832,128,80
11481.4333,-0.9333,20.48,0.0,20.5,0,0,832,128,80
11481.6333,-34.8333,20.48,0.0,20.48,0,8,768,128,80
11481.8333,-35.2,20.48,0.0,20.48,0,0,768,128,80
11482.0333,-22.9333,20.48,0.0,20.48,0,0,776,136,80
11482.2333,1.2667,20.48,0.0,20.52,0,0,576,128,80
11482.4333,0.0,20.48,0.0,20.48,0,0,576,128,80
11482.6333,0.0333,20.48,0.0,20.48,0,2,516,128,80
11482.8333,1.0833,20.48,0.0,20.5,0,17,576,128,80
11483.0333,0.1333,20.48,0.0167,20.48,2,0,512,128,80
11483.2333,0.1,20.48,0.0167,20.48,4,0,512,128,80
11483.4333,0.0,20.48,0.0,20.48,0,8,513,128,80
11483.6333,0.1333,20.48,0.0,20.48,0,16,512,144,80
11483.8333,0.0,20.515,0.0,20.48,0,0,552,144,80
11484.0333,-29.8667,20.48,0.0,20.48,0,0,576,144,80
11484.2333,-32.0,20.48,0.0,20.48,0,9,512,144,80
11484.4333,-17.0667,20.48,0.0,20.48,0,16,512,144,80
11484.6333,2.4,20.49,0.0,20.48,0,32,512,144,80
11484.8333,21.6,20.5,0.0,20.48,0,24,512,144,80
11485.0333,41.6,20.48,0.0,20.48,0,0,522,144,80
11485.2333,45.8667,20.48,0.0,20.48,1,0,257,152,80
11485.4333,46.2,20.485,0.0,20.5,0,0,257,128,80
11485.6333,0.1333,20.48,0.0,20.48,0,0,256,128,80
11485.8333,6.6,20.5,0.0,20.5,1,12,258,160,80
11486.0333,1.3333,20.48,0.0,20.48,0,0,256,160,80
11486.2333,8.8,20.48,0.0167,20.48,4,2,256,160,80
11486.4333,8.6,20.48,0.0,20.48,0,0,256,0,80
11486.6333,0.0,20.48,0.0,20.5,0,0,264,0,80
11486.8333,0.2667,20.48,0.0,20.48,0,0,256,0,80
11487.0333,0.2667,20.48,0.0,20.48,0,0,268,0,80
11487.2333,0.0,20.49,0.0,20.48,4,0,320,0,80
11487.4333,0.0,20.48,0.0,20.48,0,4,320,0,80
11487.6333,1.1,20.48,0.0,20.5,2,0,256,0,80
11487.8333,0.2667,20.48,0.0,20.48,0,8,320,0,80
11488.0333,0.25,20.48,0.0,20.48,2,0,320,0,80
11488.2333,0.0667,20.48,0.0,20.48,0,0,256,0,80
11488.4333,38.4,20.48,0.0,20.48,0,24,256,8,80
11488.6333,41.6,20.48,0.0,20.48,0,4,256,0,80
11488.8333,44.8333,20.5,0.0,20.48,0,16,258,0,80
11489.0333,35.5,20.48,0.0,20.5,1,5,320,0,80
11489.2333,26.9333,20.48,0.0,20.48,0,0,321,0,80
11489.4333,2.4,20.49,0.0,20.54,0,0,324,0,80
11489.6333,-8.4667,20.48,0.0167,20.5,0,0,320,0,80
11489.8333,4.5667,20.48,0.0,20.48,1,18,320,0,80
11490.0333,2.1333,20.48,0.0,20.48,0,4,320,16,80
11490.2333,1.2667,20.495,0.0,20.48,0,0,320,16,80
11490.4333,5.3333,20.48,0.0,20.5,0,2,264,16,80
11490.6333,8.5333,20.48,0.0,20.48,4,24,256,16,80
11490.8333,8.5333,20.48,0.0,20.52,2,4,256,16,80
11491.0333,1.0667,20.48,0.0,20.48,4,0,260,16,80
11491.2333,1.0667,20.48,0.0,20.485,0,0,256,16,80
11491.4333,-20.6667,20.49,0.0167,20.52,2,0,256,16,80
11491.6333,0.0,20.485,0.0,20.48,0,0,256,24,80
11491.8333,0.0,20.48,0.0,20.48,0,0,256,0,80
11492.0333,0.0,20.48,0.0167,20.52,1,0,256,0,80
11492.2333,0.0,20.505,0.0,20.48,2,0,256,0,80
11492.4333,0.2667,20.51,0.0,20.48,1,0,256,0,80
11492.6333,0.0,20.48,0.0167,20.48,4,0,258,0,80
11492.8333,0.0,20.48,0.0,20.52,0,0,256,0,80
11493.0333,0.2667,20.48,0.0,20.48,0,8,256,0,80
11493.2333,23.5667,20.48,0.0,20.52,0,8,256,0,80
11493.4333,3.2,20.48,0.0,20.48,0,16,256,0,80
11493.6333,-40.5333,20.5,0.0,20.48,0,0,512,0,80
11493.8333,-19.9333,20.48,0.0,20.48,0,0,512,0,80
11494.0333,-32.0,20.48,0.0,20.48,0,9,514,0,80
11494.2333,-23.1833,20.48,0.0,20.5,0,17,512,0,80
11494.4333,3.4667,20.48,0.0,20.48,0,9,512,0,80
11494.6333,3.2,20.48,0.0167,20.48,0,0,512,0,80
11494.8333,8.6,20.48,0.0,20.48,0,0,516,8,80
11495.0333,9.6667,20.485,0.0,20.48,0,8,262,0,80
11495.2333,8.5333,20.48,0.0,20.48,0,0,256,0,80
11495.4333,4.2667,20.48,0.0,20.48,0,8,256,0,80
11495.6333,-2.1333,20.48,0.0167,20.52,0,16,257,0,80
11495.8333,10.6667,20.49,0.0167,20.52,1,13,328,0,80
11496.0333,17.0667,20.48,0.0,20.48,0,8,256,0,80
11496.2333,0.0,20.49,0.0,20.48,0,8,256,0,80
11496.4333,1.0667,20.48,0.0,20.48,4,17,256,16,80
11496.6333,0.3,20.48,0.0,20.48,0,16,512,16,80
11496.8333,0.0,20.48,0.0,20.48,0,0,512,16,80
11497.0333,1.1333,20.48,0.0,20.48,0,0,512,16,80
11497.2333,1.0667,20.48,0.0,20.48,1,0,512,16,80
11497.4333,0.5333,20.48,0.0,20.48,0,0,512,16,80
11497.6333,0.1333,20.48,0.0167,20.64,0,16,514,16,80
11497.8333,-34.1333,20.5,0.0,20.52,0,0,512,16,80
11498.0333,-66.1333,20.5,0.0,20.48,0,0,576,24,80
11498.2333,-28.7667,20.48,0.0167,20.48,0,8,584,0,80
11498.4333,-30.9333,20.48,0.0,20.52,0,32,576,0,80
11498.6333,2.15,20.48,0.0,20.52,0,0,512,32,80
11498.8333,2.1333,20.48,0.0,20.49,0,0,578,32,80
11499.0333,9.0333,20.48,0.0,20.5,0,32,512,32,80
11499.2333,8.5333,20.48,0.0,20.5,0,32,512,64,80
11499.4333,6.8833,20.48,0.0,20.48,0,8,512,64,80
11499.6333,7.4667,20.485,0.0,20.48,0,16,514,0,80
11499.8333,23.5333,20.48,0.0167,20.48,0,0,520,0,80
11500.0333,0.5333,20.48,0.0,20.64,0,0,512,0,80
11500.2333,0.0,20.48,0.0,20.64,0,0,528,0,80
11500.4333,0.5333,20.5,0.0167,20.52,0,2,512,0,80
11500.6333,0.0,20.48,0.0,20.48,0,0,512,0,80
11500.8333,0.0,20.48,0.0,20.48,0,0,512,0,80
11501.0333,0.1333,20.52,0.0,20.48,2,0,512,0,80
11501.2333,0.8333,20.48,0.0,20.48,4,1,578,8,80
11501.4333,0.5667,20.48,0.0,20.48,2,10,576,0,80
11501.6333,0.0,20.5,0.0,20.52,0,1,586,0,80
11501.8333,-20.1,20.48,0.0,20.63,0,8,576,0,80
11502.0333,-10.6667,20.48,0.0,20.485,0,3,578,0,80
11502.2333,-4.0,20.5,0.0,20.48,0,0,576,0,80
11502.4333,0.0,20.5,0.0,20.48,0,32,576,0,80
11502.6333,4.2667,20.5,0.0,20.48,0,32,576,0,80
11502.8333,2.1333,20.52,0.0,20.48,0,8,576,16,80
11503.0333,1.0667,20.49,0.0,20.48,0,32,512,16,80
11503.2333,4.6,20.48,0.0,20.48,0,4,512,16,80
11503.4333,4.4,20.48,0.0,20.5,4,32,576,16,80
11503.6333,0.0,20.5,0.0,20.48,0,32,576,16,80
11503.8333,6.4,20.49,0.0,20.48,1,0,578,16,80
11504.0333,9.0667,20.48,0.0167,20.48,0,0,576,16,80
11504.2333,0.0,20.485,0.0,20.48,0,0,576,16,80
11504.4333,0.1333,20.48,0.0167,20.48,0,16,576,24,80
11504.6333,0.0,20.48,0.0,20.48,0,0,512,0,80
11504.8333,0.2667,20.48,0.0,20.48,0,0,512,0,80
11505.0333,1.0667,20.48,0.0167,20.48,0,0,584,0,80
11505.2333,1.0667,20.49,0.0,20.48,0,0,512,0,80
11505.4333,1.0667,20.48,0.0,20.48,0,0,512,0,80
11505.6333,1.0667,20.49,0.0,20.6,0,8,512,0,80
11505.8333,-1.0333,20.48,0.0,20.48,4,0,576,0,80
11506.0333,-12.7667,20.48,0.0,20.52,1,0,576,0,80
11506.2333,-31.9833,20.48,0.0,20.48,0,0,768,0,80
11506.4333,-32.8,20.48,0.0,20.48,0,0,768,0,80
11506.6333,-29.8667,20.48,0.0,20.48,0,28,768,0,80
11506.8333,1.3333,20.48,0.0,20.48,0,0,768,0,80
11507.0333,10.7,20.48,0.0,20.48,0,0,768,0,80
11507.2333,0.3333,20.55,0.0167,20.48,0,0,768,0,80
11507.4333,0.0,20.5,0.0,20.52,0,0,768,0,80
11507.6333,0.2333,20.48,0.0,20.48,0,28,768,8,80
11507.8333,8.5333,20.48,0.0,20.52,0,16,576,0,80
11508.0333,8.5333,20.49,0.0167,20.52,2,4,776,0,80
11508.2333,9.6,20.48,0.0,20.48,0,4,772,0,80
11508.4333,-1.0667,20.48,0.0,20.48,0,0,772,0,80
11508.6333,-1.0667,20.48,0.0167,20.48,0,16,833,0,80
11508.8333,1.1333,20.48,0.0167,20.52,0,0,832,0,80
11509.0333,0.2833,20.52,0.0167,20.48,0,16,832,0,80
11509.2333,0.0,20.48,0.0,20.64,0,0,834,16,80
11509.4333,1.0667,20.48,0.0,20.48,0,0,768,16,80
11509.6333,0.2667,20.48,0.0,20.48,0,0,768,16,80
11509.8333,0.0,20.485,0.0,20.48,0,0,768,16,80
11510.0333,0.0,20.49,0.0,20.48,8,2,768,16,80
11510.2333,1.0667,20.48,0.0,20.48,0,0,768,16,80
11510.4333,9.0667,20.48,0.0,20.48,0,0,802,16,80
11510.6333,6.4,20.48,0.0,20.48,0,0,832,16,80
11510.8333,9.6333,20.49,0.0,20.48,0,0,768,24,80
11511.0333,12.8,20.485,0.0,20.48,0,0,832,0,80
11511.2333,14.0,20.5,0.0,20.48,0,0,832,0,80
11511.4333,7.7333,20.48,0.0,20.48,0,24,832,32,80
11511.6333,-2.1333,20.48,0.0,20.64,0,1,832,32,80
11511.8333,-1.7,20.49,0.0,20.48,0,22,832,32,80
11512.0333,-11.7333,20.48,0.0,20.52,2,8,768,0,80
11512.2333,-16.9333,20.52,0.0,20.48,0,0,768,0,80
11512.4333,-18.1,20.49,0.0,20.48,0,1,768,0,80
11512.6333,-20.1333,20.48,0.0,20.48,0,0,768,0,80
11512.8333,-16.0,20.48,0.0,20.48,0,0,768,0,80
11513.0333,0.0,20.48,0.0,20.48,0,0,768,0,80
11513.2333,0.6667,20.48,0.0167,20.48,0,0,768,0,80
11513.4333,0.7333,20.48,0.0,20.48,0,0,768,0,80
11513.6333,0.6667,20.48,0.0167,20.48,0,0,776,0,80
11513.8333,0.0,20.48,0.0,20.48,0,0,768,0,80
11514.0333,1.0667,20.5,0.0,20.48,0,0,768,8,80
11514.2333,0.5333,20.48,0.0,20.48,0,16,832,0,80
11514.4333,1.1333,20.48,0.0,20.48,0,0,832,0,80
11514.6333,1.6,20.48,0.0,20.48,1,4,834,0,80
11514.8333,1.2,20.49,0.0,20.48,0,8,832,0,80
11515.0333,0.0,20.48,0.0,20.48,0,1,832,0,80
11515.2333,-17.0667,20.48,0.0,20.56,4,8,834,0,80
11515.4333,-13.8667,20.48,0.0,20.52,0,4,832,0,80
11515.6333,4.2667,20.56,0.0,20.48,2,0,832,16,80
11515.8333,8.5333,20.48,0.0,20.48,0,0,832,16,80
11516.0333,9.6,20.56,0.0,20.48,0,32,768,16,80
11516.2333,11.8667,20.48,0.0,20.48,0,8,768,16,80
11516.4333,11.7667,20.48,0.0167,20.48,0,16,776,16,80
11516.6333,16.0667,20.48,0.0,20.48,0,0,768,16,80
11516.8333,9.8333,20.49,0.0,20.485,0,8,576,16,80
11517.0333,-6.2333,20.48,0.0,20.52,0,0,576,16,80
11517.2333,-14.7333,20.48,0.0,20.48,0,4,576,24,80
11517.4333,-18.0667,20.485,0.0,20.485,0,0,576,0,80
11517.6333,-19.2,20.48,0.0,20.48,0,24,576,0,80
11517.8333,-15.3333,20.49,0.0,20.52,2,8,576,0,80
11518.0333,1.0667,20.48,0.0,20.52,0,0,512,0,80
11518.2333,0.2667,20.48,0.0,20.48,0,16,576,0,80
11518.4333,1.1,20.48,0.0167,20.48,4,0,580,0,80
11518.6333,0.0,20.485,0.0,20.48,0,8,512,0,80
11518.8333,1.0667,20.49,0.0,20.48,0,1,576,0,80
11519.0333,1.0667,20.485,0.0,20.48,1,2,520,0,80
11519.2333,0.0667,20.485,0.0,20.525,0,0,544,0,80
11519.4333,0.1333,20.49,0.0,20.49,0,0,578,0,80
11519.6333,0.0,20.49,0.0,20.52,0,0,768,0,80
11519.8333,-14.9333,20.495,0.0,20.48,0,24,768,0,80
11520.0333,-18.0,20.48,0.0,20.52,0,0,772,0,80
11520.2333,-19.0667,20.48,0.0,20.48,0,0,768,0,80
11520.4333,-15.9833,20.48,0.0167,20.48,0,0,512,8,80
11520.6333,-8.4,20.49,0.0,20.48,0,0,768,0,80
11520.8333,8.5333,20.52,0.0,20.48,1,8,512,0,80
11521.0333,13.9333,20.49,0.0167,20.48,2,0,576,0,80
11521.2333,15.1333,20.48,0.0,20.48,0,0,576,0,80
11521.4333,17.0667,20.48,0.0,20.48,2,0,576,0,80
11521.6333,18.2,20.48,0.0,20.48,0,1,576,0,80
11521.8333,21.3667,20.48,0.0167,20.48,0,0,576,0,80
11522.0333,24.5333,20.48,0.0167,20.5,0,1,512,16,80
11522.2333,10.1333,20.48,0.0,20.52,0,16,584,16,80
11522.4333,-7.4667,20.48,0.0,20.52,0,0,576,16,80
11522.6333,-17.4333,20.56,0.0167,20.5,0,16,576,16,80
11522.8333,0.0667,20.48,0.0,20.48,0,0,576,16,80
11523.0333,0.8,20.48,0.0,20.52,4,0,512,16,80
11523.2333,0.0667,20.56,0.0,20.48,4,20,577,16,80
11523.4333,1.1333,20.48,0.0,20.48,1,0,512,16,80
11523.6333,0.0333,20.48,0.0,20.6,0,0,512,24,80
11523.8333,0.0,20.48,0.0,20.52,0,16,514,0,80
11524.0333,0.0,20.49,0.0,20.48,0,4,512,0,80
11524.2333,0.7333,20.5,0.0,20.52,0,0,512,32,80
11524.4333,24.0,20.48,0.0,20.52,0,0,512,32,80
11524.6333,23.6333,20.48,0.0,20.48,2,0,520,32,80
11524.8333,24.7,20.5,0.0167,20.48,0,1,584,64,80
11525.0333,25.6333,20.48,0.0,20.48,0,0,512,64,80
11525.2333,20.4,20.485,0.0,20.48,0,32,576,0,80
11525.4333,15.0667,20.48,0.0,20.6,0,0,576,0,80
11525.6333,11.7333,20.48,0.0,20.52,0,0,576,0,80
11525.8333,2.1333,20.48,0.0,20.48,0,0,580,0,80
11526.0333,-0.8833,20.48,0.0167,20.48,0,0,512,0,80
11526.2333,-1.0667,20.485,0.0,20.64,0,0,576,0,80
11526.4333,-0.5333,20.49,0.0,20.48,0,0,576,0,80
11526.6333,-0.5333,20.48,0.0,20.48,0,2,580,0,80
11526.8333,-0.5333,20.495,0.0,20.48,0,0,512,8,80
11527.0333,-0.4667,20.49,0.0,20.48,0,0,577,0,80
11527.2333,0.0,20.48,0.0,20.48,0,5,512,0,80
11527.4333,1.1,20.48,0.0,20.48,0,0,514,0,80
11527.6333,0.6667,20.49,0.0,20.52,0,0,512,0,80
11527.8333,0.0,20.48,0.0,20.48,0,0,512,0,80
11528.0333,1.0667,20.49,0.0,20.48,0,4,584,0,80
11528.2333,1.0667,20.49,0.0,20.48,0,0,512,0,80
11528.4333,0.0,20.51,0.0167,20.48,0,0,512,16,80
11528.6333,0.0333,20.48,0.0,20.52,0,16,512,16,80
11528.8333,-71.3333,20.48,0.0,20.48,0,16,512,16,80
11529.0333,-61.2333,20.5,0.0,20.48,3,16,556,16,80
11529.2333,-43.4667,20.48,0.0,20.5,0,0,512,16,80
11529.4333,3.2,20.48,0.0,20.48,0,16,512,16,80
11529.6333,10.6667,20.49,0.0,20.48,0,24,516,16,80
11529.8333,11.8,20.48,0.0,20.48,0,16,512,16,80
11530.0333,14.0667,20.48,0.0,20.48,0,16,512,24,80
11530.2333,15.1333,20.48,0.0,20.5,0,32,512,0,80
11530.4333,8.6667,20.52,0.0,20.485,0,0,512,0,80
11530.6333,-2.6667,20.48,0.0,20.485,0,17,512,128,80
11530.8333,-0.5333,20.485,0.0,20.52,0,16,512,128,80
11531.0333,-0.5333,20.48,0.0,20.52,0,0,512,128,80
11531.2333,-0.5333,20.49,0.0,20.52,0,0,512,128,80
11531.4333,-0.5333,20.48,0.0,20.48,0,20,512,128,80
11531.6333,-0.5,20.49,0.0,20.48,0,0,512,128,80
11531.8333,-0.9333,20.48,0.0,20.52,0,32,512,128,80
11532.0333,1.0667,20.48,0.0,20.48,0,16,514,128,80
11532.2333,0.5333,20.5,0.0,20.525,0,0,512,128,80
11532.4333,0.0,20.5,0.0,20.48,0,0,512,128,80
11532.6333,0.6667,20.49,0.0,20.52,0,0,518,128,80
11532.8333,0.5333,20.49,0.0,20.6,0,1,512,128,80
11533.0333,1.0667,20.48,0.0,20.485,0,0,548,128,80
11533.2333,0.6,20.48,0.0,20.48,0,16,516,136,80
11533.4333,0.0667,20.535,0.0,20.48,0,1,512,128,80
11533.6333,-102.4,20.48,0.0167,20.48,0,0,576,128,80
11533.8333,-57.5667,20.48,0.0,20.48,1,0,512,128,80
11534.0333,-9.6,20.48,0.0,20.48,4,4,512,128,80
11534.2333,12.8667,20.49,0.0,20.52,0,0,512,128,80
11534.4333,16.0333,20.48,0.0167,20.5,0,0,576,128,80
11534.6333,18.3667,20.49,0.0,20.52,0,1,514,128,80
11534.8333,21.4333,20.48,0.0167,20.48,4,16,512,144,80
11535.0333,20.8,20.48,0.0,20.485,0,16,512,144,80
11535.2333,14.9333,20.48,0.0,20.5,0,8,512,144,80
11535.4333,-1.6,20.485,0.0,20.48,0,8,528,144,80
11535.6333,-4.8,20.48,0.0167,20.52,1,0,512,144,80
11535.8333,-4.2667,20.48,0.0,20.6,0,0,512,144,80
11536.0333,-3.6,20.48,0.0,20.48,0,16,512,144,80
11536.2333,0.0,20.48,0.0167,20.48,2,0,516,144,80
11536.4333,0.5333,20.48,0.0,20.6,0,16,512,152,80
11536.6333,0.0,20.49,0.0,20.48,0,0,512,128,80
11536.8333,0.6667,20.485,0.0,20.48,0,0,512,128,80
11537.0333,0.1333,20.48,0.0167,20.48,1,16,512,160,80
11537.2333,0.0,20.48,0.0,20.48,1,16,520,160,80
11537.4333,0.5333,20.48,0.0,20.48,0,8,514,160,80
11537.6333,0.0333,20.48,0.0,20.48,0,0,512,0,80
11537.8333,-68.2667,20.51,0.0,20.485,0,8,768,0,80
11538.0333,-38.2667,20.485,0.0,20.48,0,0,768,0,80
11538.2333,-1.0667,20.48,0.0,20.48,0,1,772,0,80
11538.4333,13.9333,20.49,0.0,20.48,0,16,768,0,80
11538.6333,17.1333,20.49,0.0,20.48,0,0,8,0,80
11538.8333,20.2667,20.485,0.0167,20.48,32,0,2,0,80
11539.0333,21.3333,20.48,0.0,20.48,4,0,0,0,80
11539.2333,24.0,20.48,0.0,20.48,0,0,0,0,80
11539.4333,22.4,20.48,0.0,20.48,0,0,2,0,80
11539.6333,17.6,20.48,0.0,20.48,0,0,0,8,80
11539.8333,13.3333,20.48,0.0,20.52,0,0,0,0,80
11540.0333,7.5,20.49,0.0,20.48,0,0,0,0,80
11540.2333,-1.0667,20.48,0.0,20.48,0,1,0,0,80
11540.4333,-1.6,20.48,0.0,20.48,0,0,0,0,80
11540.6333,-4.25,20.48,0.0,20.48,0,8,0,0,80
11540.8333,0.5333,20.48,0.0,20.48,0,10,0,0,80
11541.0333,0.7333,20.49,0.0,20.48,0,9,0,0,80
11541.2333,0.0,20.48,0.0,20.485,0,0,0,16,80
11541.4333,0.7333,20.48,0.0,20.56,0,0,2,16,80
11541.6333,1.2,20.49,0.0,20.48,0,0,768,16,80
11541.8333,0.5333,20.49,0.0,20.48,0,8,770,16,80
11542.0333,0.0,20.48,0.0,20.58,0,0,784,16,80
11542.2333,0.1333,20.48,0.0,20.485,0,0,776,16,80
11542.4333,0.5333,20.49,0.0,20.48,0,2,768,16,80
11542.6333,1.0667,20.48,0.0167,20.48,0,16,768,16,80
11542.8333,-20.2667,20.48,0.0,20.48,0,0,768,24,80
11543.0333,-93.8333,20.48,0.0,20.52,4,0,776,0,80
11543.2333,-67.0667,20.48,0.0,20.52,0,16,768,0,80
11543.4333,-41.6,20.48,0.0,20.48,0,24,768,0,80
11543.6333,-19.1333,20.48,0.0167,20.48,0,17,512,0,80
11543.8333,-1.0333,20.48,0.0,20.48,0,4,512,0,80
11544.0333,11.9667,20.49,0.0,20.48,0,16,512,0,80
11544.2333,14.4,20.48,0.0,20.6,0,24,520,0,80
11544.4333,12.8,20.49,0.0,20.485,0,20,512,0,80
11544.6333,14.4,20.49,0.0,20.48,0,0,513,0,80
11544.8333,11.7333,20.48,0.0,20.48,0,8,512,0,80
11545.0333,3.7667,20.48,0.0,20.64,0,24,512,0,80
11545.2333,-1.0667,20.48,0.0,20.48,0,8,512,0,80
11545.4333,-0.5333,20.49,0.0,20.48,0,16,512,0,80
11545.6333,-0.5,20.49,0.0,20.48,0,0,513,0,80
11545.8333,1.0667,20.48,0.0167,20.6,0,18,264,0,80
11546.0333,1.0667,20.525,0.0,20.5,0,4,256,8,80
11546.2333,1.0667,20.49,0.0,20.48,0,16,256,0,80
11546.4333,0.1333,20.49,0.0,20.6,0,0,256,0,80
11546.6333,0.1333,20.48,0.0167,20.48,1,16,257,0,80
11546.8333,1.0667,20.49,0.0,20.48,0,0,256,0,80
11547.0333,1.0667,20.52,0.0,20.48,0,16,264,0,80
11547.2333,0.6667,20.48,0.0,20.52,0,0,260,0,80
11547.4333,-1.0667,20.48,0.0,20.48,0,16,256,0,80
11547.6333,-2.1333,20.48,0.0,20.48,0,9,256,16,80
11547.8333,-3.1333,20.49,0.0,20.48,0,16,256,16,80
11548.0333,-19.2,20.48,0.0,20.48,0,0,256,16,80
11548.2333,-48.8667,20.48,0.0167,20.5,0,2,260,16,80
11548.4333,-52.1333,20.48,0.0,20.52,2,0,256,16,80
11548.6333,-18.0667,20.48,0.0167,20.48,0,0,256,16,80
11548.8333,10.6667,20.49,0.0,20.48,0,34,264,16,80
11549.0333,20.8,20.485,0.0,20.48,0,0,256,16,80
11549.2333,19.2,20.48,0.0167,20.48,0,8,260,24,80
11549.4333,17.6333,20.48,0.0,20.48,0,8,512,0,80
11549.6333,17.0667,20.49,0.0,20.485,4,16,512,0,80
11549.8333,12.8333,20.48,0.0,20.48,0,20,512,32,80
11550.0333,0.5333,20.48,0.0,20.52,4,8,256,32,80
11550.2333,-2.6,20.48,0.0,20.48,0,0,256,32,80
11550.4333,1.0667,20.48,0.0,20.52,0,16,512,64,80
11550.6333,0.1333,20.48,0.0,20.48,0,8,512,64,80
11550.8333,1.0667,20.48,0.0,20.48,1,0,512,0,80
11551.0333,1.1333,20.48,0.0,20.48,1,16,256,0,80
11551.2333,1.15,20.48,0.0,20.485,2,0,288,0,80
11551.4333,0.1333,20.48,0.0,20.48,4,16,512,0,80
11551.6333,0.2667,20.48,0.0,20.48,0,0,512,0,80
11551.8333,-2.6333,20.48,0.0,20.56,0,0,512,0,80
11552.0333,-14.6667,20.49,0.0,20.48,0,0,512,0,80
11552.2333,-27.6,20.48,0.0167,20.56,0,24,512,0,80
11552.4333,-51.0667,20.48,0.0,20.48,2,0,516,8,80
11552.6333,-7.4,20.49,0.0,20.48,4,8,512,0,80
11552.8333,14.0,20.48,0.0,20.48,0,0,516,0,80
11553.0333,19.3333,20.49,0.0,20.48,0,0,512,0,80
11553.2333,21.4,20.5,0.0,20.48,0,0,512,0,80
11553.4333,22.5333,20.48,0.0,20.48,0,25,512,0,80
11553.6333,20.2667,20.48,0.0,20.48,0,16,512,0,80
11553.8333,10.7667,20.48,0.0167,20.48,4,8,512,0,80
11554.0333,-3.7333,20.48,0.0,20.48,4,0,512,16,80
11554.2333,-8.0,20.48,0.0,20.48,0,24,512,16,80
11554.4333,-27.7333,20.48,0.0,20.48,0,16,520,16,80
11554.6333,-42.6667,20.485,0.0,20.48,0,4,512,16,80
11554.8333,0.0,20.48,0.0,20.48,0,0,514,16,80
11555.0333,0.0,20.48,0.0,20.48,0,0,512,16,80
11555.2333,0.0,20.52,0.0,20.48,0,0,512,16,80
11555.4333,0.0667,20.48,0.0,20.6,0,0,512,16,80
11555.6333,1.0667,20.48,0.0,20.48,0,0,512,24,80
11555.8333,1.0667,20.48,0.0,20.48,0,0,512,0,80
11556.0333,0.6667,20.49,0.0,20.56,0,4,512,0,80
11556.2333,1.1333,20.48,0.0,20.48,2,0,512,0,80
11556.4333,0.0333,20.49,0.0,20.48,0,0,512,0,80
11556.6333,17.2,20.49,0.0,20.48,0,8,512,0,80
11556.8333,9.6667,20.48,0.0,20.48,2,0,512,0,80
11557.0333,-0.9,20.48,0.0,20.6,0,4,512,0,80
11557.2333,-1.0333,20.49,0.0,20.48,0,0,512,0,80
11557.4333,-1.0667,20.48,0.0167,20.48,0,0,512,0,80
11557.6333,-1.0667,20.5,0.0,20.48,20,32,512,0,80
11557.8333,-1.0,20.48,0.0,20.56,0,0,512,0,80
11558.0333,-0.9667,20.48,0.0,20.56,0,0,512,0,80
11558.2333,-0.9667,20.48,0.0,20.48,0,1,512,0,80
11558.4333,-0.5333,20.48,0.0,20.52,0,0,512,0,80
11558.6333,-0.5333,20.48,0.0,20.48,0,8,512,0,80
11558.8333,-0.5333,20.48,0.0,20.48,0,0,512,8,80
11559.0333,-0.5167,20.52,0.0,20.6,0,8,516,0,80
11559.2333,-0.5333,20.5,0.0,20.48,0,0,512,0,80
11559.4333,1.2,20.48,0.0167,20.56,1,0,514,0,80
11559.6333,1.0667,20.48,0.0167,20.56,0,16,512,0,80
11559.8333,0.0667,20.48,0.0,20.48,0,16,512,0,80
11560.0333,0.0,20.5,0.0,20.48,0,4,514,0,80
11560.2333,0.0,20.48,0.0,20.48,0,0,513,0,80
11560.4333,0.0,20.48,0.0,20.48,0,2,512,16,80
11560.6333,0.0,20.48,0.0,20.57,2,0,512,16,80
11560.8333,0.5667,20.48,0.0,20.48,0,1,512,16,80
11561.0333,19.2333,20.48,0.0,20.48,0,0,512,16,80
11561.2333,19.4,20.52,0.0167,20.48,0,18,512,16,80
11561.4333,20.3333,20.48,0.0,20.48,1,0,512,16,80
11561.6333,19.2667,20.49,0.0,20.48,1,0,524,16,80
11561.8333,10.8,20.48,0.0,20.48,0,4,516,16,80
11562.0333,-0.8667,20.49,0.0167,20.565,0,1,512,24,80
11562.2333,-1.0667,20.48,0.0,20.485,0,0,513,0,80
11562.4333,-1.0,20.48,0.0,20.48,0,32,512,0,80
11562.6333,-1.0,20.48,0.0,20.48,0,0,512,32,80
11562.8333,-1.0,20.48,0.0,20.48,0,16,512,32,80
11563.0333,-0.5333,20.48,0.0,20.48,4,0,512,32,80
11563.2333,-0.5333,20.48,0.0,20.48,0,8,576,0,80
11563.4333,-9.6,20.49,0.0,20.48,0,0,576,0,80
11563.6333,0.6,20.48,0.0,20.48,0,0,514,0,80
11563.8333,0.2667,20.48,0.0,20.5,0,0,512,0,80
11564.0333,0.0,20.49,0.0167,20.48,0,0,512,0,80
11564.2333,0.5667,20.48,0.0167,20.48,8,4,513,0,80
11564.4333,0.0,20.48,0.0,20.48,1,1,512,0,80
11564.6333,0.0,20.48,0.0,20.48,4,0,512,0,80
11564.8333,0.0,20.48,0.0,20.48,2,0,516,0,80
11565.0333,0.0,20.48,0.0,20.48,0,1,512,0,80
11565.2333,0.7333,20.48,0.0,20.48,0,8,513,8,80
11565.4333,10.1333,20.48,0.0,20.48,1,0,512,0,80
11565.6333,11.3,20.48,0.0,20.48,4,0,256,0,80
11565.8333,10.6667,20.48,0.0,20.48,0,16,256,0,80
11566.0333,1.2,20.52,0.0,20.48,0,0,328,0,80
11566.2333,-4.2,20.48,0.0,20.49,4,0,256,0,80
11566.4333,-12.7333,20.48,0.0,20.48,0,0,320,0,80
11566.6333,-17.0,20.48,0.0,20.5,0,8,256,0,80
11566.8333,-15.9333,20.49,0.0,20.48,1,0,256,16,80
11567.0333,-13.8667,20.48,0.0167,20.485,0,32,320,16,80
11567.2333,-9.0667,20.48,0.0,20.48,0,12,320,16,80
11567.4333,-7.4667,20.48,0.0167,20.48,0,4,324,16,80
11567.6333,0.0,20.48,0.0167,20.48,0,16,256,16,80
11567.8333,7.4667,20.48,0.0,20.525,0,4,512,16,80
11568.0333,10.1667,20.52,0.0,20.48,0,0,512,16,80
11568.2333,10.1333,20.485,0.0,20.48,4,8,512,16,80
11568.4333,11.3333,20.48,0.0,20.48,0,25,512,24,80
11568.6333,0.5333,20.48,0.0,20.52,0,0,512,0,80
11568.8333,1.0667,20.48,0.0,20.48,0,0,768,0,80
11569.0333,0.2,20.48,0.0,20.485,0,16,768,0,80
11569.2333,0.0,20.48,0.0,20.485,0,0,776,0,80
11569.4333,0.0,20.5,0.0,20.48,8,0,768,0,80
11569.6333,1.0667,20.48,0.0,20.48,0,4,768,0,80
11569.8333,0.2,20.52,0.0167,20.48,0,16,832,0,80
11570.0333,0.6667,20.48,0.0167,20.48,0,16,768,0,80
11570.2333,-8.4667,20.48,0.0,20.48,0,1,768,0,80
11570.4333,-5.8667,20.48,0.0,20.48,0,16,768,0,80
11570.6333,0.0,20.48,0.0,20.52,1,28,768,0,80
11570.8333,7.6,20.48,0.0,20.48,1,32,770,0,80
11571.0333,9.8667,20.48,0.0,20.48,1,0,768,0,80
11571.2333,8.5333,20.48,0.0,20.48,0,8,832,0,80
11571.4333,12.0,20.48,0.0,20.48,0,9,772,0,80
11571.6333,10.8667,20.48,0.0,20.48,0,0,768,8,80
11571.8333,8.6667,20.48,0.0,20.48,0,26,768,0,80
11572.0333,0.2,20.48,0.0167,20.48,0,0,772,0,80
11572.2333,-7.4667,20.48,0.0,20.52,0,0,776,0,80
11572.4333,-9.6,20.48,0.0,20.48,0,0,768,0,80
11572.6333,-11.7333,20.48,0.0,20.48,0,16,768,0,80
11572.8333,-13.3333,20.48,0.0,20.48,0,0,768,0,80
11573.0333,-13.3333,20.5,0.0,20.48,0,17,768,0,80
11573.2333,-9.6,20.48,0.0,20.48,1,8,768,16,80
11573.4333,0.6,20.48,0.0,20.48,0,2,776,16,80
11573.6333,1.0667,20.52,0.0,20.52,2,17,768,16,80
11573.8333,1.0667,20.48,0.0167,20.48,0,16,768,16,80
11574.0333,0.0,20.48,0.0,20.485,0,0,768,16,80
11574.2333,1.0667,20.48,0.0,20.48,4,0,768,16,80
11574.4333,1.0667,20.48,0.0,20.48,0,0,769,16,80
11574.6333,0.0333,20.52,0.0,20.48,0,17,768,16,80
11574.8333,1.1333,20.48,0.0,20.48,0,16,768,24,80
11575.0333,0.0333,20.52,0.0,20.48,0,16,768,0,80
11575.2333,-10.1,20.48,0.0167,20.5,0,1,772,0,80
11575.4333,-12.8,20.48,0.0167,20.48,0,8,768,32,80
11575.6333,-10.6667,20.48,0.0,20.48,0,20,768,32,80
11575.8333,-12.6,20.48,0.0,20.52,0,0,768,32,80
11576.0333,-12.7333,20.48,0.0,20.48,0,2,772,64,80
11576.2333,-9.6,20.48,0.0,20.48,0,0,768,64,80
11576.4333,0.0667,20.49,0.0167,20.485,2,0,768,0,80
11576.6333,8.6,20.48,0.0,20.48,0,0,770,0,80
11576.8333,11.9333,20.48,0.0,20.48,0,1,768,0,80
11577.0333,13.0,20.48,0.0,20.48,0,1,780,0,80
11577.2333,16.0,20.48,0.0,20.5,0,2,770,0,80
11577.4333,17.0667,20.48,0.0,20.48,0,0,768,0,80
11577.6333,17.0667,20.48,0.0,20.48,0,0,768,0,80
11577.8333,11.7333,20.48,0.0,20.48,8,0,768,0,80
11578.0333,-5.3333,20.48,0.0,20.48,0,0,768,8,80
11578.2333,-13.8667,20.48,0.0,20.48,0,0,770,0,80
11578.4333,0.6667,20.48,0.0,20.48,1,4,768,0,80
11578.6333,0.0,20.49,0.0,20.48,2,16,772,0,80
11578.8333,0.6,20.48,0.0,20.48,0,16,768,0,80
11579.0333,1.1333,20.49,0.0,20.52,0,24,772,0,80
11579.2333,0.5833,20.48,0.0,20.52,0,0,768,0,80
11579.4333,0.5333,20.49,0.0,20.485,0,0,768,0,80
11579.6333,0.0,20.48,0.0,20.48,0,0,776,16,80
11579.8333,1.0667,20.48,0.0167,20.48,0,0,776,16,80
11580.0333,0.5333,20.485,0.0,20.48,0,0,768,16,80
11580.2333,10.7667,20.485,0.0,20.5,0,16,784,16,80
11580.4333,13.0,20.48,0.0,20.48,0,20,768,16,80
11580.6333,13.0,20.48,0.0,20.48,0,0,768,16,80
11580.8333,5.3333,20.48,0.0,20.48,0,34,784,16,80
11581.0333,-11.5333,20.48,0.0,20.5,4,0,770,16,80
11581.2333,-23.3333,20.49,0.0,20.48,0,0,768,24,80
11581.4333,-25.4667,20.48,0.0,20.48,2,0,772,0,80
11581.6333,-32.8667,20.48,0.0,20.48,0,4,768,0,80
11581.8333,-34.6667,20.48,0.0,20.48,0,0,768,128,80
11582.0333,-28.2667,20.48,0.0167,20.48,0,0,768,128,80
11582.2333,-10.1333,20.48,0.0167,20.48,0,0,768,128,80
11582.4333,6.4,20.48,0.0167,20.48,0,0,772,128,80
11582.6333,12.2667,20.48,0.0,20.48,0,0,768,128,80
11582.8333,16.0,20.48,0.0,20.48,2,0,776,128,80
11583.0333,0.0,20.48,0.0,20.48,0,0,768,128,80
11583.2333,0.1333,20.48,0.0,20.48,0,2,768,128,80
11583.4333,0.0667,20.48,0.0,20.48,0,0,768,128,80
11583.6333,0.6667,20.48,0.0,20.5,0,0,776,128,80
11583.8333,0.5667,20.48,0.0167,20.485,0,8,768,128,80
11584.0333,0.6,20.48,0.0,20.48,1,0,768,128,80
11584.2333,0.0,20.52,0.0167,20.48,0,0,776,128,80
11584.4333,-27.7333,20.48,0.0,20.5,0,16,768,136,80
11584.6333,-31.4667,20.52,0.0,20.52,0,0,768,128,80
11584.8333,-29.6333,20.49,0.0,20.48,0,2,768,128,80
11585.0333,-20.1667,20.48,0.0,20.485,0,0,776,128,80
11585.2333,-8.5333,20.48,0.0,20.52,0,5,768,128,80
11585.4333,5.3333,20.49,0.0167,20.48,0,0,770,128,80
11585.6333,10.7333,20.48,0.0,20.48,0,0,768,128,80
11585.8333,11.2,20.485,0.0,20.48,0,0,768,128,80
11586.0333,11.2,20.48,0.0,20.48,0,0,768,144,80
11586.2333,12.2667,20.48,0.0,20.48,0,8,768,144,80
11586.4333,13.3333,20.48,0.0,20.48,0,2,768,144,80
11586.6333,12.8,20.48,0.0,20.48,4,0,576,144,80
11586.8333,4.2667,20.48,0.0,20.5,0,4,576,144,80
11587.0333,-9.6,20.52,0.0,20.48,0,1,576,144,80
11587.2333,0.5333,20.48,0.0,20.48,0,0,576,144,80
11587.4333,0.7333,20.5,0.0,20.48,0,16,512,144,80
11587.6333,0.5333,20.48,0.0,20.48,1,0,512,152,80
11587.8333,0.6,20.48,0.0,20.48,0,16,512,128,80
11588.0333,0.1333,20.48,0.0,20.48,0,0,576,128,80
11588.2333,0.0333,20.48,0.0,20.52,0,12,576,160,80
11588.4333,0.1333,20.48,0.0,20.52,2,0,768,160,80
11588.6333,0.0,20.48,0.0,20.48,0,0,768,160,80
11588.8333,0.0,20.48,0.0,20.48,0,2,776,0,80
11589.0333,15.0667,20.48,0.0,20.48,0,0,516,0,80
11589.2333,16.1333,20.485,0.0,20.48,0,0,768,0,80
11589.4333,17.2,20.48,0.0,20.48,0,0,832,0,80
11589.6333,17.0667,20.48,0.0,20.48,0,2,768,0,80
11589.8333,17.0667,20.48,0.0,20.48,0,0,772,0,80
11590.0333,10.8333,20.495,0.0167,20.48,32,8,768,0,80
11590.2333,1.0667,20.48,0.0,20.485,0,0,768,0,80
11590.4333,-14.4,20.48,0.0,20.48,0,0,768,0,80
11590.6333,-26.6667,20.48,0.0,20.48,0,32,768,0,80
11590.8333,-28.8,20.48,0.0167,20.48,0,8,768,8,80
11591.0333,-29.3,20.48,0.0,20.48,0,8,832,0,80
11591.2333,-24.0,20.48,0.0,20.48,0,0,832,0,80
11591.4333,-16.5,20.48,0.0,20.48,0,24,832,0,80
11591.6333,-11.2,20.48,0.0,20.5,0,0,768,0,80
11591.8333,0.0,20.48,0.0,20.48,0,17,768,0,80
11592.0333,0.6,20.52,0.0,20.48,0,0,833,0,80
11592.2333,0.6333,20.5,0.0,20.48,1,0,768,0,80
11592.4333,0.1333,20.48,0.0,20.52,0,0,768,16,80
11592.6333,0.0667,20.48,0.0,20.485,0,0,768,16,80
11592.8333,0.0,20.48,0.0,20.48,0,16,768,16,80
11593.0333,0.5333,20.48,0.0,20.48,0,0,768,16,80
11593.2333,0.8,20.48,0.0,20.48,0,0,770,16,80
11593.4333,0.1333,20.495,0.0,20.48,0,0,768,16,80
11593.6333,0.1333,20.48,0.0,20.48,0,0,768,16,80
11593.8333,1.0667,20.48,0.0,20.48,0,24,776,16,80
11594.0333,1.0667,20.48,0.0,20.5,0,24,768,24,80
11594.2333,0.2667,20.48,0.0,20.52,0,0,768,0,80
11594.4333,0.0667,20.48,0.0167,20.48,0,0,772,0,80
11594.6333,0.1,20.48,0.0,20.48,0,16,768,0,80
11594.8333,-23.2,20.48,0.0,20.485,0,12,768,0,80
11595.0333,-1.0667,20.48,0.0,20.48,0,16,768,0,80
11595.2333,-0.5333,20.48,0.0,20.48,0,16,768,0,80
11595.4333,-0.5333,20.48,0.0,20.48,0,0,769,0,80
11595.6333,-0.5,20.48,0.0,20.48,0,4,768,0,80
11595.8333,-0.5333,20.48,0.0,20.48,0,0,776,0,80
11596.0333,-2.6333,20.48,0.0167,20.48,0,1,768,0,80
11596.2333,-18.6667,20.48,0.0,20.49,0,9,768,0,80
11596.4333,-13.3333,20.48,0.0,20.485,0,0,768,0,80
11596.6333,1.0667,20.48,0.0,20.48,0,8,768,0,80
11596.8333,0.0,20.48,0.0,20.48,0,8,768,0,80
11597.0333,0.0,20.48,0.0,20.48,0,0,768,0,80
11597.2333,0.0,20.48,0.0,20.48,0,0,768,8,80
11597.4333,0.0,20.485,0.0,20.48,0,8,516,0,80
11597.6333,0.0,20.48,0.0,20.48,0,1,512,0,80
11597.8333,0.0,20.48,0.0,20.48,0,0,512,0,80
11598.0333,0.6,20.52,0.0,20.485,0,0,512,0,80
11598.2333,0.5333,20.49,0.0,20.48,0,16,512,0,80
11598.4333,1.1333,20.48,0.0,20.48,0,16,512,0,80
11598.6333,0.0,20.48,0.0,20.48,0,0,512,0,80
11598.8333,-1.8667,20.5,0.0,20.485,0,16,512,16,80
11599.0333,-0.6667,20.48,0.0,20.48,0,0,513,16,80
11599.2333,-0.7,20.48,0.0,20.48,2,0,512,16,80
11599.4333,-0.5333,20.485,0.0,20.48,0,32,512,16,80
11599.6333,-0.5333,20.48,0.0,20.48,4,0,512,16,80
11599.8333,-0.5333,20.48,0.0167,20.48,0,0,512,16,80
11600.0333,-0.5333,20.48,0.0,20.48,0,0,512,16,80
11600.2333,-0.5,20.48,0.0,20.5,0,0,520,16,80
11600.4333,-0.5,20.48,0.0,20.48,0,0,512,24,80
11600.6333,0.0,20.48,0.0,20.48,0,34,576,0,80
11600.8333,0.0333,20.48,0.0,20.48,0,0,576,0,80
11601.0333,0.0,20.49,0.0,20.48,0,1,512,32,80
11601.2333,0.3333,20.48,0.0,20.48,0,0,512,32,80
11601.4333,0.5333,20.48,0.0,20.48,0,0,512,32,80
11601.6333,0.0,20.48,0.0,20.5,4,0,578,64,80
11601.8333,0.5333,20.48,0.0,20.48,2,2,512,64,80
11602.0333,0.1333,20.52,0.0,20.48,0,0,580,0,80
11602.2333,0.6,20.48,0.0,20.48,1,10,512,0,80
11602.4333,0.6667,20.48,0.0,20.48,0,0,512,0,80
11602.6333,0.0667,20.48,0.0,20.48,0,4,512,0,80
11602.8333,40.5333,20.48,0.0,20.48,0,0,512,0,80
11603.0333,40.5333,20.49,0.0,20.52,0,8,580,0,80
11603.2333,25.6667,20.48,0.0,20.48,2,0,513,0,80
11603.4333,0.2,20.48,0.0167,20.48,0,32,512,0,80
11603.6333,-19.0667,20.48,0.0,20.5,0,28,520,8,80
11603.8333,-42.5333,20.5,0.0,20.48,2,32,516,0,80
11604.0333,-54.2667,20.49,0.0,20.48,0,0,512,0,80
11604.2333,-38.9333,20.48,0.0,20.51,0,0,512,0,80
11604.4333,-29.8667,20.48,0.0167,20.48,0,0,512,0,80
11604.6333,-20.8,20.48,0.0,20.48,0,9,512,0,80
11604.8333,-11.7,20.48,0.0,20.48,0,0,512,0,80
11605.0333,-4.2667,20.48,0.0167,20.48,0,0,512,0,80
11605.2333,8.5333,20.48,0.0,20.48,0,0,513,16,80
11605.4333,1.0667,20.48,0.0167,20.48,4,0,512,16,80
11605.6333,0.5333,20.5,0.0,20.48,0,0,512,16,80
11605.8333,0.5667,20.48,0.0,20.48,0,0,512,16,80
11606.0333,0.6667,20.48,0.0,20.52,0,0,516,16,80
11606.2333,0.5333,20.5,0.0,20.48,0,0,512,16,80
11606.4333,0.1333,20.52,0.0,20.48,0,0,512,16,80
11606.6333,0.2333,20.525,0.0,20.48,4,2,512,16,80
11606.8333,0.0,20.48,0.0,20.48,0,0,512,24,80
11607.0333,0.0,20.48,0.0,20.48,33,0,520,0,80
11607.2333,1.0667,20.48,0.0,20.48,0,0,512,0,80
11607.4333,0.0,20.48,0.0,20.48,0,0,512,0,80
11607.6333,-6.4,20.48,0.0,20.48,16,0,512,0,80
11607.8333,-44.6667,20.48,0.0,20.5,0,8,512,0,80
11608.0333,-70.2667,20.48,0.0,20.48,0,0,512,0,80
11608.2333,-59.6667,20.48,0.0,20.48,0,14,512,0,80
11608.4333,-49.9333,20.48,0.0167,20.48,0,0,512,0,80
11608.6333,-44.8,20.48,0.0,20.52,0,1,512,0,80
11608.8333,-41.4667,20.48,0.0,20.5,0,0,513,0,80
11609.0333,-36.0,20.49,0.0,20.485,0,0,512,0,80
11609.2333,-25.5667,20.51,0.0,20.48,4,1,512,0,80
11609.4333,-21.8667,20.485,0.0,20.48,0,34,512,0,80
11609.6333,-17.0667,20.48,0.0,20.48,4,1,512,0,80
11609.8333,-6.4,20.48,0.0,20.48,0,32,512,0,80
11610.0333,3.7333,20.48,0.0,20.48,0,32,512,8,80
11610.2333,12.2667,20.49,0.0167,20.485,1,8,512,0,80
11610.4333,17.1333,20.48,0.0,20.48,0,1,512,0,80
11610.6333,0.0,20.48,0.0,20.48,0,0,520,0,80
11610.8333,0.5667,20.49,0.0,20.48,2,16,512,0,80
11611.0333,0.6667,20.485,0.0167,20.48,2,0,512,0,80
11611.2333,0.0667,20.52,0.0,20.48,0,8,512,0,80
11611.4333,0.5667,20.52,0.0,20.52,5,0,512,0,80
11611.6333,0.0,20.49,0.0,20.48,2,0,512,16,80
11611.8333,0.5333,20.48,0.0,20.5,0,0,512,16,80
11612.0333,0.0667,20.48,0.0,20.48,2,0,512,16,80
11612.2333,0.5667,20.49,0.0,20.48,2,0,512,16,80
11612.4333,0.0,20.48,0.0,20.48,0,8,516,16,80
11612.6333,1.2,20.48,0.0,20.48,0,1,512,16,80
11612.8333,-7.8,20.48,0.0,20.5,0,4,512,16,80
11613.0333,-4.2,20.48,0.0,20.48,2,0,512,16,80
11613.2333,4.3333,20.48,0.0,20.48,0,0,512,24,80
11613.4333,12.8,20.48,0.0,20.48,0,0,512,0,80
11613.6333,16.0,20.48,0.0167,20.52,5,0,512,0,80
11613.8333,15.0,20.49,0.0,20.48,0,0,512,32,80
11614.0333,17.0667,20.48,0.0,20.48,0,0,514,32,80
11614.2333,19.3333,20.5,0.0,20.48,0,0,513,32,80
11614.4333,9.0667,20.49,0.0167,20.48,0,0,512,0,80
11614.6333,-7.4667,20.48,0.0,20.48,0,0,512,0,80
11614.8333,-19.7333,20.48,0.0,20.525,0,24,516,0,80
11615.0333,-16.5333,20.48,0.0,20.52,2,0,512,0,80
11615.2333,-20.2667,20.48,0.0167,20.49,1,0,512,0,80
11615.4333,-19.7,20.52,0.0,20.48,1,0,516,0,80
11615.6333,-18.6,20.48,0.0167,20.48,0,8,514,0,80
11615.8333,1.2,20.49,0.0,20.48,0,0,512,0,80
11616.0333,1.0667,20.48,0.0,20.5,0,0,512,0,80
11616.2333,0.0667,20.48,0.0167,20.48,0,0,512,0,80
11616.4333,0.0,20.48,0.0,20.48,0,1,576,8,80
11616.6333,0.5333,20.48,0.0167,20.52,1,8,512,0,80
11616.8333,0.0333,20.48,0.0,20.48,2,1,512,0,80
11617.0333,1.0667,20.49,0.0,20.48,0,0,512,0,80
11617.2333,0.0,20.48,0.0,20.52,0,0,512,0,80
11617.4333,0.1667,20.48,0.0,20.5,2,20,512,0,80
11617.6333,6.4,20.48,0.0,20.48,0,0,512,0,80
11617.8333,-3.2,20.48,0.0,20.48,0,8,512,0,80
11618.0333,-0.8,20.48,0.0,20.48,4,0,512,16,80
11618.2333,-1.0,20.48,0.0,20.485,0,0,512,16,80
11618.4333,-0.9667,20.49,0.0,20.48,0,0,520,16,80
11618.6333,-1.0667,20.48,0.0,20.48,0,0,320,16,80
11618.8333,-1.0,20.48,0.0,20.48,0,8,512,16,80
11619.0333,-1.0667,20.48,0.0,20.48,0,4,512,16,80
11619.2333,-0.8667,20.5,0.0,20.48,0,0,512,16,80
11619.4333,-0.8667,20.48,0.0,20.525,0,8,512,16,80
11619.6333,-1.0,20.48,0.0,20.52,0,12,512,24,80
11619.8333,-0.5333,20.48,0.0,20.48,2,20,516,0,80
11620.0333,-0.5333,20.48,0.0,20.5,0,0,512,0,80
11620.2333,-1.0667,20.48,0.0,20.48,1,4,512,0,80
11620.4333,-28.8,20.48,0.0,20.48,0,8,520,0,80
11620.6333,-33.0667,20.48,0.0,20.52,0,20,528,0,80
11620.8333,1.0667,20.48,0.0,20.48,0,0,512,0,80
11621.0333,0.6,20.48,0.0,20.48,0,0,577,0,80
11621.2333,1.7333,20.48,0.0,20.48,2,0,576,0,80
11621.4333,0.6,20.48,0.0,20.48,0,0,514,0,80
11621.6333,1.2667,20.48,0.0,20.485,0,0,576,0,80
11621.8333,1.0667,20.48,0.0,20.48,0,0,514,0,80
11622.0333,0.2,20.485,0.0,20.48,0,0,512,0,80
11622.2333,0.0,20.48,0.0,20.485,0,0,513,0,80
11622.4333,0.1667,20.48,0.0,20.48,4,0,512,0,80
11622.6333,-3.0667,20.48,0.0,20.48,1,0,512,0,80
11622.8333,-5.1333,20.48,0.0167,20.48,2,0,516,8,80
11623.0333,-6.4,20.48,0.0,20.5,0,0,512,0,80
11623.2333,-6.4,20.48,0.0,20.48,0,0,512,0,80
11623.4333,-5.3333,20.49,0.0,20.52,0,0,512,0,80
11623.6333,-4.8,20.48,0.0,20.48,0,0,516,0,80
11623.8333,-4.1333,20.48,0.0,20.48,0,8,512,0,80
11624.0333,-3.7,20.48,0.0,20.52,0,0,514,0,80
11624.2333,-3.1,20.48,0.0,20.52,0,0,520,0,80
11624.4333,-4.2667,20.48,0.0,20.52,0,16,512,16,80
11624.6333,0.1667,20.48,0.0167,20.48,0,0,576,16,80
11624.8333,2.2,20.48,0.0,20.48,0,4,512,16,80
11625.0333,1.6,20.49,0.0,20.48,0,0,512,16,80
11625.2333,1.8667,20.48,0.0167,20.48,0,1,512,16,80
11625.4333,1.0667,20.52,0.0,20.48,0,0,512,16,80
11625.6333,1.0667,20.48,0.0,20.48,0,0,520,16,80
11625.8333,0.2,20.48,0.0,20.48,0,0,512,16,80
11626.0333,0.0,20.48,0.0167,20.54,0,0,512,24,80
11626.2333,0.0,20.48,0.0,20.52,0,0,514,0,80
11626.4333,0.0667,20.48,0.0,20.5,8,0,520,0,80
11626.6333,14.9333,20.5,0.0,20.48,0,0,516,32,80
11626.8333,12.9667,20.52,0.0,20.52,4,0,512,32,80
11627.0333,4.4667,20.5,0.0,20.48,4,2,512,32,80
11627.2333,-5.3333,20.48,0.0,20.52,0,8,512,64,80
11627.4333,-1.0667,20.48,0.0,20.48,4,8,516,64,80
11627.6333,-2.0667,20.48,0.0,20.48,0,0,512,0,80
11627.8333,-1.0,20.48,0.0,20.48,2,16,512,0,80
11628.0333,-1.8667,20.48,0.0,20.485,4,24,512,0,80
11628.2333,-2.0,20.48,0.0,20.48,0,2,512,0,80
11628.4333,-2.0,20.48,0.0,20.5,2,8,512,0,80
11628.6333,-1.9333,20.48,0.0,20.48,0,0,512,0,80
11628.8333,-2.1333,20.5,0.0,20.48,0,0,512,0,80
11629.0333,-4.2667,20.48,0.0,20.48,0,0,512,0,80
11629.2333,-16.5333,20.48,0.0,20.52,0,16,512,8,80
11629.4333,0.1,20.52,0.0,20.52,0,0,512,0,80
11629.6333,0.6667,20.48,0.0,20.48,0,0,512,0,80
11629.8333,1.6,20.48,0.0,20.48,2,0,512,0,80
11630.0333,0.0,20.48,0.0,20.535,2,0,512,0,80
11630.2333,1.0667,20.48,0.0,20.48,0,0,512,0,80
11630.4333,1.6,20.48,0.0,20.48,0,0,512,0,80
11630.6333,2.1333,20.48,0.0167,20.48,0,4,514,0,80
11630.8333,1.1,20.48,0.0,20.48,2,1,512,16,80
11631.0333,0.0,20.48,0.0,20.48,0,0,512,16,80
11631.2333,17.6667,20.48,0.0,20.48,0,0,256,16,80
11631.4333,16.0,20.48,0.0,20.48,0,10,256,16,80
11631.6333,9.6,20.48,0.0,20.48,2,8,256,16,80
11631.8333,-2.1333,20.48,0.0167,20.48,0,0,256,16,80
11632.0333,-2.1,20.48,0.0,20.48,0,0,258,16,80
11632.2333,-1.0333,20.48,0.0167,20.48,2,8,256,16,80
11632.4333,-3.2,20.48,0.0,20.48,4,8,256,24,80
11632.6333,-3.2,20.48,0.0,20.5,0,0,256,0,80
11632.8333,-23.4,20.48,0.0,20.48,0,16,260,0,80
11633.0333,-21.3333,20.48,0.0,20.5,0,8,256,128,80
11633.2333,-22.3333,20.48,0.0,20.48,0,8,256,128,80
11633.4333,-22.2667,20.48,0.0,20.48,0,8,256,128,80
11633.6333,-16.0,20.48,0.0167,20.48,0,0,513,128,80
11633.8333,-12.8,20.495,0.0,20.48,0,0,256,128,80
11634.0333,-9.6,20.48,0.0,20.5,2,0,514,128,80
11634.2333,-4.2667,20.48,0.0,20.48,2,16,320,128,80
11634.4333,1.2,20.48,0.0,20.48,0,0,320,128,80
11634.6333,0.0,20.48,0.0167,20.48,0,0,256,128,80
11634.8333,0.7,20.48,0.0,20.48,0,0,264,128,80
11635.0333,0.0667,20.48,0.0,20.56,0,0,320,128,80
11635.2333,0.2667,20.48,0.0,20.48,0,4,512,128,80
11635.4333,0.1333,20.495,0.0,20.48,2,0,518,128,80
11635.6333,0.1333,20.48,0.0,20.48,0,0,513,136,80
11635.8333,1.1333,20.49,0.0,20.5,0,0,576,128,80
11636.0333,0.1667,20.48,0.0,20.48,0,0,520,128,80
11636.2333,-12.1333,20.48,0.0,20.48,0,20,512,128,80
11636.4333,-10.6667,20.48,0.0,20.48,1,10,512,128,80
11636.6333,-10.4667,20.48,0.0,20.48,0,0,516,128,80
11636.8333,-9.6,20.48,0.0,20.48,0,0,512,128,80
11637.0333,-7.2667,20.48,0.0,20.52,2,0,512,128,80
11637.2333,0.0667,20.48,0.0,20.48,0,0,576,144,80
11637.4333,-3.0667,20.48,0.0167,20.48,0,0,576,144,80
11637.6333,2.6667,20.48,0.0,20.48,0,0,584,144,80
11637.8333,9.0667,20.48,0.0,20.48,0,3,512,144,80
11638.0333,11.7333,20.48,0.0,20.5,2,4,768,144,80
11638.2333,13.3333,20.48,0.0,20.52,0,0,516,144,80
11638.4333,14.9333,20.48,0.0,20.48,0,0,518,144,80
11638.6333,14.4333,20.5,0.0,20.52,2,1,512,144,80
11638.8333,8.5333,20.48,0.0,20.48,0,0,512,152,80
11639.0333,-1.0667,20.48,0.0,20.485,2,0,256,128,80
11639.2333,-6.3,20.48,0.0,20.48,1,0,260,128,80
11639.4333,0.6667,20.48,0.0,20.48,0,1,516,160,80
11639.6333,1.1333,20.48,0.0167,20.48,0,0,512,160,80
11639.8333,1.1333,20.49,0.0,20.48,0,0,512,160,80
11640.0333,0.0,20.48,0.0,20.48,0,0,512,0,80
11640.2333,0.1333,20.52,0.0,20.5,0,0,512,0,80
11640.4333,0.6,20.48,0.0,20.48,0,0,512,0,80
11640.6333,0.0,20.48,0.0,20.48,0,4,512,0,80
11640.8333,0.0,20.48,0.0,20.48,4,0,512,0,80
11641.0333,0.0,20.48,0.0,20.48,2,0,512,0,80
11641.2333,8.5333,20.48,0.0,20.48,0,0,512,0,80
11641.4333,10.8,20.48,0.0,20.48,0,0,512,0,80
11641.6333,12.9333,20.485,0.0,20.52,0,0,520,0,80
11641.8333,14.9333,20.48,0.0167,20.5,0,8,512,0,80
11642.0333,9.6,20.48,0.0,20.48,0,0,522,8,80
11642.2333,0.0667,20.48,0.0,20.48,0,0,576,0,80
11642.4333,-0.5333,20.48,0.0,20.48,0,0,512,0,80
11642.6333,-0.5333,20.52,0.0,20.48,0,8,512,0,80
11642.8333,-0.5333,20.495,0.0,20.52,0,0,576,0,80
11643.0333,-0.5333,20.48,0.0167,20.48,0,16,522,0,80
11643.2333,-0.5333,20.48,0.0,20.48,0,0,512,0,80
11643.4333,-0.5333,20.48,0.0,20.48,0,24,512,0,80
11643.6333,-0.5333,20.48,0.0,20.485,0,0,514,16,80
11643.8333,-1.0667,20.48,0.0,20.48,1,16,512,16,80
11644.0333,-1.0,20.48,0.0,20.48,0,4,512,16,80
11644.2333,0.7,20.48,0.0,20.485,0,2,256,16,80
11644.4333,0.0667,20.48,0.0,20.48,0,0,320,16,80
11644.6333,0.6,20.48,0.0,20.48,0,0,256,16,80
11644.8333,0.7333,20.48,0.0,20.48,0,0,258,16,80
11645.0333,0.1333,20.48,0.0,20.52,0,0,264,16,80
11645.2333,0.7333,20.48,0.0167,20.5,0,0,256,24,80
11645.4333,0.0333,20.48,0.0,20.52,0,11,264,0,80
11645.6333,0.5333,20.48,0.0,20.48,0,0,320,0,80
11645.8333,0.1667,20.49,0.0,20.525,0,0,320,0,80
11646.0333,12.8,20.5,0.0,20.48,0,0,320,0,80
11646.2333,11.8667,20.48,0.0,20.48,0,16,320,0,80
11646.4333,9.7333,20.48,0.0,20.48,0,16,512,0,80
11646.6333,2.2,20.48,0.0,20.48,2,0,514,0,80
11646.8333,-0.9333,20.48,0.0,20.48,3,0,512,0,80
11647.0333,-0.9333,20.48,0.0,20.48,0,32,576,0,80
11647.2333,-0.8667,20.48,0.0,20.5,0,0,324,0,80
11647.4333,-7.4667,20.52,0.0,20.48,0,16,512,0,80
11647.6333,-6.4,20.48,0.0,20.48,0,8,513,0,80
11647.8333,-9.0667,20.49,0.0,20.48,2,0,512,0,80
11648.0333,-18.1333,20.48,0.0,20.48,0,8,512,0,80
11648.2333,-19.7333,20.48,0.0,20.48,4,0,512,0,80
11648.4333,-15.9,20.48,0.0,20.48,0,16,512,8,80
11648.6333,1.0667,20.48,0.0,20.48,0,0,512,0,80
11648.8333,0.0,20.485,0.0,20.48,0,0,518,0,80
11649.0333,0.6,20.48,0.0,20.48,0,0,320,0,80
11649.2333,0.6667,20.48,0.0,20.48,0,0,546,0,80
11649.4333,0.5333,20.48,0.0,20.48,1,0,512,0,80
11649.6333,0.5333,20.48,0.0,20.48,1,0,320,0,80
11649.8333,0.5333,20.48,0.0,20.5,0,16,512,0,80
11650.0333,0.5333,20.485,0.0,20.48,0,0,512,16,80
11650.2333,-1.6,20.495,0.0,20.48,0,0,512,16,80
11650.4333,-4.2,20.48,0.0,20.5,0,24,577,16,80
11650.6333,-7.4667,20.48,0.0,20.48,0,16,520,16,80
11650.8333,-12.8,20.48,0.0,20.48,0,0,512,16,80
11651.0333,-17.0,20.485,0.0,20.48,2,16,512,16,80
11651.2333,-15.8667,20.49,0.0,20.48,0,0,512,16,80
11651.4333,-12.6667,20.5,0.0,20.485,0,24,516,16,80
11651.6333,-9.0667,20.48,0.0,20.485,0,16,512,24,80
11651.8333,-1.6,20.48,0.0,20.48,0,16,576,0,80
11652.0333,4.2667,20.48,0.0,20.48,0,8,512,0,80
11652.2333,8.0,20.48,0.0,20.48,1,0,512,32,80
11652.4333,7.4667,20.48,0.0,20.48,0,8,512,32,80
11652.6333,8.5333,20.48,0.0,20.48,4,16,512,32,80
11652.8333,9.6,20.48,0.0,20.48,0,17,512,64,80
11653.0333,8.5667,20.48,0.0167,20.48,0,0,512,64,80
11653.2333,1.7,20.48,0.0,20.48,0,0,516,0,80
11653.4333,0.1333,20.48,0.0,20.55,0,0,512,0,80
11653.6333,0.5333,20.5,0.0,20.48,0,4,512,0,80
11653.8333,0.5333,20.48,0.0,20.48,0,0,512,0,80
11654.0333,0.5333,20.48,0.0,20.48,0,0,576,0,80
11654.2333,1.0667,20.49,0.0167,20.48,0,0,512,0,80
11654.4333,0.0,20.48,0.0,20.48,0,0,512,0,80
11654.6333,1.0667,20.48,0.0167,20.48,4,16,512,0,80
11654.8333,0.5333,20.495,0.0,20.48,0,16,512,8,80
11655.0333,3.3,20.49,0.0,20.48,0,16,512,0,80
11655.2333,4.3,20.48,0.0,20.48,0,2,516,0,80
11655.4333,6.4333,20.48,0.0,20.48,1,32,512,0,80
11655.6333,7.4667,20.48,0.0,20.48,0,0,512,0,80
11655.8333,8.0667,20.57,0.0167,20.48,0,28,512,0,80
11656.0333,8.5333,20.48,0.0,20.48,0,2,512,0,80
11656.2333,8.0333,20.48,0.0,20.48,0,16,512,0,80
11656.4333,4.8667,20.48,0.0,20.48,0,8,512,16,80
11656.6333,0.0667,20.48,0.0,20.485,0,24,512,16,80
11656.8333,-1.0667,20.49,0.0167,20.48,0,8,512,16,80
11657.0333,-0.4667,20.48,0.0,20.48,0,16,512,16,80
11657.2333,-0.5333,20.48,0.0,20.48,0,16,512,16,80
11657.4333,-0.4667,20.49,0.0,20.48,0,5,512,16,80
11657.6333,-0.5333,20.48,0.0,20.48,0,0,512,16,80
11657.8333,-0.5333,20.48,0.0,20.48,0,0,512,16,80
11658.0333,-0.5333,20.485,0.0,20.48,0,0,512,24,80
11658.2333,1.0667,20.48,0.0,20.48,0,0,512,0,80
11658.4333,0.6,20.48,0.0,20.485,0,0,512,0,80
11658.6333,0.6,20.48,0.0,20.5,0,2,513,0,80
11658.8333,0.0,20.48,0.0,20.52,0,0,512,0,80
11659.0333,1.0667,20.48,0.0,20.48,0,8,544,0,80
11659.2333,0.6,20.5,0.0,20.48,0,0,514,0,80
11659.4333,0.0667,20.48,0.0,20.48,2,0,512,0,80
11659.6333,0.5333,20.49,0.0,20.48,2,0,576,0,80
11659.8333,0.0,20.57,0.0,20.48,0,0,512,0,80
11660.0333,-1.6,20.48,0.0167,20.52,0,2,514,0,80
11660.2333,-0.5333,20.48,0.0,20.48,0,8,512,0,80
11660.4333,-0.4667,20.48,0.0,20.48,0,2,520,0,80
11660.6333,-1.0667,20.48,0.0167,20.48,1,32,768,0,80
11660.8333,-1.0,20.52,0.0167,20.48,0,8,516,0,80
11661.0333,-0.9333,20.485,0.0,20.48,0,0,584,0,80
11661.2333,-0.5333,20.52,0.0,20.485,4,17,512,8,80
11661.4333,-0.5333,20.49,0.0,20.485,4,0,578,0,80
11661.6333,-0.5333,20.48,0.0,20.48,0,28,576,0,80
11661.8333,-12.8,20.48,0.0,20.48,0,32,512,0,80
11662.0333,-10.1,20.48,0.0,20.52,0,0,512,0,80
11662.2333,-1.6,20.49,0.0167,20.5,0,0,514,0,80
11662.4333,4.2667,20.48,0.0,20.48,0,0,512,0,80
11662.6333,9.6667,20.48,0.0,20.48,0,0,512,0,80
11662.8333,16.0667,20.485,0.0,20.48,0,16,512,16,80
11663.0333,0.0333,20.54,0.0167,20.48,0,0,515,16,80
11663.2333,0.5333,20.48,0.0,20.48,0,16,512,16,80
11663.4333,0.5333,20.48,0.0167,20.5,0,0,544,16,80
11663.6333,0.6,20.485,0.0,20.48,0,16,520,16,80
11663.8333,0.5333,20.48,0.0,20.48,0,2,512,16,80
11664.0333,0.6,20.48,0.0,20.48,4,0,512,16,80
11664.2333,0.5333,20.5,0.0167,20.48,0,0,512,16,80
11664.4333,0.5333,20.49,0.0,20.48,0,16,512,24,80
11664.6333,-0.5333,20.48,0.0,20.48,8,2,512,0,80
11664.8333,-2.0,20.48,0.0,20.48,4,0,512,0,80
11665.0333,-2.1333,20.48,0.0,20.48,0,0,520,32,80
11665.2333,-4.0333,20.48,0.0167,20.48,2,0,512,32,80
11665.4333,-4.2667,20.49,0.0,20.52,1,8,320,32,80
11665.6333,-3.0,20.48,0.0,20.48,0,0,320,0,80
11665.8333,-16.5333,20.48,0.0,20.48,0,0,256,0,80
11666.0333,-46.9333,20.5,0.0,20.48,0,8,256,0,80
11666.2333,-42.1333,20.48,0.0167,20.5,0,0,320,0,80
11666.4333,-14.9333,20.48,0.0,20.48,0,8,320,0,80
11666.6333,5.8667,20.51,0.0,20.48,0,16,320,0,80
11666.8333,8.0333,20.48,0.0167,20.48,0,0,320,0,80
11667.0333,8.0,20.48,0.0,20.48,0,0,256,0,80
11667.2333,9.0667,20.48,0.0,20.48,0,16,256,0,80
11667.4333,9.2,20.48,0.0,20.52,0,16,256,0,80
11667.6333,0.5333,20.48,0.0,20.52,0,16,256,8,80
11667.8333,0.5333,20.49,0.0,20.48,0,0,256,0,80
11668.0333,0.1333,20.48,0.0167,20.48,2,0,256,0,80
11668.2333,0.6,20.54,0.0,20.48,0,0,256,0,80
11668.4333,0.0,20.48,0.0,20.48,0,0,256,0,80
11668.6333,0.0,20.485,0.0,20.48,0,0,264,0,80
11668.8333,1.0667,20.51,0.0,20.48,0,0,256,0,80
11669.0333,1.0667,20.48,0.0,20.48,0,0,256,0,80
11669.2333,0.5667,20.48,0.0,20.48,0,0,256,16,80
11669.4333,-31.3333,20.485,0.0,20.52,0,0,256,16,80
11669.6333,-22.2,20.485,0.0,20.48,0,8,256,16,80
11669.8333,-17.0667,20.48,0.0,20.48,0,16,256,16,80
11670.0333,-5.3,20.48,0.0,20.48,0,1,256,16,80
11670.2333,4.2667,20.48,0.0167,20.48,0,0,256,16,80
11670.4333,11.8,20.52,0.0,20.48,0,0,256,16,80
11670.6333,12.9333,20.48,0.0167,20.485,6,16,256,16,80
11670.8333,12.8667,20.48,0.0,20.48,0,0,256,24,80
11671.0333,14.1333,20.48,0.0,20.52,0,24,256,0,80
11671.2333,13.8667,20.48,0.0,20.48,0,9,256,0,80
11671.4333,8.5333,20.485,0.0,20.48,0,0,256,0,80
11671.6333,-6.4,20.48,0.0167,20.48,0,0,256,0,80
11671.8333,0.1667,20.48,0.0,20.48,0,0,258,0,80
11672.0333,0.0667,20.48,0.0,20.48,0,0,256,0,80
11672.2333,0.1333,20.48,0.0,20.48,0,0,256,0,80
11672.4333,0.5333,20.48,0.0,20.48,0,0,256,0,80
11672.6333,0.0,20.48,0.0,20.48,0,4,256,0,80
11672.8333,0.1,20.48,0.0,20.52,0,1,260,0,80
11673.0333,0.0,20.5,0.0,20.48,0,1,256,0,80
11673.2333,1.0667,20.48,0.0,20.48,0,0,288,0,80
11673.4333,0.0667,20.48,0.0,20.49,0,8,256,0,80
11673.6333,4.2667,20.48,0.0,20.48,0,24,266,0,80
11673.8333,10.6667,20.48,0.0,20.48,0,24,257,0,80
11674.0333,0.0,20.48,0.0,20.48,0,0,256,8,80
11674.2333,0.1333,20.48,0.0,20.48,5,0,256,0,80
11674.4333,13.1333,20.48,0.0,20.48,0,8,256,0,80
11674.6333,12.9333,20.48,0.0,20.48,0,0,256,0,80
11674.8333,6.4,20.48,0.0,20.48,0,8,256,0,80
11675.0333,0.5333,20.48,0.0,20.485,0,0,256,0,80
11675.2333,-8.5333,20.48,0.0,20.48,0,0,256,0,80
11675.4333,0.0,20.48,0.0,20.48,0,8,256,0,80
11675.6333,-23.4667,20.48,0.0,20.48,0,20,512,16,80
11675.8333,-21.3333,20.495,0.0,20.485,0,8,512,16,80
11676.0333,-17.0667,20.485,0.0,20.48,0,0,512,16,80
11676.2333,-11.7333,20.48,0.0,20.48,1,8,512,16,80
11676.4333,1.2,20.48,0.0,20.48,0,8,512,16,80
11676.6333,0.5333,20.48,0.0,20.48,0,17,512,16,80
11676.8333,0.0,20.49,0.0,20.52,0,2,512,16,80
11677.0333,0.0,20.49,0.0,20.48,1,1,512,16,80
11677.2333,0.0667,20.5,0.0,20.48,0,2,512,24,80
11677.4333,1.1333,20.48,0.0,20.48,4,16,512,0,80
11677.6333,0.0,20.48,0.0,20.52,0,0,512,0,80
11677.8333,1.0667,20.48,0.0,20.52,0,18,512,32,80
11678.0333,1.1,20.48,0.0,20.48,1,0,512,32,80
11678.2333,0.0,20.48,0.0,20.48,0,0,512,32,80
11678.4333,2.4,20.49,0.0,20.48,0,0,512,64,80
11678.6333,-7.3667,20.52,0.0,20.52,0,8,512,64,80
11678.8333,-19.1333,20.48,0.0,20.485,2,8,513,0,80
11679.0333,-18.1333,20.5,0.0,20.485,0,16,514,0,80
11679.2333,-15.4667,20.495,0.0,20.48,0,0,512,0,80
11679.4333,-14.9333,20.48,0.0,20.48,0,24,512,0,80
11679.6333,-12.7667,20.48,0.0,20.48,0,24,512,0,80
11679.8333,-11.6667,20.48,0.0167,20.48,0,28,512,0,80
11680.0333,-9.6,20.48,0.0,20.48,36,21,520,0,80
11680.2333,-2.1333,20.48,0.0,20.48,1,0,512,0,80
11680.4333,6.9333,20.49,0.0,20.48,0,1,512,8,80
11680.6333,9.6,20.48,0.0,20.48,0,0,512,0,80
11680.8333,12.8,20.48,0.0,20.485,0,0,512,0,80
11681.0333,13.3667,20.48,0.0,20.48,0,8,521,0,80
11681.2333,0.0,20.48,0.0,20.48,0,0,512,0,80
11681.4333,1.0667,20.48,0.0,20.52,0,0,512,0,80
11681.6333,0.0,20.5,0.0,20.48,0,0,512,0,80
11681.8333,0.0,20.48,0.0,20.52,0,0,512,0,80
11682.0333,0.5333,20.48,0.0167,20.52,0,18,512,16,80
11682.2333,0.5333,20.485,0.0,20.48,0,0,512,16,80
11682.4333,0.2667,20.48,0.0,20.48,1,0,512,16,80
11682.6333,1.0667,20.48,0.0,20.48,0,0,512,16,80
11682.8333,1.1333,20.48,0.0,20.48,9,0,512,16,80
11683.0333,0.8,20.48,0.0167,20.48,0,0,520,16,80
11683.2333,0.5333,20.49,0.0,20.52,0,0,512,16,80
11683.4333,-2.1333,20.48,0.0,20.48,0,16,520,16,80
11683.6333,-4.2667,20.48,0.0167,20.5,0,0,516,24,80
11683.8333,-11.6,20.48,0.0,20.48,0,28,512,0,80
11684.0333,-22.4,20.5,0.0167,20.48,0,16,512,0,80
11684.2333,-34.0,20.48,0.0,20.52,4,0,520,128,80
11684.4333,-25.6,20.48,0.0,20.48,0,8,516,128,80
11684.6333,-8.4333,20.48,0.0,20.48,0,0,512,128,80
11684.8333,6.4667,20.5,0.0,20.48,0,0,512,128,80
11685.0333,0.0,20.48,0.0,20.5,0,4,512,128,80
11685.2333,0.5333,20.48,0.0,20.48,0,0,512,128,80
11685.4333,0.0,20.48,0.0,20.48,4,24,512,128,80
11685.6333,1.0667,20.48,0.0,20.52,5,0,512,128,80
11685.8333,0.0,20.52,0.0,20.48,0,0,512,128,80
11686.0333,0.0333,20.48,0.0,20.5,0,4,512,128,80
11686.2333,-19.2,20.48,0.0,20.48,0,4,512,128,80
11686.4333,-23.4667,20.48,0.0,20.52,0,0,512,128,80
11686.6333,0.0,20.48,0.0,20.52,0,0,512,128,80
11686.8333,0.5333,20.48,0.0,20.485,0,0,512,136,80
11687.0333,0.4,20.48,0.0,20.48,0,0,512,128,80
11687.2333,1.0667,20.48,0.0167,20.48,0,16,512,128,80
11687.4333,0.0,20.48,0.0,20.48,0,16,512,128,80
11687.6333,0.0,20.485,0.0,20.48,2,0,512,128,80
11687.8333,0.6,20.48,0.0,20.48,0,16,512,128,80
11688.0333,0.6667,20.48,0.0,20.48,0,0,512,128,80
11688.2333,10.6667,20.48,0.0,20.48,0,16,512,128,80
11688.4333,9.0667,20.48,0.0,20.48,0,24,512,144,80
11688.6333,8.5333,20.485,0.0,20.48,0,0,512,144,80
11688.8333,4.8,20.525,0.0,20.48,1,0,512,144,80
11689.0333,-4.2667,20.48,0.0,20.48,0,29,256,144,80
11689.2333,0.0,20.48,0.0,20.48,0,0,516,144,80
11689.4333,0.0,20.48,0.0,20.52,0,0,512,144,80
11689.6333,2.1333,20.48,0.0,20.48,8,16,512,144,80
11689.8333,2.1333,20.48,0.0,20.5,0,0,512,144,80
11690.0333,0.0,20.48,0.0,20.48,1,4,512,152,80
11690.2333,0.0,20.48,0.0,20.5,1,2,512,128,80
11690.4333,4.2667,20.48,0.0,20.485,4,4,512,128,80
11690.6333,10.6667,20.49,0.0,20.48,0,0,516,160,80
11690.8333,10.6667,20.48,0.0,20.48,0,0,512,160,80
11691.0333,12.2667,20.48,0.0,20.5,4,3,514,160,80
11691.2333,13.3333,20.48,0.0,20.52,0,1,516,0,80
11691.4333,0.1333,20.5,0.0,20.5,0,0,512,0,80
11691.6333,0.5333,20.48,0.0167,20.48,0,4,514,0,80
11691.8333,0.5333,20.48,0.0167,20.52,0,16,512,0,80
11692.0333,1.1333,20.56,0.0,20.52,0,0,512,0,80
11692.2333,0.5333,20.485,0.0,20.52,0,0,512,0,80
11692.4333,0.0,20.48,0.0,20.48,0,16,512,0,80
11692.6333,0.5333,20.48,0.0,20.48,0,0,512,0,80
11692.8333,0.0,20.48,0.0,20.495,0,0,520,0,80
11693.0333,-17.0,20.48,0.0,20.5,0,16,512,0,80
11693.2333,0.5333,20.48,0.0,20.48,0,0,512,8,80
11693.4333,0.5333,20.48,0.0,20.48,0,20,516,0,80
11693.6333,0.0333,20.48,0.0167,20.49,0,8,520,0,80
11693.8333,2.6667,20.48,0.0,20.485,0,0,512,0,80
11694.0333,2.7333,20.48,0.0167,20.52,0,20,516,0,80
11694.2333,2.6667,20.48,0.0,20.48,0,9,514,0,80
11694.4333,0.0,20.48,0.0,20.48,0,0,512,0,80
11694.6333,12.8,20.48,0.0,20.48,2,0,512,0,80
11694.8333,13.8667,20.48,0.0,20.48,0,0,512,16,80
11695.0333,9.6,20.48,0.0,20.48,0,0,512,16,80
11695.2333,-3.2,20.48,0.0,20.48,0,0,512,16,80
11695.4333,-14.9333,20.49,0.0167,20.48,0,0,512,16,80
11695.6333,-17.6,20.48,0.0,20.48,0,16,512,16,80
11695.8333,-19.2,20.48,0.0,20.48,0,16,516,16,80
11696.0333,0.5333,20.56,0.0,20.48,0,16,512,16,80
11696.2333,0.0,20.48,0.0167,20.48,0,17,512,16,80
11696.4333,0.0,20.49,0.0,20.48,0,8,515,24,80
11696.6333,0.0,20.48,0.0,20.48,4,0,514,0,80
11696.8333,0.0,20.56,0.0,20.48,2,0,512,0,80
11697.0333,0.0667,20.57,0.0,20.5,0,0,512,0,80
11697.2333,0.0,20.48,0.0,20.48,0,8,512,0,80
11697.4333,0.6667,20.48,0.0167,20.48,0,0,512,0,80
11697.6333,2.1667,20.48,0.0,20.485,0,2,512,0,80
11697.8333,0.0,20.48,0.0,20.48,0,0,512,0,80
11698.0333,2.1333,20.48,0.0,20.48,0,0,512,0,80
11698.2333,1.0667,20.48,0.0,20.48,0,0,513,0,80
11698.4333,-8.5,20.48,0.0,20.48,0,0,512,0,80
11698.6333,-20.2333,20.48,0.0,20.48,0,0,512,0,80
11698.8333,-20.2667,20.48,0.0,20.48,0,8,512,0,80
11699.0333,-16.5333,20.48,0.0,20.48,0,16,512,0,80
11699.2333,-15.4333,20.48,0.0,20.48,0,16,512,0,80
11699.4333,-16.5333,20.48,0.0,20.48,0,16,512,0,80
11699.6333,-11.2,20.48,0.0,20.48,4,0,512,8,80
11699.8333,1.0667,20.48,0.0,20.52,2,16,512,0,80
11700.0333,5.8667,20.48,0.0,20.48,5,16,512,0,80
11700.2333,0.5333,20.48,0.0,20.48,1,16,576,0,80
11700.4333,0.5333,20.48,0.0,20.52,0,0,524,0,80
11700.6333,0.2667,20.48,0.0,20.48,0,0,577,0,80
11700.8333,0.5333,20.48,0.0,21.12,0,4,576,0,80
11701.0333,0.0,20.48,0.0,21.16,0,0,577,0,80
11701.2333,0.0,20.48,0.0,20.48,1,1,576,16,80
11701.4333,0.5333,20.48,0.0,20.48,0,4,576,16,80
11701.6333,0.6667,20.5,0.0,20.48,4,0,576,16,80
11701.8333,0.0,20.48,0.0,20.48,0,0,580,16,80
11702.0333,0.5333,20.48,0.0,20.48,0,1,576,16,80
11702.2333,-1.0667,20.49,0.0,20.48,4,0,576,16,80
11702.4333,-1.0,20.48,0.0,20.48,0,0,576,16,80
11702.6333,-4.2667,20.48,0.0,20.48,0,0,576,16,80
11702.8333,-32.5333,20.48,0.0,20.48,0,0,576,24,80
11703.0333,-32.0,20.48,0.0,20.48,0,16,576,0,80
11703.2333,0.0,20.485,0.0,20.48,0,2,576,0,80
11703.4333,10.1333,20.5,0.0,20.48,0,32,576,32,80
11703.6333,13.3333,20.48,0.0,20.48,0,26,576,32,80
11703.8333,16.0,20.48,0.0,20.48,1,16,576,32,80
11704.0333,10.1667,20.48,0.0,20.48,0,24,576,64,80
11704.2333,12.8,20.52,0.0,20.48,0,0,580,64,80
11704.4333,11.2667,20.48,0.0167,21.14,0,16,576,0,80
11704.6333,1.0667,20.48,0.0,20.485,0,0,576,0,80
11704.8333,0.1667,20.48,0.0,20.48,0,0,576,0,80
11705.0333,0.1333,20.48,0.0,20.48,1,0,588,0,80
11705.2333,0.0,20.48,0.0,20.48,0,0,576,0,80
11705.4333,0.5333,20.48,0.0,20.495,0,0,576,0,80
11705.6333,0.2667,20.48,0.0,20.48,0,0,576,0,80
11705.8333,0.0,20.48,0.0,20.48,2,0,576,0,80
11706.0333,0.0,20.56,0.0,20.48,0,2,512,8,80
11706.2333,0.0667,20.48,0.0,20.48,0,16,576,0,80
11706.4333,-10.6667,20.48,0.0,20.48,2,0,512,0,80
11706.6333,6.4,20.48,0.0,20.48,0,0,520,0,80
11706.8333,11.7333,20.48,0.0,20.52,0,4,514,0,80
11707.0333,13.2,20.48,0.0,20.48,0,16,512,0,80
11707.2333,12.9667,20.48,0.0,20.48,2,0,576,0,80
11707.4333,13.9333,20.48,0.0167,20.48,0,0,512,0,80
11707.6333,17.1333,20.48,0.0,20.48,0,16,512,16,80
11707.8333,17.1667,20.48,0.0167,20.48,0,16,512,16,80
11708.0333,18.1333,20.48,0.0,20.48,0,0,512,16,80
11708.2333,17.6,20.48,0.0,20.48,1,0,512,16,80
11708.4333,19.2,20.48,0.0,20.48,0,0,512,16,80
11708.6333,0.0,20.48,0.0,20.48,0,0,512,16,80
11708.8333,1.0667,20.48,0.0,20.48,0,17,772,16,80
11709.0333,6.9333,20.48,0.0,21.12,2,16,768,16,80
11709.2333,0.0667,20.48,0.0,20.485,0,0,772,24,80
11709.4333,0.0,20.48,0.0,20.48,0,0,769,0,80
11709.6333,0.0,20.49,0.0,20.48,0,0,768,0,80
11709.8333,0.5333,20.5,0.0,20.48,0,4,768,0,80
11710.0333,0.1,20.48,0.0,20.48,0,0,784,0,80
11710.2333,0.2,20.52,0.0,20.48,0,0,576,0,80
11710.4333,0.3333,20.48,0.0,20.48,0,0,576,0,80
11710.6333,0.5333,20.52,0.0,20.48,0,0,768,0,80
11710.8333,0.5333,20.485,0.0,20.48,0,0,576,0,80
11711.0333,-51.7333,20.48,0.0,20.48,0,0,577,0,80
11711.2333,-51.0,20.48,0.0,20.48,0,0,576,0,80
11711.4333,-44.7667,20.48,0.0,20.48,0,16,576,0,80
11711.6333,-43.2,20.49,0.0,20.48,0,4,576,0,80
11711.8333,-51.2,20.48,0.0,20.48,1,0,512,0,80
11712.0333,-66.1333,20.48,0.0,20.48,4,0,512,0,80
11712.2333,-51.7333,20.52,0.0,20.52,0,16,512,0,80
11712.4333,-34.1333,20.48,0.0,20.5,0,0,577,8,80
11712.6333,2.1333,20.485,0.0,20.48,4,24,578,0,80
11712.8333,4.3,20.48,0.0,20.48,0,16,512,0,80
11713.0333,5.3333,20.48,0.0,20.48,0,24,514,0,80
11713.2333,1.0667,20.48,0.0,20.48,0,24,512,0,80
11713.4333,0.0333,20.48,0.0,20.52,0,8,576,0,80
11713.6333,5.4,20.48,0.0,20.48,0,16,576,0,80
11713.8333,0.0,20.48,0.0,20.48,0,16,512,0,80
11714.0333,0.5667,20.48,0.0,20.48,0,0,512,16,80
11714.2333,0.6,20.48,0.0,20.48,0,16,512,16,80
11714.4333,0.5667,20.48,0.0,20.48,0,0,576,16,80
11714.6333,0.5333,20.48,0.0,20.48,2,0,520,16,80
11714.8333,0.0,20.48,0.0,20.48,0,0,512,16,80
11715.0333,0.0,20.48,0.0167,20.48,0,8,512,16,80
11715.2333,0.0667,20.49,0.0,20.48,0,12,512,16,80
11715.4333,-68.1333,20.48,0.0,20.48,0,16,513,16,80
11715.6333,-31.9667,20.48,0.0,20.48,0,0,512,24,80
11715.8333,-16.5,20.57,0.0,20.48,0,0,512,0,80
11716.0333,-6.3667,20.48,0.0,20.48,2,0,512,0,80
11716.2333,0.5333,20.48,0.0,20.48,0,8,512,32,80
11716.4333,3.7667,20.48,0.0,20.48,0,20,512,32,80
11716.6333,4.8,20.48,0.0167,20.48,0,12,512,32,80
11716.8333,5.3333,20.48,0.0,20.48,0,16,512,0,80
11717.0333,5.8667,20.48,0.0,20.48,2,0,517,0,80
11717.2333,5.3333,20.48,0.0,20.48,0,2,512,0,80
11717.4333,2.6667,20.48,0.0,20.52,0,16,512,0,80
11717.6333,-1.6,20.48,0.0,20.48,0,0,512,0,80
11717.8333,-1.0667,20.48,0.0,20.485,0,0,512,0,80
11718.0333,-1.0667,20.48,0.0,20.5,0,0,514,0,80
11718.2333,0.0,20.48,0.0,20.485,0,0,512,0,80
11718.4333,0.0,20.48,0.0,20.5,0,4,512,0,80
11718.6333,0.1333,20.48,0.0,20.52,0,4,512,0,80
11718.8333,0.2667,20.48,0.0,20.48,0,0,512,8,80
11719.0333,0.0,20.5,0.0167,20.48,0,1,512,0,80
11719.2333,0.5333,20.48,0.0,20.48,0,2,512,0,80
11719.4333,0.5333,20.48,0.0,20.48,2,4,512,0,80
11719.6333,0.5333,20.48,0.0,20.48,0,0,516,0,80
11719.8333,0.4,20.48,0.0,21.12,8,18,512,0,80
11720.0333,-4.2667,20.48,0.0,20.5,0,0,512,0,80
11720.2333,0.0,20.48,0.0,20.48,0,8,512,0,80
11720.4333,0.0667,20.48,0.0,20.48,4,8,512,16,80
11720.6333,0.0,20.48,0.0,20.48,0,0,516,16,80
11720.8333,0.0,20.48,0.0,20.48,0,0,520,16,80
11721.0333,5.6,20.48,0.0,20.48,0,0,514,16,80
11721.2333,1.4667,20.485,0.0,20.48,0,0,512,16,80
11721.4333,2.1333,20.48,0.0,20.48,1,0,512,16,80
11721.6333,-5.8667,20.48,0.0,20.48,0,20,512,16,80
11721.8333,-7.4667,20.48,0.0,20.48,4,12,512,16,80
11722.0333,-11.7333,20.48,0.0,20.48,0,0,512,24,80
11722.2333,-12.2667,20.48,0.0,20.48,0,16,520,0,80
11722.4333,6.4,20.48,0.0,21.205,0,4,512,0,80
11722.6333,21.3667,20.48,0.0,20.5,1,12,514,0,80
11722.8333,0.0,20.48,0.0,20.48,0,16,544,0,80
11723.0333,0.0,20.48,0.0167,20.48,0,4,512,0,80
11723.2333,0.0,20.48,0.0167,20.48,0,16,512,0,80
11723.4333,0.5333,20.48,0.0,20.48,0,2,512,0,80
11723.6333,0.1333,20.48,0.0,20.48,0,16,512,0,80
11723.8333,0.5333,20.48,0.0,20.48,0,0,512,0,80
11724.0333,0.5667,20.52,0.0,20.485,0,16,513,0,80
11724.2333,0.0,20.48,0.0,21.125,0,0,512,0,80
11724.4333,0.0,20.48,0.0,20.48,0,16,512,0,80
11724.6333,0.0,20.48,0.0,20.48,0,20,520,0,80
11724.8333,4.8,20.48,0.0,20.48,0,0,512,0,80
11725.0333,4.2667,20.48,0.0,20.48,0,0,512,0,80
11725.2333,-8.4,20.48,0.0,20.48,0,0,520,8,80
11725.4333,-8.4,20.48,0.0167,20.485,0,0,512,0,80
11725.6333,3.2,20.48,0.0,20.48,0,0,512,0,80
11725.8333,12.8,20.52,0.0,20.48,0,0,512,0,80
11726.0333,17.0667,20.48,0.0,20.48,0,0,512,0,80
11726.2333,19.2,20.48,0.0,20.48,0,0,544,0,80
11726.4333,23.4667,20.48,0.0,21.125,0,1,520,0,80
11726.6333,21.3333,20.48,0.0,20.52,4,0,544,0,80
11726.8333,25.6,20.48,0.0,20.48,0,8,512,16,80
11727.0333,24.5333,20.52,0.0,20.48,0,0,544,16,80
11727.2333,0.0,20.48,0.0,21.12,1,16,512,16,80
11727.4333,0.0,20.48,0.0,20.48,0,0,512,16,80
11727.6333,0.0,20.48,0.0,20.48,0,4,512,16,80
11727.8333,0.0,20.48,0.0,20.48,0,16,512,16,80
11728.0333,0.1667,20.48,0.0,20.48,0,16,513,16,80
11728.2333,0.6,20.48,0.0,21.12,1,0,512,16,80
11728.4333,0.5667,20.48,0.0,20.52,0,16,513,24,80
11728.6333,0.0,20.48,0.0,20.48,1,16,512,0,80
11728.8333,0.0,20.48,0.0,20.48,0,0,512,0,80
11729.0333,0.0,20.48,0.0,20.48,0,8,512,32,80
11729.2333,2.1667,20.48,0.0,20.48,0,0,512,32,80
11729.4333,0.2667,20.48,0.0,20.48,0,0,512,32,80
11729.6333,5.4333,20.52,0.0,20.52,0,0,513,64,80
11729.8333,8.8333,20.48,0.0,20.48,0,0,520,64,80
11730.0333,17.0667,20.48,0.0,20.48,0,0,512,0,80
11730.2333,18.1333,20.48,0.0,21.12,1,0,520,0,80
11730.4333,17.0667,20.48,0.0,21.12,2,0,520,0,80
11730.6333,0.0,20.48,0.0,20.5,0,1,512,0,80
11730.8333,3.2,20.48,0.0,20.5,0,0,512,0,80
11731.0333,3.7333,20.48,0.0,20.48,0,0,512,0,80
11731.2333,1.0667,20.48,0.0,21.12,0,32,514,0,80
11731.4333,0.5333,20.485,0.0,20.48,0,0,512,0,80
11731.6333,2.6667,20.48,0.0,20.48,0,0,512,8,80
11731.8333,0.1,20.5,0.0,20.48,0,0,512,0,80
11732.0333,0.0,20.48,0.0,20.485,0,16,512,0,80
11732.2333,0.3,20.48,0.0,20.48,0,16,512,0,80
11732.4333,0.1333,20.48,0.0,20.485,0,1,512,0,80
11732.6333,0.0,20.48,0.0,20.48,0,18,512,0,80
11732.8333,1.0667,20.48,0.0167,20.48,0,0,576,0,80
11733.0333,0.1333,20.52,0.0,20.48,0,0,512,0,80
11733.2333,0.0,20.48,0.0,21.16,0,16,576,16,80
11733.4333,17.0667,20.48,0.0,20.52,0,0,512,16,80
11733.6333,10.1333,20.52,0.0,20.52,0,0,512,16,80
11733.8333,0.0,20.48,0.0,21.165,0,0,522,16,80
11734.0333,-49.5333,20.48,0.0,21.16,0,32,512,16,80
11734.2333,-21.3,20.48,0.0,20.48,0,32,512,16,80
11734.4333,-2.1333,20.48,0.0,20.48,5,0,512,16,80
11734.6333,0.0667,20.48,0.0,21.12,0,0,520,16,80
11734.8333,2.1333,20.48,0.0167,20.48,0,1,512,24,80
11735.0333,2.1333,20.48,0.0,20.48,0,0,544,0,80
11735.2333,0.5333,20.48,0.0,20.48,0,4,512,0,80
11735.4333,4.3,20.52,0.0,20.485,0,0,512,128,80
11735.6333,0.5667,20.48,0.0,20.48,0,0,512,128,80
11735.8333,-23.4333,20.49,0.0,21.16,0,0,520,128,80
11736.0333,-31.4667,20.48,0.0,21.14,0,0,512,128,80
11736.2333,-51.2,20.48,0.0,20.48,0,0,544,128,80
11736.4333,-17.0667,20.48,0.0,20.48,2,17,512,128,80
11736.6333,0.0667,20.48,0.0,20.48,0,16,512,128,80
11736.8333,0.8,20.48,0.0167,20.48,0,0,512,128,80
11737.0333,0.0,20.48,0.0,20.48,0,16,512,128,80
11737.2333,0.1333,20.48,0.0,20.48,0,0,512,128,80
11737.4333,0.6667,20.48,0.0,20.52,0,0,514,128,80
11737.6333,0.0,20.48,0.0,20.48,0,0,512,128,80
11737.8333,0.6,20.5,0.0,21.22,0,0,514,128,80
11738.0333,0.0,20.49,0.0,20.48,0,0,512,136,80
11738.2333,0.0,20.48,0.0,21.12,0,0,769,128,80
11738.4333,-21.2333,20.48,0.0,20.48,0,0,768,128,80
11738.6333,-25.3333,20.48,0.0,20.48,0,0,768,128,80
11738.8333,-8.2667,20.48,0.0,21.12,0,0,768,128,80
11739.0333,-2.8667,20.48,0.0167,21.16,0,8,769,128,80
11739.2333,-1.0667,20.48,0.0,21.16,0,0,768,128,80
11739.4333,1.0667,20.48,0.0167,21.16,0,0,768,128,80
11739.6333,4.2667,20.48,0.0,20.52,0,1,768,144,80
11739.8333,6.4,20.48,0.0167,20.485,0,18,768,144,80
11740.0333,6.9333,20.48,0.0,21.12,0,25,768,144,80
11740.2333,6.4,20.48,0.0,20.48,0,0,768,144,80
11740.4333,2.1333,20.48,0.0,21.12,0,1,768,144,80
11740.6333,0.0333,20.48,0.0,20.48,0,0,768,144,80
11740.8333,2.6667,20.51,0.0,20.48,0,0,768,144,80
11741.0333,11.7333,20.48,0.0,20.48,0,2,768,144,80
11741.2333,3.2,20.48,0.0,21.12,0,0,768,152,80
11741.4333,0.5333,20.48,0.0,20.49,4,20,512,128,80
11741.6333,0.0333,20.48,0.0,20.48,0,0,512,128,80
11741.8333,0.6667,20.48,0.0,21.12,0,0,512,160,80
11742.0333,0.0333,20.49,0.0,20.48,0,1,768,160,80
11742.2333,0.8,20.48,0.0,21.12,0,0,528,160,80
11742.4333,0.5333,20.52,0.0,21.125,0,8,512,0,80
11742.6333,0.3,20.48,0.0,20.48,0,0,512,0,80
11742.8333,0.0,20.48,0.0,21.12,0,0,512,0,80
11743.0333,1.2333,20.48,0.0,21.125,0,0,512,0,80
11743.2333,0.1333,20.5,0.0,20.48,0,0,512,0,80
11743.4333,-18.9333,20.48,0.0,20.48,2,0,520,0,80
11743.6333,-98.1333,20.48,0.0,20.48,0,0,520,0,80
11743.8333,-2.9333,20.49,0.0,20.48,0,0,512,0,80
11744.0333,5.6333,20.48,0.0167,20.48,0,32,774,0,80
11744.2333,2.1333,20.49,0.0,21.12,0,16,512,0,80
11744.4333,9.7,20.48,0.0,21.12,0,33,512,8,80
11744.6333,11.7333,20.49,0.0,20.48,0,0,768,0,80
11744.8333,13.0667,20.48,0.0,20.48,0,32,512,0,80
11745.0333,6.4,20.48,0.0,20.48,0,32,768,0,80
11745.2333,-3.7333,20.52,0.0167,21.16,0,0,512,0,80
11745.4333,-12.2667,20.49,0.0,20.5,0,16,514,0,80
11745.6333,-16.5333,20.495,0.0,21.12,0,16,512,0,80
11745.8333,0.5333,20.48,0.0,21.12,0,0,512,0,80
11746.0333,0.0,20.49,0.0167,20.48,0,16,528,16,80
11746.2333,0.1667,20.48,0.0,20.48,1,0,768,16,80
11746.4333,0.0,20.5,0.0,21.12,0,0,512,16,80
11746.6333,1.1333,20.485,0.0,21.165,0,0,520,16,80
11746.8333,0.5667,20.495,0.0,20.48,0,0,512,16,80
11747.0333,1.0667,20.48,0.0,20.48,0,0,512,16,80
11747.2333,0.0,20.48,0.0,20.48,0,0,512,16,80
11747.4333,15.0,20.49,0.0,21.125,0,32,512,16,80
11747.6333,16.0,20.48,0.0,21.12,0,0,512,24,80
11747.8333,10.6667,20.48,0.0,20.48,0,0,512,0,80
11748.0333,-1.9,20.48,0.0,20.48,0,0,528,0,80
11748.2333,-12.7333,20.485,0.0,20.48,0,0,512,0,80
11748.4333,-16.8667,20.49,0.0,21.14,0,32,512,0,80
11748.6333,-18.1333,20.48,0.0,21.12,2,0,520,0,80
11748.8333,-17.0667,20.48,0.0,21.12,0,8,512,0,80
11749.0333,-14.4,20.48,0.0,20.485,0,0,512,0,80
11749.2333,-10.6667,20.48,0.0,20.48,1,0,512,0,80
11749.4333,-10.6667,20.48,0.0,20.48,8,0,512,0,80
11749.6333,-2.6667,20.48,0.0,20.48,2,0,514,0,80
11749.8333,7.0,20.48,0.0,21.14,4,0,512,0,80
11750.0333,10.7333,20.48,0.0,21.12,0,0,512,0,80
11750.2333,1.0667,20.48,0.0,20.48,0,4,512,0,80
11750.4333,0.5333,20.48,0.0,20.48,0,0,524,0,80
11750.6333,1.1333,20.48,0.0,20.48,1,4,512,0,80
11750.8333,1.1333,20.49,0.0,20.48,2,0,520,8,80
11751.0333,0.0,20.48,0.0,21.12,0,4,512,0,80
11751.2333,0.1333,20.48,0.0,21.16,0,1,512,0,80
11751.4333,0.0,20.48,0.0,21.12,0,0,516,0,80
11751.6333,0.2667,20.48,0.0167,21.12,4,18,520,0,80
11751.8333,-24.8,20.48,0.0,21.12,0,0,512,0,80
11752.0333,-26.6667,20.48,0.0,21.125,0,0,544,0,80
11752.2333,-29.8667,20.49,0.0,20.485,1,0,512,0,80
11752.4333,-26.6,20.48,0.0,21.12,0,2,544,16,80
11752.6333,-20.0,20.51,0.0,20.5,0,32,512,16,80
11752.8333,-10.6667,20.485,0.0,20.48,0,1,512,16,80
11753.0333,0.0,20.49,0.0,21.16,1,0,514,16,80
11753.2333,7.4667,20.49,0.0,20.48,0,0,512,16,80
11753.4333,9.6,20.48,0.0,21.12,0,0,520,16,80
11753.6333,11.2,20.48,0.0,21.14,0,0,521,16,80
11753.8333,14.4,20.48,0.0,20.48,0,0,512,16,80
11754.0333,17.0667,20.48,0.0,21.18,0,0,512,24,80
11754.2333,14.4,20.49,0.0,20.48,0,0,520,0,80
11754.4333,11.2,20.48,0.0,20.485,1,24,544,0,80
11754.6333,0.0,20.49,0.0,21.16,0,20,512,32,80
11754.8333,0.5667,20.51,0.0,21.12,0,16,518,32,80
11755.0333,0.6,20.48,0.0,20.48,0,5,512,32,80
11755.2333,0.6667,20.48,0.0,20.48,0,0,512,64,80
11755.4333,0.3,20.48,0.0,21.16,0,16,512,64,80
11755.6333,0.5333,20.48,0.0,20.48,6,0,512,0,80
11755.8333,0.6667,20.48,0.0,21.13,0,16,584,0,80
11756.0333,0.5333,20.49,0.0,21.16,0,16,576,0,80
11756.2333,0.0,20.49,0.0,20.48,0,0,576,0,80
11756.4333,-2.0,20.49,0.0,20.48,0,0,584,0,80
11756.6333,-1.0667,20.48,0.0,21.16,0,0,520,0,80
11756.8333,-1.6,20.48,0.0,20.49,0,4,512,0,80
11757.0333,-3.7,20.48,0.0,21.14,4,1,512,0,80
11757.2333,-8.0,20.49,0.0,20.48,4,32,514,8,80
11757.4333,-13.3333,20.49,0.0,21.165,4,32,512,0,80
11757.6333,-29.3333,20.57,0.0,20.48,0,20,520,0,80
11757.8333,-41.0333,20.48,0.0,21.12,0,33,584,0,80
11758.0333,-13.3333,20.48,0.0,21.16,0,32,576,0,80
11758.2333,6.4,20.49,0.0,20.48,0,32,576,0,80
11758.4333,11.2,20.49,0.0,20.48,0,12,576,0,80
11758.6333,11.2333,20.49,0.0,21.18,0,0,576,0,80
11758.8333,13.3333,20.56,0.0167,20.48,0,0,520,16,80
11759.0333,14.4667,20.48,0.0,20.48,0,0,578,16,80
11759.2333,1.6333,20.49,0.0167,20.48,0,0,514,16,80
11759.4333,0.8,20.48,0.0,21.16,0,0,514,16,80
11759.6333,0.2667,20.49,0.0,21.22,0,0,512,16,80
11759.8333,0.6,20.57,0.0,20.48,0,16,512,16,80
11760.0333,0.6667,20.56,0.0,20.48,0,0,512,16,80
11760.2333,0.8,20.49,0.0,21.2,0,1,512,16,80
11760.4333,1.0667,20.48,0.0,21.12,0,0,512,24,80
11760.6333,0.0,20.48,0.0,21.2,0,0,512,0,80
11760.8333,0.0333,20.48,0.0,20.48,0,0,512,0,80
11761.0333,-23.4667,20.48,0.0,20.52,0,0,512,0,80
11761.2333,-8.5333,20.5,0.0,20.48,1,0,520,0,80
11761.4333,4.3333,20.48,0.0,21.16,0,0,258,0,80
11761.6333,10.7333,20.49,0.0167,21.2,3,1,264,0,80
11761.8333,13.8667,20.49,0.0,20.48,1,0,257,0,80
11762.0333,13.3333,20.48,0.0,21.12,0,32,256,0,80
11762.2333,14.4,20.48,0.0,20.48,0,32,256,0,80
11762.4333,7.4667,20.49,0.0,21.16,0,33,256,0,80
11762.6333,-2.1333,20.49,0.0,20.48,0,32,256,0,80
11762.8333,-1.6,20.49,0.0,20.48,4,32,256,0,80
11763.0333,-7.4667,20.57,0.0,20.48,0,32,256,0,80
11763.2333,-9.0333,20.48,0.0,21.12,0,0,512,0,80
11763.4333,-16.5333,20.48,0.0,21.205,0,32,512,0,80
11763.6333,-19.7,20.48,0.0,20.5,0,32,512,8,80
11763.8333,-14.4,20.49,0.0,21.2,0,0,512,0,80
11764.0333,-7.4,20.56,0.0,21.2,0,0,256,0,80
11764.2333,0.5333,20.5,0.0,21.205,0,0,512,0,80
11764.4333,0.0,20.48,0.0,21.16,0,0,512,0,80
11764.6333,0.0,20.49,0.0,21.205,0,0,512,0,80
11764.8333,0.7333,20.49,0.0,21.12,4,16,512,0,80
11765.0333,0.0,20.51,0.0,21.205,0,8,512,0,80
11765.2333,0.0,20.48,0.0,21.205,0,0,514,16,80
11765.4333,0.0333,20.57,0.0167,20.48,0,8,512,16,80
11765.6333,0.1333,20.48,0.0,20.48,0,0,512,16,80
11765.8333,-7.4,20.56,0.0,21.24,0,24,513,16,80
11766.0333,-14.7667,20.48,0.0,21.12,0,8,512,16,80
11766.2333,-14.9333,20.51,0.0,20.48,0,0,520,16,80
11766.4333,-12.8,20.52,0.0,20.48,0,0,512,16,80
11766.6333,-10.6667,20.48,0.0,21.16,0,2,512,16,80
11766.8333,-7.4667,20.49,0.0,21.14,0,0,512,24,80
11767.0333,-4.7667,20.52,0.0,20.48,1,0,512,0,80
11767.2333,2.6667,20.56,0.0,21.22,0,0,514,0,80
11767.4333,9.6,20.52,0.0,21.12,0,34,512,32,80
11767.6333,11.7333,20.56,0.0,21.12,4,32,512,32,80
11767.8333,11.7333,20.48,0.0,21.16,0,32,512,32,80
11768.0333,13.9,20.48,0.0,20.48,0,32,512,0,80
11768.2333,10.1333,20.49,0.0,20.49,0,0,256,0,80
11768.4333,-1.5667,20.48,0.0167,21.12,0,0,512,0,80
11768.6333,-9.0333,20.56,0.0,20.48,0,0,512,0,80
11768.8333,-11.2,20.56,0.0,20.48,0,0,512,0,80
11769.0333,-11.7333,20.56,0.0,20.48,0,0,512,0,80
11769.2333,-11.7333,20.48,0.0,21.125,0,0,512,0,80
11769.4333,0.2333,20.49,0.0,21.2,0,0,512,0,80
11769.6333,0.0,20.48,0.0,20.48,0,16,512,0,80
11769.8333,0.0667,20.48,0.0,21.205,0,16,520,0,80
11770.0333,0.1333,20.48,0.0,20.48,0,17,512,8,80
11770.2333,0.0,20.49,0.0,20.5,0,8,256,0,80
11770.4333,0.0,20.49,0.0,20.48,0,0,516,0,80
11770.6333,0.0,20.57,0.0,21.18,0,24,512,0,80
11770.8333,12.8,20.57,0.0167,21.12,0,0,512,0,80
11771.0333,10.1333,20.48,0.0167,20.48,0,0,516,0,80
11771.2333,-1.5667,20.48,0.0,21.12,0,2,512,0,80
11771.4333,-8.5333,20.48,0.0,21.205,0,0,256,0,80
11771.6333,-13.3333,20.48,0.0,21.16,0,0,512,16,80
11771.8333,-16.5,20.48,0.0,20.48,0,0,512,16,80
11772.0333,-17.0667,20.48,0.0,21.2,0,0,512,16,80
11772.2333,-16.0,20.48,0.0,21.2,2,2,512,16,80
11772.4333,-11.2,20.56,0.0,20.48,0,0,516,16,80
11772.6333,-6.9333,20.57,0.0,20.48,0,0,512,16,80
11772.8333,0.1333,20.485,0.0,21.16,0,0,512,16,80
11773.0333,0.5333,20.48,0.0,20.48,0,0,520,16,80
11773.2333,0.0,20.48,0.0,21.12,0,0,512,24,80
11773.4333,0.5333,20.56,0.0,21.12,0,0,512,0,80
11773.6333,0.6667,20.56,0.0,21.12,0,0,512,0,80
11773.8333,0.6667,20.48,0.0,20.48,0,0,288,0,80
11774.0333,0.0,20.56,0.0,21.12,2,0,512,0,80
11774.2333,0.5333,20.48,0.0,20.48,0,0,514,0,80
11774.4333,0.0,20.48,0.0167,21.205,0,2,512,0,80
11774.6333,-6.4,20.48,0.0,21.18,0,0,512,0,80
11774.8333,-0.5333,20.48,0.0,21.12,4,32,512,0,80
11775.0333,-0.4667,20.56,0.0,21.12,0,0,512,0,80
11775.2333,-0.5,20.56,0.0167,21.12,0,0,512,0,80
11775.4333,-0.5333,20.57,0.0167,20.48,0,0,512,0,80
11775.6333,-0.5,20.48,0.0,21.24,0,0,512,0,80
11775.8333,-0.5,20.57,0.0,21.28,4,0,512,0,80
11776.0333,-0.5333,20.57,0.0,20.48,2,0,512,0,80
11776.2333,-0.5333,20.49,0.0,21.12,0,32,512,0,80
11776.4333,-0.5333,20.48,0.0167,21.12,0,32,512,8,80
11776.6333,-1.0667,20.57,0.0,21.12,0,32,512,0,80
11776.8333,-3.2,20.48,0.0,20.48,0,0,513,0,80
11777.0333,-46.4,20.48,0.0,20.5,0,4,260,0,80
11777.2333,-22.8667,20.485,0.0,21.2,0,32,512,0,80
11777.4333,10.2,20.48,0.0,20.48,2,0,512,0,80
11777.6333,0.5333,20.48,0.0167,21.245,0,8,514,0,80
11777.8333,0.0,20.48,0.0,21.12,0,0,512,0,80
11778.0333,0.0,20.48,0.0,21.12,0,8,512,16,80
11778.2333,0.5333,20.56,0.0,21.2,0,0,512,16,80
11778.4333,0.5333,20.48,0.0,21.22,0,0,512,16,80
11778.6333,0.5667,20.48,0.0167,20.48,4,0,512,16,80
11778.8333,0.0667,20.48,0.0,20.48,0,4,512,16,80
11779.0333,0.1333,20.48,0.0167,21.12,0,0,512,16,80
11779.2333,-1.6,20.48,0.0,20.5,0,8,520,16,80
11779.4333,-12.8,20.48,0.0,21.13,0,0,512,16,80
11779.6333,-16.0,20.48,0.0,21.12,0,0,522,24,80
11779.8333,-16.5333,20.52,0.0,21.12,0,4,512,0,80
11780.0333,-26.1333,20.48,0.0,21.14,0,0,512,0,80
11780.2333,-24.0,20.48,0.0,21.13,0,0,512,32,80
11780.4333,-22.4,20.48,0.0,21.12,0,4,514,32,80
11780.6333,-17.6,20.52,0.0,21.12,0,0,512,32,80
11780.8333,1.0667,20.48,0.0,21.12,0,8,512,64,80
11781.0333,10.6667,20.48,0.0,21.125,0,2,512,64,80
11781.2333,14.4,20.48,0.0,21.12,0,0,512,0,80
11781.4333,16.0,20.49,0.0,20.48,0,0,520,0,80
11781.6333,17.6333,20.56,0.0,21.12,0,2,516,0,80
11781.8333,17.0667,20.58,0.0,21.135,0,0,512,0,80
11782.0333,6.4667,20.48,0.0,20.48,0,0,257,0,80
11782.2333,-4.2667,20.49,0.0,21.12,0,0,512,0,80
11782.4333,0.1333,20.48,0.0,20.48,2,4,352,0,80
11782.6333,0.0,20.56,0.0,21.2,0,16,512,0,80
11782.8333,0.5333,20.49,0.0,21.16,0,0,320,8,80
11783.0333,0.1,20.48,0.0,21.12,0,0,516,0,80
11783.2333,0.5667,20.48,0.0,20.48,1,0,512,0,80
11783.4333,0.0,20.48,0.0,20.48,2,0,512,0,80
11783.6333,0.7333,20.56,0.0,21.12,0,0,512,0,80
11783.8333,0.0,20.48,0.0,21.205,0,32,512,0,80
11784.0333,12.8,20.48,0.0,20.48,4,16,512,0,80
11784.2333,15.1,20.48,0.0,21.12,0,32,520,0,80
11784.4333,18.2,20.49,0.0167,21.28,2,0,256,16,80
11784.6333,22.9333,20.48,0.0,21.12,0,0,512,16,80
11784.8333,26.1667,20.56,0.0,21.2,0,4,256,16,80
11785.0333,22.4,20.48,0.0,21.12,0,2,256,16,80
11785.2333,13.3333,20.5,0.0,20.48,4,0,512,16,80
11785.4333,-3.7333,20.48,0.0,21.12,0,0,512,16,80
11785.6333,-14.9333,20.48,0.0,21.12,0,2,576,16,80
11785.8333,-22.9333,20.48,0.0,21.12,0,0,352,16,80
11786.0333,-25.6,20.49,0.0,21.12,4,34,352,24,80
11786.2333,-26.0667,20.48,0.0,21.165,0,0,512,0,80
11786.4333,-20.7333,20.51,0.0,21.12,0,0,512,0,80
11786.6333,-21.8667,20.54,0.0,21.16,2,32,516,128,80
11786.8333,-18.1333,20.48,0.0,21.165,0,0,512,128,80
11787.0333,0.0,20.56,0.0,21.2,0,20,512,128,80
11787.2333,0.1,20.48,0.0,21.12,0,2,544,128,80
11787.4333,0.0,20.48,0.0167,21.12,0,2,513,128,80
11787.6333,0.6,20.48,0.0,20.48,0,16,512,128,80
11787.8333,0.0667,20.48,0.0,21.12,0,0,512,128,80
11788.0333,0.7333,20.51,0.0167,21.12,2,0,512,128,80
11788.2333,0.6,20.48,0.0,20.48,0,4,512,128,80
11788.4333,0.5333,20.49,0.0,21.12,0,0,516,128,80
11788.6333,0.0,20.48,0.0,21.16,8,24,512,128,80
11788.8333,-4.8,20.48,0.0,20.48,0,32,512,128,80
11789.0333,-6.4,20.49,0.0,20.48,0,0,516,128,80
11789.2333,-8.0,20.48,0.0,20.48,0,32,512,136,80
11789.4333,-12.2667,20.48,0.0,21.12,0,32,512,128,80
11789.6333,-11.6333,20.48,0.0167,21.12,4,32,512,128,80
11789.8333,-9.6,20.49,0.0,20.48,0,32,512,128,80
11790.0333,-9.0667,20.48,0.0,21.125,0,32,512,128,80
11790.2333,-7.4667,20.49,0.0167,21.12,0,32,512,128,80
11790.4333,0.0,20.49,0.0,21.12,0,0,512,128,80
11790.6333,2.6667,20.49,0.0,20.48,4,0,512,128,80
11790.8333,1.0667,20.48,0.0,21.165,0,33,257,144,80
11791.0333,0.0,20.48,0.0,21.12,0,32,518,144,80
11791.2333,-0.5333,20.48,0.0,21.12,4,32,512,144,80
11791.4333,-0.5333,20.48,0.0,20.48,0,16,512,144,80
11791.6333,-0.5333,20.48,0.0167,21.14,0,16,545,144,80
11791.8333,0.0,20.49,0.0,21.2,0,16,512,144,80
11792.0333,0.0,20.49,0.0,21.12,0,0,544,144,80
11792.2333,0.6667,20.52,0.0,21.16,0,16,512,144,80
11792.4333,0.5333,20.49,0.0,21.12,2,0,512,152,80
11792.6333,0.5333,20.49,0.0,21.16,0,4,544,128,80
11792.8333,0.5333,20.5,0.0,21.16,0,16,512,128,80
11793.0333,0.5333,20.48,0.0,20.48,0,0,320,160,80
11793.2333,0.5333,20.48,0.0,20.48,0,0,520,160,80
11793.4333,-0.5333,20.48,0.0,21.12,0,0,512,160,80
11793.6333,-1.6,20.48,0.0,21.12,0,0,516,0,80
11793.8333,-0.5333,20.51,0.0,20.48,0,0,544,0,80
11794.0333,-0.5333,20.48,0.0,21.16,0,0,544,0,80
11794.2333,-0.5333,20.49,0.0,21.12,4,0,544,0,80
11794.4333,-0.5333,20.48,0.0,21.12,0,32,576,0,80
11794.6333,-0.5333,20.48,0.0,21.14,0,0,548,0,80
11794.8333,-0.5333,20.48,0.0,21.2,4,0,576,0,80
11795.0333,-18.1333,20.48,0.0,21.16,0,0,514,0,80
11795.2333,7.4667,20.48,0.0,21.12,0,0,544,0,80
11795.4333,12.2667,20.51,0.0,20.48,0,0,544,0,80
11795.6333,12.3,20.49,0.0,21.2,0,0,512,8,80
11795.8333,13.3333,20.49,0.0,20.48,2,1,512,0,80
11796.0333,14.9333,20.48,0.0,21.125,0,0,512,0,80
11796.2333,15.5333,20.5,0.0,21.125,2,0,514,0,80
11796.4333,0.5333,20.52,0.0,21.12,4,4,512,0,80
11796.6333,0.0,20.49,0.0,21.2,0,0,520,0,80
11796.8333,0.2667,20.48,0.0,21.2,0,0,512,0,80
11797.0333,0.5333,20.48,0.0,21.2,0,0,513,0,80
11797.2333,0.0,20.5,0.0167,21.12,4,16,512,16,80
11797.4333,0.1333,20.48,0.0,21.12,0,8,512,16,80
11797.6333,0.0,20.52,0.0,21.12,0,16,512,16,80
11797.8333,0.0,20.49,0.0,21.12,0,0,512,16,80
11798.0333,-3.7333,20.48,0.0167,21.16,0,0,512,16,80
11798.2333,-6.4,20.48,0.0,21.16,0,0,576,16,80
11798.4333,-8.5333,20.48,0.0,21.125,0,0,512,16,80
11798.6333,-26.1333,20.52,0.0,21.2,0,0,512,16,80
11798.8333,-43.7333,20.48,0.0,21.12,1,0,512,24,80
11799.0333,-56.5333,20.48,0.0,20.48,4,1,578,0,80
11799.2333,-48.0,20.48,0.0,20.48,0,0,516,0,80
11799.4333,-21.3333,20.48,0.0,21.2,0,24,512,0,80
11799.6333,15.4667,20.48,0.0,21.2,0,32,512,0,80
11799.8333,20.2667,20.49,0.0,20.48,0,0,512,0,80
11800.0333,19.7333,20.56,0.0,21.12,8,0,512,0,80
11800.2333,20.8333,20.5,0.0,20.48,0,0,512,0,80
11800.4333,24.5667,20.48,0.0,21.12,1,8,512,0,80
11800.6333,18.7333,20.48,0.0,21.12,0,1,512,0,80
11800.8333,4.3333,20.57,0.0167,21.12,1,0,608,0,80
11801.0333,0.0667,20.48,0.0167,21.12,2,4,576,0,80
11801.2333,0.0,20.56,0.0,21.12,0,0,576,0,80
11801.4333,0.0,20.48,0.0,21.12,0,16,512,0,80
11801.6333,0.0667,20.48,0.0167,20.48,0,8,512,0,80
11801.8333,0.6667,20.49,0.0,21.125,0,0,512,0,80
11802.0333,0.0333,20.49,0.0167,21.2,0,0,514,8,80
11802.2333,0.5333,20.48,0.0,21.2,0,0,528,0,80
11802.4333,0.5667,20.49,0.0167,21.125,0,1,512,0,80
11802.6333,0.0,20.49,0.0,21.12,4,1,512,0,80
11802.8333,-10.1333,20.49,0.0,21.12,0,0,512,0,80
11803.0333,-30.4,20.48,0.0,21.2,0,32,512,0,80
11803.2333,-30.8667,20.48,0.0,21.12,0,1,516,0,80
11803.4333,-25.0667,20.48,0.0,21.12,8,34,513,0,80
11803.6333,1.6,20.51,0.0,21.12,0,0,512,16,80
11803.8333,13.3333,20.56,0.0,21.2,0,3,608,16,80
11804.0333,16.0,20.48,0.0,21.12,0,0,514,16,80
11804.2333,14.4,20.48,0.0,21.2,0,0,512,16,80
11804.4333,15.4667,20.56,0.0,21.12,0,0,512,16,80
11804.6333,15.4667,20.48,0.0,21.16,1,0,512,16,80
11804.8333,9.0667,20.52,0.0,21.12,0,0,576,16,80
11805.0333,-4.8,20.52,0.0,21.12,0,0,512,16,80
11805.2333,-11.7333,20.48,0.0167,21.125,0,8,520,24,80
11805.4333,-22.9333,20.5,0.0,21.2,0,0,576,0,80
11805.6333,0.0667,20.48,0.0,21.2,0,16,520,0,80
11805.8333,0.0,20.48,0.0,21.12,0,0,512,32,80
11806.0333,0.0,20.48,0.0,21.12,0,8,544,32,80
11806.2333,0.0333,20.48,0.0,21.2,4,16,544,32,80
11806.4333,0.6,20.49,0.0167,21.12,0,8,512,64,80
11806.6333,0.6,20.485,0.0,21.12,0,0,544,64,80
11806.8333,0.5333,20.48,0.0,21.2,0,4,512,0,80
11807.0333,0.5333,20.49,0.0167,21.2,0,0,512,0,80
11807.2333,0.0,20.57,0.0,20.48,0,0,512,0,80
11807.4333,0.2667,20.48,0.0,21.18,0,0,512,0,80
11807.6333,13.8667,20.49,0.0,21.2,0,0,520,0,80
11807.8333,2.1333,20.48,0.0,21.12,2,0,544,0,80
11808.0333,-0.4667,20.48,0.0,21.12,0,0,544,0,80
11808.2333,-0.5333,20.48,0.0167,21.2,0,0,546,0,80
11808.4333,-0.8,20.56,0.0,21.2,0,0,544,8,80
11808.6333,-0.5333,20.48,0.0167,21.12,0,0,512,0,80
11808.8333,-0.5333,20.56,0.0,20.48,0,16,512,0,80
11809.0333,-0.5333,20.49,0.0167,21.12,4,2,512,0,80
11809.2333,-0.4667,20.48,0.0,21.2,0,0,512,0,80
11809.4333,-10.1333,20.48,0.0,21.205,0,0,516,0,80
11809.6333,-17.0333,20.48,0.0,20.48,4,2,512,0,80
11809.8333,-5.2667,20.56,0.0,20.48,0,0,576,0,80
11810.0333,0.0333,20.49,0.0,21.2,0,0,546,16,80
11810.2333,-0.4667,20.485,0.0167,21.125,0,8,512,16,80
11810.4333,-0.5333,20.49,0.0,21.2,5,8,512,16,80
11810.6333,0.0,20.56,0.0,21.205,4,0,512,16,80
11810.8333,0.5333,20.48,0.0,21.16,0,0,512,16,80
11811.0333,0.0,20.48,0.0,21.2,0,0,512,16,80
11811.2333,0.0667,20.48,0.0167,21.2,4,0,512,16,80
11811.4333,0.0,20.49,0.0167,21.205,1,0,512,16,80
11811.6333,0.5333,20.52,0.0,21.12,0,20,512,24,80
11811.8333,0.1333,20.48,0.0,21.12,0,0,520,0,80
11812.0333,0.6667,20.49,0.0,21.12,0,3,520,0,80
11812.2333,-19.2,20.57,0.0167,20.48,2,0,512,0,80
11812.4333,2.2667,20.48,0.0,21.12,0,0,512,0,80
11812.6333,16.0667,20.52,0.0,20.48,0,0,512,0,80
11812.8333,20.5667,20.52,0.0,21.165,0,32,512,0,80
11813.0333,20.2667,20.48,0.0,21.2,0,0,512,0,80
11813.2333,22.4,20.57,0.0,21.2,0,0,514,0,80
11813.4333,21.8667,20.48,0.0,21.2,0,24,296,0,80
11813.6333,13.8667,20.49,0.0,21.12,4,0,512,0,80
11813.8333,1.0667,20.485,0.0,21.12,0,0,512,0,80
11814.0333,-1.0667,20.48,0.0,21.205,0,0,512,0,80
11814.2333,-0.5333,20.49,0.0,21.12,0,0,512,0,80
11814.4333,-0.5333,20.48,0.0,21.16,0,0,520,0,80
11814.6333,-0.5333,20.48,0.0,21.12,0,0,516,0,80
11814.8333,-7.4,20.48,0.0167,21.16,0,16,544,8,80
11815.0333,0.2333,20.49,0.0,21.2,0,16,512,0,80
11815.2333,0.1333,20.49,0.0,21.12,0,1,520,0,80
11815.4333,0.0,20.54,0.0,21.14,0,24,546,0,80
11815.6333,0.5333,20.56,0.0,21.12,0,0,544,0,80
11815.8333,0.2,20.48,0.0,20.49,0,0,512,0,80
11816.0333,0.0667,20.49,0.0,21.2,0,2,544,0,80
11816.2333,0.0333,20.495,0.0,20.48,0,16,513,0,80
11816.4333,0.0,20.48,0.0,21.12,0,8,544,16,80
11816.6333,0.6667,20.48,0.0,21.12,0,16,512,16,80
11816.8333,0.5333,20.48,0.0,21.12,0,0,546,16,80
11817.0333,15.4667,20.49,0.0,21.2,2,0,512,16,80
11817.2333,15.0,20.48,0.0,21.13,0,16,544,16,80
11817.4333,10.6667,20.48,0.0,21.12,0,0,512,16,80
11817.6333,1.0667,20.57,0.0,21.125,4,0,512,16,80
11817.8333,-5.8667,20.48,0.0167,21.12,0,0,512,16,80
11818.0333,-12.8,20.49,0.0,21.12,0,0,514,24,80
11818.2333,-17.0667,20.57,0.0,20.48,0,0,516,0,80
11818.4333,-15.4667,20.51,0.0,21.2,0,0,512,0,80
11818.6333,-13.3333,20.52,0.0,21.12,0,0,512,32,80
11818.8333,-10.1333,20.48,0.0167,20.48,0,0,512,32,80
11819.0333,-6.9333,20.49,0.0167,21.2,2,16,514,32,80
11819.2333,-1.5333,20.49,0.0,20.48,2,1,514,0,80
11819.4333,4.2667,20.48,0.0167,21.2,1,16,512,0,80
11819.6333,9.6,20.49,0.0,21.16,2,0,512,0,80
11819.8333,0.0667,20.57,0.0,21.2,0,0,544,0,80
11820.0333,0.0,20.57,0.0,21.12,0,0,512,0,80
11820.2333,0.6333,20.48,0.0,21.12,1,5,512,0,80
11820.4333,0.5333,20.49,0.0,21.2,0,18,520,0,80
11820.6333,0.0,20.48,0.0,21.13,0,18,520,0,80
11820.8333,1.0667,20.48,0.0,21.12,1,0,512,0,80
11821.0333,1.0667,20.48,0.0,20.48,0,0,512,0,80
11821.2333,0.8,20.56,0.0,21.125,1,0,512,8,80
11821.4333,-12.2667,20.57,0.0,21.12,0,0,512,0,80
11821.6333,-10.6667,20.48,0.0,21.13,0,0,512,0,80
11821.8333,-8.5333,20.57,0.0,21.2,0,1,544,0,80
11822.0333,-8.5333,20.57,0.0,21.2,0,0,513,0,80
11822.2333,-5.2,20.49,0.0,21.28,0,0,544,0,80
11822.4333,0.2,20.56,0.0,20.5,0,0,548,0,80
11822.6333,4.2667,20.505,0.0,21.2,2,0,544,0,80
11822.8333,9.0667,20.49,0.0,21.2,0,0,520,16,80
11823.0333,16.0,20.48,0.0,21.12,0,2,513,16,80
11823.2333,10.1333,20.57,0.0,21.12,4,0,546,16,80
11823.4333,10.6667,20.48,0.0,21.2,4,0,512,16,80
11823.6333,10.1667,20.49,0.0,21.2,0,0,512,16,80
11823.8333,1.6333,20.52,0.0,21.2,2,16,544,16,80
11824.0333,-1.5333,20.48,0.0,21.12,0,4,544,16,80
11824.2333,0.0,20.48,0.0,20.48,0,16,512,16,80
11824.4333,0.6,20.48,0.0,21.22,1,4,520,24,80
11824.6333,0.6667,20.495,0.0,21.16,2,8,512,0,80
11824.8333,0.5333,20.48,0.0,21.2,0,0,512,0,80
11825.0333,0.0333,20.56,0.0,21.125,8,0,512,0,80
11825.2333,0.5333,20.48,0.0,20.48,0,16,512,0,80
11825.4333,0.6,20.56,0.0,21.16,0,0,513,0,80
11825.6333,0.8,20.48,0.0,21.18,0,4,514,0,80
11825.8333,0.0,20.48,0.0,20.48,0,8,512,0,80
11826.0333,-1.3333,20.56,0.0167,21.2,0,0,512,0,80
11826.2333,-0.9667,20.48,0.0,21.12,0,0,512,0,80
11826.4333,-0.5333,20.57,0.0,21.12,0,0,512,0,80
11826.6333,0.0,20.48,0.0,20.48,0,33,544,0,80
11826.8333,0.5333,20.48,0.0,21.16,0,0,512,0,80
11827.0333,-1.0667,20.48,0.0,21.12,0,0,520,0,80
11827.2333,-17.6,20.48,0.0,21.12,0,0,512,0,80
11827.4333,-26.6667,20.48,0.0,21.2,0,0,512,0,80
11827.6333,-29.8667,20.48,0.0,21.2,0,0,512,8,80
11827.8333,-35.2,20.48,0.0,21.125,0,0,512,0,80
11828.0333,-24.0,20.5,0.0,21.2,0,0,512,0,80
11828.2333,0.0333,20.48,0.0,21.12,0,4,256,0,80
11828.4333,22.4333,20.48,0.0,20.48,0,0,512,0,80
11828.6333,41.6667,20.48,0.0,21.2,0,0,544,0,80
11828.8333,0.5333,20.57,0.0,21.12,0,8,516,0,80
11829.0333,0.0,20.49,0.0167,21.12,0,0,512,0,80
11829.2333,0.8,20.56,0.0,20.48,0,8,524,16,80
11829.4333,0.6667,20.48,0.0,21.205,0,4,516,16,80
11829.6333,0.7333,20.48,0.0,20.48,0,16,512,16,80
11829.8333,0.0667,20.56,0.0,21.12,0,0,520,16,80
11830.0333,0.8,20.48,0.0,21.205,0,0,512,16,80
11830.2333,0.5333,20.56,0.0,21.205,0,8,512,16,80
11830.4333,0.0,20.56,0.0,21.2,0,0,512,16,80
11830.6333,-27.2,20.5,0.0,21.16,0,0,512,16,80
11830.8333,-22.3667,20.52,0.0,21.205,0,0,512,24,80
11831.0333,-13.8,20.57,0.0,21.16,0,32,512,0,80
11831.2333,1.6,20.5,0.0,21.16,0,0,516,0,80
11831.4333,12.8,20.48,0.0,21.16,0,0,513,32,80
11831.6333,18.1333,20.48,0.0,21.12,2,33,516,32,80
11831.8333,19.7333,20.56,0.0,21.2,0,0,544,32,80
11832.0333,18.1333,20.48,0.0,21.2,0,0,512,64,80
11832.2333,10.6667,20.56,0.0,21.2,0,0,544,64,80
11832.4333,-8.5333,20.56,0.0,21.16,0,0,576,0,80
11832.6333,-22.9333,20.48,0.0167,21.2,0,32,576,0,80
11832.8333,-26.1333,20.48,0.0,21.24,0,1,576,0,80
11833.0333,-19.7,20.48,0.0,21.2,0,2,544,0,80
11833.2333,-15.4667,20.56,0.0167,21.2,0,0,524,0,80
11833.4333,0.0,20.5,0.0167,21.12,1,4,544,0,80
11833.6333,0.0667,20.48,0.0,21.12,0,0,544,0,80
11833.8333,0.5333,20.48,0.0,21.13,0,0,544,0,80
11834.0333,0.1,20.48,0.0,21.2,0,0,512,8,80
11834.2333,0.0,20.56,0.0,21.12,0,16,512,0,80
11834.4333,0.0,20.48,0.0,21.12,0,16,512,0,80
11834.6333,0.6333,20.56,0.0,21.12,0,16,512,0,80
11834.8333,0.0,20.56,0.0,21.2,0,0,528,0,80
11835.0333,0.1333,20.48,0.0,21.12,0,16,512,0,80
11835.2333,-22.4,20.57,0.0167,21.12,0,0,512,0,80
11835.4333,-27.2,20.56,0.0,21.24,0,0,544,0,80
11835.6333,-26.6667,20.56,0.0,21.205,0,0,512,16,80
11835.8333,-25.0667,20.48,0.0167,21.12,0,0,514,16,80
11836.0333,-20.2667,20.56,0.0,21.12,0,0,513,16,80
11836.2333,-17.6,20.48,0.0,21.12,0,0,513,16,80
11836.4333,2.1667,20.48,0.0,21.12,8,0,548,16,80
11836.6333,18.1333,20.56,0.0,21.2,4,32,512,16,80
11836.8333,21.3333,20.485,0.0,21.12,0,2,512,16,80
11837.0333,22.9333,20.48,0.0,21.12,0,32,512,16,80
11837.2333,24.0,20.56,0.0167,21.125,0,0,512,24,80
11837.4333,25.0667,20.48,0.0,21.12,0,0,514,0,80
11837.6333,28.2667,20.56,0.0,21.12,0,16,512,0,80
11837.8333,22.9333,20.48,0.0,21.16,0,16,512,128,80
11838.0333,0.2,20.48,0.0,21.205,0,18,576,128,80
11838.2333,0.0,20.49,0.0,21.12,0,16,512,128,80
11838.4333,0.5333,20.58,0.0,21.16,0,0,512,128,80
11838.6333,0.0,20.5,0.0,21.2,0,0,512,128,80
11838.8333,0.6,20.48,0.0,21.2,0,0,576,128,80
11839.0333,0.6667,20.56,0.0,21.205,4,0,512,128,80
11839.2333,0.6,20.48,0.0167,21.12,0,16,576,128,80
11839.4333,0.0667,20.56,0.0,21.2,0,4,512,128,80
11839.6333,-17.0667,20.48,0.0,21.12,0,0,512,128,80
11839.8333,-10.4,20.56,0.0167,21.2,2,1,576,128,80
11840.0333,8.5333,20.48,0.0,21.2,0,0,576,128,80
11840.2333,14.9333,20.48,0.0,21.12,0,0,513,128,80
11840.4333,18.1333,20.48,0.0,21.12,0,0,512,136,80
11840.6333,21.8667,20.49,0.0,21.2,0,32,512,128,80
11840.8333,21.8667,20.56,0.0,21.12,0,0,512,128,80
11841.0333,28.8333,20.48,0.0,21.12,0,32,512,128,80
11841.2333,25.0667,20.56,0.0,21.2,0,32,512,128,80
11841.4333,12.3333,20.56,0.0,21.2,0,0,576,128,80
11841.6333,-0.5333,20.54,0.0,21.2,0,0,576,128,80
11841.8333,-0.5333,20.48,0.0,21.2,0,0,546,128,80
11842.0333,-0.4667,20.57,0.0,21.2,0,34,512,144,80
11842.2333,-0.4667,20.56,0.0,21.12,0,8,544,144,80
11842.4333,-0.5333,20.48,0.0,21.2,4,0,512,144,80
11842.6333,0.6,20.56,0.0,21.12,0,0,576,144,80
11842.8333,0.5333,20.48,0.0167,20.48,0,2,512,144,80
11843.0333,0.0,20.48,0.0,21.2,0,8,548,144,80
11843.2333,0.0,20.5,0.0,21.2,2,0,516,144,80
11843.4333,0.0,20.56,0.0,21.24,0,2,513,144,80
11843.6333,0.6,20.56,0.0167,21.2,4,8,544,152,80
11843.8333,1.0667,20.48,0.0167,21.12,0,0,512,128,80
11844.0333,0.0667,20.48,0.0,21.12,0,0,520,128,80
11844.2333,-22.3333,20.56,0.0,20.48,0,0,512,160,80
11844.4333,-12.8,20.56,0.0,21.12,0,0,512,160,80
11844.6333,1.0667,20.48,0.0,21.12,8,36,544,160,80
11844.8333,11.7333,20.56,0.0,21.2,0,4,512,0,80
11845.0333,14.9333,20.48,0.0,21.2,0,37,544,0,80
11845.2333,14.4333,20.5,0.0,21.12,4,0,548,0,80
11845.4333,15.4667,20.48,0.0,21.12,0,32,512,0,80
11845.6333,16.0333,20.58,0.0,21.12,0,32,512,0,80
11845.8333,13.3667,20.56,0.0,21.18,1,0,512,0,80
11846.0333,-0.4667,20.56,0.0,21.125,0,17,512,0,80
11846.2333,-14.3333,20.56,0.0,21.12,0,32,514,0,80
11846.4333,-29.2667,20.485,0.0,21.12,0,32,512,0,80
11846.6333,-29.8667,20.48,0.0,21.12,0,32,512,0,80
11846.8333,-24.5333,20.48,0.0,21.12,0,16,512,8,80
11847.0333,0.1333,20.56,0.0167,21.12,0,16,512,0,80
11847.2333,0.1333,20.5,0.0,21.12,2,16,544,0,80
11847.4333,0.1333,20.48,0.0,21.14,0,16,516,0,80
11847.6333,0.6667,20.49,0.0,21.18,0,0,512,0,80
11847.8333,0.5333,20.56,0.0,21.2,0,0,512,0,80
11848.0333,0.5333,20.48,0.0,21.12,8,0,544,0,80
11848.2333,1.1667,20.48,0.0167,21.12,0,16,513,0,80
11848.4333,0.5333,20.48,0.0167,21.125,2,0,512,16,80
11848.6333,0.5667,20.5,0.0,21.12,0,16,520,16,80
11848.8333,-2.0,20.48,0.0167,21.125,0,8,512,16,80
11849.0333,-10.6667,20.48,0.0167,21.14,0,32,512,16,80
11849.2333,-16.9333,20.48,0.0167,21.12,0,32,544,16,80
11849.4333,-19.2,20.49,0.0,21.125,0,32,512,16,80
11849.6333,-22.3333,20.5,0.0,21.12,0,0,512,16,80
11849.8333,-18.1333,20.56,0.0,21.12,4,0,512,16,80
11850.0333,-16.5333,20.48,0.0,21.12,4,0,514,24,80
11850.2333,-13.8667,20.485,0.0167,21.14,0,0,512,0,80
11850.4333,4.3,20.56,0.0,21.12,2,0,516,0,80
11850.6333,15.4667,20.48,0.0,21.12,0,0,512,0,80
11850.8333,19.7333,20.48,0.0,21.12,0,0,260,0,80
11851.0333,21.3333,20.56,0.0,21.12,0,0,288,0,80
11851.2333,22.9333,20.48,0.0,21.12,0,0,4,0,80
11851.4333,25.0667,20.48,0.0167,21.16,8,20,256,0,80
11851.6333,14.9333,20.48,0.0167,21.12,8,8,256,0,80
11851.8333,0.1333,20.48,0.0,21.12,0,16,256,0,80
11852.0333,0.5333,20.48,0.0,21.12,0,16,256,0,80
11852.2333,0.2,20.49,0.0,21.12,0,0,288,0,80
11852.4333,0.6667,20.48,0.0,21.24,0,0,260,0,80
11852.6333,0.5667,20.48,0.0,21.12,0,0,256,0,80
11852.8333,0.5333,20.49,0.0167,21.12,0,8,260,0,80
11853.0333,0.6,20.56,0.0,21.12,0,16,256,0,80
11853.2333,0.6,20.48,0.0,21.12,0,8,258,8,80
11853.4333,0.0,20.48,0.0,21.12,0,0,352,0,80
11853.6333,-1.5333,20.48,0.0,21.2,0,0,320,0,80
11853.8333,-19.0667,20.54,0.0,21.125,0,2,260,0,80
11854.0333,-12.7333,20.48,0.0,21.12,0,0,320,0,80
11854.2333,3.7333,20.48,0.0,21.12,0,0,256,0,80
11854.4333,8.0,20.48,0.0,21.12,0,0,260,0,80
11854.6333,10.1667,20.48,0.0,21.12,0,0,256,0,80
11854.8333,10.6667,20.48,0.0,21.12,0,0,256,16,80
11855.0333,9.6333,20.48,0.0,21.12,0,1,256,16,80
11855.2333,4.2667,20.48,0.0,21.12,0,32,256,16,80
11855.4333,-0.4667,20.49,0.0,21.12,0,1,256,16,80
11855.6333,-0.5333,20.56,0.0,21.12,0,0,256,16,80
11855.8333,-0.5333,20.56,0.0,21.12,0,0,352,16,80
11856.0333,-0.5333,20.56,0.0,21.12,0,0,256,16,80
11856.2333,1.0667,20.48,0.0,21.12,0,0,352,16,80
11856.4333,0.5333,20.56,0.0,21.12,0,0,256,24,80
11856.6333,0.0333,20.485,0.0,21.12,0,0,256,0,80
11856.8333,0.0,20.48,0.0,21.12,0,8,268,0,80
11857.0333,0.5333,20.48,0.0167,21.12,0,16,256,32,80
11857.2333,0.0,20.48,0.0,21.12,0,16,258,32,80
11857.4333,0.2333,20.49,0.0,21.12,0,8,256,32,80
11857.6333,0.1333,20.56,0.0,21.12,0,260,256,64,80
11857.8333,-0.9333,20.56,0.0,21.12,0,16,256,64,80
11858.0333,3.7333,20.56,0.0,21.12,0,0,256,0,80
11858.2333,5.4,20.56,0.0,21.12,0,32,257,0,80
11858.4333,4.8333,20.48,0.0,21.12,1,32,260,0,80
11858.6333,4.2667,20.48,0.0,21.12,0,1,258,0,80
11858.8333,1.6,20.48,0.0,21.16,0,0,257,0,80
11859.0333,-0.5333,20.56,0.0,21.12,0,0,256,0,80
11859.2333,-0.4667,20.485,0.0,21.13,0,2,256,0,80
11859.4333,-0.4667,20.48,0.0,21.12,0,0,260,0,80
11859.6333,-0.5333,20.48,0.0,21.12,0,34,288,8,80
11859.8333,-0.5333,20.48,0.0,21.12,0,0,288,0,80
11860.0333,-0.5333,20.48,0.0,21.12,0,0,256,0,80
11860.2333,-0.5,20.48,0.0,21.12,0,0,256,0,80
11860.4333,0.5333,20.48,0.0,21.125,0,8,256,0,80
11860.6333,0.5333,20.56,0.0,21.16,0,0,258,0,80
11860.8333,0.1333,20.48,0.0,21.12,0,2,259,0,80
11861.0333,0.1333,20.48,0.0,21.12,0,4,288,0,80
11861.2333,0.5333,20.56,0.0,21.12,0,16,288,16,80
11861.4333,0.5333,20.48,0.0,21.16,0,0,288,16,80
11861.6333,0.0667,20.5,0.0,21.12,0,2,262,16,80
11861.8333,0.2,20.49,0.0,21.12,0,0,320,16,80
11862.0333,0.5333,20.49,0.0,21.12,0,0,320,16,80
11862.2333,9.2,20.48,0.0,21.12,0,16,320,16,80
11862.4333,8.6667,20.48,0.0,21.12,4,0,324,16,80
11862.6333,7.5333,20.48,0.0,21.12,0,0,320,16,80
11862.8333,0.1667,20.48,0.0,21.12,0,20,256,24,80
11863.0333,-1.0667,20.48,0.0,21.12,0,0,320,0,80
11863.2333,-0.5333,20.48,0.0,21.13,0,0,352,0,80
11863.4333,-3.2,20.48,0.0,21.12,4,0,360,0,80
11863.6333,-5.8667,20.48,0.0,21.12,4,0,352,0,80
11863.8333,-6.4,20.485,0.0,21.125,1,32,512,0,80
11864.0333,-3.7333,20.48,0.0,21.12,0,32,512,0,80
11864.2333,-5.8667,20.48,0.0,21.14,0,34,544,0,80
11864.4333,-30.9333,20.48,0.0,21.12,0,32,544,0,80
11864.6333,-25.6,20.56,0.0,21.12,0,16,552,0,80
11864.8333,-10.1333,20.48,0.0,21.12,0,0,544,0,80
11865.0333,-4.8,20.48,0.0,21.12,0,20,544,0,80
11865.2333,0.0,20.48,0.0,21.12,0,17,512,0,80
11865.4333,0.0,20.49,0.0,21.12,0,16,544,0,80
11865.6333,0.0,20.48,0.0,21.12,1,16,544,0,80
11865.8333,0.5667,20.48,0.0,21.16,0,16,512,0,80
11866.0333,0.5333,20.49,0.0167,21.125,0,16,544,8,80
11866.2333,0.0333,20.48,0.0,21.12,0,0,544,0,80
11866.4333,0.1333,20.48,0.0,21.12,0,1,577,0,80
11866.6333,0.0667,20.48,0.0,21.12,0,16,546,0,80
11866.8333,0.6333,20.48,0.0,21.12,0,0,512,0,80
11867.0333,0.5333,20.485,0.0,21.12,0,16,576,0,80
11867.2333,0.6,20.56,0.0,21.12,1,0,512,0,80
11867.4333,0.0,20.5,0.0,21.125,0,0,512,0,80
11867.6333,-1.6,20.48,0.0,21.12,0,0,512,16,80
11867.8333,-1.0667,20.48,0.0,21.125,2,0,512,16,80
11868.0333,-1.0,20.48,0.0,21.12,0,0,544,16,80
11868.2333,-1.0667,20.48,0.0,21.12,0,0,544,16,80
11868.4333,-0.5333,20.48,0.0,21.12,0,32,576,16,80
11868.6333,-0.5333,20.48,0.0,21.12,0,8,576,16,80
11868.8333,-0.5,20.48,0.0,21.14,0,32,580,16,80
11869.0333,-0.5333,20.48,0.0167,21.12,0,32,512,16,80
11869.2333,-0.5333,20.48,0.0,21.12,0,0,584,24,80
11869.4333,-0.5333,20.48,0.0,21.12,0,32,576,0,80
11869.6333,-1.0333,20.48,0.0,21.12,0,32,544,0,80
11869.8333,-9.6,20.48,0.0,21.12,4,0,576,32,80
11870.0333,0.2,20.48,0.0,21.12,4,0,576,32,80
11870.2333,0.5333,20.48,0.0,21.12,4,8,576,32,80
11870.4333,0.5333,20.48,0.0,21.125,2,1,514,0,80
11870.6333,0.0667,20.56,0.0,21.16,4,1,576,0,80
11870.8333,0.6,20.48,0.0,21.12,0,16,577,0,80
11871.0333,0.0333,20.48,0.0,21.16,0,0,544,0,80
11871.2333,0.0,20.48,0.0,21.12,0,0,512,0,80
11871.4333,0.0333,20.48,0.0,21.12,0,0,544,0,80
11871.6333,8.5333,20.48,0.0,21.12,0,0,512,0,80
11871.8333,-1.0,20.48,0.0,21.16,0,8,512,0,80
11872.0333,-0.9667,20.48,0.0,21.12,0,32,514,0,80
11872.2333,-1.0667,20.48,0.0,21.12,0,32,576,0,80
11872.4333,-1.0,20.48,0.0,21.12,4,32,577,8,80
11872.6333,-0.5,20.48,0.0,21.12,0,32,608,0,80
11872.8333,-0.5333,20.48,0.0,21.12,0,32,576,0,80
11873.0333,-0.5333,20.48,0.0,21.12,0,32,577,0,80
11873.2333,-0.5,20.48,0.0,21.16,0,32,576,0,80
11873.4333,-0.5,20.48,0.0,21.16,0,32,544,0,80
11873.6333,-0.4667,20.48,0.0,21.12,0,32,576,0,80
11873.8333,0.5333,20.48,0.0,21.12,0,16,576,0,80
11874.0333,0.5333,20.48,0.0,21.12,2,1,512,16,80
11874.2333,0.5333,20.48,0.0,21.12,0,0,546,16,80
11874.4333,0.1333,20.48,0.0,21.12,0,4,544,16,80
11874.6333,0.5333,20.48,0.0,21.12,0,0,576,16,80
11874.8333,0.6,20.48,0.0,21.12,2,0,578,16,80
11875.0333,0.1333,20.48,0.0,21.12,0,1,576,16,80
11875.2333,0.6,20.5,0.0,21.12,0,16,512,16,80
11875.4333,-1.0667,20.48,0.0,21.12,0,0,512,16,80
11875.6333,-2.1333,20.48,0.0167,21.12,5,0,544,24,80
11875.8333,-2.0333,20.48,0.0,21.12,0,0,514,0,80
11876.0333,-8.5333,20.56,0.0,21.12,0,0,580,0,80
11876.2333,-18.1333,20.48,0.0,21.12,0,0,576,0,80
11876.4333,-6.2,20.48,0.0,20.48,0,0,512,0,80
11876.6333,8.5333,20.48,0.0,21.12,0,0,512,0,80
11876.8333,10.6667,20.49,0.0,21.125,5,0,576,0,80
11877.0333,11.2,20.48,0.0,21.125,0,0,512,0,80
11877.2333,11.2,20.48,0.0,21.16,0,0,512,0,80
11877.4333,8.5667,20.48,0.0,21.12,0,32,520,0,80
11877.6333,5.3333,20.48,0.0,21.12,0,32,544,0,80
11877.8333,1.0667,20.48,0.0,21.16,0,0,512,0,80
11878.0333,0.0667,20.48,0.0,21.12,0,0,512,0,80
11878.2333,0.5333,20.48,0.0,21.12,0,8,512,0,80
11878.4333,0.6,20.48,0.0,21.12,4,0,512,0,80
11878.6333,0.5333,20.48,0.0,21.12,0,0,512,0,80
11878.8333,0.0667,20.48,0.0,21.12,0,0,576,8,80
11879.0333,0.5333,20.48,0.0,21.12,0,1,512,0,80
11879.2333,0.6333,20.48,0.0,21.12,0,8,512,0,80
11879.4333,0.5333,20.48,0.0,21.12,0,0,513,0,80
11879.6333,0.5333,20.48,0.0,21.16,0,0,288,0,80
11879.8333,0.0,20.48,0.0,21.12,0,8,256,0,80
11880.0333,-2.1333,20.48,0.0,21.12,0,32,288,0,80
11880.2333,-1.0667,20.48,0.0,21.16,0,0,256,0,80
11880.4333,-1.0667,20.49,0.0167,21.12,0,0,288,16,80
11880.6333,-1.0333,20.48,0.0,21.12,4,1,288,16,80
11880.8333,-13.8667,20.5,0.0167,21.2,0,32,264,16,80
11881.0333,-27.2,20.48,0.0,21.16,5,32,288,16,80
11881.2333,-46.9333,20.48,0.0,21.12,0,0,288,16,80
11881.4333,-20.8,20.49,0.0,21.12,0,0,289,16,80
11881.6333,-2.1,20.5,0.0,21.2,0,0,288,16,80
11881.8333,6.9333,20.48,0.0,21.16,1,8,288,16,80
11882.0333,10.1333,20.48,0.0,21.16,0,0,544,24,80
11882.2333,10.6667,20.48,0.0,21.125,0,32,262,0,80
11882.4333,8.0667,20.48,0.0,21.2,0,4,512,0,80
11882.6333,0.0667,20.48,0.0,21.12,3,0,513,32,80
11882.8333,0.5333,20.48,0.0167,21.12,0,0,256,32,80
11883.0333,0.6,20.5,0.0,21.2,8,16,256,32,80
11883.2333,0.6,20.5,0.0,21.12,2,0,256,64,80
11883.4333,0.6,20.48,0.0,21.12,0,0,276,64,80
11883.6333,0.5333,20.48,0.0,21.14,8,0,256,0,80
11883.8333,1.0667,20.48,0.0,21.125,0,0,256,0,80
11884.0333,1.1333,20.49,0.0,21.12,0,16,256,0,80
11884.2333,0.6667,20.5,0.0,21.12,0,4,256,0,80
11884.4333,-0.4,20.5,0.0167,21.125,1,1,321,0,80
11884.6333,-1.6,20.49,0.0,21.12,0,0,288,0,80
11884.8333,-0.5333,20.48,0.0,21.12,0,0,256,0,80
11885.0333,-1.0333,20.49,0.0,21.2,0,0,256,0,80
11885.2333,-1.0667,20.48,0.0167,21.12,0,0,322,8,80
11885.4333,-0.5333,20.48,0.0,21.2,0,0,324,0,80
11885.6333,-0.5333,20.48,0.0,21.12,1,0,356,0,80
11885.8333,-0.5333,20.48,0.0,21.125,0,0,352,0,80
11886.0333,-0.5333,20.49,0.0,21.2,0,0,352,0,80
11886.2333,-9.0667,20.49,0.0,20.48,0,20,320,0,80
11886.4333,-29.8333,20.5,0.0,21.12,0,1,262,0,80
11886.6333,-50.6667,20.495,0.0,21.12,0,0,256,0,80
11886.8333,-18.6667,20.49,0.0,21.125,1,0,320,16,80
11887.0333,5.3333,20.48,0.0,21.2,2,0,290,16,80
11887.2333,11.7333,20.48,0.0,21.12,0,32,256,16,80
11887.4333,12.8,20.48,0.0,21.12,0,0,256,16,80
11887.6333,0.0,20.48,0.0167,21.12,4,0,288,16,80
11887.8333,0.5333,20.48,0.0,21.12,2,10,288,16,80
11888.0333,0.0,20.48,0.0,21.12,0,1,288,16,80
11888.2333,0.5333,20.49,0.0,21.16,0,0,320,16,80
11888.4333,0.5333,20.485,0.0,21.12,0,0,256,24,80
11888.6333,0.6,20.48,0.0,21.2,0,0,256,0,80
11888.8333,0.5333,20.48,0.0167,21.12,0,0,272,0,80
11889.0333,0.6,20.485,0.0,21.2,0,0,320,128,80
11889.2333,0.0,20.48,0.0167,21.12,0,0,320,128,80
11889.4333,-0.9333,20.48,0.0167,21.16,0,0,353,128,80
11889.6333,-1.5333,20.48,0.0167,21.16,1,16,328,128,80
11889.8333,-0.5333,20.48,0.0,21.2,0,0,512,128,80
11890.0333,-0.5333,20.48,0.0,21.16,0,32,514,128,80
11890.2333,-0.5,20.48,0.0,21.2,0,0,520,128,80
11890.4333,-0.5,20.48,0.0,21.12,0,0,512,128,80
11890.6333,-0.4667,20.48,0.0,21.12,0,10,512,128,80
11890.8333,-1.0333,20.48,0.0,21.12,2,0,512,128,80
11891.0333,-23.9333,20.48,0.0,21.12,0,0,512,128,80
11891.2333,-64.0,20.48,0.0,21.14,0,1,356,128,80
11891.4333,-41.5333,20.48,0.0,21.12,0,0,288,128,80
11891.6333,-11.7333,20.48,0.0,21.12,0,0,288,136,80
11891.8333,0.0,20.48,0.0167,21.2,1,0,288,128,80
11892.0333,1.1333,20.48,0.0,21.2,4,0,256,128,80
11892.2333,0.5333,20.48,0.0,21.16,0,0,288,128,80
11892.4333,0.1333,20.48,0.0,21.12,1,280,256,128,80
11892.6333,0.0,20.49,0.0,21.2,0,256,256,128,80
11892.8333,1.7333,20.49,0.0,21.2,2,0,288,128,80
11893.0333,0.7333,20.48,0.0,21.12,0,256,288,128,80
11893.2333,2.1333,20.49,0.0,21.2,0,0,512,144,80
11893.4333,2.1667,20.5,0.0,21.12,4,0,289,144,80
11893.6333,1.6667,20.5,0.0,21.16,0,0,256,144,80
11893.8333,1.2,20.5,0.0,21.12,0,0,268,144,80
11894.0333,-0.9333,20.49,0.0,21.2,0,0,256,144,80
11894.2333,-4.2667,20.48,0.0167,21.12,0,0,512,144,80
11894.4333,-4.2,20.48,0.0,21.12,0,0,512,144,80
11894.6333,-6.3667,20.48,0.0,21.12,0,0,512,144,80
11894.8333,-14.3667,20.48,0.0,21.12,0,0,512,152,80
11895.0333,-24.5,20.48,0.0,21.12,0,0,520,128,80
11895.2333,-31.7667,20.48,0.0,21.12,0,0,516,128,80
11895.4333,-16.5333,20.48,0.0,21.2,0,1,524,160,80
11895.6333,4.2667,20.49,0.0,21.2,0,0,512,160,80
11895.8333,8.6667,20.49,0.0,21.12,0,0,352,160,80
11896.0333,5.4667,20.49,0.0,21.12,0,0,512,0,80
11896.2333,5.3333,20.48,0.0,21.2,0,0,512,0,80
11896.4333,8.7333,20.48,0.0,21.2,0,0,512,0,80
11896.6333,9.7333,20.48,0.0,21.12,0,0,548,0,80
11896.8333,8.5333,20.49,0.0,21.16,0,0,512,0,80
11897.0333,4.3,20.48,0.0,21.2,0,0,520,0,80
11897.2333,0.0,20.48,0.0,21.12,0,0,576,0,80
11897.4333,2.1333,20.48,0.0,21.2,0,0,516,0,80
11897.6333,1.6333,20.48,0.0,21.2,0,0,512,0,80
11897.8333,1.0667,20.51,0.0,21.2,0,0,768,0,80
11898.0333,1.6,20.49,0.0,21.16,0,0,864,8,80
11898.2333,1.6,20.49,0.0,21.125,0,16,832,0,80
11898.4333,1.0667,20.48,0.0,21.12,0,0,832,0,80
11898.6333,0.5333,20.48,0.0,21.12,4,16,836,0,80
11898.8333,0.0,20.48,0.0167,21.2,0,16,832,0,80
11899.0333,-3.7333,20.49,0.0,21.2,0,2,832,0,80
11899.2333,-6.1333,20.49,0.0,21.445,0,0,768,0,80
11899.4333,-21.3333,20.48,0.0,21.2,0,0,838,0,80
11899.6333,-38.4,20.48,0.0,21.12,0,32,864,16,80
11899.8333,-40.2667,20.49,0.0,21.2,0,32,770,16,80
11900.0333,-19.0333,20.56,0.0,21.12,0,0,800,16,80
11900.2333,-3.0,20.48,0.0167,21.16,1,0,832,16,80
11900.4333,5.5333,20.48,0.0,21.2,4,25,776,16,80
11900.6333,8.6333,20.48,0.0,21.16,0,0,768,16,80
11900.8333,8.6333,20.48,0.0,21.12,0,2,578,16,80
11901.0333,9.0667,20.49,0.0167,21.2,1,33,576,16,80
11901.2333,8.5333,20.48,0.0,21.12,4,0,546,24,80
11901.4333,5.8667,20.49,0.0,21.44,0,32,514,0,80
11901.6333,0.0,20.48,0.0167,21.125,0,0,518,0,80
11901.8333,-1.0667,20.48,0.0,21.44,1,16,512,0,80
11902.0333,-0.5333,20.52,0.0,21.2,0,16,512,0,80
11902.2333,-0.5333,20.485,0.0167,21.2,4,0,512,0,80
11902.4333,-0.5333,20.48,0.0,20.48,0,16,616,0,80
11902.6333,-0.4,20.48,0.0167,21.2,0,16,608,0,80
11902.8333,0.6667,20.5,0.0,21.12,0,16,608,0,80
11903.0333,0.6667,20.5,0.0,21.16,2,16,608,0,80
11903.2333,0.5333,20.48,0.0,21.2,0,20,576,0,80
11903.4333,0.6667,20.58,0.0,21.125,0,16,512,0,80
11903.6333,0.5333,20.48,0.0,21.165,1,0,576,0,80
11903.8333,0.6,20.48,0.0167,21.12,0,0,576,0,80
11904.0333,0.5333,20.49,0.0,21.12,0,2,608,0,80
11904.2333,0.0,20.48,0.0,21.13,0,8,576,0,80
11904.4333,-1.0667,20.48,0.0,21.12,0,0,576,8,80
11904.6333,-0.9333,20.5,0.0,21.12,0,0,576,0,80
11904.8333,-1.0,20.48,0.0,21.16,0,0,516,0,80
11905.0333,-0.9333,20.48,0.0167,21.12,2,32,576,0,80
11905.2333,-0.9333,20.485,0.0,21.125,0,0,576,0,80
11905.4333,-19.0667,20.48,0.0,21.2,0,0,576,0,80
11905.6333,-37.8667,20.48,0.0,21.12,0,36,512,0,80
11905.8333,-30.9333,20.48,0.0,21.12,0,0,514,0,80
11906.0333,-0.5333,20.48,0.0,21.16,0,2,576,16,80
11906.2333,9.6,20.48,0.0,21.165,0,2,514,16,80
11906.4333,9.7,20.48,0.0,21.12,0,8,576,16,80
11906.6333,0.0667,20.48,0.0,21.125,0,1,576,16,80
11906.8333,1.2,20.48,0.0,21.2,0,1,576,16,80
11907.0333,0.6,20.48,0.0,21.12,0,16,512,16,80
11907.2333,0.5333,20.48,0.0,21.14,0,0,577,16,80
11907.4333,0.5333,20.48,0.0,21.125,0,16,584,16,80
11907.6333,0.6,20.48,0.0,21.44,0,2,584,24,80
11907.8333,0.6,20.52,0.0,21.12,0,8,512,0,80
11908.0333,0.5333,20.48,0.0,21.16,0,0,512,0,80
11908.2333,-1.4667,20.49,0.0,21.12,0,32,544,32,80
11908.4333,-0.9333,20.48,0.0,21.12,0,36,512,32,80
11908.6333,-1.0667,20.48,0.0,21.2,0,32,512,32,80
11908.8333,-0.9333,20.48,0.0167,21.2,0,4,512,64,80
11909.0333,-0.9333,20.49,0.0,21.12,0,36,584,64,80
11909.2333,-0.9667,20.49,0.0167,21.12,0,32,514,0,80
11909.4333,-1.0,20.48,0.0,21.12,0,0,512,0,80
11909.6333,-2.6667,20.48,0.0,21.12,0,0,520,0,80
11909.8333,-33.0667,20.48,0.0,21.12,0,0,512,0,80
11910.0333,-34.1333,20.48,0.0,21.12,0,0,544,0,80
11910.2333,0.0,20.48,0.0,21.12,0,1,512,0,80
11910.4333,12.3,20.49,0.0,21.12,0,36,585,0,80
11910.6333,12.8,20.48,0.0,21.16,0,0,576,0,80
11910.8333,13.9333,20.48,0.0,21.2,0,0,512,8,80
11911.0333,0.0,20.485,0.0,21.16,0,0,576,0,80
11911.2333,0.0,20.48,0.0,21.16,0,8,576,0,80
11911.4333,0.0,20.49,0.0,21.12,0,0,576,0,80
11911.6333,1.2,20.48,0.0,21.2,2,0,576,0,80
11911.8333,0.0,20.48,0.0,21.12,0,1,576,0,80
11912.0333,0.0333,20.48,0.0,21.12,8,8,576,0,80
11912.2333,0.5333,20.485,0.0,21.2,1,0,576,0,80
11912.4333,1.1,20.48,0.0167,21.12,0,0,576,16,80
11912.6333,-15.4667,20.48,0.0,21.12,0,32,576,16,80
11912.8333,-12.6667,20.48,0.0,21.12,0,0,576,16,80
11913.0333,0.0333,20.48,0.0,21.2,0,0,522,16,80
11913.2333,8.8,20.48,0.0167,21.12,1,0,512,16,80
11913.4333,12.8,20.48,0.0,21.12,4,0,512,16,80
11913.6333,16.2,20.48,0.0167,21.12,0,1,516,16,80
11913.8333,17.1667,20.48,0.0,21.12,0,32,512,16,80
11914.0333,19.5333,20.48,0.0,21.12,0,0,324,24,80
11914.2333,8.5333,20.48,0.0,21.12,0,0,513,0,80
11914.4333,-1.6,20.48,0.0167,21.16,0,2,512,0,80
11914.6333,-3.2,20.48,0.0,21.12,0,0,520,0,80
11914.8333,0.0,20.5,0.0,21.12,0,0,512,0,80
11915.0333,0.5333,20.48,0.0,21.125,1,0,512,0,80
11915.2333,0.0,20.48,0.0,21.12,0,0,576,0,80
11915.4333,0.0,20.5,0.0,21.16,0,1,608,0,80
11915.6333,1.0667,20.48,0.0,21.2,0,0,512,0,80
11915.8333,0.0,20.5,0.0,21.2,0,0,544,0,80
11916.0333,0.0,20.48,0.0167,21.125,0,4,576,0,80
11916.2333,0.0667,20.485,0.0,21.16,0,0,321,0,80
11916.4333,0.1,20.48,0.0167,21.12,0,16,256,0,80
11916.6333,1.0667,20.48,0.0,21.12,0,8,324,0,80
11916.8333,0.6667,20.5,0.0,21.12,0,0,352,0,80
11917.0333,0.2,20.48,0.0,21.125,0,0,320,0,80
11917.2333,1.0667,20.48,0.0,21.12,0,0,320,8,80
11917.4333,0.6333,20.505,0.0167,21.12,0,1,512,0,80
11917.6333,2.4,20.48,0.0,21.12,0,0,520,0,80
11917.8333,-1.0333,20.505,0.0,21.12,0,32,512,0,80
11918.0333,-1.0,20.485,0.0,21.12,1,32,512,0,80
11918.2333,-7.4667,20.48,0.0,21.2,0,2,512,0,80
11918.4333,-2.9333,20.485,0.0,21.12,1,32,544,0,80
11918.6333,-1.8333,20.48,0.0,21.12,0,0,512,0,80
11918.8333,0.0,20.485,0.0,21.2,0,0,512,16,80
11919.0333,0.5333,20.48,0.0,21.125,0,0,576,16,80
11919.2333,0.5333,20.48,0.0,21.16,0,1,516,16,80
11919.4333,0.5333,20.48,0.0,21.12,0,2,544,16,80
11919.6333,0.0,20.48,0.0,21.12,0,0,576,16,80
11919.8333,0.0,20.48,0.0,21.12,0,0,576,16,80
11920.0333,-0.5333,20.48,0.0,21.14,2,0,577,16,80
11920.2333,0.0667,20.48,0.0,21.16,0,20,544,16,80
11920.4333,0.6333,20.48,0.0,21.2,0,16,544,24,80
11920.6333,0.0,20.48,0.0,21.16,0,16,580,0,80
11920.8333,0.5333,20.48,0.0,21.16,0,0,576,0,80
11921.0333,0.5333,20.48,0.0167,21.12,0,0,576,32,80
11921.2333,1.0667,20.48,0.0167,21.12,2,0,576,32,80
11921.4333,0.5333,20.48,0.0,21.12,0,0,512,32,80
11921.6333,0.1,20.5,0.0,21.12,0,0,608,0,80
11921.8333,-83.2,20.48,0.0167,21.125,1,0,512,0,80
11922.0333,-108.5333,20.49,0.0,21.12,0,2,576,0,80
11922.2333,-32.0,20.48,0.0,21.12,0,0,576,0,80
11922.4333,8.9333,20.52,0.0,21.12,0,0,576,0,80
11922.6333,1.3333,20.48,0.0,21.12,0,0,576,0,80
11922.8333,0.3333,20.48,0.0,21.2,0,0,584,0,80
11923.0333,0.0,20.48,0.0167,21.12,0,0,576,0,80
11923.2333,0.5333,20.5,0.0,21.12,0,0,576,0,80
11923.4333,0.5333,20.48,0.0167,21.12,2,0,609,0,80
11923.6333,0.5333,20.48,0.0,21.125,0,0,608,8,80
11923.8333,-0.5333,20.48,0.0,21.16,0,0,608,0,80
11924.0333,-0.8,20.5,0.0,21.12,0,0,576,0,80
11924.2333,0.8,20.48,0.0,21.12,0,0,580,0,80
11924.4333,0.6,20.48,0.0,21.12,0,1,576,0,80
11924.6333,1.0667,20.5,0.0,21.12,0,0,576,0,80
11924.8333,1.3333,20.485,0.0,21.16,0,0,576,0,80
11925.0333,1.2,20.56,0.0,21.12,0,0,576,0,80
11925.2333,1.0667,20.48,0.0,21.12,0,0,576,16,80
11925.4333,1.0667,20.48,0.0,21.12,0,4,612,16,80
11925.6333,0.0,20.5,0.0,21.12,0,0,576,16,80
11925.8333,-12.8,20.49,0.0,21.2,0,2,576,16,80
11926.0333,-33.8667,20.48,0.0,21.2,0,1,512,16,80
11926.2333,-59.3333,20.48,0.0,21.12,0,32,610,16,80
11926.4333,-36.0,20.48,0.0,21.12,0,0,576,16,80
11926.6333,0.0,20.48,0.0,21.12,0,0,580,16,80
11926.8333,0.0667,20.5,0.0,21.125,0,0,588,24,80
11927.0333,0.0333,20.48,0.0167,21.12,4,1,576,0,80
11927.2333,0.0,20.48,0.0,21.2,8,0,512,0,80
11927.4333,0.0,20.48,0.0,21.2,0,0,584,0,80
11927.6333,0.0333,20.48,0.0,21.2,2,0,576,0,80
11927.8333,0.0333,20.48,0.0,21.125,0,0,608,0,80
11928.0333,1.0667,20.56,0.0,21.12,0,1,576,0,80
11928.2333,-0.5333,20.48,0.0,21.12,0,8,609,0,80
11928.4333,-0.4667,20.49,0.0,21.12,0,0,580,0,80
11928.6333,0.8,20.48,0.0,21.12,0,8,576,0,80
11928.8333,0.8,20.48,0.0,21.12,0,0,576,0,80
11929.0333,1.0667,20.48,0.0,21.12,0,0,576,0,80
11929.2333,0.6333,20.48,0.0,21.2,1,8,576,0,80
11929.4333,0.8,20.5,0.0167,21.12,2,0,576,0,80
11929.6333,0.5333,20.5,0.0,21.12,0,0,512,0,80
11929.8333,1.0667,20.56,0.0,21.12,0,0,576,0,80
11930.0333,0.6,20.48,0.0,21.12,0,4,512,8,80
11930.2333,-0.5333,20.48,0.0,21.2,0,0,576,0,80
11930.4333,-1.8667,20.48,0.0,21.12,0,0,512,0,80
11930.6333,-8.2667,20.505,0.0,21.12,0,0,576,0,80
11930.8333,-44.8,20.48,0.0,21.12,0,4,576,0,80
11931.0333,-25.2,20.56,0.0,21.12,1,0,512,0,80
11931.2333,0.1667,20.48,0.0,21.12,0,0,577,0,80
11931.4333,0.0,20.49,0.0,21.125,0,1,512,0,80
11931.6333,0.0,20.48,0.0,21.12,4,0,608,16,80
11931.8333,0.0,20.48,0.0,21.12,0,4,512,16,80
11932.0333,0.0,20.48,0.0,21.12,0,0,608,16,80
11932.2333,0.0,20.48,0.0,21.12,1,0,584,16,80
11932.4333,7.4667,20.48,0.0,21.12,0,0,608,16,80
11932.6333,-0.5,20.48,0.0,21.12,0,0,512,16,80
11932.8333,-16.0,20.48,0.0,21.14,0,0,512,16,80
11933.0333,-42.1333,20.48,0.0,21.14,0,0,512,16,80
11933.2333,0.0,20.48,0.0,21.12,1,16,512,24,80
11933.4333,0.0,20.48,0.0,21.12,5,0,512,0,80
11933.6333,0.2667,20.495,0.0,21.16,0,0,518,0,80
11933.8333,0.5333,20.48,0.0,21.12,4,4,520,32,80
11934.0333,0.2,20.48,0.0,21.125,0,0,512,32,80
11934.2333,0.0,20.48,0.0,21.12,0,0,544,32,80
11934.4333,0.0,20.48,0.0,21.12,0,16,512,64,80
11934.6333,0.0,20.48,0.0,21.12,0,0,576,64,80
11934.8333,0.0333,20.48,0.0,21.2,0,0,576,0,80
11935.0333,11.7333,20.48,0.0,21.12,0,0,576,0,80
11935.2333,10.9333,20.51,0.0,21.12,0,0,608,0,80
11935.4333,0.1333,20.48,0.0167,21.12,0,0,584,0,80
11935.6333,0.0667,20.48,0.0,21.2,0,1,608,0,80
11935.8333,0.1333,20.5,0.0,21.12,0,0,608,0,80
11936.0333,0.0,20.8,0.0,21.12,0,0,608,0,80
11936.2333,0.0,20.5,0.0,21.12,0,0,608,0,80
11936.4333,0.0,20.5,0.0,21.12,2,0,576,8,80
11936.6333,-10.6667,20.5,0.0,21.12,2,0,608,0,80
11936.8333,-8.9333,20.48,0.0,21.2,0,0,614,0,80
11937.0333,0.0,20.48,0.0,21.16,1,0,608,0,80
11937.2333,0.7,20.5,0.0,21.125,0,8,576,0,80
11937.4333,1.0667,20.49,0.0,21.14,4,0,576,0,80
11937.6333,0.5333,20.48,0.0,21.12,2,4,608,0,80
11937.8333,0.5333,20.48,0.0,21.12,2,0,516,0,80
11938.0333,0.0,20.48,0.0167,21.12,1,16,580,16,80
11938.2333,0.5333,20.56,0.0167,21.12,0,0,512,16,80
11938.4333,0.3,20.48,0.0,21.2,4,1,520,16,80
11938.6333,0.5333,20.495,0.0,21.12,0,1,576,16,80
11938.8333,-7.4,20.48,0.0,21.125,0,0,576,16,80
11939.0333,-51.2,20.48,0.0,21.12,0,0,544,16,80
11939.2333,-51.2,20.48,0.0,21.12,1,3,576,16,80
11939.4333,-17.0,20.48,0.0,21.12,2,0,552,16,80
11939.6333,0.0,20.48,0.0,21.12,0,8,546,24,80
11939.8333,0.5333,20.48,0.0,21.12,0,2,576,0,80
11940.0333,0.1333,20.48,0.0,21.12,0,32,512,0,80
11940.2333,0.0,20.5,0.0,21.12,4,0,608,128,80
11940.4333,0.0,20.48,0.0,21.12,0,32,512,128,80
11940.6333,0.5333,20.5,0.0,21.14,0,0,512,128,80
11940.8333,10.1667,20.48,0.0,21.12,0,0,608,128,80
11941.0333,8.6,20.48,0.0,21.12,0,0,608,128,80
11941.2333,0.0,20.48,0.0,21.14,0,0,544,128,80
11941.4333,0.0,20.58,0.0,21.2,0,20,584,128,80
11941.6333,0.1,20.48,0.0,21.12,4,0,576,128,80
11941.8333,0.0,20.48,0.0,21.12,0,0,520,128,80
11942.0333,0.0333,20.48,0.0,21.12,0,16,512,128,80
11942.2333,0.5333,20.48,0.0,21.12,2,16,512,128,80
11942.4333,0.0,20.48,0.0167,21.2,0,24,544,128,80
11942.6333,0.6667,20.48,0.0,21.12,2,0,512,128,80
11942.8333,0.0,20.5,0.0,21.2,2,12,512,136,80
11943.0333,0.6667,20.48,0.0167,21.12,0,0,512,128,80
11943.2333,-21.0667,20.48,0.0167,21.12,2,1,512,128,80
11943.4333,0.0,20.48,0.0,21.12,4,1,608,128,80
11943.6333,1.2,20.48,0.0,21.12,0,0,578,128,80
11943.8333,8.5333,20.48,0.0,21.12,1,1,610,128,80
11944.0333,9.7667,20.48,0.0,21.12,0,0,608,128,80
11944.2333,11.7333,20.48,0.0,21.12,4,8,616,128,80
11944.4333,8.8,20.565,0.0,21.12,0,0,614,144,80
11944.6333,0.2,20.56,0.0,21.12,0,1,512,144,80
11944.8333,-14.9333,20.5,0.0167,21.16,0,0,512,144,80
11945.0333,-25.6,20.49,0.0,21.12,0,33,520,144,80
11945.2333,-26.1,20.48,0.0167,21.2,0,32,513,144,80
11945.4333,-24.0,20.48,0.0,21.12,0,0,512,144,80
11945.6333,0.0,20.48,0.0,21.14,0,8,512,144,80
11945.8333,0.0,20.5,0.0,21.12,0,8,512,144,80
11946.0333,0.5333,20.485,0.0,21.2,0,18,512,152,80
11946.2333,0.5667,20.48,0.0,21.12,0,20,512,128,80
11946.4333,0.6667,20.48,0.0,21.125,0,1,512,128,80
11946.6333,0.0,20.48,0.0,21.2,0,8,520,160,80
11946.8333,1.1333,20.48,0.0,21.12,0,0,512,160,80
11947.0333,0.2667,20.48,0.0,21.125,0,0,514,160,80
11947.2333,1.0667,20.48,0.0,21.12,0,0,512,0,80
11947.4333,1.3333,20.5,0.0,21.12,2,16,544,0,80
11947.6333,0.0667,20.48,0.0,21.12,0,0,512,0,80
11947.8333,1.0667,20.48,0.0,21.2,1,0,544,0,80
11948.0333,0.0667,20.48,0.0,21.12,4,0,552,0,80
11948.2333,1.0667,20.48,0.0,21.125,2,0,544,0,80
11948.4333,0.3333,20.48,0.0,21.16,0,0,576,0,80
11948.6333,1.3333,20.48,0.0167,21.125,2,0,520,0,80
11948.8333,7.4667,20.48,0.0,21.12,0,0,512,0,80
11949.0333,8.0,20.49,0.0,21.12,0,0,512,0,80
11949.2333,9.0667,20.48,0.0,21.2,0,0,513,8,80
11949.4333,10.1333,20.5,0.0,21.2,0,12,512,0,80
11949.6333,10.1333,20.48,0.0,21.16,2,12,520,0,80
11949.8333,8.0333,20.5,0.0,21.12,0,0,512,0,80
11950.0333,-1.0,20.5,0.0,21.14,0,8,512,0,80
11950.2333,0.0,20.58,0.0,21.2,0,16,513,0,80
11950.4333,1.0667,20.5,0.0167,21.2,0,18,513,0,80
11950.6333,0.2667,20.48,0.0,21.125,0,0,512,0,80
11950.8333,0.0,20.48,0.0,21.2,0,20,512,16,80
11951.0333,0.0667,20.48,0.0,21.2,0,16,514,16,80
11951.2333,0.2667,20.48,0.0,21.12,2,4,512,16,80
11951.4333,0.5333,20.49,0.0,21.125,8,0,512,16,80
11951.6333,0.8,20.52,0.0,21.12,1,1,512,16,80
11951.8333,0.0333,20.56,0.0,21.2,0,8,513,16,80
11952.0333,0.1333,20.48,0.0,21.125,0,0,512,16,80
11952.2333,1.0667,20.48,0.0167,21.125,0,8,580,16,80
11952.4333,1.1333,20.48,0.0,21.12,0,0,576,24,80
11952.6333,0.4,20.48,0.0167,21.16,0,0,576,0,80
11952.8333,-0.9333,20.56,0.0,21.12,0,16,512,0,80
11953.0333,-8.0333,20.56,0.0,21.125,0,2,512,0,80
11953.2333,-9.0667,20.56,0.0,21.12,0,1,512,0,80
11953.4333,-11.7333,20.56,0.0,21.12,0,0,512,0,80
11953.6333,-11.2,20.48,0.0,21.12,0,0,520,0,80
11953.8333,-8.5333,20.48,0.0,21.16,0,0,512,0,80
11954.0333,-7.4333,20.5,0.0,21.2,0,0,512,0,80
11954.2333,-4.8,20.51,0.0,21.12,2,0,513,0,80
11954.4333,0.4,20.48,0.0167,21.12,0,8,516,0,80
11954.6333,1.2,20.49,0.0,21.12,0,0,513,0,80
11954.8333,0.1333,20.56,0.0167,21.14,0,13,544,0,80
11955.0333,0.0667,20.48,0.0,21.12,0,20,512,0,80
11955.2333,1.0667,20.48,0.0167,21.12,0,0,514,0,80
11955.4333,0.0,20.48,0.0,21.125,4,16,512,0,80
11955.6333,0.0,20.56,0.0,21.16,0,8,512,8,80
11955.8333,0.0,20.485,0.0,21.12,0,2,512,0,80
11956.0333,1.0667,20.485,0.0,21.12,0,8,512,0,80
11956.2333,0.0,20.48,0.0,21.16,0,0,512,0,80
11956.4333,0.0,20.48,0.0167,21.2,0,0,512,0,80
11956.6333,0.1333,20.485,0.0,21.2,0,0,515,0,80
11956.8333,-12.8,20.56,0.0,21.2,0,0,512,0,80
11957.0333,-12.4333,20.48,0.0,21.2,2,0,512,0,80
11957.2333,-11.7333,20.48,0.0,21.2,0,1,512,16,80
11957.4333,-10.6667,20.48,0.0167,21.12,0,0,512,16,80
11957.6333,-6.1333,20.485,0.0167,21.12,1,0,544,16,80
11957.8333,1.1,20.48,0.0,21.12,0,0,520,16,80
11958.0333,7.4667,20.56,0.0,21.125,0,32,548,16,80
11958.2333,9.1,20.485,0.0,21.12,0,32,512,16,80
11958.4333,9.0667,20.5,0.0,21.12,6,32,544,16,80
11958.6333,8.5333,20.48,0.0,21.2,0,32,512,16,80
11958.8333,9.6,20.48,0.0,21.125,0,4,512,24,80
11959.0333,1.0667,20.56,0.0,21.12,0,0,512,0,80
11959.2333,0.0,20.56,0.0167,21.18,0,8,512,0,80
11959.4333,0.0,20.48,0.0,21.2,0,0,544,32,80
11959.6333,0.8,20.48,0.0,21.16,0,0,512,32,80
11959.8333,0.2,20.505,0.0,21.14,0,0,513,32,80
11960.0333,0.0,20.485,0.0,21.12,0,2,512,64,80
11960.2333,0.2667,20.48,0.0167,21.14,0,32,514,64,80
11960.4333,0.0,20.56,0.0167,21.16,0,32,576,0,80
11960.6333,0.0,20.56,0.0,21.12,0,32,512,0,80
11960.8333,8.6667,20.5,0.0,21.12,0,0,512,0,80
11961.0333,8.6667,20.48,0.0,21.2,2,32,512,0,80
11961.2333,9.6,20.48,0.0,21.14,0,0,544,0,80
11961.4333,9.6,20.5,0.0167,21.12,0,32,512,0,80
11961.6333,9.0667,20.48,0.0167,21.12,0,0,512,0,80
11961.8333,1.1,20.505,0.0,21.12,0,32,512,0,80
11962.0333,-8.0,20.48,0.0167,21.16,0,32,544,8,80
11962.2333,-1.0667,20.48,0.0,21.12,0,0,550,0,80
11962.4333,-0.5333,20.48,0.0167,21.12,2,0,544,0,80
11962.6333,0.8,20.56,0.0,21.2,0,8,512,0,80
11962.8333,0.0,20.57,0.0,21.16,4,24,544,0,80
11963.0333,0.7,20.48,0.0,21.2,0,0,512,0,80
11963.2333,0.2667,20.48,0.0,21.12,0,16,544,0,80
11963.4333,0.1333,20.58,0.0,21.125,0,16,512,0,80
11963.6333,1.0667,20.49,0.0,21.12,0,4,576,16,80
11963.8333,1.0667,20.57,0.0,21.12,1,0,512,16,80
11964.0333,0.0,20.58,0.0,21.125,2,0,512,16,80
11964.2333,0.0,20.48,0.0,21.2,0,0,512,16,80
11964.4333,0.0667,20.56,0.0,21.12,0,0,544,16,80
11964.6333,1.3333,20.48,0.0,21.2,0,2,512,16,80
11964.8333,0.5333,20.48,0.0,21.2,0,2,577,16,80
11965.0333,-28.8,20.48,0.0,21.2,0,0,544,16,80
11965.2333,-2.1333,20.48,0.0,21.2,0,0,512,24,80
11965.4333,8.5333,20.485,0.0,21.2,0,0,512,0,80
11965.6333,7.7333,20.48,0.0,21.2,0,0,516,0,80
11965.8333,8.0,20.48,0.0167,21.12,0,1,512,0,80
11966.0333,8.0,20.48,0.0,21.2,0,0,544,0,80
11966.2333,8.5333,20.48,0.0,21.12,0,0,520,0,80
11966.4333,4.8,20.48,0.0,21.12,0,0,544,0,80
11966.6333,-1.6,20.57,0.0,21.12,0,1,520,0,80
11966.8333,-0.5333,20.48,0.0,21.2,0,0,512,0,80
11967.0333,-0.5,20.48,0.0,21.12,0,0,576,0,80
11967.2333,-0.5333,20.485,0.0,21.2,0,0,512,0,80
11967.4333,0.0,20.48,0.0,21.12,0,4,512,0,80
11967.6333,0.0,20.48,0.0,21.2,0,0,577,0,80
11967.8333,0.0333,20.48,0.0167,21.2,0,0,576,0,80
11968.0333,0.5333,20.48,0.0,21.12,0,0,512,0,80
11968.2333,0.5333,20.48,0.0,21.12,0,0,512,0,80
11968.4333,0.0,20.5,0.0,21.2,0,0,576,8,80
11968.6333,0.2667,20.48,0.0,21.125,0,0,576,0,80
11968.8333,0.0,20.48,0.0,21.2,1,0,576,0,80
11969.0333,0.2,20.48,0.0,21.16,0,16,576,0,80
11969.2333,0.0667,20.48,0.0,21.12,0,0,512,0,80
11969.4333,-38.2333,20.485,0.0167,21.125,0,0,584,0,80
11969.6333,-5.3,20.56,0.0,21.12,0,0,512,0,80
11969.8333,7.5333,20.48,0.0,21.12,0,0,576,0,80
11970.0333,11.8,20.48,0.0,21.12,0,8,512,16,80
11970.2333,11.9333,20.48,0.0,21.12,0,0,516,16,80
11970.4333,11.2,20.56,0.0,21.2,2,33,576,16,80
11970.6333,8.5333,20.56,0.0,21.2,0,0,512,16,80
11970.8333,-0.5333,20.56,0.0,21.12,1,0,576,16,80
11971.0333,-9.0667,20.48,0.0167,21.2,0,0,584,16,80
11971.2333,-28.8,20.485,0.0167,21.12,1,32,576,16,80
11971.4333,-64.0,20.48,0.0,21.125,0,0,512,16,80
11971.6333,-59.7333,20.48,0.0,21.12,0,0,512,24,80
11971.8333,-46.9333,20.5,0.0,21.12,1,0,544,0,80
11972.0333,-34.1333,20.48,0.0,21.2,0,0,512,0,80
11972.2333,0.0,20.56,0.0,21.12,0,8,576,32,80
11972.4333,0.6,20.48,0.0167,21.12,0,8,512,32,80
11972.6333,0.0,20.485,0.0,21.2,0,0,576,32,80
11972.8333,0.0,20.56,0.0,21.13,0,0,576,0,80
11973.0333,0.1333,20.49,0.0,21.2,0,16,576,0,80
11973.2333,0.0,20.48,0.0,21.16,0,0,512,0,80
11973.4333,0.2667,20.56,0.0,21.2,0,16,512,0,80
11973.6333,0.1333,20.48,0.0,21.2,0,8,576,0,80
11973.8333,0.0,20.48,0.0,21.12,0,0,576,0,80
11974.0333,-4.2667,20.48,0.0,21.12,2,2,512,0,80
11974.2333,-4.2333,20.48,0.0,21.12,0,0,544,0,80
11974.4333,-7.2667,20.48,0.0,21.12,2,0,512,0,80
11974.6333,-6.2,20.52,0.0,21.12,0,0,514,0,80
11974.8333,-10.6667,20.48,0.0167,21.12,0,0,576,8,80
11975.0333,-19.2,20.49,0.0,21.12,0,4,576,0,80
11975.2333,-11.2,20.48,0.0,21.2,4,2,544,0,80
11975.4333,-6.9333,20.52,0.0,21.2,0,0,576,0,80
11975.6333,4.2667,20.48,0.0,21.2,0,0,576,0,80
11975.8333,10.6667,20.48,0.0,21.12,0,1,576,0,80
11976.0333,11.2333,20.485,0.0,21.12,0,0,608,0,80
11976.2333,8.5667,20.48,0.0,21.2,0,2,577,0,80
11976.4333,14.9667,20.48,0.0,21.12,4,0,576,16,80
11976.6333,1.0667,20.56,0.0,21.12,0,1,576,16,80
11976.8333,1.0667,20.56,0.0,21.14,0,2,576,16,80
11977.0333,0.5333,20.48,0.0,21.14,0,8,512,16,80
11977.2333,0.0,20.48,0.0,21.12,0,0,516,16,80
11977.4333,0.0,20.56,0.0,21.2,4,0,512,16,80
11977.6333,0.5333,20.485,0.0167,21.205,0,16,512,16,80
11977.8333,0.5333,20.48,0.0,21.12,0,0,512,16,80
11978.0333,0.5333,20.48,0.0,21.16,0,4,512,24,80
11978.2333,0.0333,20.485,0.0,21.12,0,0,512,0,80
11978.4333,0.2667,20.48,0.0,21.12,0,1,512,0,80
11978.6333,-1.0667,20.48,0.0,21.12,0,0,516,0,80
11978.8333,-2.1,20.48,0.0,21.12,0,0,576,0,80
11979.0333,-2.0,20.48,0.0,21.12,4,0,512,0,80
11979.2333,-3.1333,20.48,0.0,21.125,0,0,512,0,80
11979.4333,-7.4,20.48,0.0167,21.2,0,0,512,0,80
11979.6333,-30.9333,20.5,0.0167,21.2,0,0,512,0,80
11979.8333,-64.0,20.54,0.0,21.16,0,0,512,0,80
11980.0333,-33.8,20.48,0.0167,21.2,0,0,512,0,80
11980.2333,4.2667,20.48,0.0167,21.2,0,0,512,0,80
11980.4333,0.0,20.56,0.0,21.12,0,0,513,0,80
11980.6333,1.0667,20.51,0.0,21.12,0,0,512,0,80
11980.8333,1.0667,20.56,0.0,21.12,0,25,513,0,80
11981.0333,1.0667,20.48,0.0,21.2,0,0,512,0,80
11981.2333,0.0,20.56,0.0167,21.12,0,8,516,8,80
11981.4333,0.1333,20.52,0.0,21.12,0,0,512,0,80
11981.6333,0.5333,20.485,0.0,21.12,0,4,522,0,80
11981.8333,0.0,20.48,0.0,21.125,0,2,512,0,80
11982.0333,0.0333,20.48,0.0,21.13,0,0,512,0,80
11982.2333,0.0,20.56,0.0,21.12,0,0,576,0,80
11982.4333,0.6,20.48,0.0,21.16,0,0,512,0,80
11982.6333,0.5333,20.48,0.0,21.2,0,0,520,0,80
11982.8333,0.0,20.48,0.0,21.12,0,0,577,16,80
11983.0333,6.4,20.48,0.0,21.12,1,32,512,16,80
11983.2333,7.4667,20.48,0.0,21.14,0,0,512,16,80
11983.4333,5.6,20.51,0.0,21.12,2,9,513,16,80
11983.6333,0.0333,20.48,0.0,21.12,0,36,512,16,80
11983.8333,-39.4667,20.5,0.0,21.2,0,0,545,16,80
11984.0333,-49.8667,20.5,0.0,21.2,0,0,580,16,80
11984.2333,-0.5333,20.48,0.0,21.2,0,0,544,16,80
11984.4333,-27.1667,20.48,0.0,21.12,5,36,513,24,80
11984.6333,-0.5333,20.56,0.0,21.2,2,0,576,0,80
11984.8333,-0.5333,20.48,0.0,21.12,0,0,576,0,80
11985.0333,-0.5,20.48,0.0,21.12,0,32,512,32,80
11985.2333,-0.5333,20.48,0.0,21.12,0,0,512,32,80
11985.4333,0.2,20.58,0.0,21.2,0,0,544,32,80
11985.6333,0.5333,20.56,0.0,21.2,0,16,512,64,80
11985.8333,0.5333,20.48,0.0,21.12,0,0,516,64,80
11986.0333,0.0,20.485,0.0,21.12,0,0,512,0,80
11986.2333,0.0,20.48,0.0,21.12,0,18,544,0,80
11986.4333,0.3,20.48,0.0,21.2,0,0,520,0,80
11986.6333,0.0,20.56,0.0,21.2,1,0,512,0,80
11986.8333,1.0667,20.48,0.0167,21.2,0,0,515,0,80
11987.0333,0.0,20.48,0.0167,21.12,0,32,512,0,80
11987.2333,3.2,20.56,0.0,21.2,0,0,512,0,80
11987.4333,-1.0667,20.48,0.0,21.2,0,32,512,0,80
11987.6333,-5.3333,20.48,0.0,21.12,0,32,548,8,80
11987.8333,-11.6667,20.48,0.0167,21.22,0,32,512,0,80
11988.0333,-12.8,20.48,0.0,21.2,2,36,520,0,80
11988.2333,-11.7333,20.56,0.0,21.12,0,32,516,0,80
11988.4333,-5.3333,20.5,0.0,21.2,0,0,512,0,80
11988.6333,-3.2,20.485,0.0,21.125,0,32,514,0,80
11988.8333,-1.0667,20.51,0.0,21.12,0,36,520,0,80
11989.0333,3.7667,20.485,0.0,21.12,0,34,545,0,80
11989.2333,7.4667,20.56,0.0,21.2,0,32,544,16,80
11989.4333,8.5333,20.48,0.0,21.12,0,0,514,16,80
11989.6333,9.6,20.48,0.0,21.16,0,0,514,16,80
11989.8333,1.0667,20.48,0.0,21.2,0,16,512,16,80
11990.0333,0.0,20.48,0.0,21.13,0,1,514,16,80
11990.2333,0.5333,20.48,0.0,21.12,4,16,512,16,80
11990.4333,0.0,20.48,0.0,21.2,8,0,512,16,80
11990.6333,0.5333,20.48,0.0,21.12,0,16,512,16,80
11990.8333,0.0,20.48,0.0167,21.14,1,0,518,24,80
11991.0333,-5.3333,20.48,0.0,21.12,0,32,544,0,80
11991.2333,-3.7333,20.56,0.0167,21.12,0,0,512,0,80
11991.4333,-1.6,20.56,0.0,21.12,0,0,544,128,80
11991.6333,2.1333,20.48,0.0,21.2,0,33,580,128,80
11991.8333,7.4667,20.5,0.0,21.12,0,32,512,128,80
11992.0333,11.7333,20.52,0.0,21.12,0,32,548,128,80
11992.2333,11.7333,20.48,0.0,21.12,0,33,544,128,80
11992.4333,9.0667,20.48,0.0,21.2,0,0,576,128,80
11992.6333,0.5333,20.5,0.0,21.205,0,0,576,128,80
11992.8333,-3.7333,20.48,0.0,21.2,0,0,548,128,80
11993.0333,-8.5333,20.56,0.0,21.12,0,0,516,128,80
11993.2333,-3.6667,20.5,0.0,21.12,0,32,513,128,80
11993.4333,0.5333,20.48,0.0,21.12,0,32,544,128,80
11993.6333,1.0667,20.48,0.0,21.12,0,18,544,128,80
11993.8333,0.8,20.48,0.0,21.2,0,4,514,128,80
11994.0333,0.2667,20.52,0.0,21.12,1,0,512,136,80
11994.2333,0.6,20.52,0.0,21.2,0,0,576,128,80
11994.4333,0.5333,20.56,0.0,21.2,2,19,514,128,80
11994.6333,0.0,20.48,0.0,21.2,0,16,576,128,80
11994.8333,-1.0667,20.48,0.0,21.2,4,0,544,128,80
11995.0333,-12.5333,20.48,0.0,21.125,0,32,546,128,80
11995.2333,-11.7333,20.5,0.0,21.12,0,0,522,128,80
11995.4333,-9.3333,20.485,0.0,21.2,0,0,352,128,80
11995.6333,0.0,20.52,0.0,21.2,0,0,256,144,80
11995.8333,5.3333,20.5,0.0,21.12,1,0,512,144,80
11996.0333,6.4,20.5,0.0,21.2,0,0,512,144,80
11996.2333,6.9333,20.52,0.0167,21.12,0,0,512,144,80
11996.4333,7.4667,20.48,0.0,21.12,0,0,577,144,80
11996.6333,7.4667,20.48,0.0167,21.16,0,0,576,144,80
11996.8333,3.7667,20.6,0.0,21.2,0,4,516,144,80
11997.0333,-0.5333,20.52,0.0,21.12,0,0,512,144,80
11997.2333,-0.4667,20.51,0.0,21.12,0,0,576,152,80
11997.4333,0.5333,20.48,0.0,21.12,0,0,544,128,80
11997.6333,0.5333,20.56,0.0,21.12,0,0,513,128,80
11997.8333,0.6,20.48,0.0,21.12,0,0,512,160,80
11998.0333,0.5333,20.48,0.0,21.12,0,16,512,160,80
11998.2333,0.6667,20.48,0.0,21.2,4,20,512,160,80
11998.4333,0.5333,20.48,0.0,21.2,0,0,576,0,80
11998.6333,0.7,20.48,0.0,21.12,0,20,576,0,80
11998.8333,0.5333,20.485,0.0,21.2,0,16,576,0,80
11999.0333,0.1,20.48,0.0,21.12,0,17,512,0,80
11999.2333,-2.1333,20.56,0.0167,21.12,0,32,512,0,80
11999.4333,-1.5667,20.485,0.0,21.16,0,0,512,0,80
11999.6333,-5.0667,20.56,0.0,21.22,4,0,512,0,80
11999.8333,-20.0667,20.49,0.0,21.125,0,34,512,0,80
12000.0333,-24.3,20.5,0.0,21.12,0,0,512,0,80
12000.2333,-10.6667,20.48,0.0,21.12,0,0,512,0,80
12000.4333,-0.8667,20.48,0.0,21.12,0,0,544,8,80
12000.6333,4.2667,20.48,0.0,21.12,4,4,513,0,80
12000.8333,6.4,20.48,0.0,21.12,0,0,512,0,80
12001.0333,8.0,20.48,0.0,21.14,0,0,544,0,80
12001.2333,9.0667,20.58,0.0,21.2,4,0,544,0,80
12001.4333,8.0333,20.48,0.0,21.16,0,0,514,0,80
12001.6333,4.8,20.48,0.0,21.12,0,0,512,0,80
12001.8333,-0.5333,20.48,0.0,21.125,0,0,544,0,80
12002.0333,0.5333,20.51,0.0,21.12,0,0,513,16,80
12002.2333,0.5333,20.48,0.0167,21.12,2,16,512,16,80
12002.4333,0.1,20.56,0.0,21.12,2,16,522,16,80
12002.6333,0.0,20.48,0.0,21.2,0,0,512,16,80
12002.8333,0.5333,20.56,0.0167,21.12,0,0,512,16,80
12003.0333,0.6667,20.49,0.0167,21.2,2,0,544,16,80
12003.2333,0.1667,20.56,0.0,21.2,0,0,544,16,80
12003.4333,0.5667,20.48,0.0,21.12,0,17,512,16,80
12003.6333,-0.5,20.48,0.0,21.12,0,0,512,24,80
12003.8333,0.6667,20.48,0.0,21.205,0,0,512,0,80
12004.0333,2.1333,20.48,0.0,21.16,0,0,512,0,80
12004.2333,1.0667,20.485,0.0,21.12,0,0,512,0,80
12004.4333,-1.0,20.56,0.0,21.12,0,0,520,0,80
12004.6333,-0.5333,20.48,0.0,21.2,4,0,544,0,80
12004.8333,-0.5333,20.48,0.0,21.2,0,4,544,0,80
12005.0333,-0.5333,20.48,0.0,21.205,0,0,544,0,80
12005.2333,-0.5333,20.48,0.0,21.2,0,0,544,0,80
12005.4333,-0.5333,20.52,0.0,21.2,0,0,544,0,80
12005.6333,-0.5333,20.48,0.0,21.12,0,0,512,0,80
12005.8333,-0.5333,20.56,0.0,21.12,0,0,544,0,80
12006.0333,-0.4667,20.56,0.0,21.12,0,0,544,0,80
12006.2333,0.6,20.48,0.0,21.2,0,0,546,0,80
12006.4333,0.5333,20.48,0.0,21.2,0,16,544,0,80
12006.6333,0.5667,20.49,0.0,21.2,0,16,512,0,80
12006.8333,0.7,20.48,0.0,21.12,0,0,520,8,80
12007.0333,0.6333,20.48,0.0167,21.2,0,0,514,0,80
12007.2333,0.8,20.48,0.0,21.16,2,4,544,0,80
12007.4333,0.5333,20.5,0.0,21.12,0,0,512,0,80
12007.6333,0.5333,20.49,0.0,21.22,0,4,512,0,80
12007.8333,0.5333,20.58,0.0,21.2,0,0,516,0,80
12008.0333,-0.9333,20.48,0.0167,21.2,0,0,512,0,80
12008.2333,-2.1333,20.485,0.0,21.2,0,0,552,0,80
12008.4333,-1.0667,20.48,0.0,21.12,0,0,544,16,80
12008.6333,-0.8667,20.48,0.0,21.12,0,0,544,16,80
12008.8333,-0.8,20.48,0.0,21.2,4,0,544,16,80
12009.0333,-0.9667,20.5,0.0,21.12,0,0,544,16,80
12009.2333,-0.8,20.48,0.0,21.2,0,0,512,16,80
12009.4333,0.0,20.48,0.0,21.2,4,4,512,16,80
12009.6333,0.0,20.48,0.0,21.12,0,0,512,16,80
12009.8333,-3.2,20.485,0.0,21.12,0,0,512,16,80
12010.0333,-6.3667,20.56,0.0167,21.12,0,33,512,24,80
12010.2333,-6.9,20.48,0.0,21.2,0,0,512,0,80
12010.4333,-9.0667,20.48,0.0,21.2,4,0,512,0,80
12010.6333,-6.9333,20.56,0.0,21.12,0,0,552,32,80
12010.8333,0.0,20.48,0.0,21.2,0,2,512,32,80
12011.0333,0.6667,20.48,0.0,21.2,0,8,512,32,80
12011.2333,0.6667,20.48,0.0,21.12,0,0,512,64,80
12011.4333,0.2,20.49,0.0,21.2,0,0,512,64,80
12011.6333,0.5667,20.48,0.0,21.2,0,0,512,0,80
12011.8333,0.0,20.56,0.0,21.12,0,0,512,0,80
12012.0333,1.6333,20.56,0.0,21.12,3,26,544,0,80
12012.2333,0.0,20.48,0.0,21.12,0,18,512,0,80
12012.4333,0.0,20.48,0.0,21.12,1,0,544,0,80
12012.6333,-11.7,20.485,0.0,21.205,0,0,544,0,80
12012.8333,-10.6667,20.48,0.0,21.2,0,0,552,0,80
12013.0333,-8.5333,20.485,0.0,21.2,0,1,576,0,80
12013.2333,-6.4,20.49,0.0167,21.2,0,0,512,8,80
12013.4333,-5.2,20.49,0.0167,21.12,0,2,520,0,80
12013.6333,-2.9333,20.48,0.0,21.12,0,0,576,0,80
12013.8333,2.2,20.48,0.0,21.12,0,1,576,0,80
12014.0333,8.5333,20.48,0.0,21.12,0,0,513,0,80
12014.2333,11.7333,20.5,0.0,21.2,0,0,554,0,80
12014.4333,11.7333,20.5,0.0,21.2,0,0,576,0,80
12014.6333,11.2,20.48,0.0,21.2,0,0,576,0,80
12014.8333,10.7,20.56,0.0,21.2,4,0,512,16,80
12015.0333,6.4,20.5,0.0,21.12,0,16,520,16,80
12015.2333,-2.1,20.5,0.0,21.2,0,0,576,16,80
12015.4333,-5.8667,20.56,0.0,21.12,0,32,512,16,80
12015.6333,-9.5333,20.52,0.0,21.12,0,0,576,16,80
12015.8333,0.5667,20.48,0.0,21.12,0,0,512,16,80
12016.0333,0.0,20.56,0.0,21.12,0,0,520,16,80
12016.2333,0.6667,20.48,0.0,21.12,0,8,544,16,80
12016.4333,0.7333,20.56,0.0,21.14,0,0,520,24,80
12016.6333,0.0,20.56,0.0,21.12,2,0,576,0,80
12016.8333,1.2667,20.48,0.0167,21.2,0,0,512,0,80
12017.0333,0.0,20.485,0.0,21.12,4,0,576,0,80
12017.2333,0.5667,20.48,0.0,21.2,0,0,512,0,80
12017.4333,6.6,20.48,0.0,21.12,0,0,578,0,80
12017.6333,8.6667,20.48,0.0,21.12,0,0,580,0,80
12017.8333,11.7333,20.48,0.0167,21.2,0,0,524,0,80
12018.0333,16.0,20.48,0.0,21.12,0,8,576,0,80
12018.2333,17.0667,20.48,0.0,21.12,0,1,576,0,80
12018.4333,14.9333,20.48,0.0,21.12,1,0,552,0,80
12018.6333,12.8,20.5,0.0,21.16,0,0,576,0,80
12018.8333,14.0,20.56,0.0,21.2,2,32,512,0,80
12019.0333,13.8667,20.48,0.0,21.2,34,0,512,0,80
12019.2333,1.1,20.48,0.0,21.12,0,2,512,0,80
12019.4333,0.1333,20.48,0.0,21.2,0,0,512,0,80
12019.6333,0.0,20.5,0.0,21.2,0,0,516,8,80
12019.8333,0.0,20.48,0.0,21.2,0,0,512,0,80
12020.0333,1.1333,20.5,0.0,21.12,0,2,512,0,80
12020.2333,1.2667,20.48,0.0,21.2,0,0,512,0,80
12020.4333,0.1333,20.48,0.0,21.2,0,20,512,0,80
12020.6333,1.1,20.56,0.0,21.16,0,8,513,0,80
12020.8333,2.2667,20.48,0.0,21.2,0,8,512,0,80
12021.0333,1.6,20.49,0.0,21.125,0,1,512,0,80
12021.2333,-24.5333,20.48,0.0,21.22,0,2,576,16,80
12021.4333,-20.7667,20.48,0.0,21.2,0,0,512,16,80
12021.6333,-15.9333,20.48,0.0,21.2,4,0,576,16,80
12021.8333,-6.4,20.48,0.0,21.13,1,4,512,16,80
12022.0333,1.0667,20.48,0.0,21.125,0,4,516,16,80
12022.2333,5.6,20.48,0.0,21.14,0,0,576,16,80
12022.4333,8.5333,20.48,0.0,21.2,0,32,512,16,80
12022.6333,13.8667,20.48,0.0,21.12,0,0,512,16,80
12022.8333,17.0667,20.485,0.0,21.2,0,0,576,24,80
12023.0333,13.3333,20.48,0.0,21.2,0,0,577,0,80
12023.2333,2.1333,20.48,0.0,21.12,0,0,576,0,80
12023.4333,-4.8,20.5,0.0,21.2,0,4,516,32,80
12023.6333,-6.9333,20.485,0.0,21.12,0,0,514,32,80
12023.8333,-9.6,20.48,0.0,21.12,0,4,260,32,80
12024.0333,-9.6,20.48,0.0,21.2,0,0,288,0,80
12024.2333,0.0667,20.48,0.0,21.2,0,20,288,0,80
12024.4333,0.1333,20.56,0.0,21.2,0,16,258,0,80
12024.6333,0.0,20.58,0.0,21.16,2,16,256,0,80
12024.8333,0.0,20.52,0.0,21.2,0,16,320,0,80
12025.0333,0.0,20.5,0.0167,21.2,5,8,324,0,80
12025.2333,1.3333,20.56,0.0,21.2,0,8,256,0,80
12025.4333,0.0,20.48,0.0,21.2,0,16,321,0,80
12025.6333,0.0,20.48,0.0,21.12,0,0,320,0,80
12025.8333,5.8667,20.48,0.0167,21.12,0,2,320,0,80
12026.0333,0.0,20.48,0.0,21.2,0,1,512,8,80
12026.2333,-5.3333,20.48,0.0,21.12,0,1,514,0,80
12026.4333,-9.3333,20.48,0.0167,21.12,0,4,516,0,80
12026.6333,-9.3333,20.56,0.0,21.2,0,0,520,0,80
12026.8333,-11.6,20.48,0.0,21.205,0,8,512,0,80
12027.0333,-12.6,20.48,0.0,21.205,0,0,512,0,80
12027.2333,-9.5,20.485,0.0,21.2,0,32,512,0,80
12027.4333,-4.2667,20.56,0.0,21.2,4,0,512,0,80
12027.6333,2.1333,20.48,0.0,21.12,0,32,512,16,80
12027.8333,5.8667,20.48,0.0,21.12,0,4,516,16,80
12028.0333,12.2667,20.48,0.0,21.12,0,0,520,16,80
12028.2333,10.1333,20.48,0.0,21.12,0,0,512,16,80
12028.4333,8.5667,20.48,0.0,21.12,0,1,512,16,80
12028.6333,9.1,20.48,0.0,21.12,0,16,512,16,80
12028.8333,7.4667,20.485,0.0167,21.2,8,5,512,16,80
12029.0333,3.7333,20.56,0.0,21.12,0,0,514,16,80
12029.2333,1.2667,20.48,0.0,21.12,0,0,520,24,80
12029.4333,1.0667,20.48,0.0,21.2,0,0,513,0,80
12029.6333,1.0667,20.48,0.0,21.13,2,24,512,0,80
12029.8333,0.1333,20.5,0.0167,21.12,2,16,512,0,80
12030.0333,0.0333,20.48,0.0,21.13,8,16,512,0,80
12030.2333,0.0,20.48,0.0,21.12,4,24,512,0,80
12030.4333,0.0667,20.48,0.0,21.2,0,16,512,0,80
12030.6333,0.1,20.49,0.0,21.14,0,24,512,0,80
12030.8333,1.0667,20.5,0.0,21.2,1,0,512,0,80
12031.0333,4.2667,20.48,0.0,21.12,0,32,512,0,80
12031.2333,5.3333,20.48,0.0,21.125,0,0,512,0,80
12031.4333,6.4667,20.49,0.0,21.12,0,0,513,0,80
12031.6333,7.6,20.485,0.0,21.12,0,32,512,0,80
12031.8333,13.8667,20.48,0.0167,21.2,0,36,512,0,80
12032.0333,10.1333,20.49,0.0,21.16,0,32,512,0,80
12032.2333,7.4667,20.48,0.0,21.12,0,1,513,0,80
12032.4333,4.8,20.5,0.0,21.12,0,8,512,8,80
12032.6333,-1.6,20.48,0.0,21.125,2,0,512,0,80
12032.8333,-5.8333,20.48,0.0,21.12,0,0,512,0,80
12033.0333,-10.1333,20.5,0.0167,21.2,0,2,512,0,80
12033.2333,-11.7333,20.48,0.0,21.12,0,0,512,0,80
12033.4333,-11.7333,20.48,0.0,21.12,0,1,512,0,80
12033.6333,-10.6667,20.48,0.0,21.12,0,0,512,0,80
12033.8333,-10.6333,20.48,0.0,21.2,0,0,512,0,80
12034.0333,-8.0,20.48,0.0,21.2,4,0,516,16,80
12034.2333,0.0333,20.58,0.0,21.12,1,0,516,16,80
12034.4333,0.1333,20.485,0.0,21.12,0,1,514,16,80
12034.6333,1.0667,20.48,0.0,21.12,0,5,512,16,80
12034.8333,1.1333,20.48,0.0,21.2,0,0,512,16,80
12035.0333,1.0667,20.48,0.0,21.12,0,0,512,16,80
12035.2333,1.1333,20.48,0.0,21.2,1,0,512,16,80
12035.4333,0.0,20.48,0.0,21.12,0,16,512,16,80
12035.6333,1.2,20.48,0.0,21.12,6,0,512,24,80
12035.8333,3.2,20.48,0.0,21.2,0,2,512,0,80
12036.0333,-2.1333,20.48,0.0,21.2,0,4,512,0,80
12036.2333,-6.0,20.49,0.0,21.12,0,0,512,32,80
12036.4333,-8.5333,20.5,0.0,21.205,0,32,321,32,80
12036.6333,-9.4667,20.48,0.0,21.12,4,0,512,32,80
12036.8333,-7.4333,20.48,0.0,21.12,4,0,520,64,80
12037.0333,-7.3,20.5,0.0,21.12,4,0,512,64,80
12037.2333,-7.4667,20.48,0.0,21.12,0,0,516,0,80
12037.4333,-6.4,20.48,0.0167,21.12,0,0,512,0,80
12037.6333,-1.6,20.48,0.0,21.12,0,4,512,0,80
12037.8333,2.7,20.48,0.0,21.12,0,0,520,0,80
12038.0333,5.3333,20.5,0.0167,21.12,0,0,512,0,80
12038.2333,6.9333,20.48,0.0,21.12,0,0,512,0,80
12038.4333,7.5333,20.48,0.0,21.12,4,0,512,0,80
12038.6333,0.0,20.48,0.0,21.13,0,0,520,0,80
12038.8333,0.0,20.48,0.0,21.14,0,8,513,8,80
12039.0333,0.5667,20.48,0.0,21.12,0,0,512,0,80
12039.2333,0.5667,20.48,0.0,21.205,0,1,512,0,80
12039.4333,0.0667,20.48,0.0,21.2,0,32,512,0,80
12039.6333,0.6,20.48,0.0,21.12,0,0,512,0,80
12039.8333,0.0,20.48,0.0,21.205,0,8,512,0,80
12040.0333,0.1667,20.56,0.0,21.12,0,0,516,0,80
12040.2333,0.0667,20.48,0.0,21.12,0,1,512,0,80
12040.4333,0.0,20.48,0.0167,21.12,2,16,512,16,80
12040.6333,-7.8667,20.48,0.0167,21.2,0,0,512,16,80
12040.8333,-5.3333,20.485,0.0,21.12,0,33,512,16,80
12041.0333,-2.0667,20.48,0.0,21.2,0,0,512,16,80
12041.2333,-2.0,20.48,0.0,21.18,0,0,512,16,80
12041.4333,-1.8667,20.48,0.0,21.125,0,0,320,16,80
12041.6333,-2.0,20.48,0.0,21.12,0,33,512,16,80
12041.8333,-3.2,20.48,0.0167,21.2,0,32,512,16,80
12042.0333,-4.1,20.495,0.0,21.2,0,0,516,24,80
12042.2333,-10.6333,20.48,0.0,21.12,0,0,512,0,80
12042.4333,-54.9333,20.485,0.0,21.12,0,0,576,0,80
12042.6333,-66.6667,20.48,0.0167,21.125,0,8,546,128,80
12042.8333,-46.3667,20.48,0.0,21.12,0,0,512,128,80
12043.0333,-29.3333,20.49,0.0,21.12,8,0,512,128,80
12043.2333,0.5333,20.48,0.0,21.12,4,0,577,128,80
12043.4333,0.8,20.48,0.0167,21.12,0,16,576,128,80
12043.6333,1.0667,20.48,0.0,21.12,2,0,514,128,80
12043.8333,0.5333,20.48,0.0167,21.12,0,0,513,128,80
12044.0333,1.0667,20.48,0.0,21.2,0,8,544,128,80
12044.2333,0.0667,20.48,0.0,21.16,0,0,512,128,80
12044.4333,0.0,20.48,0.0167,21.13,0,0,512,128,80
12044.6333,1.1333,20.48,0.0,21.2,4,0,512,128,80
12044.8333,-0.5,20.48,0.0,21.12,0,0,520,128,80
12045.0333,-2.1333,20.48,0.0,21.12,2,32,552,128,80
12045.2333,-1.0,20.48,0.0,21.125,4,2,522,136,80
12045.4333,-1.0,20.48,0.0167,21.12,0,0,576,128,80
12045.6333,-1.0333,20.48,0.0,21.2,0,0,514,128,80
12045.8333,-1.0667,20.48,0.0,21.12,0,0,608,128,80
12046.0333,-0.5333,20.48,0.0,21.12,0,0,512,128,80
12046.2333,-0.5333,20.48,0.0,21.12,0,0,512,128,80
12046.4333,-0.5333,20.48,0.0,21.2,0,0,515,128,80
12046.6333,-0.5333,20.49,0.0167,21.12,0,0,552,128,80
12046.8333,-0.5333,20.48,0.0,21.12,1,0,512,144,80
12047.0333,-0.5333,20.48,0.0,21.12,0,0,516,144,80
12047.2333,-1.0333,20.56,0.0,21.2,0,0,512,144,80
12047.4333,-8.5333,20.48,0.0,21.12,0,0,512,144,80
12047.6333,-31.4667,20.49,0.0167,21.12,0,0,512,144,80
12047.8333,1.0667,20.48,0.0,21.12,0,0,520,144,80
12048.0333,0.0,20.5,0.0,21.12,0,8,513,144,80
12048.2333,0.6667,20.48,0.0,21.12,0,0,520,144,80
12048.4333,0.0,20.48,0.0,21.2,0,0,544,152,80
12048.6333,0.0,20.48,0.0,21.12,0,2,512,128,80
12048.8333,0.0333,20.48,0.0,21.12,0,0,512,128,80
12049.0333,0.0667,20.48,0.0,21.13,0,0,512,160,80
12049.2333,1.0667,20.51,0.0,21.2,5,17,512,160,80
12049.4333,0.0,20.49,0.0,21.12,0,0,512,160,80
12049.6333,-2.1,20.48,0.0,21.12,0,0,512,0,80
12049.8333,-0.5333,20.48,0.0,21.12,8,32,544,0,80
12050.0333,-0.5333,20.48,0.0,21.12,0,34,544,0,80
12050.2333,-6.2,20.48,0.0,21.12,1,0,512,0,80
12050.4333,-7.2667,20.49,0.0167,21.12,0,2,512,0,80
12050.6333,-6.4,20.48,0.0,21.12,0,0,512,0,80
12050.8333,-7.4667,20.48,0.0,21.12,0,32,544,0,80
12051.0333,-14.4,20.48,0.0,21.12,4,32,512,0,80
12051.2333,-25.0667,20.48,0.0,21.125,0,36,514,0,80
12051.4333,-11.7333,20.48,0.0,21.12,0,33,544,0,80
12051.6333,-6.9,20.5,0.0,21.12,0,32,544,8,80
12051.8333,1.6,20.48,0.0,21.2,4,36,520,0,80
12052.0333,5.8667,20.48,0.0,21.16,4,32,544,0,80
12052.2333,8.0667,20.48,0.0167,21.2,0,32,545,0,80
12052.4333,1.0667,20.48,0.0167,21.12,0,0,516,0,80
12052.6333,1.0833,20.48,0.0167,21.2,0,0,512,0,80
12052.8333,0.5333,20.5,0.0,21.12,8,0,512,0,80
12053.0333,0.0667,20.48,0.0,21.12,0,0,514,0,80
12053.2333,0.1,20.49,0.0,21.2,0,4,544,16,80
12053.4333,0.6333,20.48,0.0,21.205,0,2,512,16,80
12053.6333,0.6333,20.48,0.0,21.12,0,1,544,16,80
12053.8333,0.0,20.48,0.0,21.2,0,16,512,16,80
12054.0333,-0.9333,20.48,0.0,21.2,0,32,512,16,80
12054.2333,-2.0,20.48,0.0,21.2,0,32,512,16,80
12054.4333,-1.0667,20.48,0.0,21.12,0,32,512,16,80
12054.6333,-2.0,20.5,0.0,21.125,0,32,516,16,80
12054.8333,-3.0667,20.48,0.0,21.12,0,32,514,24,80
12055.0333,-2.0667,20.48,0.0,21.12,0,0,522,0,80
12055.2333,-3.1667,20.48,0.0,21.12,0,32,512,0,80
12055.4333,-5.8667,20.52,0.0167,21.12,0,32,512,0,80
12055.6333,-23.4667,20.48,0.0,21.14,0,36,512,0,80
12055.8333,-27.7,20.5,0.0167,21.14,0,32,544,0,80
12056.0333,-17.6,20.48,0.0,21.14,0,0,512,0,80
12056.2333,-4.2333,20.48,0.0,21.12,0,0,584,0,80
12056.4333,6.9333,20.48,0.0,21.12,0,32,520,0,80
12056.6333,8.6,20.48,0.0,21.12,0,32,512,0,80
12056.8333,0.2,20.48,0.0,21.12,0,32,512,0,80
12057.0333,0.0,20.48,0.0,21.12,2,16,513,0,80
12057.2333,1.0667,20.48,0.0,21.12,0,20,512,0,80
12057.4333,0.1,20.48,0.0,21.12,0,32,512,0,80
12057.6333,0.6667,20.48,0.0,21.12,0,0,512,0,80
12057.8333,0.5333,20.48,0.0,21.2,0,16,512,0,80
12058.0333,0.5333,20.48,0.0,21.12,0,16,512,8,80
12058.2333,1.0667,20.48,0.0,21.12,8,16,512,0,80
12058.4333,0.0,20.5,0.0,21.12,2,0,512,0,80
12058.6333,-2.1,20.48,0.0167,21.2,0,0,512,0,80
12058.8333,-2.0667,20.48,0.0167,21.2,4,0,512,0,80
12059.0333,-4.1667,20.48,0.0,21.13,0,0,512,0,80
12059.2333,-9.4333,20.48,0.0167,21.2,0,0,512,0,80
12059.4333,-16.0,20.48,0.0,21.2,0,0,512,0,80
12059.6333,-8.5333,20.48,0.0,21.12,0,0,544,16,80
12059.8333,0.5333,20.48,0.0,21.12,0,0,512,16,80
12060.0333,6.4,20.48,0.0167,21.16,4,0,512,16,80
12060.2333,8.0,20.48,0.0,21.2,0,32,512,16,80
12060.4333,8.0,20.48,0.0,21.12,0,8,512,16,80
12060.6333,8.0333,20.48,0.0167,21.165,0,0,516,16,80
12060.8333,6.9667,20.5,0.0,21.12,0,0,544,16,80
12061.0333,1.1,20.5,0.0167,21.12,0,0,520,16,80
12061.2333,-2.6667,20.48,0.0,21.2,0,0,544,24,80
12061.4333,1.2,20.48,0.0,21.12,0,16,514,0,80
12061.6333,0.1333,20.48,0.0167,21.205,0,16,512,0,80
12061.8333,1.0667,20.48,0.0,21.2,1,16,512,32,80
12062.0333,0.0,20.48,0.0,21.16,0,0,544,32,80
12062.2333,1.0667,20.48,0.0,21.12,0,16,512,32,80
12062.4333,0.0667,20.48,0.0,21.2,0,16,512,64,80
12062.6333,0.5333,20.48,0.0,21.2,0,16,512,64,80
12062.8333,1.1333,20.48,0.0,21.12,0,16,512,0,80
12063.0333,0.1333,20.48,0.0,21.12,0,0,512,0,80
12063.2333,7.6,20.48,0.0,21.12,0,1,512,0,80
12063.4333,8.6667,20.48,0.0,21.12,0,0,512,0,80
12063.6333,8.6333,20.48,0.0,21.16,1,0,544,0,80
12063.8333,8.6667,20.52,0.0,21.12,0,0,544,0,80
12064.0333,5.3333,20.48,0.0,21.12,0,32,544,0,80
12064.2333,0.0,20.48,0.0,21.12,0,0,520,0,80
12064.4333,-0.5333,20.48,0.0,21.2,0,0,512,8,80
12064.6333,-0.5333,20.48,0.0,21.2,0,0,512,0,80
12064.8333,-0.5333,20.5,0.0,21.14,0,0,512,0,80
12065.0333,-0.5333,20.52,0.0,21.12,0,0,512,0,80
12065.2333,-0.4667,20.48,0.0,21.12,0,0,512,0,80
12065.4333,-19.6667,20.48,0.0,21.12,0,0,513,0,80
12065.6333,1.0667,20.48,0.0,21.16,0,0,512,0,80
12065.8333,0.2333,20.48,0.0,21.12,0,0,512,0,80
12066.0333,0.0667,20.48,0.0,21.12,0,0,512,16,80
12066.2333,0.5333,20.48,0.0167,21.12,0,1,264,16,80
12066.4333,0.5333,20.48,0.0,21.14,0,0,512,16,80
12066.6333,0.0333,20.48,0.0,21.16,0,0,512,16,80
12066.8333,0.2667,20.48,0.0,21.14,0,0,512,16,80
12067.0333,0.0,20.5,0.0,21.2,0,0,514,16,80
12067.2333,8.5333,20.48,0.0167,21.13,0,0,512,16,80
12067.4333,4.4667,20.48,0.0,21.12,0,32,512,16,80
12067.6333,4.2667,20.52,0.0,21.16,0,0,512,24,80
12067.8333,-0.9333,20.48,0.0,21.13,4,0,512,0,80
12068.0333,-0.9,20.48,0.0,21.12,0,0,512,0,80
12068.2333,-3.1,20.48,0.0,21.2,0,32,514,0,80
12068.4333,-19.0,20.48,0.0,21.2,0,32,520,0,80
12068.6333,-20.2667,20.48,0.0,21.12,0,32,512,0,80
12068.8333,-15.4667,20.52,0.0,21.2,0,32,512,0,80
12069.0333,-12.8,20.48,0.0167,21.12,0,4,512,0,80
12069.2333,-8.5333,20.485,0.0,21.12,2,0,512,0,80
12069.4333,1.6,20.48,0.0,21.12,0,0,552,0,80
12069.6333,4.8333,20.51,0.0,21.125,0,0,512,0,80
12069.8333,5.8667,20.48,0.0167,21.12,0,0,512,0,80
12070.0333,0.0,20.48,0.0,21.125,4,24,520,0,80
12070.2333,0.0667,20.5,0.0,21.18,0,24,512,0,80
12070.4333,1.0667,20.48,0.0,21.125,0,16,512,0,80
12070.6333,0.0,20.48,0.0167,21.12,0,28,512,0,80
12070.8333,1.0667,20.48,0.0,21.2,0,16,512,8,80
12071.0333,0.0333,20.48,0.0,21.16,0,0,512,0,80
12071.2333,1.0667,20.52,0.0167,21.2,0,0,512,0,80
12071.4333,0.1333,20.48,0.0,21.16,0,24,514,0,80
12071.6333,-10.5333,20.48,0.0,21.12,0,4,512,0,80
12071.8333,-8.4667,20.48,0.0,21.12,0,0,512,0,80
12072.0333,-4.2,20.48,0.0,21.12,0,8,513,0,80
12072.2333,2.2667,20.48,0.0,21.13,2,0,577,0,80
12072.4333,6.4,20.52,0.0,21.12,0,2,512,16,80
12072.6333,6.4,20.48,0.0167,21.16,0,0,512,16,80
12072.8333,7.4667,20.48,0.0,21.12,0,32,512,16,80
12073.0333,7.6667,20.48,0.0,21.12,0,32,520,16,80
12073.2333,7.4667,20.48,0.0,21.14,0,4,512,16,80
12073.4333,2.1333,20.48,0.0,21.24,0,0,512,16,80
12073.6333,-3.7333,20.48,0.0,21.12,0,0,516,16,80
12073.8333,-6.9333,20.5,0.0,21.12,0,16,512,16,80
12074.0333,-9.6,20.48,0.0,21.12,0,36,512,24,80
12074.2333,-9.0667,20.485,0.0,21.12,2,32,512,0,80
12074.4333,-6.9333,20.48,0.0,21.12,4,4,512,0,80
12074.6333,-5.3333,20.48,0.0,21.16,0,0,512,32,80
12074.8333,0.8,20.48,0.0,21.125,0,4,512,32,80
12075.0333,0.0333,20.48,0.0,21.12,0,0,520,32,80
12075.2333,0.5333,20.485,0.0,21.12,4,0,513,0,80
12075.4333,0.0667,20.48,0.0,21.2,0,0,546,0,80
12075.6333,0.0667,20.49,0.0,21.2,4,0,512,0,80
12075.8333,0.0,20.48,0.0,21.16,0,0,512,0,80
12076.0333,0.6667,20.48,0.0,21.16,0,8,513,0,80
12076.2333,0.0333,20.48,0.0,21.14,0,25,512,0,80
12076.4333,10.6667,20.48,0.0167,21.12,0,0,512,0,80
12076.6333,8.5333,20.48,0.0,21.2,4,0,512,0,80
12076.8333,1.1,20.48,0.0167,21.28,0,0,512,0,80
12077.0333,-0.9667,20.48,0.0,21.2,0,257,516,0,80
12077.2333,-0.9667,20.48,0.0,21.12,0,256,512,8,80
12077.4333,-0.9667,20.52,0.0,21.12,0,256,512,0,80
12077.6333,-0.5333,20.48,0.0,21.12,0,32,520,0,80
12077.8333,-0.5333,20.485,0.0,21.12,0,32,512,0,80
12078.0333,-0.5333,20.48,0.0,21.2,0,0,512,0,80
12078.2333,-3.2,20.48,0.0,21.12,1,0,513,0,80
12078.4333,-18.1,20.48,0.0,21.12,0,0,520,0,80
12078.6333,-32.0,20.505,0.0,21.12,0,0,514,0,80
12078.8333,-21.8667,20.48,0.0,21.2,8,0,512,16,80
12079.0333,-11.7333,20.48,0.0,21.12,1,2,512,16,80
12079.2333,-10.1333,20.52,0.0167,21.12,0,0,512,16,80
12079.4333,4.2667,20.5,0.0,21.12,2,0,577,16,80
12079.6333,1.0667,20.485,0.0,21.2,0,0,512,16,80
12079.8333,0.2667,20.48,0.0,21.12,0,0,512,16,80
12080.0333,0.0,20.48,0.0,21.2,0,0,512,16,80
12080.2333,0.0667,20.48,0.0,21.12,0,16,512,16,80
12080.4333,0.0,20.52,0.0,21.16,0,0,512,24,80
12080.6333,0.2667,20.48,0.0,21.12,0,0,512,0,80
12080.8333,0.2667,20.48,0.0,21.2,2,1,512,0,80
12081.0333,0.0,20.5,0.0,21.12,1,0,512,0,80
12081.2333,-17.05,20.51,0.0,21.205,0,24,544,0,80
12081.4333,-66.1333,20.48,0.0,21.12,0,0,576,0,80
12081.6333,-33.6,20.54,0.0,21.12,0,1,512,0,80
12081.8333,-16.9667,20.52,0.0,21.205,5,0,552,0,80
12082.0333,-15.7333,20.48,0.0,21.12,0,4,512,0,80
12082.2333,-7.3333,20.48,0.0,21.12,0,0,576,0,80
12082.4333,-2.1333,20.485,0.0,21.12,0,0,576,0,80
12082.6333,2.1333,20.52,0.0,21.12,0,0,576,0,80
12082.8333,5.3333,20.48,0.0,21.12,0,0,512,0,80
12083.0333,7.4667,20.48,0.0167,21.12,0,0,576,0,80
12083.2333,10.1333,20.48,0.0167,21.12,0,4,544,0,80
12083.4333,9.0667,20.48,0.0167,21.12,0,0,544,0,80
12083.6333,8.5333,20.48,0.0,21.12,0,4,576,8,80
12083.8333,0.5667,20.52,0.0167,21.12,0,0,516,0,80
12084.0333,1.0667,20.48,0.0,21.12,0,34,512,0,80
12084.2333,0.5333,20.48,0.0,21.12,0,0,576,0,80
12084.4333,0.0667,20.48,0.0,21.12,4,0,576,0,80
12084.6333,0.6,20.48,0.0,21.12,0,0,576,0,80
12084.8333,0.6,20.48,0.0,21.12,0,0,544,0,80
12085.0333,0.0,20.485,0.0,21.12,0,20,512,0,80
12085.2333,0.6333,20.485,0.0167,21.28,4,24,512,16,80
12085.4333,0.0,20.48,0.0,21.12,2,0,576,16,80
12085.6333,0.4,20.48,0.0167,21.12,0,0,512,16,80
12085.8333,1.0667,20.49,0.0167,21.2,0,0,576,16,80
12086.0333,0.0667,20.52,0.0,21.12,0,2,576,16,80
12086.2333,-1.0333,20.48,0.0167,21.12,0,33,576,16,80
12086.4333,-1.0667,20.48,0.0,21.2,0,0,576,16,80
12086.6333,-1.0667,20.49,0.0,21.16,0,0,544,16,80
12086.8333,-0.9667,20.52,0.0,21.12,0,0,576,24,80
12087.0333,-1.0667,20.48,0.0,21.12,0,32,576,0,80
12087.2333,-0.9333,20.48,0.0,21.125,0,0,512,0,80
12087.4333,-0.5333,20.48,0.0,21.12,0,0,512,32,80
12087.6333,-0.5333,20.48,0.0,21.12,0,2,544,32,80
12087.8333,-0.5,20.48,0.0,21.14,4,0,512,32,80
12088.0333,-41.0667,20.48,0.0,21.12,0,0,576,64,80
12088.2333,-5.3333,20.48,0.0,21.12,0,0,576,64,80
12088.4333,10.7333,20.48,0.0,21.12,0,0,576,0,80
12088.6333,9.0667,20.48,0.0,21.2,1,27,576,0,80
12088.8333,0.1333,20.48,0.0,21.2,0,4,576,0,80
12089.0333,0.2667,20.48,0.0,21.12,0,0,576,0,80
12089.2333,0.5333,20.48,0.0167,21.12,4,32,576,0,80
12089.4333,0.0,20.48,0.0,21.13,0,16,576,0,80
12089.6333,0.0,20.54,0.0,21.2,0,17,576,0,80
12089.8333,1.0667,20.48,0.0,21.12,0,16,608,0,80
12090.0333,1.0667,20.485,0.0,21.12,0,8,576,8,80
12090.2333,1.0667,20.48,0.0167,21.125,0,0,576,0,80
12090.4333,-0.4667,20.5,0.0,21.12,1,32,580,0,80
12090.6333,-1.6,20.48,0.0,21.16,0,32,580,0,80
12090.8333,-1.0667,20.48,0.0,21.165,0,32,512,0,80
12091.0333,-5.3333,20.48,0.0,21.12,2,32,608,0,80
12091.2333,-23.4667,20.48,0.0,21.22,0,32,576,0,80
12091.4333,-24.4667,20.485,0.0,21.12,4,32,576,0,80
12091.6333,-18.1333,20.48,0.0,21.12,0,32,576,16,80
12091.8333,-16.0,20.5,0.0,21.12,0,32,576,16,80
12092.0333,-9.6,20.49,0.0,21.12,5,32,576,16,80
12092.2333,0.0,20.48,0.0,21.12,0,32,512,16,80
12092.4333,0.0,20.48,0.0,21.12,0,0,580,16,80
12092.6333,1.0667,20.48,0.0,21.12,0,0,608,16,80
12092.8333,1.6,20.52,0.0,21.12,0,0,608,16,80
12093.0333,0.5333,20.485,0.0167,21.12,2,0,512,16,80
12093.2333,0.0,20.48,0.0,21.2,0,8,616,24,80
12093.4333,0.5333,20.48,0.0,21.16,0,0,576,0,80
12093.6333,0.0333,20.48,0.0,21.12,0,16,584,0,80
12093.8333,0.4,20.52,0.0,21.12,0,0,578,128,80
12094.0333,1.0667,20.48,0.0,21.12,2,0,576,128,80
12094.2333,1.1667,20.48,0.0,21.12,0,0,576,128,80
12094.4333,1.0667,20.48,0.0,21.12,0,8,576,128,80
12094.6333,1.1333,20.48,0.0,21.12,0,0,608,128,80
12094.8333,-0.4,20.48,0.0,21.12,2,36,576,128,80
12095.0333,0.0,20.49,0.0,21.12,0,32,576,128,80
12095.2333,0.0,20.51,0.0,21.12,1,32,576,128,80
12095.4333,-3.2,20.48,0.0,21.125,0,32,576,128,80
12095.6333,-4.2667,20.49,0.0,21.12,0,0,576,128,80
12095.8333,-1.0,20.48,0.0,21.12,0,8,580,128,80
12096.0333,0.0,20.48,0.0167,21.12,0,4,576,128,80
12096.2333,0.5333,20.49,0.0,21.12,0,0,576,128,80
12096.4333,1.0667,20.48,0.0,21.125,0,0,610,136,80
12096.6333,1.1,20.48,0.0,21.12,0,1,608,128,80
12096.8333,0.5333,20.48,0.0,21.12,0,25,576,128,80
12097.0333,-0.5,20.48,0.0,21.12,0,0,608,128,80
12097.2333,-0.5333,20.48,0.0,21.12,0,0,576,128,80
12097.4333,-0.5333,20.48,0.0,21.12,0,35,576,128,80
12097.6333,-1.0667,20.48,0.0,21.12,0,32,608,128,80
12097.8333,-1.0667,20.54,0.0,21.12,0,8,608,128,80
12098.0333,0.5333,20.49,0.0,21.12,0,32,576,144,80
12098.2333,0.0,20.48,0.0,21.16,0,0,576,144,80
12098.4333,0.0,20.52,0.0,21.12,1,0,580,144,80
12098.6333,0.0,20.48,0.0,21.125,5,17,576,144,80
12098.8333,1.0667,20.48,0.0,21.12,0,16,608,144,80
12099.0333,0.5333,20.48,0.0,21.12,0,18,512,144,80
12099.2333,0.5333,20.54,0.0,21.12,0,17,608,144,80
12099.4333,0.0,20.48,0.0,21.16,0,16,512,144,80
12099.6333,0.5333,20.52,0.0,21.12,0,16,608,152,80
12099.8333,-4.2667,20.48,0.0,21.12,0,32,512,128,80
12100.0333,-1.4667,20.48,0.0,21.12,0,0,576,128,80
12100.2333,1.2,20.48,0.0,21.2,0,0,520,160,80
12100.4333,1.3333,20.48,0.0,21.12,0,0,516,160,80
12100.6333,0.0,20.48,0.0,21.16,2,0,512,160,80
12100.8333,1.6,20.48,0.0,21.12,0,0,512,0,80
12101.0333,0.0,20.48,0.0,21.12,0,0,544,0,80
12101.2333,-0.5333,20.485,0.0,21.12,0,32,545,0,80
12101.4333,-0.5333,20.52,0.0,21.28,0,32,512,0,80
12101.6333,-0.5333,20.48,0.0,21.12,2,0,546,0,80
12101.8333,-0.5333,20.48,0.0,21.12,0,4,544,0,80
12102.0333,-0.5333,20.48,0.0,21.14,0,0,544,0,80
12102.2333,-29.8667,20.48,0.0,21.12,0,0,576,0,80
12102.4333,-17.0667,20.48,0.0,21.2,0,0,512,0,80
12102.6333,1.2,20.48,0.0,21.12,0,0,512,0,80
12102.8333,0.1333,20.48,0.0,21.12,0,16,608,8,80
12103.0333,0.0667,20.48,0.0,21.12,0,0,576,0,80
12103.2333,0.5333,20.49,0.0,21.28,0,17,576,0,80
12103.4333,0.0,20.48,0.0167,21.12,0,0,544,0,80
12103.6333,0.5333,20.48,0.0,21.12,0,1,514,0,80
12103.8333,0.8,20.49,0.0,21.12,0,0,512,0,80
12104.0333,0.3,20.48,0.0,21.12,0,0,512,0,80
12104.2333,21.3667,20.52,0.0,21.12,0,0,516,0,80
12104.4333,0.1333,20.48,0.0,21.16,0,0,512,16,80
12104.6333,0.0,20.48,0.0,21.12,0,4,528,16,80
12104.8333,1.4,20.48,0.0167,21.12,0,0,556,16,80
12105.0333,1.1333,20.48,0.0,21.16,0,4,512,16,80
12105.2333,1.1,20.52,0.0167,21.12,6,32,514,16,80
12105.4333,-22.4,20.5,0.0,21.12,0,1,512,16,80
12105.6333,-19.7333,20.48,0.0,21.16,1,0,520,16,80
12105.8333,-12.8,20.48,0.0,21.12,0,0,512,16,80
12106.0333,-6.9333,20.48,0.0,21.12,0,4,512,24,80
12106.2333,-5.3333,20.48,0.0,21.12,0,32,512,0,80
12106.4333,-0.5333,20.48,0.0,21.12,0,0,544,0,80
12106.6333,-0.5,20.48,0.0167,21.12,0,0,512,0,80
12106.8333,0.5333,20.48,0.0,21.2,2,1,513,0,80
12107.0333,0.1667,20.48,0.0,21.12,2,1,512,0,80
12107.2333,0.5333,20.48,0.0,21.125,0,0,512,0,80
12107.4333,0.5333,20.48,0.0167,21.12,0,1,544,0,80
12107.6333,0.6667,20.485,0.0,21.14,2,4,512,0,80
12107.8333,0.8,20.48,0.0167,21.16,2,0,512,0,80
12108.0333,1.4,20.48,0.0,21.12,4,16,512,0,80
12108.2333,0.2667,20.48,0.0,21.12,0,16,514,0,80
12108.4333,0.2667,20.48,0.0167,21.12,0,16,520,0,80
12108.6333,0.0333,20.48,0.0,21.12,0,0,512,0,80
12108.8333,2.4,20.48,0.0,21.12,0,0,544,0,80
12109.0333,2.1333,20.48,0.0,21.12,0,4,552,0,80
12109.2333,1.3667,20.52,0.0,21.12,0,0,552,8,80
12109.4333,-0.5333,20.48,0.0,21.14,0,0,548,0,80
12109.6333,-0.5,20.48,0.0,21.12,2,4,544,0,80
12109.8333,0.0333,20.48,0.0,21.12,0,0,544,0,80
12110.0333,-2.6667,20.48,0.0,21.125,0,0,524,0,80
12110.2333,-13.3,20.48,0.0,21.12,2,0,512,0,80
12110.4333,-25.6,20.48,0.0,21.12,0,1,512,0,80
12110.6333,-27.2,20.485,0.0,21.12,0,0,512,0,80
12110.8333,-19.2,20.48,0.0,21.12,0,0,512,16,80
12111.0333,10.1333,20.48,0.0,21.16,0,0,608,16,80
12111.2333,24.0,20.54,0.0,21.16,0,0,576,16,80
12111.4333,27.7667,20.49,0.0,21.12,4,9,610,16,80
12111.6333,0.0,20.49,0.0167,21.13,0,0,514,16,80
12111.8333,0.2667,20.48,0.0,21.12,2,0,576,16,80
12112.0333,0.0667,20.48,0.0,21.12,0,0,512,16,80
12112.2333,0.0,20.48,0.0,21.14,0,0,512,16,80
12112.4333,0.0667,20.5,0.0,21.12,0,0,576,24,80
12112.6333,0.0,20.48,0.0,21.12,0,0,576,0,80
12112.8333,0.0,20.48,0.0,21.12,4,0,608,0,80
12113.0333,0.1333,20.52,0.0,21.12,0,0,608,32,80
12113.2333,0.5333,20.52,0.0,21.16,0,0,513,32,80
12113.4333,-38.4,20.48,0.0,21.12,0,0,512,32,80
12113.6333,-28.7667,20.48,0.0,21.12,4,32,544,64,80
12113.8333,-19.2,20.48,0.0,21.12,0,0,512,64,80
12114.0333,-7.4667,20.48,0.0,21.12,0,0,576,0,80
12114.2333,6.6667,20.48,0.0167,21.12,0,32,576,0,80
12114.4333,17.0667,20.48,0.0,21.12,4,2,576,0,80
12114.6333,18.1333,20.48,0.0,21.165,0,0,801,0,80
12114.8333,17.1,20.48,0.0,21.135,0,33,864,0,80
12115.0333,18.1333,20.485,0.0,21.16,5,32,804,0,80
12115.2333,19.7333,20.48,0.0,21.12,4,0,808,0,80
12115.4333,16.0,20.48,0.0,21.12,0,2,768,0,80
12115.6333,2.1667,20.48,0.0,21.14,0,0,768,8,80
12115.8333,-11.2,20.48,0.0167,21.12,0,0,802,0,80
12116.0333,0.1333,20.48,0.0,21.12,6,0,616,0,80
12116.2333,0.5333,20.52,0.0,21.16,0,0,512,0,80
12116.4333,0.0,20.5,0.0167,21.12,0,0,584,0,80
12116.6333,0.0,20.48,0.0,21.16,0,16,552,0,80
12116.8333,0.0667,20.5,0.0,21.12,0,16,512,0,80
12117.0333,0.0,20.54,0.0,21.12,0,0,514,0,80
12117.2333,0.1333,20.5,0.0,21.165,4,2,512,16,80
12117.4333,0.2,20.54,0.0,21.12,1,0,512,16,80
12117.6333,0.1333,20.48,0.0167,21.16,0,0,576,16,80
12117.8333,0.0,20.48,0.0,21.12,0,0,608,16,80
12118.0333,17.1333,20.48,0.0,21.12,0,0,544,16,80
12118.2333,20.8,20.48,0.0,21.12,0,32,512,16,80
12118.4333,18.1333,20.52,0.0,21.12,0,0,512,16,80
12118.6333,-0.5333,20.48,0.0,21.12,0,1,576,16,80
12118.8333,-11.7333,20.48,0.0,21.12,0,0,512,24,80
12119.0333,-21.3333,20.48,0.0,21.12,0,1,576,0,80
12119.2333,-26.6667,20.5,0.0167,21.12,0,6,576,0,80
12119.4333,-24.5333,20.48,0.0,21.12,4,32,512,0,80
12119.6333,-17.6,20.48,0.0,21.12,0,1,512,0,80
12119.8333,-11.7,20.485,0.0,21.16,0,4,512,0,80
12120.0333,1.0667,20.49,0.0,21.16,0,0,512,0,80
12120.2333,6.9667,20.48,0.0,21.16,0,0,545,0,80
12120.4333,11.2,20.48,0.0,21.12,0,0,544,0,80
12120.6333,0.5667,20.48,0.0167,21.16,0,20,512,0,80
12120.8333,0.5333,20.49,0.0,21.12,0,16,512,0,80
12121.0333,0.0,20.48,0.0167,21.12,0,8,544,0,80
12121.2333,0.2667,20.48,0.0,21.12,0,0,520,0,80
12121.4333,0.1667,20.48,0.0167,21.12,0,4,512,0,80
12121.6333,0.0,20.485,0.0,21.12,4,0,512,0,80
12121.8333,0.0,20.48,0.0,21.16,0,0,512,0,80
12122.0333,0.0,20.48,0.0,21.16,0,0,518,8,80
12122.2333,0.0,20.49,0.0,21.12,0,0,514,0,80
12122.4333,-17.0667,20.48,0.0,21.16,0,32,512,0,80
12122.6333,-16.5,20.48,0.0,21.12,0,32,512,0,80
12122.8333,-6.3333,20.49,0.0,21.16,8,32,522,0,80
12123.0333,8.0,20.5,0.0,21.12,0,0,512,0,80
12123.2333,16.0,20.48,0.0,21.12,0,0,512,0,80
12123.4333,18.3,20.48,0.0,21.12,1,0,544,0,80
12123.6333,22.9333,20.48,0.0,21.12,8,0,544,16,80
12123.8333,26.1333,20.49,0.0,21.14,0,4,544,16,80
12124.0333,32.0,20.5,0.0,21.12,0,4,512,16,80
12124.2333,30.9333,20.48,0.0,21.16,0,1,512,16,80
12124.4333,27.7667,20.48,0.0,21.12,0,0,512,16,80
12124.6333,25.6,20.48,0.0,21.12,0,0,288,16,80
12124.8333,23.4667,20.49,0.0,21.12,8,0,516,16,80
12125.0333,18.1333,20.5,0.0167,21.12,0,0,520,16,80
12125.2333,19.8,20.51,0.0,21.12,0,0,512,24,80
12125.4333,0.0,20.48,0.0167,21.16,0,0,512,0,80
12125.6333,0.5333,20.485,0.0,21.16,1,16,512,0,80
12125.8333,0.0,20.49,0.0167,21.12,0,0,512,32,80
12126.0333,0.0,20.48,0.0,21.12,4,16,512,32,80
12126.2333,0.0,20.52,0.0,21.12,0,8,512,32,80
12126.4333,0.0667,20.48,0.0,21.12,0,16,512,0,80
12126.6333,0.0,20.51,0.0,21.12,0,0,544,0,80
12126.8333,0.5333,20.48,0.0,21.12,0,16,512,0,80
12127.0333,-64.5333,20.48,0.0167,21.125,1,0,552,0,80
12127.2333,-76.2667,20.48,0.0,21.12,0,0,545,0,80
12127.4333,-68.0667,20.48,0.0,21.16,0,0,512,0,80
12127.6333,-72.5333,20.49,0.0,21.12,0,34,576,0,80
12127.8333,-69.8667,20.48,0.0167,21.12,0,0,516,0,80
12128.0333,-61.8667,20.48,0.0,21.125,1,0,512,0,80
12128.2333,-49.6,20.48,0.0,21.12,0,0,552,0,80
12128.4333,-44.8,20.48,0.0,21.12,0,0,545,8,80
12128.6333,-35.2,20.5,0.0,21.13,0,0,544,0,80
12128.8333,-26.1333,20.48,0.0,21.12,0,32,544,0,80
12129.0333,-19.2,20.49,0.0,21.16,0,0,544,0,80
12129.2333,-18.1333,20.48,0.0,21.12,0,0,512,0,80
12129.4333,-14.9333,20.48,0.0,21.16,0,0,512,0,80
12129.6333,-10.6667,20.49,0.0,21.12,0,33,512,0,80
12129.8333,-9.6,20.48,0.0,21.12,0,0,544,0,80
12130.0333,-8.0,20.48,0.0,21.125,0,12,512,16,80
12130.2333,0.5667,20.48,0.0,21.12,0,8,512,16,80
12130.4333,0.7333,20.5,0.0,21.12,0,8,512,16,80
12130.6333,0.0333,20.495,0.0,21.12,0,16,512,16,80
12130.8333,0.7,20.48,0.0,21.125,0,4,512,16,80
12131.0333,0.7333,20.49,0.0,21.16,0,16,512,16,80
12131.2333,1.0667,20.51,0.0,21.12,0,0,544,16,80
12131.4333,1.1333,20.48,0.0,21.12,0,10,576,16,80
12131.6333,0.5333,20.48,0.0,21.12,0,16,544,24,80
12131.8333,-2.0667,20.48,0.0,21.12,0,33,524,0,80
12132.0333,-2.1,20.49,0.0,21.16,0,32,544,0,80
12132.2333,-2.6333,20.49,0.0,21.165,0,36,544,0,80
12132.4333,-4.2667,20.48,0.0,21.16,0,32,544,0,80
12132.6333,-4.8,20.48,0.0167,21.12,0,0,576,0,80
12132.8333,-6.4,20.48,0.0,21.12,2,0,544,0,80
12133.0333,0.0,20.48,0.0,21.16,2,32,512,0,80
12133.2333,9.6,20.48,0.0,21.12,0,0,512,0,80
12133.4333,16.5333,20.5,0.0,21.16,0,1,544,0,80
12133.6333,17.6,20.48,0.0,21.12,0,0,256,0,80
12133.8333,17.6,20.48,0.0,21.12,8,16,320,0,80
12134.0333,13.3333,20.48,0.0,21.12,0,2,320,0,80
12134.2333,2.6667,20.48,0.0,21.12,0,0,320,0,80
12134.4333,-4.8,20.52,0.0,21.13,0,0,320,0,80
12134.6333,0.1333,20.48,0.0,21.12,0,2,320,0,80
12134.8333,0.5333,20.49,0.0,21.12,0,0,320,8,80
12135.0333,0.1,20.48,0.0,21.12,0,0,320,0,80
12135.2333,0.5667,20.5,0.0,21.165,0,16,320,0,80
12135.4333,0.0,20.48,0.0,21.125,0,20,512,0,80
12135.6333,0.0,20.49,0.0,21.12,0,4,513,0,80
12135.8333,0.6667,20.52,0.0,21.12,4,24,512,0,80
12136.0333,0.6,20.48,0.0,21.12,0,0,512,0,80
12136.2333,0.0,20.49,0.0,21.12,0,25,512,0,80
12136.4333,7.1333,20.48,0.0,21.12,0,12,544,16,80
12136.6333,10.1333,20.48,0.0,21.125,0,32,512,16,80
12136.8333,10.6667,20.48,0.0,21.12,0,32,576,16,80
12137.0333,10.6667,20.48,0.0,21.12,0,4,548,16,80
12137.2333,1.2,20.48,0.0167,21.12,0,0,576,16,80
12137.4333,-5.3,20.48,0.0,21.16,4,32,546,16,80
12137.6333,-8.2,20.49,0.0,21.12,2,8,576,16,80
12137.8333,-9.6,20.48,0.0,21.12,4,32,512,16,80
12138.0333,-13.3333,20.49,0.0,21.125,4,0,544,24,80
12138.2333,-12.7667,20.48,0.0,21.12,0,0,544,0,80
12138.4333,-10.1333,20.48,0.0,21.12,0,0,512,0,80
12138.6333,-11.2,20.48,0.0,21.12,0,0,577,32,80
12138.8333,-4.8,20.48,0.0,21.12,0,0,576,32,80
12139.0333,2.2,20.48,0.0,21.12,0,16,552,32,80
12139.2333,0.0333,20.48,0.0,21.12,0,0,512,64,80
12139.4333,0.7333,20.48,0.0,21.125,0,0,512,64,80
12139.6333,0.5333,20.48,0.0167,21.12,0,16,512,0,80
12139.8333,0.6,20.48,0.0,21.12,0,0,512,0,80
12140.0333,1.0667,20.48,0.0,21.14,0,0,516,0,80
12140.2333,1.1667,20.49,0.0,21.165,4,18,512,0,80
12140.4333,1.1667,20.48,0.0,21.12,0,0,544,0,80
12140.6333,0.5333,20.48,0.0,21.12,0,0,512,0,80
12140.8333,-9.6,20.48,0.0,21.12,8,17,512,0,80
12141.0333,-12.2667,20.48,0.0,21.12,4,0,512,0,80
12141.2333,-8.0,20.49,0.0167,21.12,0,0,545,8,80
12141.4333,5.3333,20.48,0.0167,21.12,0,0,545,0,80
12141.6333,11.7667,20.5,0.0167,21.12,0,0,552,0,80
12141.8333,20.4333,20.51,0.0,21.12,0,9,544,0,80
12142.0333,25.6,20.49,0.0,21.16,0,4,544,0,80
12142.2333,24.0,20.495,0.0,21.12,0,0,544,0,80
12142.4333,21.3333,20.48,0.0,21.16,0,0,544,0,80
12142.6333,12.8,20.49,0.0,21.12,2,0,512,0,80
12142.8333,-0.5333,20.49,0.0,21.12,0,0,512,16,80
12143.0333,-1.6,20.48,0.0,21.12,2,0,512,16,80
12143.2333,-0.5,20.49,0.0,21.12,0,2,512,16,80
12143.4333,-0.5333,20.48,0.0,21.16,0,0,576,16,80
12143.6333,-0.5333,20.49,0.0,21.16,0,0,512,16,80
12143.8333,-0.4667,20.48,0.0,21.12,0,0,608,16,80
12144.0333,0.8,20.48,0.0,21.12,0,0,512,16,80
12144.2333,0.5333,20.49,0.0,21.12,0,0,512,16,80
12144.4333,0.5667,20.49,0.0,21.12,0,8,545,24,80
12144.6333,0.5333,20.48,0.0,21.12,0,1,512,0,80
12144.8333,0.6667,20.48,0.0,21.12,0,0,608,0,80
12145.0333,0.5667,20.48,0.0,21.12,4,0,512,128,80
12145.2333,1.0667,20.48,0.0167,21.12,0,0,512,128,80
12145.4333,1.0667,20.48,0.0,21.16,0,0,544,128,80
12145.6333,0.0667,20.48,0.0,21.12,0,0,548,128,80
12145.8333,-31.4667,20.48,0.0,21.12,0,0,552,128,80
12146.0333,-21.1667,20.48,0.0167,21.12,4,24,512,128,80
12146.2333,-2.1333,20.49,0.0,21.12,0,0,512,128,80
12146.4333,8.5333,20.48,0.0,21.12,0,4,512,128,80
12146.6333,8.7333,20.48,0.0,21.12,0,8,546,128,80
12146.8333,7.6667,20.48,0.0,21.16,1,26,512,128,80
12147.0333,9.6,20.485,0.0,21.12,0,0,544,128,80
12147.2333,9.0667,20.48,0.0,21.12,0,32,552,128,80
12147.4333,3.7333,20.48,0.0,21.12,0,32,512,128,80
12147.6333,-1.6,20.48,0.0,21.12,0,36,512,136,80
12147.8333,-0.5333,20.49,0.0,21.12,0,24,516,128,80
12148.0333,0.7333,20.48,0.0,21.12,0,8,520,128,80
12148.2333,0.6667,20.48,0.0,21.12,0,0,516,128,80
12148.4333,0.0,20.48,0.0167,21.12,0,4,512,128,80
12148.6333,0.5333,20.48,0.0,21.12,0,4,512,128,80
12148.8333,0.5667,20.49,0.0,21.12,0,0,512,128,80
12149.0333,0.6,20.49,0.0,21.12,0,0,512,128,80
12149.2333,0.7333,20.49,0.0,21.12,0,8,513,144,80
12149.4333,0.0,20.48,0.0,21.12,0,2,512,144,80
12149.6333,-10.5667,20.48,0.0167,21.12,0,0,512,144,80
12149.8333,-5.3333,20.52,0.0,21.12,0,4,512,144,80
12150.0333,1.0667,20.48,0.0167,21.12,2,17,512,144,80
12150.2333,7.4667,20.49,0.0,21.12,0,2,512,144,80
12150.4333,11.8667,20.51,0.0167,21.12,0,0,513,144,80
12150.6333,11.9333,20.48,0.0,21.12,0,0,768,144,80
12150.8333,12.9667,20.49,0.0,21.12,1,0,544,152,80
12151.0333,10.6667,20.49,0.0167,21.16,0,0,512,128,80
12151.2333,4.2667,20.49,0.0,21.12,0,0,776,128,80
12151.4333,-4.2667,20.49,0.0,21.12,1,0,512,160,80
12151.6333,-3.2,20.48,0.0,21.12,0,0,512,160,80
12151.8333,-10.6667,20.48,0.0,21.12,0,34,768,160,80
12152.0333,-13.3,20.49,0.0,21.12,0,0,512,0,80
12152.2333,-12.8,20.48,0.0,21.12,0,0,512,0,80
12152.4333,-10.0667,20.48,0.0,21.16,0,0,768,0,80
12152.6333,0.1333,20.48,0.0,21.12,4,8,514,0,80
12152.8333,0.5333,20.48,0.0,21.12,1,0,512,0,80
12153.0333,0.0333,20.48,0.0,21.12,0,0,768,0,80
12153.2333,1.0667,20.5,0.0,21.12,0,0,768,0,80
12153.4333,0.5333,20.49,0.0,21.12,4,0,768,0,80
12153.6333,0.0,20.48,0.0,21.14,0,0,768,0,80
12153.8333,1.1,20.48,0.0,21.12,0,0,768,0,80
12154.0333,0.1333,20.48,0.0,21.12,4,0,768,8,80
12154.2333,0.0,20.48,0.0,21.12,0,0,768,0,80
12154.4333,-6.2,20.48,0.0,21.12,4,0,768,0,80
12154.6333,-10.6667,20.5,0.0,21.12,0,0,770,0,80
12154.8333,-8.5333,20.48,0.0,21.12,0,0,768,0,80
12155.0333,-7.4667,20.48,0.0,21.12,2,33,512,0,80
12155.2333,-6.3667,20.48,0.0,21.12,0,0,768,0,80
12155.4333,-4.2667,20.48,0.0,21.12,0,0,768,0,80
12155.6333,-2.1333,20.48,0.0,21.12,0,0,516,16,80
12155.8333,0.0,20.48,0.0,21.12,0,0,512,16,80
12156.0333,5.3333,20.5,0.0,21.12,0,0,512,16,80
12156.2333,10.1333,20.48,0.0,21.16,0,0,512,16,80
12156.4333,12.3,20.48,0.0,21.12,0,16,512,16,80
12156.6333,14.4333,20.49,0.0,21.12,0,0,768,16,80
12156.8333,16.5333,20.49,0.0,21.12,0,9,512,16,80
12157.0333,1.1333,20.48,0.0,21.12,0,0,512,16,80
12157.2333,0.5333,20.48,0.0,21.12,4,18,768,24,80
12157.4333,0.0,20.48,0.0,21.12,0,4,512,0,80
12157.6333,1.2,20.48,0.0,21.12,0,1,768,0,80
12157.8333,0.0,20.48,0.0167,21.12,2,2,772,0,80
12158.0333,1.0667,20.48,0.0167,21.12,2,0,770,0,80
12158.2333,1.0667,20.48,0.0,21.12,0,1,768,0,80
12158.4333,0.6,20.48,0.0,21.12,0,0,768,0,80
12158.6333,-3.2,20.48,0.0,21.12,0,12,520,0,80
12158.8333,-1.0667,20.49,0.0,21.12,0,0,768,0,80
12159.0333,4.8,20.48,0.0,21.16,0,0,516,0,80
12159.2333,10.6667,20.505,0.0,21.12,0,0,512,0,80
12159.4333,12.2667,20.48,0.0,21.12,0,0,512,0,80
12159.6333,15.0667,20.49,0.0,21.12,4,0,512,0,80
12159.8333,15.4667,20.49,0.0,21.12,0,0,512,0,80
12160.0333,4.8,20.5,0.0,21.12,0,0,512,0,80
12160.2333,-6.4,20.48,0.0,21.12,0,0,528,0,80
12160.4333,-11.2,20.48,0.0,21.12,0,0,516,8,80
12160.6333,-9.0333,20.48,0.0,21.13,0,0,512,0,80
12160.8333,-7.4667,20.49,0.0,21.12,0,0,513,0,80
12161.0333,-6.9,20.48,0.0,21.12,0,0,512,0,80
12161.2333,-5.3333,20.5,0.0167,21.125,0,0,512,0,80
12161.4333,-3.2,20.48,0.0,21.12,0,2,512,0,80
12161.6333,-0.5333,20.48,0.0,21.12,0,0,514,0,80
12161.8333,0.8,20.48,0.0,21.12,0,4,512,0,80
12162.0333,0.0,20.48,0.0,21.12,1,0,512,16,80
12162.2333,0.7667,20.48,0.0,21.12,0,0,512,16,80
12162.4333,0.1333,20.48,0.0167,21.12,0,1,514,16,80
12162.6333,0.0,20.48,0.0,21.12,0,0,512,16,80
12162.8333,0.1667,20.48,0.0167,21.12,0,16,512,16,80
12163.0333,1.1,20.48,0.0,21.13,0,16,768,16,80
12163.2333,0.0,20.48,0.0,21.14,0,16,768,16,80
12163.4333,-3.7333,20.48,0.0,21.12,0,0,768,16,80
12163.6333,-9.0667,20.48,0.0,21.12,1,1,768,24,80
12163.8333,-15.4667,20.48,0.0,21.12,3,0,768,0,80
12164.0333,-20.1333,20.48,0.0,21.12,0,0,768,0,80
12164.2333,-18.0667,20.48,0.0,21.16,0,0,512,32,80
12164.4333,-13.8667,20.48,0.0167,21.12,2,0,768,32,80
12164.6333,-12.2667,20.48,0.0,21.16,0,32,776,32,80
12164.8333,-9.0667,20.48,0.0,21.12,0,1,768,64,80
12165.0333,-1.6,20.49,0.0,21.12,0,0,768,64,80
12165.2333,3.2,20.48,0.0167,21.12,0,32,512,0,80
12165.4333,5.3333,20.48,0.0,21.16,0,24,768,0,80
12165.6333,8.0333,20.505,0.0,21.12,0,32,768,0,80
12165.8333,12.8333,20.485,0.0,21.12,0,32,768,0,80
12166.0333,12.2667,20.48,0.0,21.12,0,0,770,0,80
12166.2333,3.7333,20.49,0.0,21.12,0,32,512,0,80
12166.4333,-3.7333,20.48,0.0,21.16,0,0,768,0,80
12166.6333,0.0,20.48,0.0167,21.12,0,0,768,0,80
12166.8333,0.6,20.5,0.0167,21.12,0,0,768,8,80
12167.0333,0.1333,20.48,0.0167,21.12,0,0,768,0,80
12167.2333,0.0,20.48,0.0167,21.16,0,17,776,0,80
12167.4333,1.0667,20.505,0.0,21.12,4,0,800,0,80
12167.6333,0.1333,20.48,0.0,21.2,0,16,768,0,80
12167.8333,0.0667,20.48,0.0,21.12,3,16,772,0,80
12168.0333,5.9333,20.48,0.0,21.12,0,0,768,0,80
12168.2333,6.6667,20.48,0.0167,21.2,0,0,768,0,80
12168.4333,8.0,20.48,0.0,21.12,0,32,770,16,80
12168.6333,9.6,20.48,0.0,21.12,0,0,768,16,80
12168.8333,7.4667,20.48,0.0,21.12,1,34,513,16,80
12169.0333,-1.6,20.485,0.0,21.12,1,32,552,16,80
12169.2333,-8.5333,20.48,0.0,21.12,0,1,512,16,80
12169.4333,-10.5333,20.48,0.0,21.12,0,1,544,16,80
12169.6333,-16.0,20.48,0.0,21.12,4,0,512,16,80
12169.8333,-19.2,20.48,0.0,21.12,0,32,768,16,80
12170.0333,-17.0667,20.48,0.0,21.12,0,32,768,24,80
12170.2333,-5.8667,20.48,0.0,21.12,4,0,616,0,80
12170.4333,-1.0333,20.485,0.0,21.12,0,4,768,0,80
12170.6333,0.0,20.5,0.0,21.205,0,32,576,0,80
12170.8333,0.0333,20.48,0.0,21.14,2,0,576,0,80
12171.0333,1.1333,20.48,0.0,21.12,0,0,768,0,80
12171.2333,1.2,20.48,0.0,21.13,8,0,768,0,80
12171.4333,1.2667,20.48,0.0,21.12,0,0,576,0,80
12171.6333,0.0,20.48,0.0,21.12,0,0,576,0,80
12171.8333,1.3333,20.48,0.0,21.12,0,0,576,0,80
12172.0333,0.5333,20.49,0.0,21.12,0,0,576,0,80
12172.2333,-4.0,20.52,0.0167,21.12,0,0,576,0,80
12172.4333,3.2,20.48,0.0,21.12,0,0,516,0,80
12172.6333,7.4667,20.48,0.0167,21.12,0,0,512,0,80
12172.8333,10.7333,20.48,0.0,21.12,0,0,784,0,80
12173.0333,13.8667,20.48,0.0,21.13,0,32,768,0,80
12173.2333,15.0,20.48,0.0167,21.12,0,3,608,8,80
12173.4333,17.1333,20.48,0.0,21.12,2,1,576,0,80
12173.6333,12.8,20.48,0.0,21.16,0,0,608,0,80
12173.8333,1.0667,20.48,0.0167,21.12,0,36,576,0,80
12174.0333,-8.0,20.48,0.0167,21.12,0,0,608,0,80
12174.2333,-14.3667,20.48,0.0,21.12,0,0,576,0,80
12174.4333,-9.0333,20.48,0.0,21.12,1,0,768,0,80
12174.6333,-7.4667,20.48,0.0,21.16,0,0,800,0,80
12174.8333,0.0,20.52,0.0167,21.125,0,1,832,16,80
12175.0333,1.0667,20.48,0.0,21.12,0,0,768,16,80
12175.2333,0.0,20.48,0.0,21.12,0,16,768,16,80
12175.4333,0.2667,20.5,0.0,21.12,0,1,771,16,80
12175.6333,0.2667,20.48,0.0,21.12,0,16,768,16,80
12175.8333,1.2667,20.49,0.0,21.12,0,16,769,16,80
12176.0333,1.1333,20.48,0.0,21.12,41,0,768,16,80
12176.2333,0.0,20.49,0.0,21.12,0,0,768,16,80
12176.4333,0.1,20.505,0.0,21.12,0,0,768,24,80
12176.6333,-8.4333,20.48,0.0,21.12,0,0,769,0,80
12176.8333,-13.3333,20.48,0.0,21.12,8,0,776,0,80
12177.0333,-12.8,20.48,0.0,21.12,0,32,768,32,80
12177.2333,-11.7333,20.48,0.0,21.12,1,8,769,32,80
12177.4333,-7.4667,20.48,0.0,21.12,2,32,865,32,80
12177.6333,-5.1333,20.48,0.0,21.125,0,32,768,0,80
12177.8333,0.0,20.48,0.0,21.16,0,8,776,0,80
12178.0333,6.9333,20.48,0.0,21.14,0,32,768,0,80
12178.2333,7.4667,20.49,0.0,21.12,0,0,864,0,80
12178.4333,9.6,20.48,0.0167,21.12,4,0,768,0,80
12178.6333,11.2,20.48,0.0,21.14,0,8,768,0,80
12178.8333,10.1333,20.48,0.0,21.14,0,0,768,0,80
12179.0333,2.1333,20.48,0.0,21.12,0,32,768,0,80
12179.2333,-5.3333,20.48,0.0,21.12,0,32,865,0,80
12179.4333,-8.5,20.5,0.0,21.12,0,36,880,0,80
12179.6333,-9.0667,20.48,0.0167,21.12,0,0,768,8,80
12179.8333,0.1333,20.48,0.0167,21.12,0,0,772,0,80
12180.0333,0.6,20.48,0.0167,21.12,2,8,768,0,80
12180.2333,0.1667,20.48,0.0167,21.12,0,0,769,0,80
12180.4333,0.0,20.48,0.0,21.12,0,0,4,0,80
12180.6333,0.6,20.48,0.0,21.16,0,0,0,0,80
12180.8333,0.0,20.48,0.0,21.16,0,0,0,0,80
12181.0333,0.0833,20.48,0.0,21.12,0,0,0,0,80
12181.2333,0.7333,20.48,0.0,21.12,0,4,0,16,80
12181.4333,0.8,20.48,0.0,21.12,0,0,0,16,80
12181.6333,0.1333,20.48,0.0,21.12,2,2,256,16,80
12181.8333,4.2667,20.5,0.0167,21.12,0,0,256,16,80
12182.0333,-5.3333,20.5,0.0,21.12,0,34,264,16,80
12182.2333,-11.2,20.48,0.0167,21.12,0,34,256,16,80
12182.4333,-11.4667,20.48,0.0,21.12,0,32,259,16,80
12182.6333,-11.4,20.48,0.0,21.12,0,32,258,16,80
12182.8333,-11.2,20.48,0.0,21.12,0,36,0,24,80
12183.0333,-9.6,20.48,0.0,21.12,0,0,0,0,80
12183.2333,-4.7667,20.48,0.0,21.12,0,0,0,0,80
12183.4333,1.1,20.48,0.0,21.12,0,0,0,0,80
12183.6333,5.8833,20.48,0.0,21.12,0,32,0,0,80
12183.8333,8.0,20.48,0.0,21.12,8,0,0,0,80
12184.0333,8.5333,20.48,0.0,21.12,0,2,2,0,80
12184.2333,10.6667,20.5,0.0,21.12,0,0,0,0,80
12184.4333,14.4,20.48,0.0,21.12,0,32,0,0,80
12184.6333,1.1333,20.48,0.0,21.12,1,1,768,0,80
12184.8333,0.5333,20.48,0.0,21.12,2,0,768,0,80
12185.0333,0.0333,20.48,0.0,21.12,0,0,868,0,80
12185.2333,1.0667,20.48,0.0,21.12,0,8,832,0,80
12185.4333,1.1333,20.48,0.0,21.16,0,4,832,0,80
12185.6333,1.1333,20.48,0.0,21.12,0,16,832,0,80
12185.8333,1.1333,20.48,0.0,21.16,0,0,800,0,80
12186.0333,1.0667,20.48,0.0,21.12,2,0,800,8,80
12186.2333,-0.4,20.48,0.0,21.12,0,24,768,0,80
12186.4333,-17.0667,20.48,0.0,21.12,2,32,768,0,80
12186.6333,-29.6667,20.48,0.0,21.12,0,0,608,0,80
12186.8333,-26.6667,20.49,0.0,21.125,0,0,768,0,80
12187.0333,-18.6667,20.48,0.0,21.12,1,0,608,0,80
12187.2333,-9.4667,20.48,0.0167,21.12,0,0,608,0,80
12187.4333,1.6,20.48,0.0167,21.12,2,0,576,0,80
12187.6333,7.4667,20.48,0.0,21.12,0,0,576,16,80
12187.8333,8.5333,20.48,0.0,21.12,0,0,512,16,80
12188.0333,9.6,20.48,0.0,21.12,0,0,544,16,80
12188.2333,9.6,20.48,0.0,21.12,0,32,512,16,80
12188.4333,8.5333,20.48,0.0,21.12,0,1,512,16,80
12188.6333,0.5333,20.48,0.0,21.12,0,32,544,16,80
12188.8333,-6.3667,20.48,0.0,21.12,4,16,576,16,80
12189.0333,-10.1333,20.48,0.0,21.12,0,0,576,16,80
12189.2333,-11.7333,20.48,0.0,21.16,0,24,576,24,80
12189.4333,0.6,20.48,0.0,21.12,0,0,512,0,80
12189.6333,0.7333,20.48,0.0167,21.12,0,16,576,0,80
12189.8333,0.0,20.48,0.0,21.12,0,2,577,32,80
12190.0333,0.6,20.48,0.0,21.12,0,0,256,32,80
12190.2333,0.8667,20.5,0.0,21.12,5,1,512,32,80
12190.4333,0.0,20.48,0.0,21.12,0,0,512,64,80
12190.6333,0.0333,20.5,0.0,21.12,2,8,512,64,80
12190.8333,1.1333,20.48,0.0,21.12,0,0,576,0,80
12191.0333,0.0,20.48,0.0167,21.12,0,24,512,0,80
12191.2333,6.4667,20.52,0.0,21.12,2,0,512,0,80
12191.4333,2.1333,20.485,0.0,21.12,0,32,544,0,80
12191.6333,-3.2,20.48,0.0,21.12,0,0,544,0,80
12191.8333,-6.4,20.48,0.0,21.12,0,32,512,0,80
12192.0333,-8.0,20.565,0.0,21.12,0,32,576,0,80
12192.2333,-11.7,20.48,0.0167,21.12,0,0,550,0,80
12192.4333,-13.3333,20.505,0.0167,21.16,0,0,514,8,80
12192.6333,-12.8,20.48,0.0,21.12,0,32,548,0,80
12192.8333,-10.6667,20.48,0.0,21.16,0,0,512,0,80
12193.0333,-0.5,20.48,0.0,21.12,8,32,514,0,80
12193.2333,8.0333,20.48,0.0,21.12,0,0,514,0,80
12193.4333,11.7667,20.48,0.0,21.12,0,0,512,0,80
12193.6333,12.8,20.49,0.0,21.12,0,0,514,0,80
12193.8333,13.8667,20.48,0.0167,21.12,0,32,512,0,80
12194.0333,6.9667,20.52,0.0,21.125,0,0,514,16,80
12194.2333,-3.7333,20.48,0.0,21.12,0,32,513,16,80
12194.4333,-10.6,20.5,0.0,21.12,0,8,512,16,80
12194.6333,0.0,20.48,0.0,21.12,0,0,512,16,80
12194.8333,0.5333,20.48,0.0,21.12,0,2,512,16,80
12195.0333,0.6,20.48,0.0,21.12,4,6,520,16,80
12195.2333,0.0,20.48,0.0,21.12,0,0,512,16,80
12195.4333,0.0,20.48,0.0,21.12,0,0,512,16,80
12195.6333,0.0,20.48,0.0,21.12,0,0,512,24,80
12195.8333,0.0333,20.48,0.0,21.12,0,4,552,0,80
12196.0333,1.6333,20.48,0.0,21.16,0,2,516,0,80
12196.2333,1.0667,20.48,0.0,21.125,0,0,512,128,80
12196.4333,1.0667,20.48,0.0,21.12,0,0,512,128,80
12196.6333,7.0,20.48,0.0167,21.12,0,0,513,128,80
12196.8333,-1.0667,20.485,0.0167,21.12,8,10,512,128,80
12197.0333,-6.2667,20.48,0.0,21.12,0,2,512,128,80
12197.2333,-11.5333,20.48,0.0,21.12,0,0,512,128,80
12197.4333,-13.6667,20.48,0.0,21.16,2,32,512,128,80
12197.6333,-11.6667,20.48,0.0,21.12,2,32,512,128,80
12197.8333,-9.4667,20.485,0.0,21.12,0,0,512,128,80
12198.0333,0.0,20.505,0.0,21.16,0,0,512,128,80
12198.2333,7.4667,20.48,0.0,21.12,0,0,512,128,80
12198.4333,9.6,20.48,0.0,21.12,1,0,512,128,80
12198.6333,12.2667,20.48,0.0,21.12,0,0,512,128,80
12198.8333,20.3,20.48,0.0,21.12,0,0,516,136,80
12199.0333,20.8333,20.48,0.0167,21.125,0,0,524,128,80
12199.2333,9.1333,20.48,0.0,21.12,0,0,512,128,80
12199.4333,0.7667,20.5,0.0,21.12,0,17,512,128,80
12199.6333,0.2667,20.5,0.0,21.12,0,0,544,128,80
12199.8333,0.6,20.48,0.0,21.12,4,0,512,128,80
12200.0333,0.2667,20.48,0.0,21.12,2,16,512,128,80
12200.2333,1.0667,20.48,0.0167,21.125,1,0,512,128,80
12200.4333,1.1,20.48,0.0,21.12,0,8,512,144,80
12200.6333,0.6667,20.48,0.0,21.16,0,0,544,144,80
12200.8333,0.0333,20.48,0.0,21.2,1,0,520,144,80
12201.0333,4.4,20.48,0.0,21.16,0,0,544,144,80
12201.2333,8.5333,20.48,0.0,21.2,0,33,547,144,80
12201.4333,16.1333,20.48,0.0,21.12,1,0,512,144,80
12201.6333,19.3333,20.48,0.0,21.125,0,33,552,144,80
12201.8333,19.2667,20.48,0.0,21.12,2,4,544,144,80
12202.0333,10.6667,20.48,0.0,21.12,0,16,548,152,80
12202.2333,-1.0667,20.48,0.0167,21.12,0,0,548,128,80
12202.4333,-5.8667,20.505,0.0,21.12,0,0,544,128,80
12202.6333,-8.0,20.48,0.0,21.12,1,0,512,160,80
12202.8333,-10.6667,20.48,0.0,21.2,0,0,512,160,80
12203.0333,-12.2333,20.48,0.0,21.12,0,0,548,160,80
12203.2333,-10.1,20.505,0.0,21.125,0,32,512,0,80
12203.4333,-3.2,20.48,0.0,21.12,0,1,512,0,80
12203.6333,4.8333,20.48,0.0,21.16,2,0,512,0,80
12203.8333,7.4667,20.48,0.0,21.12,0,0,512,0,80
12204.0333,0.0667,20.48,0.0,21.16,0,1,514,0,80
12204.2333,0.0,20.48,0.0,21.12,0,0,512,0,80
12204.4333,0.5333,20.48,0.0,21.16,0,16,512,0,80
12204.6333,0.2,20.48,0.0167,21.12,1,0,544,0,80
12204.8333,0.5333,20.48,0.0,21.12,0,16,512,0,80
12205.0333,0.0,20.49,0.0,21.12,0,4,516,0,80
12205.2333,0.5333,20.48,0.0,21.125,1,0,520,8,80
12205.4333,0.5333,20.5,0.0,21.12,0,0,520,0,80
12205.6333,-13.8667,20.48,0.0,21.12,1,8,514,0,80
12205.8333,-13.8667,20.48,0.0,21.12,0,0,512,0,80
12206.0333,-12.2667,20.5,0.0,21.12,0,0,512,0,80
12206.2333,3.4667,20.5,0.0,21.12,0,0,512,0,80
12206.4333,10.6667,20.48,0.0,21.12,0,0,512,0,80
12206.6333,13.3333,20.48,0.0,21.12,0,0,512,0,80
12206.8333,14.4,20.48,0.0,21.12,0,0,512,16,80
12207.0333,13.3333,20.48,0.0,21.16,0,0,512,16,80
12207.2333,9.0667,20.48,0.0167,21.12,0,32,512,16,80
12207.4333,-4.2667,20.5,0.0167,21.12,0,0,512,16,80
12207.6333,-13.8333,20.48,0.0,21.12,0,0,544,16,80
12207.8333,-19.2,20.48,0.0,21.12,4,0,544,16,80
12208.0333,-20.8,20.5,0.0,21.12,0,0,512,16,80
12208.2333,-14.4,20.48,0.0,21.12,0,0,512,16,80
12208.4333,-12.1333,20.48,0.0,21.12,0,0,514,24,80
12208.6333,0.1333,20.48,0.0167,21.12,0,0,512,0,80
12208.8333,0.1333,20.49,0.0,21.12,0,0,512,0,80
12209.0333,0.5333,20.48,0.0,21.16,0,0,512,0,80
12209.2333,0.6667,20.48,0.0,21.12,0,0,512,0,80
12209.4333,0.0333,20.48,0.0,21.12,0,0,512,0,80
12209.6333,1.0667,20.48,0.0,21.12,0,0,512,0,80
12209.8333,0.0333,20.485,0.0,21.12,0,0,512,0,80
12210.0333,0.0667,20.48,0.0,21.12,0,4,520,0,80
12210.2333,-12.2667,20.48,0.0,21.12,0,2,520,0,80
12210.4333,-12.2667,20.48,0.0,21.12,0,0,512,0,80
12210.6333,-13.7,20.48,0.0167,21.125,0,0,516,0,80
12210.8333,-13.8667,20.49,0.0,21.12,0,2,513,0,80
12211.0333,-13.3333,20.48,0.0,21.12,2,0,512,0,80
12211.2333,-2.6667,20.48,0.0167,21.12,0,0,512,0,80
12211.4333,10.1333,20.5,0.0,21.12,0,0,512,0,80
12211.6333,20.2667,20.48,0.0167,21.12,0,0,512,8,80
12211.8333,30.4,20.5,0.0,21.12,0,0,512,0,80
12212.0333,29.9,20.485,0.0,21.2,0,0,544,0,80
12212.2333,24.5667,20.485,0.0,21.2,0,8,544,0,80
12212.4333,8.0,20.485,0.0,21.12,0,0,544,0,80
12212.6333,-4.8,20.49,0.0,21.2,0,0,516,0,80
12212.8333,-13.8667,20.49,0.0,21.12,0,0,512,0,80
12213.0333,-17.05,20.48,0.0,21.12,1,0,512,0,80
12213.2333,-15.4667,20.48,0.0,21.2,0,1,512,16,80
12213.4333,0.0,20.48,0.0167,21.16,0,0,512,16,80
12213.6333,0.6,20.49,0.0,21.12,0,0,512,16,80
12213.8333,0.0,20.49,0.0,21.12,0,16,546,16,80
12214.0333,0.0333,20.48,0.0167,21.205,0,0,544,16,80
12214.2333,0.0,20.48,0.0,21.2,0,0,512,16,80
12214.4333,0.2667,20.48,0.0167,21.12,2,4,514,16,80
12214.6333,0.7333,20.48,0.0,21.12,0,0,520,16,80
12214.8333,0.0,20.48,0.0,21.12,2,16,513,24,80
12215.0333,0.5333,20.5,0.0,21.2,0,0,512,0,80
12215.2333,19.2,20.48,0.0,21.2,0,0,512,0,80
12215.4333,1.2,20.5,0.0,21.125,0,32,512,32,80
12215.6333,-5.2,20.48,0.0,21.12,0,0,514,32,80
12215.8333,-4.8,20.48,0.0,21.12,0,33,512,32,80
12216.0333,-5.8667,20.48,0.0167,21.12,0,32,512,64,80
12216.2333,-2.6667,20.48,0.0,21.12,0,0,512,64,80
12216.4333,-2.6667,20.48,0.0,21.12,0,32,512,0,80
12216.6333,-1.0667,20.48,0.0,21.12,0,32,513,0,80
12216.8333,-0.5,20.49,0.0,21.2,0,32,512,0,80
12217.0333,-0.5333,20.48,0.0,21.12,0,0,512,0,80
12217.2333,-0.5,20.485,0.0,21.12,0,32,512,0,80
12217.4333,-0.5,20.49,0.0,21.12,4,8,512,0,80
12217.6333,-0.5333,20.48,0.0,21.125,0,32,514,0,80
12217.8333,-2.1333,20.48,0.0,21.12,1,0,512,0,80
12218.0333,-2.1333,20.48,0.0,21.12,0,32,512,8,80
12218.2333,0.5667,20.48,0.0,21.12,1,32,512,0,80
12218.4333,0.0,20.48,0.0167,21.12,0,32,544,0,80
12218.6333,0.5667,20.48,0.0167,21.12,0,0,512,0,80
12218.8333,0.1333,20.48,0.0,21.12,0,7,512,0,80
12219.0333,1.1333,20.48,0.0,21.12,0,16,512,0,80
12219.2333,1.2,20.48,0.0,21.12,0,0,512,0,80
12219.4333,1.1,20.48,0.0,21.12,0,1,768,0,80
12219.6333,1.3333,20.48,0.0,21.12,4,5,513,16,80
12219.8333,1.2,20.48,0.0,21.2,0,4,768,16,80
12220.0333,0.1333,20.48,0.0,21.12,0,0,768,16,80
12220.2333,0.0,20.48,0.0,21.12,0,8,544,16,80
12220.4333,-10.1333,20.48,0.0,21.12,4,32,512,16,80
12220.6333,-10.6,20.48,0.0167,21.125,0,32,768,16,80
12220.8333,-11.2,20.48,0.0,21.12,0,37,768,16,80
12221.0333,-11.6,20.48,0.0,21.12,4,34,768,16,80
12221.2333,-13.6667,20.48,0.0,21.2,0,32,768,24,80
12221.4333,-3.2,20.48,0.0,21.2,0,0,772,0,80
12221.6333,15.5,20.48,0.0,21.12,2,0,768,0,80
12221.8333,31.5,20.485,0.0,21.12,0,33,768,0,80
12222.0333,28.8,20.48,0.0,21.125,0,32,768,0,80
12222.2333,31.5,20.48,0.0,21.12,3,36,512,0,80
12222.4333,32.5667,20.48,0.0,21.14,2,32,512,0,80
12222.6333,20.2667,20.49,0.0,21.12,4,32,512,0,80
12222.8333,0.5333,20.48,0.0,21.12,0,32,512,0,80
12223.0333,-10.1333,20.48,0.0,21.2,0,8,768,0,80
12223.2333,-16.0,20.5,0.0167,21.12,0,8,768,0,80
12223.4333,0.0,20.48,0.0,21.12,0,2,768,0,80
12223.6333,1.1,20.48,0.0167,21.12,0,0,772,0,80
12223.8333,0.6667,20.48,0.0,21.12,0,0,768,0,80
12224.0333,0.2,20.48,0.0,21.18,0,0,768,0,80
12224.2333,0.0,20.5,0.0,21.2,0,1,776,0,80
12224.4333,1.0667,20.48,0.0,21.125,0,16,768,8,80
12224.6333,1.0667,20.48,0.0,21.12,0,16,768,0,80
12224.8333,0.0,20.48,0.0,21.16,0,16,768,0,80
12225.0333,15.0,20.485,0.0,21.16,0,16,768,0,80
12225.2333,19.7333,20.485,0.0,21.2,0,32,768,0,80
12225.4333,22.4,20.48,0.0,21.12,0,32,768,0,80
12225.6333,23.6,20.48,0.0,21.12,1,32,768,0,80
12225.8333,20.4,20.48,0.0,21.2,0,17,768,0,80
12226.0333,7.4667,20.49,0.0,21.12,0,32,768,16,80
12226.2333,-6.4,20.48,0.0,21.16,4,32,768,16,80
12226.4333,-22.4,20.48,0.0,21.13,0,32,770,16,80
12226.6333,-28.2667,20.48,0.0,21.12,0,34,768,16,80
12226.8333,-23.4667,20.49,0.0167,21.12,0,32,768,16,80
12227.0333,-21.8667,20.48,0.0,21.12,0,0,768,16,80
12227.2333,-20.8,20.48,0.0,21.12,0,0,768,16,80
12227.4333,-17.6,20.48,0.0,21.12,0,1,800,16,80
12227.6333,-10.6667,20.48,0.0167,21.12,0,0,776,24,80
12227.8333,0.0,20.48,0.0,21.12,0,0,768,0,80
12228.0333,0.0,20.48,0.0,21.12,1,16,768,0,80
12228.2333,0.0,20.49,0.0,21.12,0,16,768,32,80
12228.4333,0.1333,20.56,0.0,21.12,0,0,768,32,80
12228.6333,0.1333,20.48,0.0,21.12,4,24,768,32,80
12228.8333,0.7667,20.48,0.0,21.12,2,16,768,0,80
12229.0333,0.0,20.48,0.0,21.12,2,0,774,0,80
12229.2333,1.0667,20.48,0.0,21.12,2,0,512,0,80
12229.4333,0.5333,20.56,0.0,21.12,0,0,776,0,80
12229.6333,0.0,20.48,0.0,21.125,0,0,768,0,80
12229.8333,28.3333,20.48,0.0,21.2,0,0,768,0,80
12230.0333,23.5,20.5,0.0,21.12,0,32,512,0,80
12230.2333,2.1333,20.48,0.0,21.12,0,4,768,0,80
12230.4333,-16.8667,20.48,0.0,21.12,1,0,772,0,80
12230.6333,-38.4,20.5,0.0,21.12,0,0,514,0,80
12230.8333,-44.2667,20.48,0.0,21.205,0,0,512,8,80
12231.0333,-42.6667,20.505,0.0,21.12,0,0,512,0,80
12231.2333,-35.7,20.485,0.0,21.2,0,0,514,0,80
12231.4333,-32.0,20.48,0.0,21.2,8,0,512,0,80
12231.6333,-31.9667,20.48,0.0167,21.12,0,0,520,0,80
12231.8333,-30.9333,20.48,0.0,21.12,4,0,512,0,80
12232.0333,-23.9667,20.52,0.0,21.2,0,32,512,0,80
12232.2333,-17.0667,20.48,0.0,21.12,0,0,512,0,80
12232.4333,-1.6,20.48,0.0,21.12,0,0,512,16,80
12232.6333,0.1333,20.48,0.0,21.12,1,0,512,16,80
12232.8333,0.1333,20.48,0.0,21.12,0,0,512,16,80
12233.0333,0.0,20.48,0.0167,21.2,0,0,520,16,80
12233.2333,0.5333,20.48,0.0,21.12,0,16,512,16,80
12233.4333,0.1333,20.48,0.0,21.125,4,0,513,16,80
12233.6333,1.0667,20.48,0.0,21.12,8,0,512,16,80
12233.8333,1.2,20.48,0.0167,21.12,0,0,512,16,80
12234.0333,0.5333,20.48,0.0,21.12,0,4,512,24,80
12234.2333,0.5333,20.49,0.0,21.12,0,0,513,0,80
12234.4333,-16.9333,20.48,0.0,21.2,0,9,512,0,80
12234.6333,-16.5333,20.48,0.0167,21.2,0,32,512,0,80
12234.8333,-14.7,20.48,0.0,21.12,1,32,512,0,80
12235.0333,-10.6667,20.48,0.0167,21.2,0,32,544,0,80
12235.2333,0.0,20.48,0.0,21.12,0,0,516,0,80
12235.4333,9.7,20.485,0.0,21.12,0,0,512,0,80
12235.6333,15.4667,20.48,0.0,21.12,0,0,512,0,80
12235.8333,16.0,20.48,0.0,21.12,0,0,512,0,80
12236.0333,17.6333,20.48,0.0,21.12,0,0,512,0,80
12236.2333,21.3333,20.48,0.0,21.2,4,0,512,0,80
12236.4333,20.2667,20.48,0.0,21.12,0,0,512,0,80
12236.6333,12.8,20.48,0.0,21.12,0,0,512,0,80
12236.8333,-1.0333,20.48,0.0,21.12,4,0,512,0,80
12237.0333,-0.4667,20.48,0.0,21.12,0,8,512,0,80
12237.2333,0.5333,20.5,0.0,21.205,0,12,514,8,80
12237.4333,0.6,20.48,0.0,21.16,0,18,608,0,80
12237.6333,1.0667,20.48,0.0,21.125,0,24,512,0,80
12237.8333,0.0,20.485,0.0167,21.12,0,16,512,0,80
12238.0333,1.0667,20.48,0.0,21.125,2,0,512,0,80
12238.2333,0.0,20.48,0.0,21.12,0,18,512,0,80
12238.4333,1.2,20.48,0.0,21.12,0,0,512,0,80
12238.6333,1.0667,20.5,0.0,21.12,0,0,512,0,80
12238.8333,0.1333,20.5,0.0,21.2,0,16,512,16,80
12239.0333,2.8,20.48,0.0,21.125,0,0,544,16,80
12239.2333,16.0333,20.48,0.0,21.2,1,0,512,16,80
12239.4333,19.7333,20.48,0.0,21.2,0,0,512,16,80
12239.6333,20.8333,20.48,0.0167,21.12,0,2,512,16,80
12239.8333,20.4667,20.48,0.0,21.16,0,0,520,16,80
12240.0333,17.0667,20.48,0.0,21.12,0,0,512,16,80
12240.2333,10.6667,20.48,0.0,21.12,0,0,512,16,80
12240.4333,-2.1333,20.48,0.0,21.165,1,2,512,24,80
12240.6333,-1.0667,20.48,0.0,21.12,0,0,512,0,80
12240.8333,-5.8667,20.48,0.0,21.12,0,1,516,0,80
12241.0333,-8.0,20.48,0.0,21.12,0,0,512,32,80
12241.2333,-12.2667,20.48,0.0,21.2,0,0,544,32,80
12241.4333,-14.4,20.48,0.0,21.12,0,0,612,32,80
12241.6333,-27.7,20.48,0.0,21.16,0,0,512,64,80
12241.8333,-17.0,20.48,0.0,21.2,0,0,520,64,80
12242.0333,0.7333,20.48,0.0,21.2,0,2,512,0,80
12242.2333,0.6,20.48,0.0,21.12,0,0,512,0,80
12242.4333,0.0667,20.48,0.0,21.16,2,16,512,0,80
12242.6333,0.0,20.485,0.0,21.2,0,24,513,0,80
12242.8333,0.5333,20.48,0.0,21.12,0,0,512,0,80
12243.0333,1.0667,20.48,0.0,21.16,1,2,512,0,80
12243.2333,0.6333,20.48,0.0,21.2,2,0,520,0,80
12243.4333,18.7667,20.48,0.0,21.12,4,0,521,0,80
12243.6333,14.9333,20.48,0.0,21.12,0,0,512,8,80
12243.8333,3.2,20.485,0.0167,21.12,1,0,512,0,80
12244.0333,-1.9667,20.48,0.0,21.2,0,0,768,0,80
12244.2333,-0.8667,20.48,0.0167,21.12,0,0,512,0,80
12244.4333,-5.2,20.48,0.0,21.12,0,4,512,0,80
12244.6333,-5.3333,20.48,0.0,21.12,0,0,608,0,80
12244.8333,-8.5333,20.48,0.0,21.12,1,24,608,0,80
12245.0333,-22.9333,20.48,0.0,21.16,0,0,608,0,80
12245.2333,-30.4,20.48,0.0167,21.12,0,0,624,16,80
12245.4333,-24.5333,20.48,0.0,21.12,5,32,578,16,80
12245.6333,-16.0,20.48,0.0167,21.12,0,0,608,16,80
12245.8333,-8.4667,20.48,0.0,21.12,0,0,608,16,80
12246.0333,0.6667,20.485,0.0,21.12,0,8,612,16,80
12246.2333,0.0667,20.485,0.0,21.125,0,0,608,16,80
12246.4333,0.0333,20.49,0.0,21.2,0,0,512,16,80
12246.6333,1.0667,20.48,0.0,21.12,0,16,512,16,80
12246.8333,0.2,20.48,0.0,21.2,0,0,512,24,80
12247.0333,0.0,20.48,0.0,21.16,0,2,512,0,80
12247.2333,0.6667,20.48,0.0,21.12,0,0,516,0,80
12247.4333,0.5333,20.5,0.0,21.12,0,16,768,128,80
12247.6333,-1.0333,20.48,0.0,21.16,2,0,768,128,80
12247.8333,-3.1667,20.48,0.0,21.12,0,0,768,128,80
12248.0333,-9.6,20.48,0.0,21.12,0,2,772,128,80
12248.2333,-9.0667,20.48,0.0,21.12,0,0,768,128,80
12248.4333,-13.8667,20.48,0.0,21.12,0,0,768,128,80
12248.6333,-40.0,20.485,0.0,21.16,0,0,772,128,80
12248.8333,-29.8667,20.49,0.0167,21.125,0,0,768,128,80
12249.0333,-15.4667,20.485,0.0,21.16,0,0,768,128,80
12249.2333,1.1,20.48,0.0,21.12,0,2,768,128,80
12249.4333,18.6667,20.48,0.0,21.12,0,0,800,128,80
12249.6333,23.4667,20.5,0.0,21.12,0,1,768,128,80
12249.8333,20.2667,20.48,0.0,21.12,2,0,768,128,80
12250.0333,20.3333,20.48,0.0,21.125,0,2,800,136,80
12250.2333,0.0,20.48,0.0,21.12,4,16,800,128,80
12250.4333,0.5667,20.48,0.0,21.14,0,0,800,128,80
12250.6333,0.5333,20.485,0.0,21.12,0,0,768,128,80
12250.8333,0.0,20.48,0.0,21.12,0,20,768,128,80
12251.0333,0.0,20.48,0.0,21.12,2,0,768,128,80
12251.2333,1.0667,20.48,0.0,21.16,0,0,768,128,80
12251.4333,0.0,20.48,0.0,21.12,2,20,802,128,80
12251.6333,0.0,20.48,0.0,21.16,0,17,768,144,80
12251.8333,0.0,20.5,0.0,21.12,0,0,800,144,80
12252.0333,-27.5333,20.48,0.0,21.2,4,0,768,144,80
12252.2333,-22.4,20.48,0.0,21.12,0,0,800,144,80
12252.4333,-7.2667,20.48,0.0,21.2,0,0,804,144,80
12252.6333,11.8667,20.48,0.0,21.12,1,0,768,144,80
12252.8333,12.8667,20.48,0.0,21.12,0,0,840,144,80
12253.0333,13.8667,20.5,0.0,21.12,0,0,768,144,80
12253.2333,12.8,20.48,0.0167,21.2,0,0,768,152,80
12253.4333,13.3333,20.485,0.0,21.12,0,0,776,128,80
12253.6333,10.1333,20.5,0.0,21.2,0,0,768,128,80
12253.8333,-1.0667,20.48,0.0,21.12,0,0,768,160,80
12254.0333,-7.4667,20.48,0.0,21.12,0,0,768,160,80
12254.2333,-6.9333,20.485,0.0,21.12,0,20,768,160,80
12254.4333,-5.8667,20.48,0.0,21.12,5,32,768,0,80
12254.6333,-12.2,20.48,0.0,21.12,0,0,800,0,80
12254.8333,1.1333,20.48,0.0,21.12,0,24,768,0,80
12255.0333,0.0,20.48,0.0,21.125,0,0,768,0,80
12255.2333,0.0,20.5,0.0167,21.12,0,16,768,0,80
12255.4333,0.1333,20.485,0.0,21.2,0,0,772,0,80
12255.6333,0.0,20.48,0.0,21.12,0,0,768,0,80
12255.8333,1.6,20.48,0.0,21.12,0,18,768,0,80
12256.0333,0.1333,20.48,0.0167,21.12,0,0,776,0,80
12256.2333,0.0,20.48,0.0,21.12,0,0,800,0,80
12256.4333,0.0,20.48,0.0,21.2,0,0,800,8,80
12256.6333,8.5667,20.48,0.0,21.16,0,32,800,0,80
12256.8333,0.0,20.48,0.0,21.16,0,1,768,0,80
12257.0333,-1.0667,20.48,0.0167,21.16,8,3,768,0,80
12257.2333,-0.5333,20.5,0.0,21.12,0,1,776,0,80
12257.4333,-0.9333,20.48,0.0,21.12,0,1,768,0,80
12257.6333,-1.0,20.48,0.0,21.12,0,0,774,0,80
12257.8333,-1.0,20.48,0.0,21.12,0,0,784,0,80
12258.0333,-0.5333,20.48,0.0,21.18,0,0,768,16,80
12258.2333,-0.5333,20.48,0.0,21.16,0,0,772,16,80
12258.4333,-0.5333,20.48,0.0,21.16,8,0,768,16,80
12258.6333,-4.2667,20.48,0.0,21.125,0,0,768,16,80
12258.8333,-12.7667,20.485,0.0,21.12,0,0,768,16,80
12259.0333,-14.4,20.48,0.0,21.16,0,0,768,16,80
12259.2333,-2.6333,20.48,0.0,21.2,0,0,768,16,80
12259.4333,4.8,20.48,0.0,21.12,0,16,768,16,80
12259.6333,0.5333,20.48,0.0,21.12,0,0,768,24,80
12259.8333,0.0,20.48,0.0,21.125,0,0,768,0,80
12260.0333,0.5333,20.525,0.0,21.2,0,0,768,0,80
12260.2333,0.0333,20.48,0.0,21.16,0,0,772,0,80
12260.4333,0.0,20.48,0.0,21.2,0,0,768,0,80
12260.6333,1.7,20.48,0.0,21.12,5,0,768,0,80
12260.8333,1.1667,20.48,0.0,21.12,0,0,768,0,80
12261.0333,1.0667,20.48,0.0,21.13,0,16,800,0,80
12261.2333,0.0,20.48,0.0,21.205,0,0,768,0,80
12261.4333,-1.6,20.48,0.0,21.125,2,32,769,0,80
12261.6333,-0.5333,20.5,0.0,21.125,0,1,800,0,80
12261.8333,-0.5333,20.485,0.0,21.12,0,0,768,0,80
12262.0333,-0.5333,20.48,0.0,21.12,0,8,800,0,80
12262.2333,-0.5333,20.48,0.0,21.12,0,0,784,0,80
12262.4333,-1.6,20.48,0.0,21.16,0,0,768,0,80
12262.6333,-10.5333,20.48,0.0,21.165,0,0,772,0,80
12262.8333,-12.8,20.48,0.0,21.12,0,0,768,8,80
12263.0333,-3.1667,20.485,0.0,21.16,0,0,800,0,80
12263.2333,3.7333,20.48,0.0,21.2,0,2,800,0,80
12263.4333,3.2,20.48,0.0,21.12,0,0,802,0,80
12263.6333,3.2,20.48,0.0,21.12,0,0,776,0,80
12263.8333,5.3667,20.48,0.0,21.12,0,0,780,0,80
12264.0333,4.2667,20.48,0.0,21.16,0,12,800,0,80
12264.2333,-0.5333,20.48,0.0,21.12,0,0,768,0,80
12264.4333,0.5333,20.48,0.0,21.16,0,2,768,16,80
12264.6333,0.5333,20.52,0.0,21.16,4,16,768,16,80
12264.8333,0.5667,20.48,0.0,21.12,0,0,768,16,80
12265.0333,0.6667,20.48,0.0,21.16,1,16,768,16,80
12265.2333,0.5333,20.48,0.0,21.12,0,0,771,16,80
12265.4333,0.5333,20.485,0.0167,21.12,0,16,512,16,80
12265.6333,0.0,20.48,0.0,21.12,0,0,512,16,80
12265.8333,0.6667,20.48,0.0,21.12,0,16,512,16,80
12266.0333,-22.9333,20.48,0.0,21.16,0,0,520,24,80
12266.2333,6.4333,20.48,0.0167,21.12,1,32,512,0,80
12266.4333,12.8,20.48,0.0,21.12,1,4,520,0,80
12266.6333,11.7333,20.48,0.0167,21.12,0,0,512,32,80
12266.8333,13.9333,20.48,0.0,21.125,0,32,512,32,80
12267.0333,17.0667,20.48,0.0,21.12,1,32,512,32,80
12267.2333,17.6,20.48,0.0,21.12,0,32,514,64,80
12267.4333,15.4667,20.48,0.0,21.125,0,32,768,64,80
12267.6333,9.0667,20.48,0.0,21.12,0,0,512,0,80
12267.8333,-3.1667,20.485,0.0,21.12,0,0,512,0,80
12268.0333,-11.2,20.48,0.0,21.12,0,33,768,0,80
12268.2333,-21.8667,20.48,0.0167,21.12,0,32,768,0,80
12268.4333,-31.4667,20.54,0.0,21.12,4,0,768,0,80
12268.6333,-27.7333,20.505,0.0,21.12,0,0,768,0,80
12268.8333,-26.1333,20.48,0.0167,21.12,2,32,768,0,80
12269.0333,0.1333,20.48,0.0167,21.125,1,1,0,0,80
12269.2333,0.0,20.48,0.0,21.2,0,16,0,8,80
12269.4333,0.5333,20.485,0.0,21.125,0,17,0,0,80
12269.6333,1.0667,20.48,0.0,21.2,4,0,0,0,80
12269.8333,0.1667,20.48,0.0,21.12,0,0,0,0,80
12270.0333,1.1,20.5,0.0,21.2,0,2,1,0,80
12270.2333,0.5333,20.48,0.0,21.2,0,0,0,0,80
12270.4333,0.5333,20.49,0.0167,21.12,0,0,8,0,80
12270.6333,0.6667,20.485,0.0,21.12,0,0,0,0,80
12270.8333,18.6667,20.48,0.0,21.2,0,0,768,16,80
12271.0333,17.6,20.48,0.0,21.16,0,32,770,16,80
12271.2333,17.6,20.48,0.0,21.12,0,0,768,16,80
12271.4333,16.0,20.48,0.0,21.12,0,2,768,16,80
12271.6333,9.0667,20.48,0.0,21.16,0,32,768,16,80
12271.8333,-3.7333,20.48,0.0,21.16,2,0,770,16,80
12272.0333,-6.9333,20.48,0.0167,21.16,0,0,800,16,80
12272.2333,-9.6,20.485,0.0,21.12,0,32,768,16,80
12272.4333,-18.1333,20.52,0.0,21.125,0,32,800,24,80
12272.6333,-37.8667,20.48,0.0,21.12,0,8,768,0,80
12272.8333,-61.3333,20.48,0.0,21.12,0,1,768,0,80
12273.0333,-45.8667,20.49,0.0,21.16,0,32,768,0,80
12273.2333,-28.8,20.48,0.0,21.12,0,12,768,0,80
12273.4333,-18.6667,20.5,0.0,21.14,0,32,772,0,80
12273.6333,-12.8,20.48,0.0,21.12,0,0,544,0,80
12273.8333,0.0333,20.48,0.0,21.165,0,0,512,0,80
12274.0333,0.0,20.48,0.0,21.12,0,8,544,0,80
12274.2333,0.6,20.485,0.0,21.2,0,8,512,0,80
12274.4333,0.1333,20.5,0.0,21.16,0,16,512,0,80
12274.6333,0.0,20.48,0.0167,21.2,0,1,512,0,80
12274.8333,1.0667,20.48,0.0,21.12,0,0,548,0,80
12275.0333,0.0667,20.48,0.0,21.125,0,8,512,0,80
12275.2333,0.5333,20.48,0.0,21.12,0,0,512,0,80
12275.4333,-0.4667,20.48,0.0,21.12,0,24,544,0,80
12275.6333,-2.0,20.52,0.0,21.125,0,0,520,8,80
12275.8333,-3.2,20.5,0.0,21.165,0,0,520,0,80
12276.0333,-4.2667,20.48,0.0,21.12,0,1,516,0,80
12276.2333,-4.2667,20.48,0.0,21.12,0,0,512,0,80
12276.4333,-4.8,20.48,0.0,21.12,0,0,512,0,80
12276.6333,-0.5333,20.48,0.0167,21.12,0,0,512,0,80
12276.8333,7.4667,20.48,0.0,21.16,4,0,512,0,80
12277.0333,10.1333,20.48,0.0,21.12,0,0,512,0,80
12277.2333,11.7333,20.52,0.0,21.12,0,0,512,16,80
12277.4333,13.3333,20.48,0.0,21.12,0,4,520,16,80
12277.6333,14.4,20.48,0.0,21.12,0,0,512,16,80
12277.8333,13.8667,20.48,0.0,21.12,0,8,512,16,80
12278.0333,2.6667,20.48,0.0,21.12,0,16,512,16,80
12278.2333,-1.0,20.48,0.0,21.12,0,16,544,16,80
12278.4333,0.5333,20.48,0.0,21.16,0,1,768,16,80
12278.6333,0.5333,20.48,0.0,21.16,0,0,544,16,80
12278.8333,0.5333,20.48,0.0,21.12,0,0,544,24,80
12279.0333,1.1,20.48,0.0,21.125,0,0,512,0,80
12279.2333,0.1,20.48,0.0,21.16,0,0,544,0,80
12279.4333,1.1,20.48,0.0,21.125,1,0,545,32,80
12279.6333,1.1667,20.48,0.0,21.165,0,10,520,32,80
12279.8333,0.0,20.48,0.0,21.12,1,16,512,32,80
12280.0333,-3.7333,20.525,0.0,21.12,0,0,521,0,80
12280.2333,-0.5333,20.48,0.0,21.16,0,0,520,0,80
12280.4333,4.4,20.485,0.0,21.16,0,0,512,0,80
12280.6333,9.8333,20.5,0.0,21.12,0,2,512,0,80
12280.8333,11.8,20.52,0.0,21.12,0,0,544,0,80
12281.0333,11.9333,20.525,0.0,21.12,0,0,544,0,80
12281.2333,8.5333,20.48,0.0,21.12,0,0,512,0,80
12281.4333,1.6,20.48,0.0,21.12,0,0,516,0,80
12281.6333,-4.8,20.48,0.0,21.12,0,0,512,0,80
12281.8333,-6.4,20.5,0.0167,21.12,0,32,544,0,80
12282.0333,-8.0,20.48,0.0,21.12,4,28,512,8,80
12282.2333,-6.3667,20.48,0.0167,21.12,0,16,512,0,80
12282.4333,-7.4667,20.48,0.0,21.12,0,0,512,0,80
12282.6333,-9.6,20.48,0.0,21.12,0,5,512,0,80
12282.8333,0.1333,20.48,0.0,21.12,0,0,512,0,80
12283.0333,0.0333,20.48,0.0,21.12,0,0,544,0,80
12283.2333,0.5333,20.525,0.0,21.16,0,0,544,0,80
12283.4333,0.0,20.48,0.0,21.12,0,1,544,0,80
12283.6333,0.6667,20.48,0.0,21.12,0,0,512,16,80
12283.8333,0.5333,20.48,0.0,21.12,0,260,512,16,80
12284.0333,1.0667,20.48,0.0,21.12,0,272,545,16,80
12284.2333,6.55,20.48,0.0,21.12,0,256,544,16,80
12284.4333,-4.2667,20.48,0.0,21.12,4,256,544,16,80
12284.6333,-13.8,20.48,0.0,21.125,1,256,544,16,80
12284.8333,-15.4667,20.48,0.0,21.12,0,264,512,16,80
12285.0333,-14.9333,20.49,0.0167,21.16,0,256,512,16,80
12285.2333,-13.3333,20.48,0.0,21.12,0,258,544,24,80
12285.4333,-14.9333,20.52,0.0,21.14,0,256,514,0,80
12285.6333,-11.7333,20.48,0.0167,21.12,0,256,544,0,80
12285.8333,0.0,20.48,0.0,21.12,0,256,544,0,80
12286.0333,5.8667,20.48,0.0,21.125,0,272,512,0,80
12286.2333,8.0,20.485,0.0,21.12,0,256,512,0,80
12286.4333,16.0,20.485,0.0,21.12,1,273,512,0,80
12286.6333,12.8,20.48,0.0,21.12,0,288,520,0,80
12286.8333,13.8667,20.48,0.0,21.125,0,288,544,0,80
12287.0333,13.8667,20.485,0.0,21.12,0,0,512,0,80
12287.2333,0.5667,20.52,0.0,21.12,0,256,512,0,80
12287.4333,0.6,20.48,0.0,21.12,0,256,512,0,80
12287.6333,0.0,20.48,0.0167,21.12,0,0,512,0,80
12287.8333,0.6,20.485,0.0,21.12,0,0,544,0,80
12288.0333,0.5333,20.525,0.0,21.125,0,16,514,0,80
12288.2333,0.0333,20.48,0.0,21.12,0,0,544,0,80
12288.4333,0.5667,20.48,0.0,21.12,2,0,512,8,80
12288.6333,0.0667,20.52,0.0,21.125,0,4,545,0,80
12288.8333,0.6333,20.48,0.0,21.12,0,0,512,0,80
12289.0333,0.0,20.52,0.0,21.14,0,0,512,0,80
12289.2333,9.6,20.48,0.0,21.12,1,0,516,0,80
12289.4333,11.2,20.485,0.0,21.12,0,32,544,0,80
12289.6333,12.2667,20.48,0.0,21.12,0,0,512,0,80
12289.8333,14.9333,20.48,0.0,21.16,0,0,512,0,80
12290.0333,15.4667,20.48,0.0,21.12,0,32,544,16,80
12290.2333,12.8333,20.48,0.0,21.12,0,0,544,16,80
12290.4333,4.8,20.5,0.0,21.12,0,33,544,16,80
12290.6333,-4.8,20.56,0.0,21.125,0,0,516,16,80
12290.8333,-13.8667,20.49,0.0,21.12,0,0,516,16,80
12291.0333,-17.0667,20.485,0.0,21.125,0,0,512,16,80
12291.2333,-18.1333,20.48,0.0,21.12,0,0,544,16,80
12291.4333,-17.0333,20.48,0.0,21.14,4,0,520,16,80
12291.6333,-15.4667,20.48,0.0,21.12,0,16,528,24,80
12291.8333,-13.8667,20.5,0.0,21.12,2,8,512,0,80
12292.0333,0.6333,20.48,0.0167,21.2,4,24,512,0,80
12292.2333,0.0,20.485,0.0,21.16,0,0,544,32,80
12292.4333,0.0,20.48,0.0,21.12,0,0,512,32,80
12292.6333,0.5333,20.5,0.0,21.12,0,0,544,32,80
12292.8333,1.0667,20.485,0.0,21.12,0,16,512,64,80
12293.0333,0.0667,20.48,0.0,21.14,2,1,544,64,80
12293.2333,0.0667,20.52,0.0,21.12,0,1,544,0,80
12293.4333,0.5333,20.48,0.0,21.16,0,0,544,0,80
12293.6333,2.2667,20.52,0.0,21.12,1,2,512,0,80
12293.8333,-4.2667,20.52,0.0167,21.12,0,0,512,0,80
12294.0333,-10.5333,20.48,0.0,21.12,0,0,514,0,80
12294.2333,-16.0,20.48,0.0,21.12,0,0,512,0,80
12294.4333,-21.2667,20.48,0.0,21.12,0,0,544,0,80
12294.6333,-22.2,20.48,0.0,21.12,0,0,545,0,80
12294.8333,-22.9333,20.48,0.0,21.12,0,1,512,8,80
12295.0333,-16.0,20.5,0.0,21.12,0,0,512,0,80
12295.2333,0.0,20.49,0.0,21.12,0,0,512,0,80
12295.4333,7.4667,20.48,0.0,21.12,0,0,544,0,80
12295.6333,10.1333,20.48,0.0,21.16,0,0,512,0,80
12295.8333,11.2,20.48,0.0,21.12,0,0,516,0,80
12296.0333,11.7333,20.485,0.0,21.12,0,4,512,0,80
12296.2333,0.0,20.48,0.0,21.12,0,16,512,0,80
12296.4333,0.0,20.525,0.0,21.12,0,24,512,16,80
12296.6333,0.7667,20.5,0.0,21.12,0,8,512,16,80
12296.8333,0.0,20.48,0.0,21.14,0,0,544,16,80
12297.0333,0.2,20.48,0.0,21.12,0,0,516,16,80
12297.2333,0.0,20.48,0.0,21.12,0,0,512,16,80
12297.4333,0.0,20.48,0.0,21.16,0,8,544,16,80
12297.6333,0.0,20.48,0.0,21.12,0,0,512,16,80
12297.8333,1.0667,20.5,0.0,21.12,0,0,768,16,80
12298.0333,-11.7333,20.52,0.0,21.12,0,0,512,24,80
12298.2333,4.2667,20.48,0.0,21.12,0,0,512,0,80
12298.4333,7.4667,20.52,0.0167,21.2,0,0,512,0,80
12298.6333,9.6,20.525,0.0,21.12,8,0,544,128,80
12298.8333,9.6667,20.48,0.0,21.12,0,1,512,128,80
12299.0333,9.6667,20.48,0.0,21.12,0,16,512,128,80
12299.2333,10.1333,20.52,0.0,21.125,0,0,512,128,80
12299.4333,8.5333,20.485,0.0,21.12,0,0,514,128,80
12299.6333,-1.6,20.48,0.0,21.12,2,0,512,128,80
12299.8333,-9.5667,20.48,0.0,21.16,1,1,544,128,80
12300.0333,-15.4667,20.48,0.0167,21.12,0,8,512,128,80
12300.2333,-18.1333,20.48,0.0,21.16,0,0,512,128,80
12300.4333,-19.2,20.485,0.0,21.12,0,0,512,128,80
12300.6333,-14.9333,20.5,0.0,21.12,2,24,512,128,80
12300.8333,-7.9333,20.48,0.0,21.125,2,24,520,128,80
12301.0333,0.0,20.48,0.0,21.12,0,8,512,128,80
12301.2333,0.6667,20.5,0.0,21.12,0,18,512,136,80
12301.4333,0.0,20.48,0.0167,21.125,0,0,512,128,80
12301.6333,1.1333,20.52,0.0,21.12,0,8,512,128,80
12301.8333,0.0,20.48,0.0,21.12,0,0,768,128,80
12302.0333,1.1333,20.49,0.0,21.12,0,0,772,128,80
12302.2333,1.2667,20.48,0.0,21.12,0,0,772,128,80
12302.4333,1.0667,20.48,0.0,21.12,0,0,512,128,80
12302.6333,0.0667,20.48,0.0,21.125,0,0,768,128,80
12302.8333,-14.9333,20.48,0.0,21.12,0,8,512,144,80
12303.0333,-18.6667,20.57,0.0,21.12,8,32,768,144,80
12303.2333,-19.2,20.5,0.0,21.125,0,32,768,144,80
12303.4333,-17.0667,20.48,0.0,21.125,0,0,768,144,80
12303.6333,-14.8667,20.48,0.0,21.16,0,16,520,144,80
12303.8333,-10.6667,20.48,0.0,21.12,0,0,514,144,80
12304.0333,2.6667,20.48,0.0167,21.12,32,0,768,144,80
12304.2333,7.4667,20.48,0.0,21.12,2,16,512,144,80
12304.4333,11.2,20.49,0.0,21.125,2,0,768,152,80
12304.6333,12.2667,20.49,0.0,21.16,0,16,772,128,80
12304.8333,13.8667,20.52,0.0167,21.125,2,0,768,128,80
12305.0333,16.0,20.48,0.0,21.12,0,0,768,160,80
12305.2333,16.0,20.48,0.0,21.16,0,0,768,160,80
12305.4333,6.9333,20.48,0.0,21.16,0,16,768,160,80
12305.6333,0.0,20.48,0.0,21.125,2,0,768,0,80
12305.8333,0.0,20.57,0.0,21.12,0,0,512,0,80
12306.0333,0.0,20.48,0.0,21.12,0,16,776,0,80
12306.2333,0.0,20.48,0.0,21.125,0,0,768,0,80
12306.4333,0.5333,20.48,0.0167,21.12,0,9,772,0,80
12306.6333,0.6667,20.48,0.0,21.12,8,0,768,0,80
12306.8333,0.6,20.49,0.0,21.12,0,1,768,0,80
12307.0333,0.0667,20.49,0.0,21.12,2,0,768,0,80
12307.2333,0.5333,20.5,0.0,21.125,0,0,768,0,80
12307.4333,6.5333,20.5,0.0,21.12,0,16,776,0,80
12307.6333,8.0,20.48,0.0,21.16,0,0,768,8,80
12307.8333,8.5333,20.57,0.0,21.12,0,0,768,0,80
12308.0333,10.1333,20.48,0.0,21.16,0,4,768,0,80
12308.2333,9.6667,20.48,0.0,21.12,0,0,768,0,80
12308.4333,7.5333,20.56,0.0,21.12,0,0,768,0,80
12308.6333,-2.1333,20.56,0.0,21.12,0,0,768,0,80
12308.8333,-8.0,20.48,0.0,21.125,2,9,768,0,80
12309.0333,-13.8667,20.48,0.0,21.16,0,0,768,0,80
12309.2333,-18.1333,20.52,0.0,21.16,0,8,768,16,80
12309.4333,-20.2667,20.52,0.0,21.12,4,33,769,16,80
12309.6333,-16.0,20.48,0.0167,21.125,4,0,768,16,80
12309.8333,-12.2667,20.48,0.0167,21.12,0,1,768,16,80
12310.0333,-1.6,20.48,0.0,21.12,0,16,768,16,80
12310.2333,0.0,20.5,0.0,21.125,0,16,768,16,80
12310.4333,0.0,20.48,0.0,21.12,0,0,768,16,80
12310.6333,0.0667,20.48,0.0167,21.12,4,4,776,16,80
12310.8333,0.2,20.48,0.0,21.12,4,0,768,24,80
12311.0333,1.0667,20.48,0.0167,21.12,0,4,768,0,80
12311.2333,0.0,20.48,0.0,21.12,0,0,776,0,80
12311.4333,0.1667,20.48,0.0,21.12,0,0,768,0,80
12311.6333,0.0,20.48,0.0,21.16,0,0,768,0,80
12311.8333,0.1,20.5,0.0,21.12,2,8,768,0,80
12312.0333,-14.9333,20.56,0.0167,21.12,0,0,776,0,80
12312.2333,-19.2,20.48,0.0,21.16,0,16,768,0,80
12312.4333,-20.0667,20.52,0.0,21.125,0,0,768,0,80
12312.6333,-20.2667,20.5,0.0,21.2,0,1,768,0,80
12312.8333,-14.8,20.48,0.0,21.12,0,0,768,0,80
12313.0333,-10.6667,20.48,0.0167,21.12,4,0,768,0,80
12313.2333,3.7333,20.49,0.0,21.12,0,0,769,0,80
12313.4333,8.0,20.5,0.0,21.12,0,0,864,0,80
12313.6333,9.6,20.5,0.0,21.125,0,16,768,0,80
12313.8333,10.6667,20.52,0.0,21.12,0,1,768,0,80
12314.0333,10.6667,20.57,0.0,21.12,0,0,772,8,80
12314.2333,11.2333,20.57,0.0,21.12,0,0,772,0,80
12314.4333,9.6,20.56,0.0,21.125,0,16,768,0,80
12314.6333,0.0667,20.48,0.0,21.12,0,8,768,0,80
12314.8333,0.5333,20.48,0.0167,21.12,0,8,768,0,80
12315.0333,0.1333,20.48,0.0167,21.12,0,0,768,0,80
12315.2333,0.7333,20.48,0.0,21.12,0,0,768,0,80
12315.4333,0.0,20.48,0.0,21.125,0,4,768,0,80
12315.6333,0.7333,20.56,0.0,21.12,0,1,768,16,80
12315.8333,0.0667,20.48,0.0,21.12,0,8,768,16,80
12316.0333,0.0,20.49,0.0167,21.12,2,18,768,16,80
12316.2333,0.0,20.52,0.0,21.12,2,16,776,16,80
12316.4333,9.0667,20.49,0.0,21.12,1,0,768,16,80
12316.6333,12.9333,20.525,0.0167,21.12,0,18,768,16,80
12316.8333,16.5333,20.56,0.0,21.12,0,32,768,16,80
12317.0333,18.1333,20.5,0.0167,21.12,0,32,778,16,80
12317.2333,20.2667,20.485,0.0,21.12,0,0,768,24,80
12317.4333,20.8,20.49,0.0,21.165,0,8,776,0,80
12317.6333,21.3333,20.48,0.0,21.12,2,0,768,0,80
12317.8333,22.9333,20.49,0.0,21.12,0,0,772,32,80
12318.0333,20.2667,20.48,0.0,21.12,0,0,768,32,80
12318.2333,20.2667,20.485,0.0,21.125,0,0,778,32,80
12318.4333,17.6,20.5,0.0,21.12,0,0,768,64,80
12318.6333,11.2,20.49,0.0,21.2,0,32,768,64,80
12318.8333,-8.5333,20.56,0.0,21.12,0,4,769,0,80
12319.0333,-38.9333,20.48,0.0,21.12,0,8,768,0,80
12319.2333,-64.0,20.49,0.0,21.12,0,16,768,0,80
12319.4333,-57.6,20.48,0.0,21.12,0,0,768,0,80
12319.6333,-43.2,20.49,0.0,21.12,0,0,768,0,80
12319.8333,-39.4667,20.48,0.0,21.12,0,0,768,0,80
12320.0333,0.0,20.48,0.0,21.12,1,1,768,0,80
12320.2333,0.0333,20.48,0.0,21.12,4,0,768,0,80
12320.4333,0.5333,20.56,0.0,21.12,4,0,768,8,80
12320.6333,0.1333,20.48,0.0,21.12,0,0,840,0,80
12320.8333,0.6667,20.48,0.0,21.18,0,0,768,0,80
12321.0333,0.6667,20.48,0.0,21.12,0,4,768,0,80
12321.2333,0.1667,20.56,0.0,21.13,1,0,832,0,80
12321.4333,0.5333,20.56,0.0,21.12,2,8,768,0,80
12321.6333,0.0,20.5,0.0,21.12,0,1,768,0,80
12321.8333,6.6,20.49,0.0,21.12,0,9,768,0,80
12322.0333,8.0167,20.52,0.0,21.12,0,0,768,16,80
12322.2333,11.7333,20.48,0.0,21.12,0,0,768,16,80
12322.4333,10.6667,20.48,0.0,21.12,0,0,768,16,80
12322.6333,3.2,20.49,0.0,21.12,0,0,583,16,80
12322.8333,-4.2667,20.48,0.0,21.12,0,0,512,16,80
12323.0333,-6.4,20.48,0.0,21.12,0,0,290,16,80
12323.2333,-8.0,20.56,0.0,21.12,0,32,256,16,80
12323.4333,-10.6667,20.48,0.0167,21.125,4,0,320,16,80
12323.6333,-12.2333,20.48,0.0,21.12,0,16,354,24,80
12323.8333,-8.5333,20.48,0.0,21.12,0,0,544,0,80
12324.0333,-7.4667,20.56,0.0,21.12,0,0,320,0,80
12324.2333,-2.65,20.56,0.0,21.165,2,16,520,0,80
12324.4333,0.1333,20.48,0.0167,21.16,4,3,512,0,80
12324.6333,0.0,20.49,0.0,21.12,0,8,516,0,80
12324.8333,0.0667,20.48,0.0,21.12,0,16,352,0,80
12325.0333,1.0667,20.495,0.0,21.12,0,0,360,0,80
12325.2333,0.6667,20.48,0.0,21.12,0,0,321,0,80
12325.4333,0.6667,20.48,0.0,21.125,0,8,512,0,80
12325.6333,0.0667,20.49,0.0,21.14,0,12,544,0,80
12325.8333,1.0667,20.48,0.0,21.12,0,0,514,0,80
12326.0333,0.0,20.56,0.0167,21.12,0,0,576,0,80
12326.2333,-6.2333,20.57,0.0,21.16,0,0,544,0,80
12326.4333,-5.3333,20.5,0.0,21.16,4,0,512,0,80
12326.6333,-5.2,20.48,0.0,21.12,0,1,512,0,80
12326.8333,-1.9333,20.5,0.0,21.14,1,0,324,8,80
12327.0333,-1.0667,20.56,0.0,21.12,0,0,320,0,80
12327.2333,-1.0,20.5,0.0,21.12,2,32,258,0,80
12327.4333,-0.5333,20.56,0.0167,21.125,1,0,320,0,80
12327.6333,-1.0667,20.56,0.0167,21.16,0,1,352,0,80
12327.8333,1.0667,20.56,0.0,21.12,0,0,321,0,80
12328.0333,0.0,20.48,0.0,21.16,2,0,256,0,80
12328.2333,-0.5,20.48,0.0,21.14,0,0,353,0,80
12328.4333,-9.0667,20.57,0.0,21.12,0,0,256,16,80
12328.6333,-1.0667,20.48,0.0,21.125,0,0,512,16,80
12328.8333,-1.5667,20.48,0.0,21.12,0,0,544,16,80
12329.0333,-0.5333,20.52,0.0,21.12,0,0,520,16,80
12329.2333,0.6667,20.5,0.0,21.12,0,16,544,16,80
12329.4333,0.0667,20.485,0.0,21.14,0,0,544,16,80
12329.6333,0.6667,20.48,0.0,21.12,0,1,544,16,80
12329.8333,0.6667,20.48,0.0,21.12,0,16,544,16,80
12330.0333,0.0,20.52,0.0,21.165,0,16,512,24,80
12330.2333,0.0,20.485,0.0,21.12,0,0,516,0,80
12330.4333,0.0,20.48,0.0,21.12,0,8,544,0,80
12330.6333,1.2333,20.48,0.0167,21.125,0,0,512,32,80
12330.8333,0.0,20.5,0.0,21.12,0,0,516,32,80
12331.0333,-10.5667,20.5,0.0,21.165,2,2,512,32,80
12331.2333,-14.9,20.48,0.0,21.12,0,0,544,0,80
12331.4333,0.0667,20.48,0.0,21.12,0,0,512,0,80
12331.6333,22.7333,20.48,0.0,21.12,0,0,580,0,80
12331.8333,36.2667,20.48,0.0,21.12,0,0,512,0,80
12332.0333,41.6,20.56,0.0,21.12,0,24,512,0,80
12332.2333,0.0,20.48,0.0,21.125,1,0,512,0,80
12332.4333,0.0,20.49,0.0,21.12,2,0,512,0,80
12332.6333,0.5333,20.48,0.0,21.12,0,0,512,0,80
12332.8333,0.0333,20.48,0.0,21.12,0,0,512,0,80
12333.0333,0.0,20.48,0.0,21.16,0,0,512,0,80
12333.2333,0.5333,20.48,0.0167,21.12,0,0,512,8,80
12333.4333,-16.5333,20.48,0.0,21.12,0,0,512,0,80
12333.6333,0.5333,20.48,0.0,21.16,0,0,513,0,80
12333.8333,0.0,20.48,0.0,21.12,0,9,522,0,80
12334.0333,0.1333,20.48,0.0,21.12,4,8,516,0,80
12334.2333,0.2667,20.5,0.0,21.16,0,8,512,0,80
12334.4333,0.5333,20.565,0.0,21.12,0,0,512,0,80
12334.6333,1.1,20.56,0.0167,21.16,4,0,512,0,80
12334.8333,0.0,20.48,0.0167,21.16,0,0,512,16,80
12335.0333,2.4,20.48,0.0,21.16,0,0,512,16,80
12335.2333,0.0,20.48,0.0167,21.12,2,8,512,16,80
12335.4333,0.6,20.48,0.0,21.12,0,4,512,16,80
12335.6333,1.0667,20.48,0.0,21.12,3,12,516,16,80
12335.8333,-3.2,20.48,0.0,21.12,36,0,512,16,80
12336.0333,0.0333,20.54,0.0,21.12,0,0,512,16,80
12336.2333,0.2667,20.49,0.0,21.12,0,0,512,16,80
12336.4333,0.4,20.48,0.0,21.12,0,0,512,24,80
12336.6333,0.0,20.49,0.0,21.16,0,1,516,0,80
12336.8333,1.0667,20.48,0.0,21.12,0,33,512,0,80
12337.0333,0.0,20.56,0.0,21.12,0,0,512,0,80
12337.2333,-7.4667,20.48,0.0,21.12,0,12,512,0,80
12337.4333,4.3667,20.5,0.0,21.12,0,0,516,0,80
12337.6333,9.6,20.48,0.0,21.12,1,8,512,0,80
12337.8333,13.3333,20.48,0.0,21.12,0,0,512,0,80
12338.0333,16.0,20.48,0.0167,21.12,0,0,512,0,80
12338.2333,16.5333,20.5,0.0,21.12,0,0,528,0,80
12338.4333,19.7333,20.48,0.0,21.12,0,0,512,0,80
12338.6333,0.1333,20.48,0.0,21.12,0,8,512,0,80
12338.8333,0.0667,20.57,0.0,21.12,0,0,512,0,80
12339.0333,0.0,20.485,0.0,21.12,0,0,512,0,80
12339.2333,0.0,20.48,0.0,21.12,0,4,516,0,80
12339.4333,1.0667,20.48,0.0,21.12,0,0,512,0,80
12339.6333,0.0,20.48,0.0,21.12,0,0,512,8,80
12339.8333,0.0,20.56,0.0,21.12,0,0,512,0,80
12340.0333,0.0,20.48,0.0,21.12,2,0,512,0,80
12340.2333,0.0,20.48,0.0,21.16,0,8,512,0,80
12340.4333,0.2667,20.48,0.0,21.12,0,0,524,0,80
12340.6333,0.0,20.48,0.0,21.12,0,0,528,0,80
12340.8333,16.0667,20.48,0.0,21.12,0,0,512,0,80
12341.0333,20.2667,20.48,0.0,21.13,0,8,512,0,80
12341.2333,21.4667,20.56,0.0,21.12,0,0,512,16,80
12341.4333,22.5333,20.56,0.0,21.16,0,4,512,16,80
12341.6333,22.9333,20.48,0.0,21.12,0,0,512,16,80
12341.8333,20.8,20.57,0.0,21.12,0,0,512,16,80
12342.0333,16.5333,20.48,0.0,21.14,0,0,768,16,80
12342.2333,2.7,20.48,0.0,21.12,0,0,512,16,80
12342.4333,-9.0333,20.48,0.0,21.12,0,18,512,16,80
12342.6333,-17.6,20.48,0.0,21.16,0,0,520,16,80
12342.8333,-26.6667,20.48,0.0,21.12,0,0,512,24,80
12343.0333,-26.6,20.49,0.0,21.12,0,16,512,0,80
12343.2333,0.2667,20.48,0.0,21.16,2,16,512,0,80
12343.4333,0.0,20.49,0.0,21.12,0,0,576,32,80
12343.6333,0.0,20.485,0.0,21.12,0,4,512,32,80
12343.8333,0.0,20.56,0.0,21.16,0,16,512,32,80
12344.0333,0.0333,20.48,0.0,21.12,0,0,544,64,80
12344.2333,0.7333,20.48,0.0,21.12,0,0,516,64,80
12344.4333,0.0,20.48,0.0,21.14,0,0,512,0,80
12344.6333,1.2,20.48,0.0167,21.12,0,8,520,0,80
12344.8333,1.5333,20.56,0.0,21.12,0,16,512,0,80
12345.0333,0.0333,20.48,0.0,21.12,0,0,512,0,80
12345.2333,0.0,20.48,0.0,21.12,0,0,512,0,80
12345.4333,2.5333,20.48,0.0,21.12,0,32,520,0,80
12345.6333,-5.1667,20.56,0.0,21.16,0,16,512,0,80
12345.8333,-12.8,20.48,0.0167,21.12,0,0,512,0,80
12346.0333,-13.8667,20.48,0.0,21.16,4,16,513,8,80
12346.2333,-12.8,20.48,0.0,21.12,0,0,513,0,80
12346.4333,-11.4667,20.48,0.0,21.12,0,9,512,0,80
12346.6333,-10.6667,20.48,0.0,21.12,4,32,512,0,80
12346.8333,-7.4667,20.56,0.0167,21.12,0,0,512,0,80
12347.0333,2.6667,20.48,0.0,21.12,0,0,512,0,80
12347.2333,7.4667,20.48,0.0,21.12,0,0,512,0,80
12347.4333,10.6667,20.48,0.0,21.12,1,9,514,0,80
12347.6333,12.3,20.56,0.0,21.12,8,0,258,16,80
12347.8333,13.8667,20.48,0.0167,21.125,0,0,512,16,80
12348.0333,12.8333,20.48,0.0,21.12,0,0,512,16,80
12348.2333,0.1333,20.56,0.0,21.16,0,0,512,16,80
12348.4333,0.0,20.56,0.0,21.12,0,20,512,16,80
12348.6333,0.0,20.52,0.0,21.14,0,2,520,16,80
12348.8333,0.0,20.48,0.0,21.12,0,0,512,16,80
12349.0333,0.0,20.49,0.0,21.12,0,0,512,16,80
12349.2333,0.1333,20.48,0.0,21.12,0,0,512,24,80
12349.4333,0.0333,20.52,0.0167,21.12,0,0,512,0,80
12349.6333,0.2667,20.48,0.0,21.12,0,16,513,0,80
12349.8333,0.0,20.48,0.0167,21.12,0,2,512,128,80
12350.0333,-6.2667,20.48,0.0167,21.16,2,0,258,128,80
12350.2333,4.2667,20.48,0.0,21.16,0,0,512,128,80
12350.4333,8.8,20.48,0.0167,21.16,0,2,520,128,80
12350.6333,12.8,20.48,0.0167,21.12,0,0,512,128,80
12350.8333,14.9333,20.48,0.0,21.12,0,0,512,128,80
12351.0333,17.0667,20.57,0.0,21.12,0,0,512,128,80
12351.2333,17.6,20.5,0.0,21.12,0,0,528,128,80
12351.4333,8.5333,20.48,0.0,21.16,0,0,544,128,80
12351.6333,-5.8667,20.48,0.0,21.125,0,0,512,128,80
12351.8333,-14.4,20.485,0.0,21.12,0,0,512,128,80
12352.0333,-16.0,20.48,0.0,21.12,0,0,576,128,80
12352.2333,-15.4333,20.48,0.0,21.12,0,0,516,128,80
12352.4333,-12.7667,20.56,0.0,21.16,0,8,544,136,80
12352.6333,0.0,20.56,0.0,21.12,0,0,516,128,80
12352.8333,0.0,20.48,0.0,21.12,0,0,512,128,80
12353.0333,0.0,20.48,0.0,21.12,0,0,576,128,80
12353.2333,0.0,20.48,0.0,21.12,8,0,520,128,80
12353.4333,0.2667,20.48,0.0,21.16,0,1,516,128,80
12353.6333,0.0,20.48,0.0,21.12,0,4,512,128,80
12353.8333,0.0,20.48,0.0,21.12,4,4,512,128,80
12354.0333,1.0667,20.5,0.0167,21.12,0,4,512,144,80
12354.2333,0.0333,20.48,0.0,21.12,0,8,544,144,80
12354.4333,0.1333,20.48,0.0,21.12,0,1,544,144,80
12354.6333,1.1,20.48,0.0,21.12,0,16,512,144,80
12354.8333,-12.2667,20.48,0.0,21.12,0,0,512,144,80
12355.0333,-14.85,20.5,0.0,21.12,0,0,514,144,80
12355.2333,-11.6,20.48,0.0,21.12,2,0,512,144,80
12355.4333,-10.6667,20.48,0.0,21.12,0,0,512,144,80
12355.6333,-9.6,20.48,0.0,21.16,0,0,512,152,80
12355.8333,-5.3333,20.48,0.0,21.16,0,2,514,128,80
12356.0333,3.7333,20.48,0.0167,21.12,0,0,512,128,80
12356.2333,6.9333,20.56,0.0,21.12,0,0,544,160,80
12356.4333,8.5333,20.48,0.0,21.12,4,0,544,160,80
12356.6333,10.6667,20.48,0.0,21.16,0,2,768,160,80
12356.8333,11.7333,20.48,0.0,21.12,0,0,768,0,80
12357.0333,0.0333,20.5,0.0167,21.16,0,0,800,0,80
12357.2333,0.5667,20.48,0.0,21.12,0,5,800,0,80
12357.4333,0.0333,20.52,0.0,21.16,0,0,768,0,80
12357.6333,0.5667,20.48,0.0,21.12,0,0,768,0,80
12357.8333,0.0,20.52,0.0,21.12,0,0,768,0,80
12358.0333,0.5333,20.48,0.0,21.12,0,2,768,0,80
12358.2333,0.0,20.5,0.0,21.16,0,16,768,0,80
12358.4333,0.0,20.48,0.0,21.16,0,18,768,0,80
12358.6333,0.2667,20.48,0.0,21.12,0,0,768,0,80
12358.8333,1.2667,20.5,0.0,21.12,0,2,800,8,80
12359.0333,1.3333,20.52,0.0167,21.12,0,16,768,0,80
12359.2333,1.0667,20.48,0.0167,21.12,0,256,544,0,80
12359.4333,0.0,20.48,0.0,21.12,0,0,512,0,80
12359.6333,19.2333,20.48,0.0,21.125,0,0,544,0,80
12359.8333,25.8333,20.48,0.0,21.16,1,264,512,0,80
12360.0333,25.0667,20.48,0.0,21.16,1,32,513,0,80
12360.2333,33.3333,20.5,0.0,21.12,0,0,512,0,80
12360.4333,21.4667,20.48,0.0,21.16,0,4,512,16,80
12360.6333,-7.4667,20.48,0.0,21.12,0,32,544,16,80
12360.8333,-14.9333,20.48,0.0167,21.12,8,256,512,16,80
12361.0333,-20.8,20.48,0.0,21.12,0,32,576,16,80
12361.2333,-18.1333,20.48,0.0,21.12,0,32,832,16,80
12361.4333,-19.7333,20.48,0.0,21.125,0,258,768,16,80
12361.6333,-19.1667,20.48,0.0,21.12,2,257,768,16,80
12361.8333,-13.3333,20.48,0.0,21.12,0,257,580,16,80
12362.0333,-6.4,20.485,0.0,21.12,0,256,576,24,80
12362.2333,3.2,20.48,0.0,21.12,0,256,512,0,80
12362.4333,6.4,20.48,0.0,21.16,0,0,352,0,80
12362.6333,0.5333,20.49,0.0167,21.16,2,1,512,0,80
12362.8333,0.1333,20.48,0.0,21.16,0,0,578,0,80
12363.0333,0.0,20.48,0.0167,21.12,0,0,576,0,80
12363.2333,1.0667,20.48,0.0167,21.12,0,1,576,0,80
12363.4333,0.0,20.52,0.0,21.12,0,4,576,0,80
12363.6333,0.2,20.5,0.0,21.12,0,0,576,0,80
12363.8333,0.0,20.49,0.0167,21.12,8,1,576,0,80
12364.0333,1.0667,20.48,0.0,21.12,0,0,576,0,80
12364.2333,-8.5333,20.48,0.0,21.12,0,8,576,0,80
12364.4333,-12.7667,20.48,0.0,21.12,0,0,584,0,80
12364.6333,-11.7333,20.48,0.0,21.12,0,256,576,0,80
12364.8333,-9.6,20.48,0.0,21.12,0,0,576,0,80
12365.0333,-7.4667,20.48,0.0,21.12,0,0,576,0,80
12365.2333,2.3,20.48,0.0,21.12,0,0,512,8,80
12365.4333,7.4667,20.48,0.0,21.12,0,32,576,0,80
12365.6333,6.9333,20.56,0.0,21.12,0,32,580,0,80
12365.8333,8.0,20.48,0.0,21.12,0,32,576,0,80
12366.0333,9.0667,20.5,0.0,21.16,0,32,512,0,80
12366.2333,9.6,20.48,0.0,21.12,0,17,512,0,80
12366.4333,9.6,20.48,0.0,21.12,0,32,576,0,80
12366.6333,4.8,20.48,0.0,21.12,2,0,576,0,80
12366.8333,-4.8,20.48,0.0,21.12,0,0,512,16,80
12367.0333,-8.0,20.48,0.0,21.12,0,0,576,16,80
12367.2333,0.0667,20.5,0.0,21.16,0,0,520,16,80
12367.4333,0.5333,20.48,0.0167,21.16,0,0,512,16,80
12367.6333,0.2,20.48,0.0,21.14,0,0,528,16,80
12367.8333,0.1333,20.48,0.0,21.16,1,1,576,16,80
12368.0333,0.3333,20.5,0.0,21.12,0,4,512,16,80
12368.2333,0.0,20.48,0.0,21.12,0,0,576,16,80
12368.4333,0.0333,20.48,0.0167,21.12,0,16,512,24,80
12368.6333,0.0,20.48,0.0,21.12,2,16,516,0,80
12368.8333,8.6333,20.48,0.0,21.125,0,0,512,0,80
12369.0333,9.6,20.48,0.0,21.12,1,16,516,32,80
12369.2333,10.7,20.48,0.0167,21.12,1,4,514,32,80
12369.4333,11.2,20.48,0.0,21.12,0,32,512,32,80
12369.6333,8.5333,20.48,0.0,21.12,0,32,512,64,80
12369.8333,0.0,20.48,0.0,21.12,0,0,576,64,80
12370.0333,-4.2667,20.48,0.0,21.125,0,0,512,0,80
12370.2333,-8.5333,20.48,0.0,21.12,0,32,512,0,80
12370.4333,-9.5667,20.48,0.0,21.12,0,32,512,0,80
12370.6333,-9.6,20.48,0.0,21.12,0,0,512,0,80
12370.8333,-7.9667,20.48,0.0167,21.12,0,32,513,0,80
12371.0333,-8.5333,20.48,0.0,21.14,0,36,512,0,80
12371.2333,-6.9333,20.52,0.0,21.12,2,32,512,0,80
12371.4333,-4.2,20.48,0.0,21.12,0,8,520,0,80
12371.6333,0.0333,20.48,0.0,21.12,0,0,576,8,80
12371.8333,0.5333,20.48,0.0,21.12,0,0,576,0,80
12372.0333,0.0667,20.485,0.0,21.12,4,0,576,0,80
12372.2333,0.6667,20.485,0.0,21.16,1,16,576,0,80
12372.4333,0.1333,20.48,0.0,21.12,0,0,576,0,80
12372.6333,1.0667,20.48,0.0,21.12,0,16,576,0,80
12372.8333,0.0,20.48,0.0167,21.12,2,0,512,0,80
12373.0333,0.5333,20.48,0.0,21.16,0,16,512,0,80
12373.2333,0.0,20.485,0.0,21.12,0,0,512,16,80
12373.4333,-8.4667,20.48,0.0,21.12,0,8,512,16,80
12373.6333,-8.5333,20.56,0.0,21.12,0,32,522,16,80
12373.8333,-8.5333,20.48,0.0,21.16,0,0,513,16,80
12374.0333,-8.5333,20.48,0.0167,21.12,0,0,512,16,80
12374.2333,-8.4,20.48,0.0,21.14,4,0,512,16,80
12374.4333,-7.3333,20.48,0.0,21.12,0,12,514,16,80
12374.6333,-1.0333,20.48,0.0,21.12,0,32,512,16,80
12374.8333,4.2667,20.48,0.0,21.12,0,0,512,24,80
12375.0333,6.4,20.48,0.0,21.125,0,0,576,0,80
12375.2333,8.0333,20.48,0.0,21.12,0,32,576,0,80
12375.4333,8.5333,20.5,0.0167,21.12,0,2,512,0,80
12375.6333,0.0,20.48,0.0,21.12,0,4,576,0,80
12375.8333,0.5333,20.485,0.0,21.12,0,17,512,0,80
12376.0333,0.5667,20.48,0.0,21.12,0,0,576,0,80
12376.2333,0.6667,20.48,0.0,21.12,0,0,512,0,80
12376.4333,0.0,20.48,0.0,21.12,4,0,512,0,80
12376.6333,0.6667,20.48,0.0,21.12,0,4,580,0,80
12376.8333,0.5333,20.48,0.0167,21.12,0,8,576,0,80
12377.0333,0.0667,20.48,0.0167,21.12,0,0,576,0,80
12377.2333,-12.7667,20.48,0.0,21.12,0,0,576,0,80
12377.4333,-9.4667,20.56,0.0,21.12,0,0,584,0,80
12377.6333,-3.1333,20.48,0.0,21.12,0,32,576,0,80
12377.8333,4.2667,20.57,0.0,21.12,1,4,512,0,80
12378.0333,6.6,20.48,0.0,21.12,0,32,576,8,80
12378.2333,6.4,20.48,0.0,21.12,0,16,512,0,80
12378.4333,7.4667,20.48,0.0,21.12,0,32,512,0,80
12378.6333,6.9333,20.48,0.0,21.12,0,16,576,0,80
12378.8333,7.4667,20.48,0.0,21.12,0,48,512,0,80
12379.0333,3.7333,20.525,0.0,21.12,0,16,576,0,80
12379.2333,-3.1667,20.48,0.0,21.12,0,16,576,0,80
12379.4333,0.5667,20.48,0.0,21.12,2,16,576,0,80
12379.6333,0.0,20.48,0.0,21.12,2,8,576,16,80
12379.8333,0.0,20.56,0.0,21.12,0,0,576,16,80
12380.0333,0.0333,20.56,0.0,21.12,0,0,584,16,80
12380.2333,0.0,20.56,0.0,21.12,0,16,576,16,80
12380.4333,0.0,20.48,0.0,21.12,0,0,584,16,80
12380.6333,1.0667,20.5,0.0,21.12,0,16,576,16,80
12380.8333,0.0,20.52,0.0,21.13,0,0,576,16,80
12381.0333,0.0667,20.48,0.0167,21.12,0,4,576,16,80
12381.2333,0.0,20.48,0.0,21.16,40,0,576,24,80
12381.4333,4.2667,20.56,0.0,21.16,2,16,577,0,80
12381.6333,4.4,20.48,0.0,21.12,0,0,576,0,80
12381.8333,2.1333,20.48,0.0,21.12,0,24,578,32,80
12382.0333,-2.0,20.48,0.0,21.125,0,0,584,32,80
12382.2333,-5.2,20.48,0.0167,21.125,0,8,576,32,80
12382.4333,-6.2667,20.56,0.0,21.12,0,32,580,0,80
12382.6333,-7.3333,20.48,0.0,21.13,0,16,576,0,80
12382.8333,-7.3,20.56,0.0167,21.14,0,32,576,0,80
12383.0333,-5.8667,20.5,0.0,21.12,0,0,576,0,80
12383.2333,-2.6667,20.48,0.0167,21.16,0,16,578,0,80
12383.4333,1.6,20.48,0.0,21.12,0,32,576,0,80
12383.6333,3.2,20.52,0.0,21.14,0,16,512,0,80
12383.8333,3.2,20.48,0.0167,21.12,0,0,576,0,80
12384.0333,1.0667,20.48,0.0,21.125,0,0,512,0,80
12384.2333,0.5333,20.48,0.0,21.12,1,0,576,0,80
12384.4333,1.0667,20.48,0.0,21.12,0,0,576,8,80
12384.6333,0.0,20.48,0.0167,21.12,0,8,576,0,80
12384.8333,1.0667,20.48,0.0,21.12,8,0,544,0,80
12385.0333,0.0,20.48,0.0,21.12,0,0,576,0,80
12385.2333,1.0667,20.48,0.0,21.12,0,8,576,0,80
12385.4333,2.1333,20.48,0.0,21.12,0,0,576,0,80
12385.6333,1.2,20.56,0.0,21.125,0,0,576,0,80
12385.8333,-5.3,20.56,0.0,21.12,8,8,512,0,80
12386.0333,-2.1333,20.48,0.0,21.12,0,12,580,16,80
12386.2333,1.6,20.56,0.0,21.16,2,16,576,16,80
12386.4333,2.3333,20.48,0.0,21.12,0,34,576,16,80
12386.6333,2.3333,20.48,0.0,21.12,0,32,580,16,80
12386.8333,3.2,20.56,0.0,21.16,0,21,514,16,80
12387.0333,3.2,20.48,0.0,21.16,4,16,576,16,80
12387.2333,3.2,20.48,0.0,21.12,0,0,576,16,80
12387.4333,1.6,20.48,0.0,21.12,0,32,512,16,80
12387.6333,-1.6,20.56,0.0,21.12,1,32,512,24,80
12387.8333,-3.7333,20.56,0.0,21.12,0,32,512,0,80
12388.0333,-4.8,20.48,0.0167,21.12,4,0,520,0,80
12388.2333,-4.7667,20.48,0.0,21.12,0,8,512,0,80
12388.4333,-4.2333,20.48,0.0,21.12,0,8,512,0,80
12388.6333,0.2,20.56,0.0,21.12,0,0,512,0,80
12388.8333,1.2,20.48,0.0,21.12,0,4,512,0,80
12389.0333,0.1333,20.48,0.0,21.12,4,0,520,0,80
12389.2333,0.6667,20.48,0.0,21.12,0,0,512,0,80
12389.4333,0.0,20.48,0.0,21.12,0,0,512,0,80
12389.6333,0.6,20.56,0.0,21.12,0,16,512,0,80
12389.8333,0.6,20.48,0.0,21.12,0,0,576,0,80
12390.0333,1.0667,20.48,0.0,21.16,0,16,520,0,80
12390.2333,1.1333,20.48,0.0167,21.12,0,8,516,0,80
12390.4333,2.2667,20.5,0.0,21.12,0,4,576,0,80
12390.6333,-2.1333,20.56,0.0,21.12,0,16,516,0,80
12390.8333,-3.0667,20.48,0.0,21.12,32,0,584,8,80
12391.0333,-5.1333,20.48,0.0,21.12,0,32,512,0,80
12391.2333,-5.3333,20.48,0.0,21.12,0,32,576,0,80
12391.4333,-5.2,20.48,0.0167,21.12,0,8,832,0,80
12391.6333,-4.1333,20.48,0.0,21.125,0,0,768,0,80
12391.8333,-3.1667,20.56,0.0,21.12,32,32,0,0,80
12392.0333,-1.0667,20.56,0.0,21.12,0,0,66,0,80
12392.2333,2.1333,20.48,0.0,21.12,0,16,66,0,80
12392.4333,2.6667,20.56,0.0167,21.12,0,13,64,16,80
12392.6333,2.6667,20.56,0.0,21.12,0,0,0,16,80
12392.8333,3.2,20.48,0.0,21.12,0,17,64,16,80
12393.0333,3.7333,20.48,0.0,21.125,0,0,64,16,80
12393.2333,3.7333,20.48,0.0,21.125,0,0,64,16,80
12393.4333,0.7,20.56,0.0,21.12,0,0,72,16,80
12393.6333,0.0,20.56,0.0,21.12,1,16,64,16,80
12393.8333,0.0333,20.56,0.0,21.12,0,0,64,16,80
12394.0333,0.6,20.48,0.0,21.12,0,0,64,24,80
12394.2333,0.0,20.5,0.0,21.12,0,0,68,0,80
12394.4333,1.2,20.48,0.0167,21.12,0,16,68,0,80
12394.6333,1.8,20.48,0.0,21.12,0,0,64,32,80
12394.8333,1.0667,20.5,0.0,21.16,0,4,0,32,80
12395.0333,1.1667,20.56,0.0167,21.12,0,0,832,32,80
12395.2333,2.2,20.56,0.0,21.125,0,0,776,64,80
12395.4333,2.2667,20.48,0.0,21.12,0,0,768,64,80
12395.6333,3.2,20.56,0.0,21.12,0,0,577,0,80
12395.8333,3.2,20.48,0.0,21.12,0,0,512,0,80
12396.0333,3.3667,20.48,0.0,21.12,0,1,576,0,80
12396.2333,3.2,20.48,0.0,21.12,0,0,576,0,80
12396.4333,1.2,20.49,0.0167,21.12,0,32,512,0,80
12396.6333,-3.0,20.48,0.0,21.14,0,32,320,0,80
12396.8333,-4.2667,20.48,0.0,21.14,0,0,512,0,80
12397.0333,-4.8,20.48,0.0,21.12,1,0,320,0,80
12397.2333,-5.3333,20.48,0.0,21.12,0,32,580,8,80
12397.4333,-5.8667,20.48,0.0,21.12,0,2,320,0,80
12397.6333,-4.8,20.48,0.0,21.12,0,4,512,0,80
12397.8333,-3.2,20.56,0.0,21.16,0,256,544,0,80
12398.0333,2.1667,20.5,0.0,21.12,0,0,512,0,80
12398.2333,0.6667,20.48,0.0,21.12,2,16,320,0,80
12398.4333,0.1333,20.56,0.0,21.12,0,0,512,0,80
12398.6333,0.0667,20.48,0.0,21.12,0,256,320,0,80
12398.8333,0.0,20.48,0.0,21.12,0,256,512,16,80
12399.0333,0.1333,20.48,0.0,21.12,8,16,512,16,80
12399.2333,0.1333,20.56,0.0,21.12,0,0,512,16,80
12399.4333,0.0667,20.49,0.0,21.12,0,0,320,16,80
12399.6333,0.5333,20.48,0.0,21.12,0,0,512,16,80
12399.8333,-7.4667,20.56,0.0,21.12,0,16,512,16,80
12400.0333,-7.4667,20.56,0.0,21.12,0,0,512,16,80
12400.2333,-7.4667,20.48,0.0,21.14,0,0,513,16,80
12400.4333,-7.4667,20.48,0.0,21.12,1,0,320,24,80
12400.6333,-6.9333,20.48,0.0,21.12,0,0,320,0,80
12400.8333,-4.8,20.56,0.0,21.12,2,1,512,0,80
12401.0333,3.2333,20.48,0.0,21.12,0,0,304,128,80
12401.2333,4.2667,20.48,0.0167,21.12,0,256,320,128,80
12401.4333,4.2667,20.5,0.0,21.14,0,0,320,128,80
12401.6333,4.8,20.48,0.0,21.12,3,0,288,128,80
12401.8333,4.8,20.48,0.0167,21.12,0,0,320,128,80
12402.0333,4.8,20.48,0.0,21.12,0,17,320,128,80
12402.2333,2.6667,20.56,0.0,21.12,0,2,320,128,80
12402.4333,-2.1333,20.48,0.0,21.12,0,0,320,128,80
12402.6333,-4.2667,20.54,0.0,21.12,0,16,288,128,80
12402.8333,0.0,20.48,0.0,21.12,4,0,320,128,80
12403.0333,0.0,20.48,0.0,21.12,0,0,512,128,80
12403.2333,0.5333,20.56,0.0,21.12,0,0,521,128,80
12403.4333,0.0,20.48,0.0,21.125,0,2,512,128,80
12403.6333,0.5333,20.56,0.0,21.12,0,16,512,136,80
12403.8333,0.6667,20.48,0.0,21.12,0,0,513,128,80
12404.0333,0.5333,20.48,0.0,21.12,0,0,512,128,80
12404.2333,0.6,20.48,0.0,21.125,0,16,512,128,80
12404.4333,0.6,20.48,0.0,21.12,0,8,320,128,80
12404.6333,4.4,20.56,0.0,21.12,0,4,320,128,80
12404.8333,0.0,20.485,0.0,21.12,0,9,512,128,80
12405.0333,0.2,20.48,0.0,21.125,0,256,320,128,80
12405.2333,0.4667,20.48,0.0167,21.12,2,33,320,144,80
12405.4333,0.0,20.56,0.0,21.12,0,32,288,144,80
12405.6333,0.0,20.48,0.0,21.12,4,32,288,144,80
12405.8333,-6.3667,20.48,0.0,21.12,0,32,288,144,80
12406.0333,-7.4667,20.48,0.0,21.12,0,32,320,144,80
12406.2333,-7.4667,20.48,0.0167,21.12,2,256,320,144,80
12406.4333,-7.4333,20.48,0.0,21.12,0,32,320,144,80
12406.6333,-8.5,20.48,0.0167,21.12,0,8,512,144,80
12406.8333,-7.9667,20.485,0.0167,21.12,0,32,288,152,80
12407.0333,-1.0667,20.48,0.0,21.12,0,0,512,128,80
12407.2333,8.5333,20.56,0.0,21.12,1,0,512,128,80
12407.4333,8.0,20.56,0.0,21.12,8,32,290,160,80
12407.6333,5.9,20.48,0.0,21.125,0,8,288,160,80
12407.8333,0.0,20.52,0.0,21.12,0,0,320,160,80
12408.0333,0.5333,20.48,0.0,21.12,0,0,256,0,80
12408.2333,0.1333,20.48,0.0,21.14,0,1,320,0,80
12408.4333,0.5333,20.5,0.0,21.12,0,0,320,0,80
12408.6333,0.5333,20.48,0.0,21.12,2,0,256,0,80
12408.8333,0.1333,20.48,0.0,21.16,0,8,256,0,80
12409.0333,0.1667,20.49,0.0,21.12,4,9,289,0,80
12409.2333,1.0667,20.48,0.0167,21.12,0,12,257,0,80
12409.4333,0.0,20.48,0.0,21.12,0,1,288,0,80
12409.6333,-2.5333,20.48,0.0,21.12,0,8,288,0,80
12409.8333,-2.1333,20.48,0.0,21.12,0,0,512,0,80
12410.0333,-0.9333,20.48,0.0,21.12,0,32,512,8,80
12410.2333,-1.0333,20.48,0.0,21.12,0,0,512,0,80
12410.4333,-1.0667,20.48,0.0,21.12,0,1,512,0,80
12410.6333,-0.5333,20.48,0.0,21.12,0,0,512,0,80
12410.8333,-0.5333,20.48,0.0,21.12,0,0,512,0,80
12411.0333,0.0,20.48,0.0,21.12,2,32,544,0,80
12411.2333,-0.5,20.52,0.0,21.14,0,1,544,0,80
12411.4333,-5.8333,20.48,0.0,21.12,0,32,512,0,80
12411.6333,-6.4,20.485,0.0,21.12,0,0,512,16,80
12411.8333,-5.3,20.48,0.0,21.12,0,0,544,16,80
12412.0333,-5.8667,20.51,0.0,21.12,0,0,544,16,80
12412.2333,-8.5,20.48,0.0167,21.12,0,12,516,16,80
12412.4333,0.5333,20.48,0.0167,21.125,4,0,544,16,80
12412.6333,0.0667,20.56,0.0,21.12,0,0,546,16,80
12412.8333,0.0,20.56,0.0,21.12,0,0,512,16,80
12413.0333,0.5333,20.5,0.0,21.12,0,16,512,16,80
12413.2333,0.0,20.48,0.0,21.12,1,6,512,24,80
12413.4333,0.5333,20.48,0.0,21.12,5,4,512,0,80
12413.6333,1.0667,20.48,0.0,21.12,2,0,512,0,80
12413.8333,1.1333,20.48,0.0,21.12,0,0,544,0,80
12414.0333,0.1333,20.48,0.0,21.12,0,0,544,0,80
12414.2333,0.0667,20.48,0.0,21.12,0,0,544,0,80
12414.4333,-8.4667,20.5,0.0,21.12,0,8,544,0,80
12414.6333,-8.5333,20.48,0.0,21.12,4,1,544,0,80
12414.8333,-6.9333,20.48,0.0,21.12,0,9,512,0,80
12415.0333,-7.4667,20.56,0.0,21.12,0,0,288,0,80
12415.2333,-5.3333,20.48,0.0,21.16,0,32,512,0,80
12415.4333,1.1667,20.56,0.0,21.12,0,1,320,0,80
12415.6333,4.2667,20.48,0.0,21.12,0,32,515,0,80
12415.8333,5.3333,20.56,0.0167,21.12,0,32,552,0,80
12416.0333,5.8667,20.48,0.0,21.13,0,1,544,0,80
12416.2333,5.3333,20.48,0.0167,21.12,0,32,512,0,80
12416.4333,5.9,20.56,0.0,21.14,0,8,512,8,80
12416.6333,8.5333,20.5,0.0,21.125,0,28,512,0,80
12416.8333,7.4667,20.48,0.0,21.12,1,9,576,0,80
12417.0333,1.6,20.48,0.0,21.16,0,0,514,0,80
12417.2333,0.5333,20.48,0.0,21.12,0,0,544,0,80
12417.4333,0.5333,20.48,0.0,21.12,0,1,544,0,80
12417.6333,0.0,20.48,0.0,21.12,0,8,512,0,80
12417.8333,0.1333,20.56,0.0167,21.12,0,18,512,0,80
12418.0333,0.0,20.48,0.0,21.12,4,0,320,16,80
12418.2333,0.0667,20.48,0.0,21.12,0,0,320,16,80
12418.4333,1.1333,20.56,0.0167,21.12,0,0,288,16,80
12418.6333,0.0,20.48,0.0167,21.12,0,0,288,16,80
12418.8333,1.0667,20.5,0.0167,21.12,0,0,256,16,80
12419.0333,0.1333,20.48,0.0,21.12,0,0,256,16,80
12419.2333,-8.5333,20.56,0.0,21.12,0,0,288,16,80
12419.4333,-3.2,20.48,0.0,21.12,0,0,288,16,80
12419.6333,5.8667,20.48,0.0,21.12,0,0,256,24,80
12419.8333,7.4667,20.56,0.0,21.12,0,0,256,0,80
12420.0333,7.4667,20.48,0.0,21.12,0,0,257,0,80
12420.2333,7.4667,20.48,0.0167,21.12,0,8,296,32,80
12420.4333,7.4667,20.48,0.0,21.12,0,0,260,32,80
12420.6333,7.4667,20.56,0.0,21.12,0,24,264,32,80
12420.8333,3.2333,20.5,0.0,21.12,2,0,288,64,80
12421.0333,-0.5333,20.48,0.0,21.125,2,0,256,64,80
12421.2333,-0.5333,20.495,0.0,21.12,0,0,257,0,80
12421.4333,-0.5333,20.48,0.0,21.125,0,24,256,0,80
12421.6333,-0.5333,20.48,0.0,21.12,0,24,256,0,80
12421.8333,0.6667,20.48,0.0,21.12,0,0,258,0,80
12422.0333,0.1333,20.48,0.0167,21.12,0,0,320,0,80
12422.2333,0.2,20.56,0.0,21.12,0,0,320,0,80
12422.4333,0.0,20.48,0.0,21.12,0,0,256,0,80
12422.6333,1.2333,20.56,0.0,21.12,8,0,258,0,80
12422.8333,0.0,20.56,0.0,21.12,0,0,256,8,80
12423.0333,0.15,20.48,0.0,21.12,0,0,256,0,80
12423.2333,1.0667,20.48,0.0,21.12,0,1,260,0,80
12423.4333,0.2,20.48,0.0,21.14,0,4,256,0,80
12423.6333,-15.3333,20.48,0.0,21.12,4,0,268,0,80
12423.8333,-12.2667,20.48,0.0,21.12,0,0,288,0,80
12424.0333,-4.0667,20.56,0.0,21.135,1,32,256,0,80
12424.2333,2.2667,20.48,0.0,21.16,0,32,256,0,80
12424.4333,6.4,20.48,0.0,21.12,0,12,256,16,80
12424.6333,8.6667,20.48,0.0,21.12,4,0,256,16,80
12424.8333,7.5333,20.48,0.0,21.12,0,256,258,16,80
12425.0333,7.6333,20.48,0.0167,21.12,0,8,256,16,80
12425.2333,6.4333,20.48,0.0,21.12,0,8,320,16,80
12425.4333,0.0,20.485,0.0,21.12,0,280,321,16,80
12425.6333,-0.5333,20.5,0.0,21.12,0,0,320,16,80
12425.8333,-0.5333,20.56,0.0,21.12,0,8,320,16,80
12426.0333,-0.5333,20.48,0.0,21.12,0,0,324,24,80
12426.2333,-0.5,20.56,0.0,21.13,8,0,288,0,80
12426.4333,-0.5333,20.48,0.0,21.12,0,0,320,0,80
12426.6333,0.0,20.48,0.0,21.12,0,2,320,0,80
12426.8333,0.5333,20.485,0.0,21.14,0,0,320,0,80
12427.0333,0.0,20.48,0.0,21.12,0,0,320,0,80
12427.2333,0.0,20.56,0.0,21.12,0,0,320,0,80
12427.4333,1.2,20.48,0.0,21.14,0,0,320,0,80
12427.6333,1.1333,20.48,0.0,21.12,0,0,320,0,80
12427.8333,1.0667,20.485,0.0,21.12,0,0,290,0,80
12428.0333,0.0667,20.48,0.0,21.12,1,0,256,0,80
12428.2333,-24.5333,20.48,0.0,21.12,0,0,320,0,80
12428.4333,-46.9333,20.48,0.0,21.12,0,272,320,0,80
12428.6333,-34.0,20.48,0.0167,21.14,0,0,320,0,80
12428.8333,-17.9333,20.48,0.0,21.12,0,256,329,0,80
12429.0333,-1.0667,20.49,0.0167,21.16,0,280,320,0,80
12429.2333,7.6667,20.56,0.0,21.12,0,284,328,8,80
12429.4333,10.8667,20.48,0.0,21.12,0,0,322,0,80
12429.6333,12.2667,20.56,0.0,21.125,0,288,320,0,80
12429.8333,11.7333,20.48,0.0,21.12,0,256,320,0,80
12430.0333,10.6667,20.48,0.0,21.12,0,256,320,0,80
12430.2333,8.0,20.48,0.0,21.16,0,256,320,0,80
12430.4333,0.0,20.48,0.0,21.12,4,256,320,0,80
12430.6333,-0.5333,20.48,0.0,21.12,0,264,320,0,80
12430.8333,-0.5333,20.56,0.0,21.12,0,256,320,16,80
12431.0333,0.7333,20.56,0.0,21.12,0,16,320,16,80
12431.2333,0.1333,20.57,0.0,21.12,0,256,320,16,80
12431.4333,0.0,20.49,0.0167,21.12,0,264,320,16,80
12431.6333,0.0,20.56,0.0,21.16,0,260,320,16,80
12431.8333,0.0,20.48,0.0,21.12,0,264,320,16,80
12432.0333,0.6,20.48,0.0,21.12,0,272,352,16,80
12432.2333,0.1333,20.48,0.0,21.12,0,272,320,16,80
12432.4333,0.7333,20.56,0.0,21.12,0,256,320,24,80
12432.6333,0.1333,20.48,0.0,21.12,0,256,320,0,80
12432.8333,11.2,20.56,0.0167,21.125,0,260,321,0,80
12433.0333,12.8,20.48,0.0,21.125,0,256,322,32,80
12433.2333,13.8667,20.525,0.0,21.12,0,256,320,32,80
12433.4333,12.8667,20.48,0.0,21.12,0,256,321,32,80
12433.6333,5.8667,20.5,0.0,21.12,0,256,320,0,80
12433.8333,-2.6667,20.565,0.0,21.12,4,1,320,0,80
12434.0333,-2.6667,20.48,0.0167,21.12,0,32,320,0,80
12434.2333,-6.2,20.485,0.0,21.12,4,24,328,0,80
12434.4333,-11.5333,20.48,0.0167,21.12,0,36,320,0,80
12434.6333,-12.2667,20.5,0.0,21.12,0,32,320,0,80
12434.8333,-15.4333,20.48,0.0,21.12,0,0,288,0,80
12435.0333,-16.0,20.48,0.0,21.12,0,256,320,0,80
12435.2333,-9.0667,20.48,0.0,21.12,0,2,320,0,80
12435.4333,-4.2333,20.48,0.0,21.12,0,4,320,0,80
12435.6333,0.5333,20.5,0.0,21.12,4,4,512,8,80
12435.8333,0.1333,20.48,0.0,21.12,0,256,326,0,80
12436.0333,0.5333,20.48,0.0,21.16,0,20,320,0,80
12436.2333,0.5333,20.56,0.0,21.12,2,0,320,0,80
12436.4333,0.6667,20.48,0.0,21.12,0,8,320,0,80
12436.6333,0.0,20.48,0.0,21.12,0,256,320,0,80
12436.8333,0.0,20.48,0.0,21.12,0,0,328,0,80
12437.0333,0.6,20.56,0.0,21.12,2,0,513,0,80
12437.2333,0.7333,20.48,0.0,21.12,5,4,320,16,80
12437.4333,0.0,20.48,0.0,21.12,0,0,320,16,80
12437.6333,-6.3333,20.56,0.0,21.12,3,0,512,16,80
12437.8333,-8.5333,20.56,0.0,21.12,0,0,512,16,80
12438.0333,-9.6,20.48,0.0,21.12,0,16,514,16,80
12438.2333,-8.3333,20.5,0.0,21.12,0,0,516,16,80
12438.4333,-6.2667,20.56,0.0,21.12,0,32,512,16,80
12438.6333,-5.8667,20.48,0.0,21.13,0,4,512,16,80
12438.8333,-4.8,20.56,0.0,21.12,0,0,512,24,80
12439.0333,-3.7333,20.48,0.0,21.12,0,1,512,0,80
12439.2333,-2.6667,20.485,0.0,21.12,0,0,544,0,80
12439.4333,-2.6333,20.48,0.0,21.13,0,0,576,0,80
12439.6333,1.1,20.48,0.0,21.12,0,0,576,0,80
12439.8333,2.1667,20.48,0.0,21.12,0,0,576,0,80
12440.0333,2.6667,20.48,0.0,21.12,0,0,576,0,80
12440.2333,1.0667,20.485,0.0,21.12,0,8,576,0,80
12440.4333,0.0333,20.48,0.0167,21.12,0,0,512,0,80
12440.6333,0.0,20.56,0.0,21.16,0,0,576,0,80
12440.8333,0.5333,20.48,0.0167,21.12,0,261,512,0,80
12441.0333,0.5333,20.56,0.0,21.14,0,256,548,0,80
12441.2333,0.5667,20.56,0.0,21.12,0,8,576,0,80
12441.4333,0.5333,20.48,0.0,21.16,0,16,576,0,80
12441.6333,0.0167,20.48,0.0,21.125,1,4,576,0,80
12441.8333,1.0667,20.48,0.0,21.13,0,0,576,0,80
12442.0333,0.5333,20.56,0.0,21.12,0,0,512,8,80
12442.2333,-0.5333,20.48,0.0,21.12,0,2,320,0,80
12442.4333,-1.6,20.48,0.0,21.12,0,8,264,0,80
12442.6333,-0.5333,20.56,0.0,21.12,0,0,256,0,80
12442.8333,-0.9333,20.48,0.0,21.12,0,2,320,0,80
12443.0333,-1.0,20.48,0.0,21.12,0,0,256,0,80
12443.2333,-0.9333,20.48,0.0,21.14,0,12,320,0,80
12443.4333,0.0,20.48,0.0,21.12,8,16,320,0,80
12443.6333,0.0,20.56,0.0,21.18,0,17,256,16,80
12443.8333,0.0,20.48,0.0167,21.12,0,256,320,16,80
12444.0333,-8.5167,20.5,0.0,21.12,2,276,324,16,80
12444.2333,-5.3333,20.48,0.0,21.12,0,256,320,16,80
12444.4333,-5.8667,20.48,0.0,21.16,0,272,512,16,80
12444.6333,-5.8333,20.48,0.0,21.12,0,257,512,16,80
12444.8333,-6.3833,20.5,0.0,21.12,0,16,576,16,80
12445.0333,0.0,20.48,0.0,21.12,0,9,576,16,80
12445.2333,0.6667,20.48,0.0,21.12,2,8,576,24,80
12445.4333,0.6,20.48,0.0,21.12,0,17,584,0,80
12445.6333,0.6667,20.56,0.0,21.12,0,0,576,0,80
12445.8333,13.4667,20.525,0.0,21.12,2,24,554,32,80
12446.0333,0.0,20.485,0.0,21.12,0,0,512,32,80
12446.2333,1.0667,20.48,0.0,21.12,0,0,512,32,80
12446.4333,0.5333,20.48,0.0,21.12,0,0,514,64,80
12446.6333,1.0667,20.48,0.0167,21.12,2,0,512,64,80
12446.8333,1.0667,20.56,0.0,21.12,0,0,544,0,80
12447.0333,0.6,20.48,0.0,21.12,0,8,576,0,80
12447.2333,-8.5333,20.48,0.0,21.12,8,16,576,0,80
12447.4333,-9.6,20.49,0.0,21.14,5,0,512,0,80
12447.6333,-8.5333,20.48,0.0,21.16,4,0,544,0,80
12447.8333,-7.4667,20.48,0.0,21.16,0,0,512,0,80
12448.0333,-5.2667,20.48,0.0,21.12,0,0,544,0,80
12448.2333,-2.1,20.48,0.0,21.12,0,2,544,0,80
12448.4333,3.2,20.485,0.0,21.125,0,0,512,8,80
12448.6333,7.6333,20.48,0.0167,21.12,0,0,520,0,80
12448.8333,10.6667,20.56,0.0167,21.13,1,0,512,0,80
12449.0333,12.2667,20.5,0.0,21.12,0,0,544,0,80
12449.2333,16.0,20.54,0.0,21.12,2,4,516,0,80
12449.4333,15.4667,20.48,0.0,21.12,0,24,544,0,80
12449.6333,8.0,20.485,0.0,21.12,0,0,512,0,80
12449.8333,0.5333,20.48,0.0,21.12,0,16,544,0,80
12450.0333,0.0,20.56,0.0,21.12,1,0,512,16,80
12450.2333,0.0333,20.485,0.0167,21.16,2,0,544,16,80
12450.4333,0.0,20.56,0.0,21.12,0,1,544,16,80
12450.6333,0.5333,20.56,0.0,21.12,0,0,544,16,80
12450.8333,0.5333,20.48,0.0,21.12,0,0,512,16,80
12451.0333,0.5333,20.48,0.0,21.16,0,8,548,16,80
12451.2333,0.0,20.48,0.0,21.12,0,8,512,16,80
12451.4333,1.0667,20.48,0.0,21.12,1,2,544,16,80
12451.6333,0.2,20.56,0.0,21.12,0,0,552,24,80
12451.8333,4.3333,20.48,0.0,21.12,0,0,544,0,80
12452.0333,5.3333,20.485,0.0,21.12,0,0,512,0,80
12452.2333,5.6,20.48,0.0,21.12,0,16,512,128,80
12452.4333,6.4,20.48,0.0,21.12,0,0,512,128,80
12452.6333,7.4667,20.48,0.0,21.16,0,0,512,128,80
12452.8333,6.6,20.48,0.0,21.14,0,8,512,128,80
12453.0333,2.2,20.56,0.0,21.12,0,0,512,128,80
12453.2333,-2.0667,20.48,0.0,21.12,0,0,512,128,80
12453.4333,-7.4667,20.56,0.0,21.12,0,0,548,128,80
12453.6333,-11.2,20.56,0.0,21.12,0,0,544,128,80
12453.8333,-10.6667,20.48,0.0,21.12,0,5,512,128,80
12454.0333,-9.6,20.48,0.0,21.12,0,0,544,128,80
12454.2333,-7.4667,20.48,0.0,21.12,0,0,544,128,80
12454.4333,-6.9333,20.56,0.0,21.12,0,0,544,128,80
12454.6333,0.1333,20.56,0.0167,21.16,0,0,520,128,80
12454.8333,0.5333,20.48,0.0167,21.16,2,16,544,136,80
12455.0333,0.5333,20.5,0.0,21.12,4,12,544,128,80
12455.2333,1.0667,20.56,0.0,21.12,0,20,552,128,80
12455.4333,0.0333,20.48,0.0167,21.12,1,8,544,128,80
12455.6333,1.0667,20.48,0.0,21.12,0,0,512,128,80
12455.8333,1.1333,20.56,0.0,21.12,0,1,544,128,80
12456.0333,1.1,20.48,0.0,21.12,0,0,544,128,80
12456.2333,0.1333,20.56,0.0167,21.13,0,4,512,128,80
12456.4333,0.0,20.56,0.0,21.14,0,0,512,144,80
12456.6333,-4.2667,20.48,0.0,21.12,0,9,512,144,80
12456.8333,-8.4,20.56,0.0,21.12,0,20,512,144,80
12457.0333,-9.6,20.48,0.0,21.12,0,0,512,144,80
12457.2333,-9.4,20.48,0.0,21.12,6,0,516,144,80
12457.4333,-10.4667,20.565,0.0,21.12,0,12,521,144,80
12457.6333,-9.6,20.48,0.0,21.12,0,0,512,144,80
12457.8333,-9.0667,20.56,0.0,21.12,0,0,544,144,80
12458.0333,-6.4,20.56,0.0,21.12,0,0,512,152,80
12458.2333,-5.8667,20.48,0.0,21.16,0,3,512,128,80
12458.4333,0.5333,20.5,0.0,21.12,0,4,544,128,80
12458.6333,3.2,20.48,0.0,21.12,0,0,592,160,80
12458.8333,4.2667,20.48,0.0,21.12,0,24,512,160,80
12459.0333,4.2667,20.56,0.0,21.125,1,0,576,160,80
12459.2333,0.0,20.48,0.0,21.12,0,2,544,0,80
12459.4333,0.1333,20.48,0.0,21.16,0,0,544,0,80
12459.6333,0.0,20.48,0.0,21.12,0,0,768,0,80
12459.8333,0.0333,20.48,0.0,21.12,0,2,544,0,80
12460.0333,0.6,20.48,0.0,21.16,0,0,544,0,80
12460.2333,0.5333,20.48,0.0167,21.12,0,0,545,0,80
12460.4333,0.6667,20.56,0.0,21.12,0,0,544,0,80
12460.6333,0.0,20.48,0.0,21.125,0,0,544,0,80
12460.8333,0.0,20.48,0.0167,21.12,0,0,544,0,80
12461.0333,-5.3333,20.48,0.0,21.16,0,8,768,0,80
12461.2333,-6.4,20.48,0.0,21.12,0,8,768,8,80
12461.4333,-3.7333,20.56,0.0,21.16,0,4,544,0,80
12461.6333,0.2,20.48,0.0,21.12,0,1,544,0,80
12461.8333,3.4,20.48,0.0167,21.12,0,0,552,0,80
12462.0333,3.3333,20.48,0.0,21.12,0,0,544,0,80
12462.2333,4.2667,20.5,0.0167,21.12,0,0,768,0,80
12462.4333,4.8,20.48,0.0,21.12,0,8,552,0,80
12462.6333,5.3333,20.48,0.0,21.12,0,0,552,0,80
12462.8333,5.3333,20.48,0.0,21.12,2,32,552,16,80
12463.0333,2.1333,20.56,0.0,21.12,2,0,544,16,80
12463.2333,-2.6667,20.48,0.0,21.12,0,17,768,16,80
12463.4333,-5.8667,20.48,0.0,21.12,0,17,544,16,80
12463.6333,-8.5333,20.49,0.0,21.12,2,0,544,16,80
12463.8333,-8.5333,20.56,0.0,21.12,0,2,544,16,80
12464.0333,-7.4667,20.48,0.0167,21.12,1,0,560,16,80
12464.2333,1.1,20.48,0.0,21.12,0,0,768,16,80
12464.4333,0.0,20.485,0.0,21.12,1,0,544,24,80
12464.6333,0.1333,20.48,0.0,21.12,1,8,544,0,80
12464.8333,1.1,20.48,0.0,21.125,0,0,548,0,80
12465.0333,0.0,20.48,0.0,21.12,0,0,544,0,80
12465.2333,0.5667,20.48,0.0,21.12,0,2,545,0,80
12465.4333,1.0667,20.56,0.0,21.14,0,0,545,0,80
12465.6333,1.0667,20.56,0.0,21.12,0,16,546,0,80
12465.8333,0.0333,20.48,0.0,21.12,0,0,552,0,80
12466.0333,0.0,20.48,0.0,21.12,0,0,544,0,80
12466.2333,6.4,20.48,0.0167,21.12,0,0,544,0,80
12466.4333,4.8,20.48,0.0,21.12,0,0,544,0,80
12466.6333,2.1333,20.48,0.0,21.13,0,8,548,0,80
12466.8333,-0.5,20.56,0.0,21.12,0,16,552,0,80
12467.0333,-0.5333,20.48,0.0,21.12,0,4,516,0,80
12467.2333,-2.1333,20.48,0.0,21.16,0,1,528,0,80
12467.4333,-2.1333,20.48,0.0,21.12,0,0,512,0,80
12467.6333,-2.6667,20.56,0.0,21.12,0,4,768,8,80
12467.8333,-3.2,20.5,0.0,21.12,0,8,512,0,80
12468.0333,-4.2667,20.48,0.0,21.12,0,8,514,0,80
12468.2333,-3.1667,20.48,0.0,21.12,1,0,768,0,80
12468.4333,-3.7,20.48,0.0,21.12,0,16,577,0,80
12468.6333,-3.7333,20.48,0.0,21.12,0,0,512,0,80
12468.8333,-3.1667,20.48,0.0,21.12,0,8,772,0,80
12469.0333,-4.2333,20.56,0.0,21.12,0,8,768,0,80
12469.2333,0.0333,20.525,0.0167,21.12,0,4,512,16,80
12469.4333,0.0333,20.48,0.0,21.12,0,2,768,16,80
12469.6333,0.5333,20.48,0.0,21.125,0,0,772,16,80
12469.8333,0.0667,20.48,0.0,21.28,0,0,512,16,80
12470.0333,1.0667,20.48,0.0,21.12,0,8,800,16,80
12470.2333,0.1333,20.485,0.0,21.12,2,8,768,16,80
12470.4333,0.5333,20.56,0.0167,21.125,0,0,768,16,80
12470.6333,0.6667,20.49,0.0,21.12,1,0,768,16,80
12470.8333,1.0667,20.48,0.0,21.12,0,0,768,24,80
12471.0333,12.2667,20.48,0.0,21.12,0,0,864,0,80
12471.2333,0.0667,20.48,0.0,21.12,0,8,768,0,80
12471.4333,-1.0667,20.48,0.0,21.12,0,0,768,32,80
12471.6333,-1.0,20.48,0.0167,21.12,0,0,832,32,80
12471.8333,-1.0667,20.48,0.0,21.12,0,8,864,32,80
12472.0333,-1.0667,20.56,0.0167,21.12,2,0,864,64,80
12472.2333,-1.0667,20.56,0.0,21.16,0,0,832,64,80
12472.4333,-1.0667,20.48,0.0,21.2,0,16,768,0,80
12472.6333,-1.0667,20.485,0.0,21.12,0,0,784,0,80
12472.8333,-1.0333,20.48,0.0167,21.16,0,4,768,0,80
12473.0333,-1.0667,20.485,0.0,21.12,0,0,864,0,80
12473.2333,-2.1,20.56,0.0,21.12,0,24,784,0,80
12473.4333,-3.1667,20.56,0.0,21.12,0,0,772,0,80
12473.6333,-5.8333,20.48,0.0,21.12,0,32,800,0,80
12473.8333,-19.7,20.48,0.0,21.12,0,8,772,0,80
12474.0333,-20.7667,20.48,0.0,21.135,0,0,768,8,80
12474.2333,-12.2667,20.48,0.0,21.16,0,16,864,0,80
12474.4333,0.5333,20.56,0.0,21.12,0,16,769,0,80
12474.6333,0.7333,20.48,0.0,21.12,0,0,776,0,80
12474.8333,0.0,20.48,0.0,21.12,0,0,772,0,80
12475.0333,0.6667,20.48,0.0167,21.16,4,0,800,0,80
12475.2333,0.5333,20.48,0.0,21.12,0,0,773,0,80
12475.4333,0.6,20.48,0.0167,21.12,0,0,800,0,80
12475.6333,0.6,20.48,0.0,21.12,40,8,768,16,80
12475.8333,0.5333,20.56,0.0,21.12,0,0,768,16,80
12476.0333,-7.4667,20.5,0.0,21.12,4,16,800,16,80
12476.2333,-14.9333,20.48,0.0,21.16,0,0,800,16,80
12476.4333,-12.8,20.56,0.0,21.12,0,0,801,16,80
12476.6333,-18.1333,20.48,0.0,21.16,0,29,800,16,80
12476.8333,-11.7333,20.48,0.0,21.12,0,0,768,16,80
12477.0333,-7.3333,20.48,0.0,21.12,1,24,768,16,80
12477.2333,-3.7333,20.48,0.0,21.12,0,0,800,24,80
12477.4333,0.0,20.48,0.0,21.16,5,0,801,0,80
12477.6333,6.9333,20.48,0.0,21.12,0,0,800,0,80
12477.8333,13.3333,20.52,0.0,21.12,0,1,800,0,80
12478.0333,12.8,20.48,0.0,21.12,0,8,800,0,80
12478.2333,12.8,20.48,0.0,21.12,0,8,804,0,80
12478.4333,10.6667,20.48,0.0,21.125,0,8,802,0,80
12478.6333,2.6667,20.48,0.0,21.125,0,8,800,0,80
12478.8333,-3.7333,20.48,0.0,21.15,0,8,800,0,80
12479.0333,-6.4,20.48,0.0,21.12,0,8,776,0,80
12479.2333,0.0,20.48,0.0,21.16,0,0,768,0,80
12479.4333,0.6667,20.48,0.0,21.12,2,0,768,0,80
12479.6333,0.1333,20.48,0.0,21.125,0,0,772,0,80
12479.8333,1.2,20.48,0.0,21.16,0,0,776,0,80
12480.0333,0.1667,20.48,0.0,21.12,0,16,800,0,80
12480.2333,0.2,20.48,0.0,21.12,0,0,512,0,80
12480.4333,0.0,20.48,0.0,21.12,4,16,768,8,80
12480.6333,0.0,20.48,0.0,21.12,0,0,544,0,80
12480.8333,7.5333,20.48,0.0,21.12,4,26,544,0,80
12481.0333,9.0667,20.48,0.0,21.125,5,36,544,0,80
12481.2333,10.1333,20.48,0.0,21.12,0,12,516,0,80
12481.4333,12.9333,20.48,0.0,21.16,0,1,512,0,80
12481.6333,8.5333,20.48,0.0,21.135,0,0,544,0,80
12481.8333,0.5333,20.48,0.0,21.12,8,0,516,0,80
12482.0333,-2.1333,20.48,0.0,21.12,0,16,512,16,80
12482.2333,-2.6667,20.48,0.0,21.12,1,32,512,16,80
12482.4333,-0.5,20.48,0.0,21.12,4,0,512,16,80
12482.6333,-0.5333,20.54,0.0,21.12,1,8,512,16,80
12482.8333,-0.5333,20.48,0.0,21.12,0,0,512,16,80
12483.0333,-0.5333,20.48,0.0,21.12,0,16,256,16,80
12483.2333,-0.5333,20.48,0.0,21.12,4,0,290,16,80
12483.4333,-0.5333,20.48,0.0,21.12,2,8,256,16,80
12483.6333,0.1333,20.48,0.0,21.16,0,1,256,24,80
12483.8333,0.5333,20.51,0.0,21.125,0,0,256,0,80
12484.0333,0.2,20.565,0.0,21.12,0,0,296,0,80
12484.2333,0.0333,20.48,0.0,21.16,4,0,288,32,80
12484.4333,0.1333,20.48,0.0,21.12,0,0,288,32,80
12484.6333,0.0,20.48,0.0,21.12,1,20,288,32,80
12484.8333,1.0667,20.48,0.0,21.12,0,0,264,0,80
12485.0333,1.2,20.48,0.0,21.12,0,4,288,0,80
12485.2333,0.0667,20.48,0.0,21.12,0,18,256,0,80
12485.4333,11.9333,20.5,0.0167,21.12,0,16,256,0,80
12485.6333,16.0,20.48,0.0,21.12,0,32,256,0,80
12485.8333,16.5333,20.48,0.0,21.12,0,0,256,0,80
12486.0333,11.2,20.48,0.0,21.12,2,0,256,0,80
12486.2333,-0.5333,20.48,0.0,21.12,0,0,288,0,80
12486.4333,-0.5333,20.525,0.0,21.12,0,8,258,0,80
12486.6333,-0.5167,20.48,0.0,21.12,0,0,256,0,80
12486.8333,-0.5333,20.52,0.0,21.125,0,0,288,8,80
12487.0333,-0.5,20.48,0.0,21.16,0,8,288,0,80
12487.2333,-0.5,20.48,0.0167,21.12,1,32,288,0,80
12487.4333,-0.5333,20.5,0.0,21.12,0,1,512,0,80
12487.6333,-0.5333,20.5,0.0,21.12,0,4,288,0,80
12487.8333,-0.5333,20.48,0.0,21.12,0,4,256,0,80
12488.0333,-0.5333,20.48,0.0,21.165,8,0,288,0,80
12488.2333,-0.5333,20.48,0.0,21.12,0,16,256,0,80
12488.4333,0.0333,20.48,0.0,21.12,0,0,256,16,80
12488.6333,0.0667,20.5,0.0167,21.12,0,0,288,16,80
12488.8333,0.0,20.48,0.0,21.12,0,4,288,16,80
12489.0333,0.0,20.48,0.0,21.12,0,16,256,16,80
12489.2333,0.6,20.48,0.0167,21.12,0,257,256,16,80
12489.4333,0.5333,20.48,0.0,21.12,0,272,256,16,80
12489.6333,0.5333,20.48,0.0167,21.12,0,256,296,16,80
12489.8333,0.5333,20.48,0.0,21.12,5,256,256,16,80
12490.0333,9.6,20.49,0.0,21.12,0,272,320,24,80
12490.2333,8.5333,20.48,0.0,21.12,0,16,256,0,80
12490.4333,7.4667,20.48,0.0,21.12,1,0,256,0,80
12490.6333,6.4,20.48,0.0,21.12,40,256,256,0,80
12490.8333,2.6667,20.48,0.0,21.16,0,0,320,0,80
12491.0333,-0.5333,20.48,0.0,21.16,0,0,256,0,80
12491.2333,-0.5333,20.48,0.0,21.16,0,0,256,0,80
12491.4333,-0.5333,20.48,0.0,21.16,0,32,256,0,80
12491.6333,-0.5,20.48,0.0,21.12,0,257,300,0,80
12491.8333,-0.5333,20.48,0.0,21.12,0,256,320,0,80
12492.0333,-4.8,20.48,0.0,21.12,0,0,260,0,80
12492.2333,-1.0667,20.49,0.0,21.16,0,0,256,0,80
12492.4333,-1.0333,20.48,0.0,21.12,0,24,256,0,80
12492.6333,-0.5333,20.5,0.0,21.12,0,0,256,0,80
12492.8333,-0.5333,20.5,0.0,21.12,0,8,260,0,80
12493.0333,0.1667,20.48,0.0,21.12,0,16,288,0,80
12493.2333,0.5333,20.48,0.0,21.12,0,4,296,8,80
12493.4333,0.0,20.485,0.0,21.12,0,0,292,0,80
12493.6333,0.6,20.48,0.0,21.12,3,0,288,0,80
12493.8333,0.5333,20.48,0.0,21.12,0,0,256,0,80
12494.0333,0.5333,20.48,0.0,21.12,0,1,256,0,80
12494.2333,0.0,20.48,0.0,21.12,0,0,256,0,80
12494.4333,0.1333,20.48,0.0,21.16,0,0,514,0,80
12494.6333,0.5333,20.49,0.0,21.12,0,8,516,0,80
12494.8333,1.0667,20.48,0.0,21.12,0,8,512,16,80
12495.0333,1.6,20.48,0.0,21.16,2,0,512,16,80
12495.2333,1.6,20.49,0.0,21.12,0,0,512,16,80
12495.4333,0.0333,20.49,0.0,21.12,0,18,512,16,80
12495.6333,0.0,20.49,0.0,21.12,0,24,544,16,80
12495.8333,0.5333,20.48,0.0,21.12,0,0,776,16,80
12496.0333,10.7,20.48,0.0,21.12,0,0,512,16,80
12496.2333,10.6667,20.48,0.0167,21.12,0,1,512,16,80
12496.4333,6.4,20.48,0.0,21.12,0,8,512,24,80
12496.6333,-1.0667,20.48,0.0,21.12,0,0,516,0,80
12496.8333,-2.1333,20.49,0.0,21.12,0,0,552,0,80
12497.0333,-1.0667,20.49,0.0,21.12,0,16,512,32,80
12497.2333,0.15,20.48,0.0,21.12,0,0,512,32,80
12497.4333,0.0,20.48,0.0,21.12,4,0,512,32,80
12497.6333,0.2667,20.48,0.0,21.16,0,0,514,64,80
12497.8333,0.0,20.48,0.0,21.12,0,4,512,64,80
12498.0333,0.0,20.48,0.0,21.16,0,18,512,0,80
12498.2333,0.0,20.5,0.0,21.16,1,0,517,0,80
12498.4333,0.0,20.48,0.0,21.12,0,8,512,0,80
12498.6333,0.4,20.48,0.0,21.2,0,0,512,0,80
12498.8333,4.4,20.48,0.0,21.18,0,16,512,0,80
12499.0333,6.8,20.48,0.0,21.12,0,16,512,0,80
12499.2333,0.0,20.48,0.0,21.12,0,0,512,0,80
12499.4333,11.7333,20.48,0.0,21.14,0,0,544,0,80
12499.6333,12.2667,20.48,0.0,21.12,0,0,544,8,80
12499.8333,9.0667,20.48,0.0,21.28,0,0,288,0,80
12500.0333,5.3667,20.48,0.0,21.28,0,2,512,0,80
12500.2333,-0.5333,20.48,0.0,21.12,0,0,516,0,80
12500.4333,-0.5333,20.48,0.0167,21.12,0,0,512,0,80
12500.6333,-0.5,20.48,0.0,21.12,0,34,512,0,80
12500.8333,-1.0667,20.48,0.0,21.12,0,0,256,0,80
12501.0333,1.1333,20.48,0.0,21.12,0,0,257,0,80
12501.2333,0.0667,20.485,0.0,21.16,0,10,256,16,80
12501.4333,0.0,20.5,0.0,21.12,0,0,256,16,80
12501.6333,0.0,20.48,0.0167,21.12,2,0,512,16,80
12501.8333,0.0,20.48,0.0,21.125,1,0,512,16,80
12502.0333,0.0333,20.48,0.0,21.12,0,0,512,16,80
12502.2333,0.1333,20.49,0.0,21.12,0,8,512,16,80
12502.4333,0.0,20.48,0.0,21.12,0,0,512,16,80
12502.6333,0.0,20.5,0.0,21.12,0,0,512,16,80
12502.8333,-6.4,20.56,0.0,21.13,0,0,512,24,80
12503.0333,-3.6667,20.48,0.0,21.12,0,8,292,0,80
12503.2333,2.6667,20.48,0.0,21.16,0,0,512,0,80
12503.4333,8.0,20.48,0.0,21.12,0,0,288,128,80
12503.6333,10.1333,20.48,0.0,21.12,0,0,512,128,80
12503.8333,13.3667,20.56,0.0,21.12,0,17,522,128,80
12504.0333,13.8667,20.48,0.0,21.12,1,0,256,128,80
12504.2333,14.9333,20.48,0.0,21.125,0,0,257,128,80
12504.4333,11.7333,20.485,0.0,21.12,0,0,516,128,80
12504.6333,7.4667,20.48,0.0,21.16,0,8,258,128,80
12504.8333,-0.5333,20.48,0.0,21.21,0,0,512,128,80
12505.0333,-0.5,20.48,0.0,21.12,0,20,256,128,80
12505.2333,-1.0667,20.48,0.0,21.12,0,30,256,128,80
12505.4333,-2.1333,20.48,0.0,21.12,0,0,361,128,80
12505.6333,-2.6667,20.56,0.0,21.12,2,16,512,128,80
12505.8333,1.1,20.48,0.0,21.12,0,0,520,128,80
12506.0333,0.1,20.48,0.0,21.2,0,0,352,136,80
12506.2333,0.0,20.48,0.0,21.12,0,16,352,128,80
12506.4333,0.0,20.485,0.0,21.16,0,16,360,128,80
12506.6333,0.5333,20.48,0.0167,21.12,0,16,512,128,80
12506.8333,0.0,20.48,0.0,21.16,0,2,512,128,80
12507.0333,0.5667,20.48,0.0,21.16,2,16,320,128,80
12507.2333,0.2667,20.48,0.0167,21.12,0,0,520,128,80
12507.4333,0.0,20.48,0.0,21.12,4,0,516,128,80
12507.6333,0.1333,20.48,0.0,21.12,0,0,512,144,80
12507.8333,0.2167,20.56,0.0,21.12,0,0,321,144,80
12508.0333,-10.1333,20.48,0.0,21.12,0,0,512,144,80
12508.2333,0.0,20.52,0.0,21.12,0,0,352,144,80
12508.4333,9.1,20.5,0.0,21.12,0,0,512,144,80
12508.6333,13.3333,20.56,0.0,21.14,2,0,512,144,80
12508.8333,13.8667,20.485,0.0,21.12,0,0,352,144,80
12509.0333,13.3333,20.48,0.0,21.12,0,16,512,144,80
12509.2333,11.2,20.54,0.0,21.12,0,0,352,152,80
12509.4333,4.8333,20.48,0.0,21.12,0,24,352,128,80
12509.6333,-0.5,20.48,0.0,21.12,0,18,512,128,80
12509.8333,-0.5333,20.48,0.0,21.205,0,0,320,160,80
12510.0333,-0.5,20.485,0.0,21.12,0,0,516,160,80
12510.2333,-0.5333,20.48,0.0,21.12,0,0,512,160,80
12510.4333,-0.5333,20.48,0.0,21.16,0,16,544,0,80
12510.6333,-0.5333,20.56,0.0,21.24,0,0,512,0,80
12510.8333,0.5333,20.48,0.0,21.16,2,0,544,0,80
12511.0333,0.5667,20.5,0.0,21.12,0,0,544,0,80
12511.2333,0.5333,20.48,0.0167,21.28,2,0,512,0,80
12511.4333,0.2667,20.5,0.0,21.12,0,0,512,0,80
12511.6333,0.5333,20.48,0.0167,21.12,0,8,552,0,80
12511.8333,1.0667,20.48,0.0,21.12,0,0,576,0,80
12512.0333,0.0,20.48,0.0,21.12,0,0,512,0,80
12512.2333,1.1,20.48,0.0,21.12,4,0,512,0,80
12512.4333,0.0,20.54,0.0,21.12,0,0,548,8,80
12512.6333,-16.2667,20.48,0.0167,21.12,0,0,608,0,80
12512.8333,-8.5333,20.48,0.0,21.12,0,1,576,0,80
12513.0333,-0.5,20.48,0.0,21.12,0,8,512,0,80
12513.2333,5.8667,20.48,0.0,21.12,0,0,544,0,80
12513.4333,9.6333,20.56,0.0,21.12,0,0,544,0,80
12513.6333,9.0667,20.48,0.0,21.16,0,2,608,0,80
12513.8333,3.7667,20.48,0.0,21.12,2,0,512,0,80
12514.0333,-0.5333,20.48,0.0167,21.12,1,0,608,16,80
12514.2333,-0.5333,20.48,0.0,21.12,1,0,768,16,80
12514.4333,-0.5333,20.48,0.0,21.29,0,0,800,16,80
12514.6333,-0.5,20.5,0.0,21.28,0,0,768,16,80
12514.8333,-0.5333,20.56,0.0,21.12,0,0,768,16,80
12515.0333,-0.5333,20.52,0.0,21.125,0,0,768,16,80
12515.2333,-0.5333,20.485,0.0,21.16,1,0,768,16,80
12515.4333,-1.0333,20.48,0.0,21.12,0,0,864,16,80
12515.6333,0.0,20.48,0.0,21.12,4,4,768,24,80
12515.8333,0.5333,20.48,0.0,21.12,0,16,768,0,80
12516.0333,0.0667,20.56,0.0167,21.12,8,0,772,0,80
12516.2333,0.0,20.48,0.0,21.12,0,0,66,0,80
12516.4333,0.0667,20.48,0.0,21.12,0,10,72,0,80
12516.6333,1.2,20.48,0.0,21.12,0,0,96,0,80
12516.8333,0.7333,20.48,0.0,21.12,0,0,258,0,80
12517.0333,0.0333,20.48,0.0,21.12,32,0,0,0,80
12517.2333,0.1333,20.48,0.0,21.12,0,16,96,0,80
12517.4333,0.0667,20.52,0.0,21.28,0,1,96,0,80
12517.6333,7.0667,20.48,0.0,21.12,0,1,256,0,80
12517.8333,11.7333,20.56,0.0,21.12,0,24,256,0,80
12518.0333,11.2333,20.48,0.0,21.12,2,0,0,0,80
12518.2333,9.6,20.48,0.0,21.12,0,0,32,0,80
12518.4333,0.0,20.48,0.0,21.12,0,24,64,0,80
12518.6333,0.0,20.48,0.0,21.12,0,32,0,0,80
12518.8333,0.0333,20.5,0.0,21.12,0,32,0,8,80
12519.0333,0.0,20.48,0.0,21.28,3,0,96,0,80
12519.2333,0.0,20.48,0.0,21.12,0,0,32,0,80
12519.4333,-1.0667,20.48,0.0,21.12,0,0,32,0,80
12519.6333,-1.0667,20.48,0.0,21.12,0,0,9,0,80
12519.8333,-1.0667,20.48,0.0,21.28,0,8,0,0,80
12520.0333,-1.0667,20.48,0.0,21.29,0,0,864,0,80
12520.2333,-7.4667,20.48,0.0,21.12,4,0,832,0,80
12520.4333,-24.0,20.48,0.0,21.16,0,4,832,16,80
12520.6333,-20.2667,20.48,0.0167,21.12,8,0,832,16,80
12520.8333,-9.0667,20.48,0.0167,21.12,0,16,800,16,80
12521.0333,-23.4667,20.48,0.0,21.12,2,0,800,16,80
12521.2333,0.0,20.48,0.0,21.16,4,0,768,16,80
12521.4333,0.0,20.48,0.0,21.16,0,0,768,16,80
12521.6333,0.7667,20.48,0.0,21.12,0,0,866,16,80
12521.8333,0.0,20.48,0.0,21.12,0,0,768,16,80
12522.0333,0.8667,20.48,0.0,21.12,0,0,864,24,80
12522.2333,0.0,20.51,0.0,21.12,0,0,770,0,80
12522.4333,0.0667,20.54,0.0,21.12,0,4,768,0,80
12522.6333,0.6,20.5,0.0,21.28,0,1,512,32,80
12522.8333,0.0,20.48,0.0,21.12,0,20,544,32,80
12523.0333,0.2,20.49,0.0,21.12,0,8,256,32,80
12523.2333,-11.7333,20.48,0.0,21.12,0,20,256,64,80
12523.4333,-7.4667,20.48,0.0,21.16,0,0,352,64,80
12523.6333,-1.0333,20.5,0.0,21.12,0,32,368,0,80
12523.8333,3.7333,20.49,0.0,21.2,0,16,352,0,80
12524.0333,6.4,20.48,0.0,21.12,0,1,356,0,80
12524.2333,10.6667,20.56,0.0,21.16,0,0,352,0,80
12524.4333,11.2333,20.48,0.0,21.12,8,8,512,0,80
12524.6333,7.5,20.48,0.0167,21.12,0,32,520,0,80
12524.8333,-17.0667,20.48,0.0167,21.12,0,32,512,0,80
12525.0333,-6.3667,20.5,0.0,21.12,0,16,512,0,80
12525.2333,-3.2,20.5,0.0,21.12,0,1,512,8,80
12525.4333,-1.6,20.56,0.0,21.12,4,0,544,0,80
12525.6333,0.0,20.54,0.0,21.12,0,0,544,0,80
12525.8333,0.0667,20.48,0.0,21.12,0,2,576,0,80
12526.0333,0.0,20.52,0.0,21.29,0,0,576,0,80
12526.2333,0.0,20.48,0.0,21.12,0,8,608,0,80
12526.4333,0.5333,20.48,0.0,21.12,0,2,512,0,80
12526.6333,0.0667,20.56,0.0,21.12,0,0,544,0,80
12526.8333,0.6333,20.48,0.0,21.16,1,2,512,16,80
12527.0333,0.0,20.49,0.0,21.16,0,0,516,16,80
12527.2333,0.0,20.48,0.0167,21.125,0,16,608,16,80
12527.4333,-3.2,20.48,0.0,21.16,0,16,512,16,80
12527.6333,-4.0,20.48,0.0,21.12,0,16,512,16,80
12527.8333,-3.2,20.5,0.0,21.28,1,0,524,16,80
12528.0333,6.4333,20.48,0.0,21.12,0,0,608,16,80
12528.2333,11.0333,20.5,0.0167,21.18,0,1,512,16,80
12528.4333,12.8,20.5,0.0,21.16,0,0,608,24,80
12528.6333,2.1333,20.48,0.0,21.16,0,0,518,0,80
12528.8333,2.6667,20.48,0.0,21.16,0,0,512,0,80
12529.0333,-1.0667,20.48,0.0,21.12,0,8,512,0,80
12529.2333,-1.0667,20.48,0.0,21.12,0,2,512,0,80
12529.4333,-0.5,20.48,0.0,21.12,0,20,576,0,80
12529.6333,-0.5,20.48,0.0,21.12,0,32,576,0,80
12529.8333,-0.5333,20.48,0.0,21.12,1,32,576,0,80
12530.0333,-0.5333,20.5,0.0,21.12,0,32,576,0,80
12530.2333,-0.5333,20.485,0.0,21.16,0,0,512,0,80
12530.4333,0.0,20.48,0.0,21.12,0,0,512,0,80
12530.6333,0.5333,20.48,0.0167,21.12,1,16,512,0,80
12530.8333,0.0,20.485,0.0167,21.16,0,2,516,0,80
12531.0333,0.5333,20.56,0.0,21.12,0,0,544,0,80
12531.2333,0.0,20.48,0.0,21.12,0,0,544,0,80
12531.4333,0.5333,20.52,0.0,21.12,0,0,512,0,80
12531.6333,0.6667,20.48,0.0,21.16,0,0,576,8,80
12531.8333,0.1333,20.48,0.0,21.12,4,8,520,0,80
12532.0333,0.0,20.48,0.0,21.12,0,0,512,0,80
12532.2333,9.0667,20.49,0.0,21.12,0,0,512,0,80
12532.4333,10.8,20.48,0.0167,21.125,0,0,512,0,80
12532.6333,14.4,20.49,0.0,21.12,0,0,512,0,80
12532.8333,15.4667,20.48,0.0,21.14,0,0,524,0,80
12533.0333,9.7333,20.48,0.0,21.12,0,0,544,0,80
12533.2333,0.1333,20.48,0.0,21.16,0,0,512,16,80
12533.4333,-4.0333,20.48,0.0,21.12,0,0,544,16,80
12533.6333,-7.4667,20.56,0.0,21.16,0,17,512,16,80
12533.8333,-11.7333,20.48,0.0,21.12,0,0,512,16,80
12534.0333,-9.6,20.49,0.0,21.12,0,2,512,16,80
12534.2333,-6.9333,20.56,0.0,21.16,1,0,512,16,80
12534.4333,-5.3333,20.48,0.0,21.12,0,0,512,16,80
12534.6333,-4.8,20.48,0.0,21.18,0,0,512,16,80
12534.8333,-3.2,20.495,0.0,21.12,0,12,516,24,80
12535.0333,-1.0667,20.48,0.0,21.16,0,0,256,0,80
12535.2333,0.0,20.49,0.0,21.12,0,16,512,0,80
12535.4333,0.0,20.48,0.0,21.125,0,17,512,32,80
12535.6333,0.1333,20.5,0.0,21.16,0,0,512,32,80
12535.8333,0.6667,20.48,0.0,21.16,0,0,512,32,80
12536.0333,0.5333,20.48,0.0,21.16,2,16,512,0,80
12536.2333,1.2,20.49,0.0167,21.16,0,2,512,0,80
12536.4333,0.0,20.48,0.0,21.16,0,0,512,0,80
12536.6333,1.2667,20.56,0.0,21.12,0,16,512,0,80
12536.8333,0.6,20.48,0.0,21.16,0,20,520,0,80
12537.0333,0.0333,20.52,0.0,21.125,0,16,512,0,80
12537.2333,-1.4667,20.48,0.0,21.16,0,8,512,0,80
12537.4333,-3.6667,20.49,0.0167,21.16,0,0,512,0,80
12537.6333,-3.7333,20.56,0.0,21.12,0,1,512,0,80
12537.8333,-4.2667,20.49,0.0,21.16,0,0,512,0,80
12538.0333,-6.4,20.5,0.0,21.12,0,0,516,8,80
12538.2333,-7.4667,20.48,0.0,21.12,0,4,512,0,80
12538.4333,-8.5333,20.48,0.0,21.16,0,0,512,0,80
12538.6333,-8.0,20.49,0.0,21.12,2,17,512,0,80
12538.8333,-4.8,20.48,0.0,21.12,0,0,512,0,80
12539.0333,-2.1333,20.48,0.0,21.12,0,16,512,0,80
12539.2333,2.6667,20.49,0.0,21.12,0,16,516,0,80
12539.4333,9.1,20.48,0.0,21.16,1,0,512,0,80
12539.6333,10.6667,20.485,0.0,21.13,0,0,512,16,80
12539.8333,9.6,20.48,0.0,21.16,0,24,512,16,80
12540.0333,4.2667,20.49,0.0,21.16,0,0,512,16,80
12540.2333,0.0,20.48,0.0167,21.12,4,0,512,16,80
12540.4333,0.5333,20.48,0.0,21.12,0,8,512,16,80
12540.6333,0.0,20.48,0.0,21.16,0,0,512,16,80
12540.8333,0.0667,20.49,0.0,21.14,4,0,520,16,80
12541.0333,0.0667,20.48,0.0,21.12,0,16,544,16,80
12541.2333,0.0,20.48,0.0167,21.16,0,0,512,24,80
12541.4333,0.5333,20.48,0.0,21.2,0,0,512,0,80
12541.6333,0.0,20.48,0.0,21.12,0,0,513,0,80
12541.8333,-0.4667,20.49,0.0,21.12,8,0,512,0,80
12542.0333,-1.0667,20.48,0.0,21.12,0,16,512,0,80
12542.2333,-0.5333,20.48,0.0,21.12,0,0,512,0,80
12542.4333,-0.5333,20.5,0.0,21.125,0,0,528,0,80
12542.6333,-0.5333,20.48,0.0167,21.12,0,8,512,0,80
12542.8333,-0.5333,20.48,0.0,21.16,0,0,512,0,80
12543.0333,-0.5333,20.485,0.0,21.16,0,0,544,0,80
12543.2333,-7.4667,20.49,0.0,21.28,0,0,544,0,80
12543.4333,-9.6,20.56,0.0,21.12,0,0,512,0,80
12543.6333,8.0333,20.48,0.0,21.16,2,21,512,0,80
12543.8333,0.0333,20.48,0.0,21.12,2,0,512,0,80
12544.0333,0.7,20.48,0.0,21.12,4,8,520,0,80
12544.2333,0.5333,20.56,0.0,21.14,0,8,512,0,80
12544.4333,0.5333,20.49,0.0,21.2,0,0,512,8,80
12544.6333,0.0667,20.48,0.0,21.12,0,0,264,0,80
12544.8333,0.0,20.48,0.0,21.12,0,16,512,0,80
12545.0333,1.1333,20.49,0.0,21.12,0,0,512,0,80
12545.2333,0.5333,20.48,0.0,21.12,0,8,514,0,80
12545.4333,0.6667,20.48,0.0,21.12,0,0,512,0,80
12545.6333,-1.0667,20.48,0.0,21.28,0,16,512,0,80
12545.8333,-0.5333,20.5,0.0,21.12,0,1,513,0,80
12546.0333,-0.5333,20.48,0.0,21.12,0,8,516,16,80
12546.2333,-0.5333,20.56,0.0,21.12,0,0,520,16,80
12546.4333,-0.5333,20.48,0.0,21.12,0,0,256,16,80
12546.6333,-1.6,20.48,0.0,21.12,0,0,512,16,80
12546.8333,-0.5333,20.48,0.0167,21.12,0,0,516,16,80
12547.0333,-0.5333,20.48,0.0,21.16,0,8,520,16,80
12547.2333,-0.5,20.48,0.0,21.125,0,0,512,16,80
12547.4333,-0.5333,20.49,0.0,21.12,0,0,512,16,80
12547.6333,0.0,20.48,0.0,21.12,0,0,512,24,80
12547.8333,-0.5,20.48,0.0,21.12,0,8,256,0,80
12548.0333,-0.5333,20.49,0.0,21.14,2,0,512,0,80
12548.2333,-0.5,20.49,0.0,21.29,0,16,512,32,80
12548.4333,-0.5333,20.485,0.0,21.12,0,0,514,32,80
12548.6333,0.5667,20.48,0.0,21.16,2,16,512,32,80
12548.8333,0.5333,20.48,0.0,21.12,2,0,512,64,80
12549.0333,0.0167,20.48,0.0,21.16,0,2,512,64,80
12549.2333,0.0,20.48,0.0,21.12,4,0,512,0,80
12549.4333,0.0,20.48,0.0,21.14,0,0,512,0,80
12549.6333,0.1333,20.5,0.0,21.28,0,0,512,0,80
12549.8333,0.5333,20.48,0.0,21.12,0,8,512,0,80
12550.0333,0.1667,20.49,0.0,21.12,0,0,512,0,80
12550.2333,0.0,20.48,0.0,21.125,0,20,512,0,80
12550.4333,19.2,20.52,0.0,21.12,1,12,512,0,80
12550.6333,17.6,20.49,0.0,21.12,0,0,512,0,80
12550.8333,17.0667,20.49,0.0,21.28,0,0,512,8,80
12551.0333,12.2667,20.48,0.0,21.12,0,1,512,0,80
12551.2333,7.4667,20.52,0.0,21.12,0,0,512,0,80
12551.4333,3.7667,20.48,0.0,21.16,0,0,516,0,80
12551.6333,-0.5333,20.48,0.0,21.12,0,0,512,0,80
12551.8333,-0.5,20.48,0.0,21.12,0,1,512,0,80
12552.0333,-0.5333,20.56,0.0,21.12,0,32,512,0,80
12552.2333,-0.5,20.48,0.0,21.12,0,0,512,0,80
12552.4333,-0.5333,20.56,0.0,21.12,0,8,512,16,80
12552.6333,-0.5333,20.485,0.0,21.12,0,32,512,16,80
12552.8333,-1.6,20.48,0.0,21.12,0,0,544,16,80
12553.0333,-1.6,20.48,0.0,21.16,1,0,512,16,80
12553.2333,0.2,20.48,0.0,21.135,0,0,512,16,80
12553.4333,0.5333,20.48,0.0,21.16,4,5,512,16,80
12553.6333,0.0,20.48,0.0,21.14,0,12,512,16,80
12553.8333,0.6667,20.48,0.0,21.12,0,1,512,16,80
12554.0333,0.0,20.48,0.0,21.18,0,0,545,24,80
12554.2333,0.0,20.49,0.0,21.12,0,16,512,0,80
12554.4333,0.1667,20.48,0.0,21.16,0,0,550,0,80
12554.6333,0.0,20.48,0.0,21.12,4,0,516,128,80
12554.8333,0.0,20.48,0.0,21.12,0,0,512,128,80
12555.0333,4.8333,20.48,0.0167,21.16,0,0,516,128,80
12555.2333,6.4,20.485,0.0,21.16,0,32,514,128,80
12555.4333,6.9333,20.48,0.0,21.12,0,0,512,128,80
12555.6333,5.8667,20.48,0.0,21.125,0,0,512,128,80
12555.8333,2.1333,20.48,0.0,21.16,0,0,512,128,80
12556.0333,-1.6,20.49,0.0167,21.12,0,0,512,128,80
12556.2333,-0.5,21.12,0.0,21.12,0,0,576,128,80
12556.4333,-1.5667,20.48,0.0,21.12,0,0,544,128,80
12556.6333,-2.6667,20.48,0.0,21.12,0,0,512,128,80
12556.8333,-1.0333,20.48,0.0,21.13,0,8,256,128,80
12557.0333,-1.0667,20.48,0.0,21.125,0,32,800,128,80
12557.2333,-1.0667,20.485,0.0,21.12,0,24,864,136,80
12557.4333,-91.7333,20.48,0.0,21.12,0,0,768,128,80
12557.6333,-2.1333,20.48,0.0,21.14,2,0,816,128,80
12557.8333,-27.7333,20.48,0.0,21.12,0,16,768,128,80
12558.0333,0.0,20.48,0.0,21.12,0,0,870,128,80
12558.2333,0.0,20.485,0.0,21.16,0,16,0,128,80
12558.4333,0.0,20.48,0.0167,21.16,4,0,768,128,80
12558.6333,0.0,20.48,0.0,21.13,0,0,768,128,80
12558.8333,0.15,20.48,0.0,21.13,1,8,770,144,80
12559.0333,0.0,20.49,0.0,21.12,0,8,768,144,80
12559.2333,0.5333,20.48,0.0,21.12,0,0,768,144,80
12559.4333,0.5333,20.48,0.0,21.12,0,0,768,144,80
12559.6333,0.5333,20.48,0.0,21.12,0,0,832,144,80
12559.8333,0.0333,20.48,0.0,21.12,0,0,768,144,80
12560.0333,-1.0667,20.485,0.0,21.12,0,20,768,144,80
12560.2333,-2.1333,20.49,0.0,21.12,0,0,768,144,80
12560.4333,-1.0333,20.48,0.0,21.12,0,0,864,152,80
12560.6333,-1.0333,20.48,0.0,21.12,0,32,768,128,80
12560.8333,-1.0667,20.48,0.0,21.16,0,20,768,128,80
12561.0333,-1.0667,20.49,0.0,21.16,0,0,768,160,80
12561.2333,-1.0667,20.48,0.0,21.12,0,28,512,160,80
12561.4333,-1.5667,20.48,0.0167,21.28,0,16,512,160,80
12561.6333,-13.8667,20.48,0.0,21.16,0,32,520,0,80
12561.8333,-36.2667,20.48,0.0,21.12,8,0,562,0,80
12562.0333,-23.9667,20.485,0.0,21.12,5,0,512,0,80
12562.2333,-10.6667,20.48,0.0,21.28,0,0,256,0,80
12562.4333,1.6,20.48,0.0,21.16,0,0,256,0,80
12562.6333,11.7667,20.48,0.0167,21.28,0,16,256,0,80
12562.8333,0.0667,20.485,0.0,21.12,2,16,320,0,80
12563.0333,0.1333,20.48,0.0,21.16,2,0,264,0,80
12563.2333,0.0,20.48,0.0167,21.12,0,0,512,0,80
12563.4333,0.1333,20.48,0.0,21.12,0,4,256,0,80
12563.6333,0.5333,20.49,0.0,21.12,0,8,512,8,80
12563.8333,0.6,20.48,0.0,21.125,0,16,512,0,80
12564.0333,0.5333,20.48,0.0,21.12,0,0,352,0,80
12564.2333,0.6667,20.48,0.0,21.12,0,8,352,0,80
12564.4333,0.5333,20.56,0.0,21.18,8,16,352,0,80
12564.6333,-1.0333,20.48,0.0,21.125,0,0,516,0,80
12564.8333,-1.6,20.48,0.0,21.14,0,1,514,0,80
12565.0333,-0.5333,20.49,0.0,21.12,2,26,512,0,80
12565.2333,-1.0667,20.56,0.0,21.16,0,1,514,16,80
12565.4333,-1.0333,20.48,0.0,21.13,0,17,512,16,80
12565.6333,-0.5333,20.48,0.0,21.12,0,8,512,16,80
12565.8333,-1.0667,20.56,0.0,21.125,0,16,514,16,80
12566.0333,-1.0333,20.56,0.0,21.13,0,8,512,16,80
12566.2333,-1.6,20.48,0.0,21.12,0,8,512,16,80
12566.4333,-26.6333,20.48,0.0,21.12,0,8,512,16,80
12566.6333,-25.6,20.48,0.0,21.13,34,0,512,16,80
12566.8333,-17.0667,20.48,0.0,21.14,0,0,520,24,80
12567.0333,0.0,20.48,0.0,21.29,0,8,514,0,80
12567.2333,12.2833,20.48,0.0,21.125,0,0,512,0,80
12567.4333,0.0,20.48,0.0167,21.12,0,0,524,0,80
12567.6333,0.0333,20.48,0.0,21.12,0,0,512,0,80
12567.8333,0.0333,20.49,0.0,21.13,0,10,513,0,80
12568.0333,0.5333,20.48,0.0,21.125,0,1,514,0,80
12568.2333,0.0,20.48,0.0,21.12,0,0,544,0,80
12568.4333,0.0,20.48,0.0,21.12,0,8,544,0,80
12568.6333,0.0,20.48,0.0,21.12,0,8,512,0,80
12568.8333,0.0,20.56,0.0,21.13,0,0,512,0,80
12569.0333,0.6667,20.485,0.0,21.2,0,0,512,0,80
12569.2333,-1.7333,20.48,0.0167,21.12,0,10,520,0,80
12569.4333,-0.9333,20.56,0.0167,21.16,0,12,512,0,80
12569.6333,-1.0667,20.48,0.0,21.13,0,0,544,0,80
12569.8333,-0.5333,20.48,0.0,21.28,0,0,544,0,80
12570.0333,-1.0333,20.48,0.0,21.12,0,0,512,8,80
12570.2333,-0.5333,20.48,0.0167,21.17,0,0,512,0,80
12570.4333,-1.0667,20.48,0.0,21.18,0,0,512,0,80
12570.6333,-0.5333,20.48,0.0,21.12,1,8,544,0,80
12570.8333,-1.0667,20.49,0.0,21.16,0,0,512,0,80
12571.0333,-1.0667,20.48,0.0,21.2,0,0,514,0,80
12571.2333,-1.6,20.48,0.0,21.12,0,4,512,0,80
12571.4333,-3.1667,20.48,0.0,21.16,1,16,560,0,80
12571.6333,-10.1,20.48,0.0,21.12,0,24,512,16,80
12571.8333,-36.2667,20.485,0.0,21.12,0,0,512,16,80
12572.0333,-17.6,20.48,0.0,21.16,1,8,512,16,80
12572.2333,1.6,20.485,0.0,21.125,0,0,512,16,80
12572.4333,0.0,20.48,0.0,21.12,0,0,548,16,80
12572.6333,0.0,20.48,0.0167,21.29,0,0,608,16,80
12572.8333,0.5667,20.48,0.0167,21.16,0,0,512,16,80
12573.0333,0.6,20.49,0.0,21.2,0,0,512,16,80
12573.2333,0.0,20.48,0.0,21.2,0,0,513,24,80
12573.4333,0.5333,20.5,0.0,21.12,0,4,520,0,80
12573.6333,1.1,20.48,0.0,21.12,32,8,544,0,80
12573.8333,0.5333,20.5,0.0,21.12,0,0,520,32,80
12574.0333,0.5333,20.52,0.0,21.16,0,0,512,32,80
12574.2333,-1.6,20.5,0.0,21.12,0,0,512,32,80
12574.4333,-0.5167,20.48,0.0,21.13,0,0,516,64,80
12574.6333,-9.4667,20.48,0.0,21.12,0,8,512,64,80
12574.8333,-12.8,20.48,0.0,21.12,0,0,544,0,80
12575.0333,-27.2,20.485,0.0,21.16,0,8,512,0,80
12575.2333,-25.3667,20.48,0.0,21.2,1,0,520,0,80
12575.4333,-13.3333,20.48,0.0167,21.2,0,0,512,0,80
12575.6333,-7.4667,20.48,0.0,21.28,0,0,512,0,80
12575.8333,-4.8,20.48,0.0,21.2,0,0,512,0,80
12576.0333,0.0,20.48,0.0,21.12,0,16,512,0,80
12576.2333,8.5333,20.48,0.0,21.165,0,0,512,0,80
12576.4333,12.2667,20.48,0.0,21.12,3,0,512,8,80
12576.6333,13.3333,20.49,0.0,21.12,0,8,553,0,80
12576.8333,14.9333,20.48,0.0,21.12,2,13,544,0,80
12577.0333,16.0,20.48,0.0,21.2,0,0,518,0,80
12577.2333,6.9667,20.48,0.0,21.12,0,0,544,0,80
12577.4333,0.1333,20.5,0.0,21.16,0,0,546,0,80
12577.6333,0.6667,20.48,0.0,21.2,0,0,544,0,80
12577.8333,0.0,20.48,0.0,21.16,0,16,544,0,80
12578.0333,0.0,20.48,0.0,21.12,0,0,516,16,80
12578.2333,0.0,20.48,0.0,21.12,5,0,545,16,80
12578.4333,0.0,20.48,0.0,21.19,0,17,512,16,80
12578.6333,0.0,20.49,0.0,21.16,0,8,512,16,80
12578.8333,0.5333,20.48,0.0,21.16,0,0,513,16,80
12579.0333,-6.8,20.56,0.0,21.16,0,0,512,16,80
12579.2333,-3.7333,20.48,0.0,21.12,1,8,512,16,80
12579.4333,-2.6333,20.48,0.0,21.16,0,16,544,16,80
12579.6333,2.1333,20.48,0.0,21.12,1,32,512,24,80
12579.8333,6.9333,20.56,0.0,21.12,0,20,512,0,80
12580.0333,9.0667,20.49,0.0,21.2,0,4,512,0,80
12580.2333,8.0333,20.48,0.0,21.2,0,16,512,0,80
12580.4333,4.8,20.48,0.0,21.12,0,16,512,0,80
12580.6333,0.5667,20.48,0.0,21.16,0,16,513,0,80
12580.8333,-0.5,20.48,0.0,21.14,4,33,512,0,80
12581.0333,-0.5,20.56,0.0,21.19,0,20,545,0,80
12581.2333,-0.5333,20.56,0.0,21.12,0,16,548,0,80
12581.4333,-0.5,20.48,0.0,21.12,0,16,512,0,80
12581.6333,-0.5333,20.48,0.0,21.24,8,0,512,0,80
12581.8333,-0.5333,20.56,0.0,21.2,4,0,544,0,80
12582.0333,-0.5333,20.48,0.0,21.12,0,4,512,0,80
12582.2333,0.5333,20.49,0.0,21.16,0,16,512,0,80
12582.4333,0.0,20.56,0.0,21.12,0,1,512,0,80
12582.6333,0.0667,20.48,0.0,21.12,0,0,512,0,80
12582.8333,0.0,20.5,0.0,21.2,0,0,512,8,80
12583.0333,0.0,20.48,0.0,21.29,0,16,512,0,80
12583.2333,0.5333,20.48,0.0,21.2,8,0,514,0,80
12583.4333,0.6,20.48,0.0,21.22,0,0,352,0,80
12583.6333,0.5333,20.49,0.0,21.12,0,0,512,0,80
12583.8333,-0.5,20.48,0.0,21.2,0,16,256,0,80
12584.0333,-1.0667,20.48,0.0,21.16,0,0,256,0,80
12584.2333,-0.5333,20.49,0.0,21.2,0,0,512,0,80
12584.4333,-0.5333,20.48,0.0,21.22,0,16,512,16,80
12584.6333,-0.5333,20.49,0.0,21.16,0,32,512,16,80
12584.8333,-0.5333,20.56,0.0,21.12,2,8,512,16,80
12585.0333,-0.5333,20.52,0.0,21.125,0,0,512,16,80
12585.2333,-0.5,20.48,0.0,21.12,0,17,512,16,80
12585.4333,-0.5333,20.48,0.0167,21.12,0,16,512,16,80
12585.6333,-0.5333,20.56,0.0,21.125,5,0,512,16,80
12585.8333,-0.5333,20.48,0.0,21.29,0,16,546,16,80
12586.0333,-0.5,20.48,0.0,21.2,0,16,512,24,80
12586.2333,-1.0667,20.48,0.0,21.12,0,20,512,0,80
12586.4333,3.7333,20.48,0.0167,21.12,0,0,512,0,80
12586.6333,14.9333,20.48,0.0,21.14,0,0,512,32,80
12586.8333,0.0,20.48,0.0,21.12,0,0,512,32,80
12587.0333,0.2667,20.48,0.0,21.2,0,0,512,32,80
12587.2333,0.7,20.48,0.0,21.18,0,0,512,0,80
12587.4333,0.0,20.48,0.0,21.16,0,0,514,0,80
12587.6333,0.6667,20.49,0.0,21.12,0,0,512,0,80
12587.8333,1.2,20.48,0.0,21.165,0,2,512,0,80
12588.0333,1.0667,20.5,0.0,21.12,0,0,260,0,80
12588.2333,0.0,20.48,0.0167,21.125,0,0,320,0,80
12588.4333,0.6667,20.48,0.0,21.14,0,0,352,0,80
12588.6333,-9.6,21.12,0.0,21.2,1,8,512,0,80
12588.8333,-9.6,20.48,0.0,21.16,0,20,320,0,80
12589.0333,-8.5333,20.48,0.0,21.16,1,24,320,0,80
12589.2333,-7.4667,20.5,0.0,21.2,0,0,360,8,80
12589.4333,-0.5,20.56,0.0,21.18,0,0,256,0,80
12589.6333,-0.5333,20.48,0.0,21.18,0,0,264,0,80
12589.8333,-0.5333,20.48,0.0,21.2,0,8,264,0,80
12590.0333,-0.5333,20.48,0.0,21.2,0,16,264,0,80
12590.2333,-0.5333,20.48,0.0,21.22,0,0,256,0,80
12590.4333,-0.5,20.48,0.0,21.12,2,32,512,0,80
12590.6333,-0.5,20.48,0.0,21.16,2,0,513,0,80
12590.8333,-0.5333,20.49,0.0,21.2,0,0,288,16,80
12591.0333,-0.5333,20.5,0.0,21.12,0,1,112,16,80
12591.2333,-0.5,20.48,0.0,21.24,0,0,256,16,80
12591.4333,-0.5333,20.48,0.0,21.24,0,16,262,16,80
12591.6333,-5.8667,20.48,0.0,21.2,0,16,288,16,80
12591.8333,-9.5667,20.48,0.0,21.12,0,17,320,16,80
12592.0333,0.0333,20.485,0.0,21.16,0,2,320,16,80
12592.2333,0.5333,20.485,0.0,21.12,0,0,324,16,80
12592.4333,0.0,20.5,0.0,21.12,2,0,320,24,80
12592.6333,0.0,20.48,0.0,21.12,0,0,288,0,80
12592.8333,0.1333,20.5,0.0,21.18,4,0,320,0,80
12593.0333,0.0,20.48,0.0,21.12,8,0,320,0,80
12593.2333,0.0,20.52,0.0,21.12,0,9,512,0,80
12593.4333,0.0,20.48,0.0,21.2,0,4,320,0,80
12593.6333,20.3333,20.56,0.0,21.12,0,0,320,0,80
12593.8333,12.8,20.48,0.0,21.16,2,0,512,0,80
12594.0333,-1.0667,20.48,0.0,21.12,4,8,320,0,80
12594.2333,-2.6333,20.48,0.0,21.16,0,32,512,0,80
12594.4333,-4.7667,20.48,0.0,21.12,0,32,512,0,80
12594.6333,-8.5,20.48,0.0,21.205,0,33,512,0,80
12594.8333,-12.2667,20.48,0.0,21.14,0,16,512,0,80
12595.0333,-12.2667,20.48,0.0,21.2,0,16,513,0,80
12595.2333,-10.1333,20.48,0.0,21.12,0,4,512,0,80
12595.4333,-8.0,20.48,0.0,21.12,2,0,512,0,80
12595.6333,-8.0,20.52,0.0,21.22,0,0,514,8,80
12595.8333,-6.9,20.49,0.0,21.22,0,8,513,0,80
12596.0333,-2.6667,20.48,0.0,21.22,8,0,512,0,80
12596.2333,3.2,20.48,0.0,21.16,0,0,576,0,80
12596.4333,5.9,20.48,0.0,21.2,5,0,576,0,80
12596.6333,0.5333,20.48,0.0,21.12,0,0,544,0,80
12596.8333,0.5333,20.48,0.0,21.2,0,0,576,0,80
12597.0333,0.0,20.48,0.0,21.12,0,0,544,0,80
12597.2333,0.0,20.48,0.0,21.2,0,0,544,16,80
12597.4333,0.5333,21.12,0.0,21.12,4,8,512,16,80
12597.6333,0.1333,20.51,0.0,21.12,0,0,546,16,80
12597.8333,0.1333,20.48,0.0,21.205,0,0,548,16,80
12598.0333,1.0667,20.5,0.0,21.2,0,16,528,16,80
12598.2333,0.5333,20.48,0.0,21.2,0,0,512,16,80
12598.4333,-0.5333,21.12,0.0,21.12,0,8,512,16,80
12598.6333,-1.6,20.48,0.0,21.14,1,16,256,16,80
12598.8333,-0.5333,20.52,0.0,21.16,0,0,512,24,80
12599.0333,-0.5333,20.56,0.0167,21.12,0,0,256,0,80
12599.2333,-0.5333,20.525,0.0,21.2,0,1,512,0,80
12599.4333,-1.0667,20.56,0.0,21.18,0,8,512,32,80
12599.6333,-1.0667,20.48,0.0,21.16,0,16,512,32,80
12599.8333,-2.0,20.56,0.0167,21.16,0,16,512,32,80
12600.0333,-5.3333,20.48,0.0,21.12,1,0,512,64,80
12600.2333,-19.2,20.52,0.0167,21.2,0,8,512,64,80
12600.4333,-15.4667,20.48,0.0,21.2,0,0,512,0,80
12600.6333,-10.6333,20.5,0.0,21.2,0,11,514,0,80
12600.8333,-6.4,20.485,0.0,21.205,0,16,768,0,80
12601.0333,0.0,20.5,0.0,21.2,0,0,800,0,80
12601.2333,6.4,20.48,0.0,21.2,0,0,768,0,80
12601.4333,10.7,20.48,0.0,21.13,0,20,800,0,80
12601.6333,0.5667,20.48,0.0,21.2,8,0,768,0,80
12601.8333,0.6667,20.525,0.0,21.12,0,0,808,0,80
12602.0333,1.0667,20.48,0.0,21.16,0,8,768,8,80
12602.2333,0.0,20.56,0.0,21.16,0,0,544,0,80
12602.4333,0.0333,20.52,0.0,21.2,0,0,772,0,80
12602.6333,0.5333,20.48,0.0,21.12,0,0,512,0,80
12602.8333,1.0667,20.48,0.0,21.2,0,0,512,0,80
12603.0333,0.0,20.48,0.0,21.16,0,0,512,0,80
12603.2333,13.8667,20.57,0.0167,21.165,0,0,512,0,80
12603.4333,9.6,20.48,0.0,21.12,0,0,512,0,80
12603.6333,-2.6667,20.48,0.0,21.12,0,0,512,16,80
12603.8333,-7.4667,20.52,0.0,21.24,0,0,512,16,80
12604.0333,-6.4,20.56,0.0,21.125,0,0,544,16,80
12604.2333,-15.8667,20.48,0.0,21.2,0,0,512,16,80
12604.4333,-15.8,20.48,0.0,21.12,0,32,256,16,80
12604.6333,-19.7333,20.48,0.0,21.22,0,0,256,16,80
12604.8333,-20.8,20.48,0.0,21.12,0,0,288,16,80
12605.0333,-16.5333,21.12,0.0,21.13,1,4,256,16,80
12605.2333,-14.4,20.48,0.0167,21.2,0,0,256,24,80
12605.4333,-12.2333,20.48,0.0,21.16,0,0,256,0,80
12605.6333,-10.1333,20.52,0.0,21.2,0,0,256,0,80
12605.8333,-6.4,20.5,0.0,21.2,0,12,257,128,80
12606.0333,-5.3333,20.48,0.0,21.12,0,0,256,128,80
12606.2333,-3.7333,20.48,0.0,21.2,4,4,264,128,80
12606.4333,0.5333,20.48,0.0,21.16,0,2,264,128,80
12606.6333,0.0,20.48,0.0,21.12,0,0,256,128,80
12606.8333,0.0,20.48,0.0,21.2,0,0,256,128,80
12607.0333,0.5333,21.13,0.0,21.16,0,0,512,128,80
12607.2333,0.1333,21.13,0.0,21.12,0,0,288,128,80
12607.4333,0.0,20.56,0.0167,21.12,0,0,512,128,80
12607.6333,0.0333,20.48,0.0,21.2,0,0,512,128,80
12607.8333,0.0,20.48,0.0,21.12,0,0,512,128,80
12608.0333,0.0,20.48,0.0,21.12,0,0,512,128,80
12608.2333,-4.2667,20.48,0.0167,21.2,0,0,288,128,80
12608.4333,-6.4,20.5,0.0,21.12,0,8,288,136,80
12608.6333,-6.9333,21.13,0.0,21.125,1,4,256,128,80
12608.8333,-7.3333,21.13,0.0,21.2,0,0,290,128,80
12609.0333,-7.2667,20.48,0.0,21.12,0,0,288,128,80
12609.2333,-6.4,21.13,0.0,21.2,0,0,512,128,80
12609.4333,-4.1333,21.12,0.0,21.12,0,0,256,128,80
12609.6333,-1.6,20.48,0.0,21.125,0,8,520,128,80
12609.8333,-0.5333,20.48,0.0,21.12,3,0,288,128,80
12610.0333,-0.5,20.48,0.0,21.12,0,0,512,144,80
12610.2333,-0.5,20.48,0.0167,21.2,4,16,514,144,80
12610.4333,-0.5,20.52,0.0,21.14,0,0,544,144,80
12610.6333,-0.5333,20.48,0.0,21.12,0,0,544,144,80
12610.8333,-0.5333,20.48,0.0167,21.2,0,2,512,144,80
12611.0333,-0.5333,20.48,0.0,21.16,1,0,512,144,80
12611.2333,0.5333,20.48,0.0,21.12,0,0,544,144,80
12611.4333,0.6,20.48,0.0,21.17,0,16,512,144,80
12611.6333,0.5333,20.48,0.0,21.12,0,0,512,152,80
12611.8333,0.5333,20.49,0.0167,21.12,0,0,512,128,80
12612.0333,1.0833,20.48,0.0,21.12,0,0,516,128,80
12612.2333,0.0333,20.48,0.0,21.12,0,0,288,160,80
12612.4333,0.0667,20.48,0.0,21.16,0,4,288,160,80
12612.6333,-1.4667,21.13,0.0,21.12,0,8,288,160,80
12612.8333,0.0,20.485,0.0,21.16,0,17,256,0,80
12613.0333,0.0333,20.48,0.0,21.2,0,16,288,0,80
12613.2333,-4.1333,20.5,0.0,21.2,0,0,256,0,80
12613.4333,-3.2,20.48,0.0,21.2,8,16,256,0,80
12613.6333,-4.2333,21.12,0.0,21.16,0,0,289,0,80
12613.8333,-3.7333,20.49,0.0,21.12,0,16,288,0,80
12614.0333,-4.8,21.12,0.0,21.12,0,16,288,0,80
12614.2333,-7.4667,20.48,0.0,21.2,0,8,290,0,80
12614.4333,-4.2333,21.12,0.0,21.12,0,4,288,0,80
12614.6333,10.1333,21.12,0.0,21.16,0,0,288,0,80
12614.8333,17.0667,20.56,0.0,21.12,0,16,512,8,80
12615.0333,17.0667,20.48,0.0,21.12,0,0,288,0,80
12615.2333,0.5333,21.12,0.0,21.16,0,16,296,0,80
12615.4333,0.6667,20.48,0.0,21.14,0,17,512,0,80
12615.6333,0.5333,20.48,0.0,21.12,0,16,516,0,80
12615.8333,0.5333,21.12,0.0,21.125,0,0,512,0,80
12616.0333,0.6667,20.56,0.0167,21.12,0,16,512,0,80
12616.2333,0.5333,20.48,0.0,21.12,0,0,512,0,80
12616.4333,0.1333,20.52,0.0167,21.12,0,2,512,16,80
12616.6333,0.0,21.12,0.0,21.12,0,0,512,16,80
12616.8333,0.0,20.48,0.0,21.12,0,16,512,16,80
12617.0333,-4.2667,20.52,0.0,21.12,0,8,512,16,80
12617.2333,-3.7333,21.12,0.0,21.19,0,16,512,16,80
12617.4333,-0.9,20.495,0.0,21.16,0,8,512,16,80
12617.6333,5.3333,20.48,0.0,21.16,8,16,514,16,80
12617.8333,9.6667,20.49,0.0,21.18,0,0,524,16,80
12618.0333,11.8667,20.48,0.0167,21.12,0,16,512,24,80
12618.2333,18.3333,20.5,0.0,21.12,8,17,512,0,80
12618.4333,20.8,20.48,0.0,21.12,0,16,544,0,80
12618.6333,10.6667,21.13,0.0167,21.12,0,16,512,0,80
12618.8333,11.7333,20.485,0.0,21.16,0,0,544,0,80
12619.0333,16.0,20.48,0.0,21.12,0,16,548,0,80
12619.2333,16.5333,21.12,0.0,21.16,0,0,544,0,80
12619.4333,16.0,21.13,0.0,21.2,0,0,544,0,80
12619.6333,0.1333,20.48,0.0,21.12,0,0,544,0,80
12619.8333,0.0,21.12,0.0,21.2,0,8,544,0,80
12620.0333,0.0,20.485,0.0,21.125,0,0,288,0,80
12620.2333,0.1333,20.52,0.0,21.2,8,4,256,0,80
12620.4333,0.5333,21.12,0.0,21.12,0,16,256,0,80
12620.6333,1.0667,21.12,0.0,21.12,0,0,256,0,80
12620.8333,1.2333,20.48,0.0,21.16,0,0,256,0,80
12621.0333,0.0,20.525,0.0,21.125,0,0,256,0,80
12621.2333,1.2,20.48,0.0,21.12,0,0,256,8,80
12621.4333,1.2,21.12,0.0,21.16,0,2,288,0,80
12621.6333,0.1667,20.56,0.0,21.12,0,0,256,0,80
12621.8333,-16.3333,21.12,0.0167,21.12,0,0,257,0,80
12622.0333,-12.8,20.48,0.0,21.16,0,0,256,0,80
12622.2333,-12.2667,20.48,0.0,21.12,0,0,288,0,80
12622.4333,-9.4667,20.48,0.0,21.12,4,8,289,0,80
12622.6333,-9.5667,20.5,0.0,21.12,1,0,288,0,80
12622.8333,-8.5333,20.48,0.0,21.12,1,1,288,16,80
12623.0333,-7.3333,20.49,0.0,21.165,0,16,256,16,80
12623.2333,-7.3,20.54,0.0,21.2,0,0,512,16,80
12623.4333,-6.9333,21.13,0.0,21.16,0,16,288,16,80
12623.6333,-6.9333,21.12,0.0,21.12,0,0,512,16,80
12623.8333,-5.3333,21.12,0.0,21.12,0,0,512,16,80
12624.0333,-2.6667,20.49,0.0,21.18,0,24,288,16,80
12624.2333,0.0,21.12,0.0,21.165,0,0,288,16,80
12624.4333,3.2,20.48,0.0,21.12,0,0,288,24,80
12624.6333,5.8667,20.48,0.0,21.16,0,24,512,0,80
12624.8333,0.1333,20.48,0.0,21.18,0,17,512,0,80
12625.0333,0.5667,21.12,0.0,21.12,0,0,512,32,80
12625.2333,0.0,20.48,0.0,21.125,1,8,512,32,80
12625.4333,0.5333,21.12,0.0,21.12,0,0,512,32,80
12625.6333,0.5333,21.12,0.0,21.12,0,0,288,64,80
12625.8333,0.5333,20.49,0.0,21.12,0,4,512,64,80
12626.0333,0.6667,21.12,0.0167,21.12,0,0,288,0,80
12626.2333,0.6,20.5,0.0,21.125,0,0,512,0,80
12626.4333,0.0167,21.12,0.0,21.16,0,1,544,0,80
12626.6333,-5.8,20.52,0.0,21.12,0,4,512,0,80
12626.8333,-2.1333,20.48,0.0,21.12,0,0,512,0,80
12627.0333,1.2,21.12,0.0,21.12,0,0,512,0,80
12627.2333,3.4,21.12,0.0167,21.125,2,0,544,0,80
12627.4333,5.5,21.12,0.0,21.17,0,8,544,0,80
12627.6333,7.4667,21.12,0.0167,21.12,0,0,512,8,80
12627.8333,9.0667,21.12,0.0,21.16,0,0,512,0,80
12628.0333,11.2,20.48,0.0167,21.16,0,0,512,0,80
12628.2333,6.9333,20.5,0.0,21.12,0,24,548,0,80
12628.4333,-0.5333,20.485,0.0,21.12,0,16,512,0,80
12628.6333,-4.2667,21.12,0.0167,21.16,0,0,512,0,80
12628.8333,-5.8667,20.48,0.0,21.12,0,0,512,0,80
12629.0333,0.0,20.48,0.0,21.16,0,4,544,0,80
12629.2333,1.1333,21.12,0.0,21.12,0,8,800,16,80
12629.4333,0.2,20.48,0.0,21.175,0,0,32,16,80
12629.6333,0.0,20.48,0.0,21.16,0,8,768,16,80
12629.8333,1.2333,21.12,0.0,21.13,0,16,768,16,80
12630.0333,0.0333,21.12,0.0,21.12,2,0,768,16,80
12630.2333,1.6,20.48,0.0,21.16,0,0,800,16,80
12630.4333,1.2333,21.13,0.0,21.12,0,0,768,16,80
12630.6333,0.0,21.12,0.0,21.16,0,0,800,16,80
12630.8333,1.2,21.12,0.0,21.14,0,1,800,24,80
12631.0333,0.0,21.12,0.0,21.12,0,0,768,0,80
12631.2333,6.4,21.12,0.0,21.12,2,0,544,0,80
12631.4333,6.6,21.12,0.0,21.16,0,8,544,0,80
12631.6333,0.5333,21.12,0.0,21.12,0,0,512,0,80
12631.8333,-4.1333,21.12,0.0,21.14,0,0,546,0,80
12632.0333,-5.2,21.12,0.0,21.12,2,2,544,0,80
12632.2333,-5.3333,20.48,0.0,21.12,0,8,512,0,80
12632.4333,-5.1333,21.12,0.0,21.12,0,18,512,0,80
12632.6333,-5.1333,21.12,0.0,21.12,1,0,513,0,80
12632.8333,-5.3333,20.48,0.0,21.12,0,16,512,0,80
12633.0333,-3.7333,21.12,0.0,21.12,0,4,512,0,80
12633.2333,-0.5333,21.12,0.0,21.12,0,1,512,0,80
12633.4333,2.6667,20.52,0.0,21.125,0,20,516,0,80
12633.6333,5.3333,21.12,0.0,21.12,0,1,520,0,80
12633.8333,6.9333,21.12,0.0,21.16,0,0,512,0,80
12634.0333,0.6667,21.12,0.0,21.12,0,16,514,8,80
12634.2333,1.2,21.12,0.0,21.12,0,0,512,0,80
12634.4333,1.0667,21.12,0.0,21.12,0,0,288,0,80
12634.6333,0.0,21.13,0.0,21.14,0,9,288,0,80
12634.8333,0.0,21.12,0.0,21.13,4,0,290,0,80
12635.0333,0.5333,21.12,0.0,21.12,0,0,256,0,80
12635.2333,1.1,21.12,0.0167,21.125,6,0,256,0,80
12635.4333,0.0,21.12,0.0167,21.12,8,0,256,0,80
12635.6333,-4.2667,21.12,0.0,21.12,0,16,256,16,80
12635.8333,-4.1333,21.12,0.0,21.16,0,0,257,16,80
12636.0333,-1.0667,21.12,0.0,21.12,1,24,256,16,80
12636.2333,3.2,21.12,0.0,21.12,0,32,256,16,80
12636.4333,4.3,21.12,0.0,21.12,0,0,256,16,80
12636.6333,5.5333,21.12,0.0,21.12,0,0,256,16,80
12636.8333,6.4,21.12,0.0,21.16,0,0,256,16,80
12637.0333,8.0,21.12,0.0,21.12,0,16,260,16,80
12637.2333,9.0667,21.12,0.0,21.12,0,24,260,24,80
12637.4333,2.6667,21.12,0.0,20.48,0,0,256,0,80
12637.6333,-4.2333,21.14,0.0,21.16,0,0,256,0,80
12637.8333,-5.3333,20.48,0.0,21.12,0,0,256,32,80
12638.0333,-6.3667,21.12,0.0,21.17,0,0,257,32,80
12638.2333,-5.3333,21.12,0.0,21.16,2,0,256,32,80
12638.4333,-4.8,21.165,0.0,21.12,0,0,258,0,80
12638.6333,-3.7333,21.12,0.0,21.12,0,16,256,0,80
12638.8333,0.0,21.12,0.0,21.12,1,0,256,0,80
12639.0333,0.5333,21.12,0.0,21.12,0,16,288,0,80
12639.2333,0.1333,20.48,0.0167,21.16,0,8,288,0,80
12639.4333,0.0,21.12,0.0,21.13,0,4,256,0,80
12639.6333,1.0667,21.14,0.0,21.12,4,0,296,0,80
12639.8333,1.1,21.12,0.0,21.12,0,8,257,0,80
12640.0333,1.2,21.12,0.0,21.16,0,20,288,0,80
12640.2333,1.2,21.12,0.0,21.12,0,0,288,0,80
12640.4333,0.5333,21.16,0.0,21.12,0,0,288,8,80
12640.6333,-6.3833,21.165,0.0167,21.16,0,16,288,0,80
12640.8333,-5.3333,21.12,0.0,21.16,0,0,288,0,80
12641.0333,-5.3333,20.48,0.0,21.12,0,0,288,0,80
12641.2333,-5.2,20.49,0.0,21.16,0,0,288,0,80
12641.4333,-5.3333,21.12,0.0167,21.165,0,8,256,0,80
12641.6333,-4.1333,21.12,0.0,21.12,0,0,288,0,80
12641.8333,-2.1333,21.12,0.0,21.12,0,0,256,0,80
12642.0333,2.1333,21.12,0.0,21.12,0,16,288,16,80
12642.2333,4.2667,20.48,0.0,21.12,0,16,288,16,80
12642.4333,5.4667,21.12,0.0,21.16,0,0,288,16,80
12642.6333,6.9333,21.12,0.0,21.16,0,16,288,16,80
12642.8333,7.4667,21.12,0.0,21.16,0,0,256,16,80
12643.0333,7.4667,21.12,0.0,21.12,0,8,256,16,80
12643.2333,2.7,21.12,0.0,20.56,0,16,256,16,80
12643.4333,-3.7,21.12,0.0,21.12,5,3,288,16,80
12643.6333,-5.3333,21.12,0.0,21.14,0,8,288,24,80
12643.8333,1.2,21.12,0.0,21.12,0,5,288,0,80
12644.0333,0.6667,21.13,0.0,21.165,0,0,256,0,80
12644.2333,0.1333,21.12,0.0,21.12,0,0,296,0,80
12644.4333,0.0,21.12,0.0,21.12,0,16,292,0,80
12644.6333,0.7,20.48,0.0,21.12,1,0,288,0,80
12644.8333,0.0,21.12,0.0,21.13,0,0,256,0,80
12645.0333,1.0667,21.12,0.0,21.12,1,0,260,0,80
12645.2333,1.0667,21.12,0.0,21.12,0,0,289,0,80
12645.4333,0.0,21.12,0.0167,21.13,0,0,290,0,80
12645.6333,6.4,21.12,0.0,21.12,0,24,288,0,80
12645.8333,9.6333,21.12,0.0,21.12,4,8,292,0,80
12646.0333,8.6667,21.12,0.0,21.12,0,16,288,0,80
12646.2333,2.1333,21.12,0.0,21.12,0,16,288,0,80
12646.4333,-4.1,21.12,0.0,20.6,1,0,292,0,80
12646.6333,-6.2667,21.12,0.0,21.14,0,0,261,0,80
12646.8333,-6.2667,20.5,0.0,21.12,0,0,288,8,80
12647.0333,-5.3333,21.12,0.0,20.52,2,0,288,0,80
12647.2333,-6.4,21.12,0.0167,20.52,1,0,289,0,80
12647.4333,-5.8667,21.12,0.0,20.64,0,1,257,0,80
12647.6333,-4.7667,21.12,0.0,21.13,0,0,288,0,80
12647.8333,-2.1,21.12,0.0,20.56,0,0,256,0,80
12648.0333,1.6,21.125,0.0,20.48,0,0,256,0,80
12648.2333,4.2667,20.49,0.0,21.12,0,0,256,0,80
12648.4333,0.5333,21.12,0.0,21.12,0,4,256,16,80
12648.6333,0.5333,21.12,0.0,20.52,0,0,288,16,80
12648.8333,0.0,20.48,0.0,21.13,0,0,256,16,80
12649.0333,0.5667,21.13,0.0,20.485,0,8,288,16,80
12649.2333,0.0,21.13,0.0,20.48,0,2,288,16,80
12649.4333,0.0,21.13,0.0,20.56,0,4,288,16,80
12649.6333,0.5333,21.15,0.0,21.12,0,0,256,16,80
12649.8333,0.5333,21.12,0.0,20.565,1,0,288,16,80
12650.0333,-7.4667,20.48,0.0167,20.48,0,0,288,24,80
12650.2333,-6.4,21.12,0.0,21.13,0,0,290,0,80
12650.4333,-5.8667,21.12,0.0,21.12,1,0,288,0,80
12650.6333,-5.3333,21.13,0.0167,20.52,8,4,288,32,80
12650.8333,-4.2667,21.12,0.0167,21.12,0,0,288,32,80
12651.0333,-4.2667,20.5,0.0,20.56,0,0,288,32,80
12651.2333,0.0,21.13,0.0,20.565,0,8,288,64,80
12651.4333,3.2,21.12,0.0,20.56,0,0,256,64,80
12651.6333,4.8,21.12,0.0,21.12,0,8,256,0,80
12651.8333,5.8667,21.12,0.0,21.12,0,0,288,0,80
12652.0333,7.4667,21.125,0.0,20.48,0,0,288,0,80
12652.2333,8.5333,21.12,0.0167,20.52,0,0,258,0,80
12652.4333,8.0333,21.13,0.0,20.56,0,0,288,0,80
12652.6333,3.2,21.12,0.0,21.12,0,0,258,0,80
12652.8333,0.0,21.12,0.0,20.48,0,0,288,0,80
12653.0333,0.1333,21.13,0.0167,20.48,0,4,256,0,80
12653.2333,0.0333,21.12,0.0,20.56,2,8,258,8,80
12653.4333,0.5667,21.12,0.0,21.12,0,4,256,0,80
12653.6333,0.6667,21.12,0.0,20.52,0,0,288,0,80
12653.8333,0.0,21.12,0.0,20.535,0,8,256,0,80
12654.0333,0.0,21.12,0.0,20.48,0,8,256,0,80
12654.2333,0.5333,21.12,0.0,20.48,0,0,288,0,80
12654.4333,0.0,21.13,0.0,20.58,0,0,288,0,80
12654.6333,2.6667,21.15,0.0,20.56,0,4,288,0,80
12654.8333,4.2667,21.12,0.0,20.48,0,0,256,16,80
12655.0333,5.3333,21.12,0.0,20.52,2,0,288,16,80
12655.2333,7.6333,21.14,0.0,20.48,0,0,288,16,80
12655.4333,8.6667,21.12,0.0,20.52,0,0,288,16,80
12655.6333,6.9333,21.13,0.0,20.52,1,8,290,16,80
12655.8333,0.5333,21.13,0.0167,20.565,2,0,288,16,80
12656.0333,-4.8,21.12,0.0,20.52,0,0,292,16,80
12656.2333,-5.3,21.13,0.0,20.64,0,8,256,16,80
12656.4333,-5.8667,21.16,0.0,20.55,0,0,256,24,80
12656.6333,-6.4,21.13,0.0,20.56,0,2,260,0,80
12656.8333,-6.3667,21.12,0.0,21.12,0,0,288,0,80
12657.0333,-5.1667,21.12,0.0,20.64,0,0,256,128,80
12657.2333,0.0,21.15,0.0,20.52,0,0,256,128,80
12657.4333,0.0,21.12,0.0,20.48,0,0,256,128,80
12657.6333,0.0,21.12,0.0,20.56,0,0,292,128,80
12657.8333,0.0,21.14,0.0,20.56,0,0,256,128,80
12658.0333,0.0,21.14,0.0,20.64,0,8,256,128,80
12658.2333,0.1333,21.12,0.0167,20.52,4,0,256,128,80
12658.4333,0.0,21.12,0.0,20.48,3,2,320,128,80
12658.6333,0.5667,21.12,0.0167,20.52,4,0,288,128,80
12658.8333,10.7333,21.12,0.0,20.48,0,0,512,128,80
12659.0333,2.1333,21.12,0.0,20.48,0,16,288,128,80
12659.2333,-2.0667,21.12,0.0,20.56,4,0,288,128,80
12659.4333,-1.0333,21.12,0.0167,20.48,0,1,288,128,80
12659.6333,-1.0667,21.12,0.0,20.56,0,0,288,136,80
12659.8333,-0.5333,21.12,0.0,20.48,0,8,292,128,80
12660.0333,-1.0333,21.12,0.0,20.48,0,0,320,128,80
12660.2333,-0.5333,21.13,0.0,20.56,0,1,288,128,80
12660.4333,-1.0333,21.12,0.0,20.48,2,8,288,128,80
12660.6333,-0.5333,21.14,0.0,20.52,0,0,512,128,80
12660.8333,-0.5333,21.12,0.0,20.48,2,8,512,128,80
12661.0333,-0.5333,21.12,0.0,20.64,0,0,520,128,80
12661.2333,-10.1,21.12,0.0,20.48,8,8,512,144,80
12661.4333,-4.2667,21.12,0.0,20.49,0,0,512,144,80
12661.6333,0.0,21.12,0.0,20.48,2,0,512,144,80
12661.8333,0.0,21.16,0.0,20.48,0,0,512,144,80
12662.0333,0.0,21.12,0.0167,20.48,0,16,512,144,80
12662.2333,0.1,21.12,0.0,20.56,0,2,512,144,80
12662.4333,0.5667,21.12,0.0167,20.56,2,0,514,144,80
12662.6333,0.0,21.12,0.0,20.52,0,0,288,144,80
12662.8333,0.0,21.12,0.0,20.49,1,8,512,152,80
12663.0333,0.0,21.125,0.0,20.48,0,8,516,128,80
12663.2333,0.0,21.12,0.0167,20.52,0,0,512,128,80
12663.4333,0.0333,21.125,0.0,20.48,0,0,512,160,80
12663.6333,0.0,21.12,0.0,20.48,0,0,544,160,80
12663.8333,-1.0667,21.12,0.0167,20.48,1,0,512,160,80
12664.0333,-1.6,21.12,0.0,20.52,0,18,512,0,80
12664.2333,-1.0667,21.14,0.0,20.52,0,0,512,0,80
12664.4333,-0.5333,21.12,0.0,20.64,0,16,512,0,80
12664.6333,-1.0333,21.12,0.0,20.64,0,0,513,0,80
12664.8333,-1.0333,21.12,0.0,20.48,0,1,512,0,80
12665.0333,-0.5333,21.12,0.0,20.48,0,0,512,0,80
12665.2333,-1.6,21.12,0.0,20.49,0,8,514,0,80
12665.4333,-9.6,21.12,0.0167,20.48,2,0,768,0,80
12665.6333,-1.0667,21.12,0.0167,20.485,1,8,768,0,80
12665.8333,0.0,21.12,0.0,20.48,0,0,768,0,80
12666.0333,1.1,21.12,0.0,20.48,0,0,768,8,80
12666.2333,0.0,21.14,0.0,20.5,0,0,768,0,80
12666.4333,0.1333,21.12,0.0,20.49,2,8,784,0,80
12666.6333,0.2667,21.16,0.0,20.48,5,0,800,0,80
12666.8333,0.0,21.12,0.0167,20.48,1,0,800,0,80
12667.0333,0.0,21.12,0.0,20.56,0,0,800,0,80
12667.2333,0.2667,21.12,0.0,20.48,0,0,768,0,80
12667.4333,1.0667,21.12,0.0,20.5,0,2,769,0,80
12667.6333,1.2,21.12,0.0,20.53,0,0,808,16,80
12667.8333,0.3,21.12,0.0,20.52,0,0,800,16,80
12668.0333,0.0,21.12,0.0,20.64,1,0,772,16,80
12668.2333,0.4,21.12,0.0,20.49,0,1,776,16,80
12668.4333,0.0,21.12,0.0,20.48,0,0,544,16,80
12668.6333,-2.0667,21.12,0.0,20.56,0,24,512,16,80
12668.8333,-0.8,21.12,0.0,20.52,0,4,512,16,80
12669.0333,-0.7333,21.125,0.0,20.48,2,16,520,16,80
12669.2333,-2.9333,21.14,0.0,20.5,2,8,514,24,80
12669.4333,-7.3,21.12,0.0,20.48,0,0,512,0,80
12669.6333,0.0,21.12,0.0,20.64,0,16,512,0,80
12669.8333,1.0667,21.12,0.0,20.48,0,16,512,0,80
12670.0333,0.5333,21.12,0.0,20.49,0,16,640,0,80
12670.2333,0.0,21.12,0.0,20.48,1,8,512,0,80
12670.4333,1.0667,21.12,0.0,20.48,0,24,548,0,80
12670.6333,0.0,21.12,0.0,20.48,0,32,512,0,80
12670.8333,-32.0,21.12,0.0,20.48,0,0,512,0,80
12671.0333,0.0,21.12,0.0,20.48,0,0,512,0,80
12671.2333,0.0333,21.12,0.0,20.48,0,16,512,0,80
12671.4333,0.1333,21.12,0.0167,20.48,0,0,512,0,80
12671.6333,0.5333,21.12,0.0,20.52,0,16,520,0,80
12671.8333,0.0,21.12,0.0,20.52,4,0,512,0,80
12672.0333,0.1333,21.13,0.0,20.52,0,18,512,0,80
12672.2333,1.2,21.12,0.0167,20.54,1,0,512,0,80
12672.4333,1.3333,21.12,0.0167,20.48,0,0,512,8,80
12672.6333,0.0,21.12,0.0,20.48,0,0,512,0,80
12672.8333,-2.1333,21.12,0.0,20.5,0,0,512,0,80
12673.0333,-1.0,21.12,0.0,20.52,0,0,512,0,80
12673.2333,-0.5333,21.14,0.0,20.48,1,0,512,0,80
12673.4333,-1.0667,20.48,0.0167,20.48,0,16,512,0,80
12673.6333,-0.5333,21.12,0.0,20.64,8,0,512,0,80
12673.8333,-0.5333,21.12,0.0,20.48,4,0,513,0,80
12674.0333,-1.0667,21.15,0.0,20.48,0,0,512,16,80
12674.2333,-9.4333,21.12,0.0,20.52,0,16,512,16,80
12674.4333,-18.1333,21.12,0.0,20.485,0,24,512,16,80
12674.6333,-19.7333,21.12,0.0,20.56,4,18,512,16,80
12674.8333,-21.3333,21.16,0.0,20.48,1,0,512,16,80
12675.0333,-14.4,21.12,0.0,20.52,32,24,512,16,80
12675.2333,-8.5333,21.14,0.0,20.48,8,16,544,16,80
12675.4333,1.1,21.125,0.0,20.48,0,18,552,16,80
12675.6333,0.0,21.12,0.0,20.64,0,8,544,24,80
12675.8333,0.0,21.12,0.0167,20.48,0,0,544,0,80
12676.0333,1.1,21.12,0.0,20.48,0,0,544,0,80
12676.2333,0.6667,21.12,0.0,20.52,0,0,544,32,80
12676.4333,0.0,21.12,0.0,20.485,0,8,544,32,80
12676.6333,0.6667,21.12,0.0,20.48,0,0,544,32,80
12676.8333,0.0,21.12,0.0,20.52,1,16,546,64,80
12677.0333,1.6,21.12,0.0,20.48,0,1,576,64,80
12677.2333,0.0,21.14,0.0167,20.52,0,0,544,0,80
12677.4333,-13.8667,21.12,0.0,20.64,0,1,512,0,80
12677.6333,-16.9333,21.12,0.0,20.65,0,0,512,0,80
12677.8333,-15.4667,21.12,0.0,20.48,0,8,512,0,80
12678.0333,-11.7333,21.12,0.0167,20.48,0,4,512,0,80
12678.2333,-10.1333,21.14,0.0,20.5,0,0,544,0,80
12678.4333,-7.4667,21.12,0.0,20.48,0,0,512,0,80
12678.6333,-5.3333,21.12,0.0,20.5,0,0,512,0,80
12678.8333,-4.2,21.13,0.0,20.49,0,16,512,8,80
12679.0333,-3.2,21.12,0.0,20.52,0,24,512,0,80
12679.2333,-3.2,21.14,0.0,20.48,0,0,513,0,80
12679.4333,1.1,21.12,0.0,20.48,0,16,576,0,80
12679.6333,4.8,21.12,0.0,20.48,0,24,512,0,80
12679.8333,9.6,21.12,0.0,20.48,0,0,512,0,80
12680.0333,10.7,21.16,0.0,20.48,0,0,512,0,80
12680.2333,10.7,21.12,0.0,20.64,0,0,512,0,80
12680.4333,14.4,21.12,0.0,20.48,4,0,513,16,80
12680.6333,0.0,21.125,0.0,20.48,0,1,512,16,80
12680.8333,0.1333,21.12,0.0,20.48,1,8,512,16,80
12681.0333,0.0,21.12,0.0,20.64,4,8,520,16,80
12681.2333,1.0667,21.12,0.0167,20.52,0,0,544,16,80
12681.4333,0.6,21.12,0.0,20.48,0,0,513,16,80
12681.6333,0.5667,21.12,0.0,20.52,0,0,512,16,80
12681.8333,0.5333,21.12,0.0,20.56,0,8,512,16,80
12682.0333,0.0,21.12,0.0,20.48,8,16,512,24,80
12682.2333,0.0333,21.15,0.0,20.48,8,16,516,0,80
12682.4333,-1.5667,21.12,0.0,20.48,0,0,512,0,80
12682.6333,-0.9,21.12,0.0,20.48,0,16,516,0,80
12682.8333,-1.0333,21.12,0.0,20.48,0,16,512,0,80
12683.0333,-0.9333,21.13,0.0,20.5,1,0,512,0,80
12683.2333,-0.5333,21.12,0.0,20.52,0,0,516,0,80
12683.4333,-0.5333,21.125,0.0,20.48,0,0,512,0,80
12683.6333,-0.5333,21.12,0.0,20.48,1,26,512,0,80
12683.8333,-0.5333,21.12,0.0,20.48,0,0,544,0,80
12684.0333,-0.5333,21.12,0.0167,20.51,0,0,544,0,80
12684.2333,-0.5,21.12,0.0,20.5,0,2,520,0,80
12684.4333,-0.5,21.12,0.0,20.64,0,28,512,0,80
12684.6333,-0.5,21.12,0.0,20.5,0,0,516,0,80
12684.8333,-0.5,21.12,0.0,20.52,0,0,512,0,80
12685.0333,-0.5333,21.12,0.0,20.56,1,16,544,0,80
12685.2333,-0.5333,21.12,0.0,20.48,2,0,256,8,80
12685.4333,0.0,21.12,0.0,20.56,0,0,356,0,80
12685.6333,0.5333,21.12,0.0,20.48,0,0,512,0,80
12685.8333,0.5333,21.12,0.0,20.58,0,0,512,0,80
12686.0333,0.5333,21.12,0.0,20.48,48,0,512,0,80
12686.2333,0.0333,21.12,0.0,20.64,1,0,518,0,80
12686.4333,0.5667,21.12,0.0,20.48,0,12,544,0,80
12686.6333,1.0667,21.12,0.0,20.64,0,0,512,0,80
12686.8333,1.1,21.12,0.0,20.48,0,0,520,16,80
12687.0333,0.5667,21.12,0.0,20.48,2,0,512,16,80
12687.2333,-1.0667,21.12,0.0,20.64,4,0,516,16,80
12687.4333,-2.1,21.12,0.0,20.5,0,24,516,16,80
12687.6333,-0.9333,21.12,0.0,20.48,0,0,512,16,80
12687.8333,-0.5333,21.12,0.0,20.535,0,24,512,16,80
12688.0333,-0.9333,21.12,0.0,20.48,0,0,512,16,80
12688.2333,-0.5333,21.12,0.0,20.56,0,5,513,16,80
12688.4333,-1.0667,21.12,0.0167,20.48,0,16,512,24,80
12688.6333,-0.9333,21.125,0.0,20.56,0,0,512,0,80
12688.8333,-0.5333,21.12,0.0,20.48,0,17,512,0,80
12689.0333,-0.5333,21.12,0.0167,20.48,2,8,520,32,80
12689.2333,-0.5333,21.12,0.0,20.48,2,2,512,32,80
12689.4333,-0.5333,21.12,0.0,20.48,4,0,288,32,80
12689.6333,-0.5333,21.12,0.0,20.48,0,0,512,0,80
12689.8333,-1.0333,21.12,0.0167,20.48,0,256,384,0,80
12690.0333,0.1333,21.12,0.0167,20.64,2,0,544,0,80
12690.2333,0.6667,21.12,0.0,20.48,0,0,264,0,80
12690.4333,1.0667,21.12,0.0,20.485,0,0,512,0,80
12690.6333,0.6667,21.12,0.0,20.48,0,0,512,0,80
12690.8333,1.0667,21.12,0.0,20.48,0,0,520,0,80
12691.0333,0.5333,21.12,0.0,20.52,2,0,264,0,80
12691.2333,1.2,21.12,0.0167,20.56,0,8,256,0,80
12691.4333,1.7333,20.48,0.0,20.56,0,0,512,0,80
12691.6333,1.6,21.14,0.0167,20.48,0,0,512,8,80
12691.8333,0.0,21.13,0.0,20.565,0,0,512,0,80
12692.0333,0.1667,21.12,0.0,20.48,0,0,264,0,80
12692.2333,15.4667,21.12,0.0,20.48,0,0,256,0,80
12692.4333,21.3333,21.12,0.0,20.48,0,0,256,0,80
12692.6333,24.5333,21.12,0.0,20.48,1,0,260,0,80
12692.8333,10.6667,21.12,0.0,20.48,0,0,256,0,80
12693.0333,-5.3333,21.12,0.0,20.48,0,0,256,0,80
12693.2333,-16.0,21.14,0.0,20.56,0,20,256,16,80
12693.4333,-14.9333,21.12,0.0,20.52,0,0,256,16,80
12693.6333,-11.5667,21.12,0.0,20.48,0,8,258,16,80
12693.8333,-10.1333,21.14,0.0,20.48,0,2,256,16,80
12694.0333,-9.4667,21.12,0.0167,20.48,0,0,256,16,80
12694.2333,-8.5333,21.12,0.0,20.52,0,0,256,16,80
12694.4333,-6.4,21.12,0.0,20.48,0,4,256,16,80
12694.6333,1.0667,21.12,0.0167,20.52,0,0,256,16,80
12694.8333,9.6,21.16,0.0,20.64,0,0,256,24,80
12695.0333,10.7,21.12,0.0,20.565,0,0,258,0,80
12695.2333,11.2,21.13,0.0,20.48,0,0,256,0,80
12695.4333,0.0,21.14,0.0,20.48,0,0,256,0,80
12695.6333,0.0,21.125,0.0167,20.48,4,0,256,0,80
12695.8333,0.0,21.12,0.0,20.48,0,0,262,0,80
12696.0333,0.5333,21.12,0.0,20.48,0,0,256,0,80
12696.2333,0.5333,21.12,0.0,20.565,0,16,256,0,80
12696.4333,1.0667,21.12,0.0167,20.48,0,0,256,0,80
12696.6333,0.2667,21.12,0.0,20.54,0,0,288,0,80
12696.8333,0.0,21.12,0.0,20.64,0,1,260,0,80
12697.0333,6.4,21.12,0.0,20.48,0,0,272,0,80
12697.2333,-1.0667,21.12,0.0,20.48,0,0,256,0,80
12697.4333,0.1333,21.12,0.0,20.52,0,0,256,0,80
12697.6333,-2.0333,20.48,0.0167,20.58,0,0,264,0,80
12697.8333,-0.8667,21.12,0.0,20.56,0,0,256,0,80
12698.0333,-1.0667,21.12,0.0,20.48,1,8,260,8,80
12698.2333,-0.5333,21.14,0.0,20.48,0,1,320,0,80
12698.4333,-0.8,21.12,0.0,20.48,8,0,256,0,80
12698.6333,-0.9667,21.12,0.0,20.48,0,0,288,0,80
12698.8333,-0.5333,21.14,0.0,20.56,0,2,256,0,80
12699.0333,-0.5333,21.12,0.0,20.48,2,16,288,0,80
12699.2333,-0.5333,21.12,0.0,20.48,33,8,288,0,80
12699.4333,-0.5333,21.14,0.0,20.48,0,0,256,0,80
12699.6333,-0.5333,21.12,0.0,20.48,0,24,288,16,80
12699.8333,-0.5333,21.12,0.0,20.48,4,0,272,16,80
12700.0333,-0.5333,21.125,0.0167,20.48,4,0,260,16,80
12700.2333,0.6,21.12,0.0,20.48,0,0,296,16,80
12700.4333,0.5333,21.12,0.0,20.56,0,0,256,16,80
12700.6333,0.8667,21.12,0.0,20.52,0,0,256,16,80
12700.8333,1.0667,21.12,0.0,20.48,0,0,288,16,80
12701.0333,0.6,21.12,0.0,20.52,1,8,256,16,80
12701.2333,1.0667,21.12,0.0,20.48,0,0,256,24,80
12701.4333,0.5333,21.12,0.0,20.56,0,0,256,0,80
12701.6333,0.5333,21.15,0.0,20.485,0,0,288,0,80
12701.8333,1.0667,21.12,0.0,20.5,0,16,256,32,80
12702.0333,-4.2667,21.12,0.0,20.48,0,16,256,32,80
12702.2333,-72.5333,21.14,0.0,20.48,0,4,321,32,80
12702.4333,-156.7333,21.12,0.0,20.52,8,0,256,64,80
12702.6333,-90.6667,21.12,0.0,20.56,0,1,320,64,80
12702.8333,-83.0667,21.12,0.0,20.48,4,8,320,0,80
12703.0333,-33.6,21.12,0.0,20.48,0,16,328,0,80
12703.2333,-1.8667,21.12,0.0167,20.48,0,16,320,0,80
12703.4333,12.8667,21.125,0.0,20.48,0,24,352,0,80
12703.6333,15.4667,21.12,0.0,20.56,0,0,356,0,80
12703.8333,12.8,21.12,0.0,20.48,0,8,512,0,80
12704.0333,13.3333,21.15,0.0,20.48,0,0,512,0,80
12704.2333,14.9333,21.12,0.0,20.56,0,0,544,0,80
12704.4333,8.5333,21.12,0.0,20.52,4,0,512,8,80
12704.6333,-0.5333,21.12,0.0,20.48,0,0,512,0,80
12704.8333,-0.5333,21.12,0.0,20.48,4,0,512,0,80
12705.0333,-0.5333,21.125,0.0167,20.48,6,4,516,0,80
12705.2333,-0.5333,21.12,0.0,20.48,0,0,513,0,80
12705.4333,0.5333,21.12,0.0,20.5,1,16,512,0,80
12705.6333,0.5333,21.12,0.0,20.48,0,0,512,0,80
12705.8333,0.6,21.13,0.0,20.56,0,0,264,0,80
12706.0333,1.1,21.12,0.0,20.56,0,0,360,16,80
12706.2333,0.6667,21.14,0.0,20.48,0,0,512,16,80
12706.4333,0.5333,21.12,0.0,20.48,0,0,320,16,80
12706.6333,0.1333,21.12,0.0,20.48,0,0,352,16,80
12706.8333,1.0667,21.12,0.0167,20.56,0,0,320,16,80
12707.0333,0.5667,21.12,0.0167,20.48,0,0,320,16,80
12707.2333,0.5333,21.12,0.0,20.48,0,8,352,16,80
12707.4333,-12.1333,21.12,0.0,20.485,0,4,256,16,80
12707.6333,-42.6,21.12,0.0,20.48,0,16,513,24,80
12707.8333,-80.7667,21.12,0.0167,20.48,0,0,512,0,80
12708.0333,0.0,21.12,0.0,20.48,0,0,544,0,80
12708.2333,0.0,21.12,0.0,20.56,0,17,544,128,80
12708.4333,0.1,21.12,0.0,20.56,0,2,544,128,80
12708.6333,0.0,20.48,0.0,20.49,0,8,512,128,80
12708.8333,15.2,21.12,0.0167,20.48,0,5,544,128,80
12709.0333,13.8667,20.48,0.0,20.48,2,0,576,128,80
12709.2333,13.3333,21.12,0.0,20.48,0,24,544,128,80
12709.4333,11.2,21.15,0.0,20.48,0,0,516,128,80
12709.6333,1.6,21.12,0.0,20.56,8,0,608,128,80
12709.8333,-0.5333,21.12,0.0,20.48,0,32,576,128,80
12710.0333,-0.5333,20.49,0.0167,20.48,0,24,576,128,80
12710.2333,-0.5333,21.12,0.0,20.48,0,16,580,128,80
12710.4333,-0.5,21.12,0.0,20.48,0,0,576,128,80
12710.6333,0.0,21.12,0.0,20.48,0,0,576,128,80
12710.8333,0.5667,21.12,0.0,20.48,0,0,576,136,80
12711.0333,0.5667,20.48,0.0,20.48,0,12,576,128,80
12711.2333,0.5667,21.125,0.0,20.48,0,8,512,128,80
12711.4333,1.0667,20.48,0.0,20.56,0,2,577,128,80
12711.6333,0.0,21.13,0.0,20.52,1,0,576,128,80
12711.8333,0.0,21.12,0.0167,20.48,0,10,580,128,80
12712.0333,0.0667,21.12,0.0,20.48,0,0,577,128,80
12712.2333,-6.8667,21.12,0.0,20.56,0,0,576,128,80
12712.4333,-6.4,21.12,0.0,20.48,0,0,576,144,80
12712.6333,-5.3333,20.48,0.0,20.48,0,280,544,144,80
12712.8333,-7.4667,20.5,0.0,20.48,0,0,544,144,80
12713.0333,-2.1,21.12,0.0,20.48,0,256,544,144,80
12713.2333,-1.7333,21.13,0.0167,20.56,0,256,544,144,80
12713.4333,-44.8,21.12,0.0,20.48,0,256,512,144,80
12713.6333,-76.6333,21.125,0.0,20.48,0,256,528,144,80
12713.8333,-65.6,21.12,0.0,20.56,0,273,548,144,80
12714.0333,-17.0667,21.12,0.0,20.48,0,272,516,152,80
12714.2333,8.5333,21.12,0.0,20.56,0,0,512,128,80
12714.4333,15.4667,21.12,0.0,20.48,0,0,520,128,80
12714.6333,11.2,21.12,0.0,20.535,0,0,769,160,80
12714.8333,12.2667,21.12,0.0,20.53,0,256,768,160,80
12715.0333,13.9,21.12,0.0167,20.48,0,256,768,160,80
12715.2333,7.4667,21.12,0.0,20.56,0,272,768,0,80
12715.4333,0.0,21.12,0.0167,20.48,0,256,768,0,80
12715.6333,0.0,21.12,0.0,20.485,0,0,800,0,80
12715.8333,0.5333,20.48,0.0,20.48,0,257,832,0,80
12716.0333,1.1333,20.5,0.0167,20.48,0,260,832,0,80
12716.2333,0.5333,21.14,0.0,20.48,0,0,864,0,80
12716.4333,1.1,20.5,0.0,20.48,0,256,768,0,80
12716.6333,0.0667,21.12,0.0,20.48,0,256,800,0,80
12716.8333,1.3333,21.13,0.0,20.48,0,0,768,0,80
12717.0333,0.0667,21.125,0.0,20.48,0,256,768,0,80
12717.2333,1.0667,21.12,0.0,20.48,2,256,776,8,80
12717.4333,-1.6,20.485,0.0,20.5,0,17,768,0,80
12717.6333,-0.8,20.48,0.0,20.48,0,16,768,0,80
12717.8333,-1.0,20.48,0.0,20.48,0,8,772,0,80
12718.0333,-0.9333,21.14,0.0,20.5,0,256,768,0,80
12718.2333,-0.8667,21.12,0.0,20.48,0,0,768,0,80
12718.4333,-36.9,20.5,0.0,20.48,1,0,768,0,80
12718.6333,-60.8,21.12,0.0167,20.48,0,0,832,0,80
12718.8333,-85.3333,21.12,0.0167,20.48,0,0,833,16,80
12719.0333,-49.6,20.48,0.0,20.485,0,24,768,16,80
12719.2333,0.0,21.12,0.0,20.565,0,0,768,16,80
12719.4333,0.0,21.12,0.0,20.48,0,16,834,16,80
12719.6333,0.5333,21.12,0.0,20.48,0,0,778,16,80
12719.8333,1.6333,20.48,0.0,20.48,0,18,868,16,80
12720.0333,1.6,21.13,0.0,20.48,0,0,768,16,80
12720.2333,0.0,21.12,0.0,20.48,0,4,864,16,80
12720.4333,0.0,21.12,0.0,20.56,0,0,864,24,80
12720.6333,0.5667,21.12,0.0,20.48,0,8,772,0,80
12720.8333,0.0,21.12,0.0,20.48,0,6,832,0,80
12721.0333,1.0667,21.12,0.0,20.48,0,0,768,0,80
12721.2333,1.1,21.14,0.0,20.52,0,0,768,0,80
12721.4333,1.0667,21.12,0.0,20.48,8,0,768,0,80
12721.6333,0.6,20.48,0.0,20.52,0,16,864,0,80
12721.8333,0.0,21.12,0.0,20.48,0,8,768,0,80
12722.0333,0.0,20.5,0.0,20.48,0,4,768,0,80
12722.2333,1.0667,20.48,0.0,20.485,0,0,768,0,80
12722.4333,1.4667,21.12,0.0,20.48,0,0,768,0,80
12722.6333,1.3667,21.125,0.0167,20.48,0,0,768,0,80
12722.8333,0.5333,21.12,0.0,20.5,0,0,768,0,80
12723.0333,-0.9333,21.12,0.0,20.48,0,0,768,0,80
12723.2333,-4.1333,21.12,0.0167,20.485,2,0,768,0,80
12723.4333,-51.2,20.48,0.0,20.48,0,0,768,0,80
12723.6333,-80.0,21.12,0.0,20.48,0,0,768,8,80
12723.8333,-46.9333,20.5,0.0167,20.485,0,0,768,0,80
12724.0333,-17.0333,21.12,0.0,20.5,2,4,768,0,80
12724.2333,0.0,21.12,0.0,20.48,0,8,768,0,80
12724.4333,0.5333,20.49,0.0,20.48,0,16,768,0,80
12724.6333,0.5333,20.48,0.0,20.48,0,2,768,0,80
12724.8333,1.6,21.14,0.0,20.48,0,0,804,0,80
12725.0333,0.3,21.12,0.0,20.48,0,0,800,0,80
12725.2333,0.2667,20.52,0.0,20.485,2,1,768,16,80
12725.4333,0.4,21.12,0.0,20.48,0,4,514,16,80
12725.6333,0.0,21.12,0.0,20.5,6,0,520,16,80
12725.8333,1.0667,21.12,0.0,20.49,0,4,520,16,80
12726.0333,1.0667,21.14,0.0167,20.48,0,8,512,16,80
12726.2333,0.6,20.48,0.0,20.48,0,0,512,16,80
12726.4333,0.2667,20.48,0.0167,20.48,0,0,512,16,80
12726.6333,0.3333,21.12,0.0,20.48,4,0,520,16,80
12726.8333,-1.0,20.485,0.0,20.52,0,16,516,24,80
12727.0333,-2.1333,21.12,0.0,20.525,0,16,512,0,80
12727.2333,-0.7667,20.8,0.0,20.48,4,16,512,0,80
12727.4333,0.0,21.12,0.0,20.48,0,16,545,32,80
12727.6333,0.0,20.49,0.0167,20.52,0,0,512,32,80
12727.8333,0.5333,21.12,0.0167,20.48,0,8,512,32,80
12728.0333,1.0667,20.48,0.0,20.48,2,8,512,64,80
12728.2333,1.0667,20.48,0.0,20.52,0,16,512,64,80
12728.4333,0.0,21.12,0.0,20.48,4,5,512,0,80
12728.6333,-1.0667,20.48,0.0,20.48,0,0,512,0,80
12728.8333,-1.0667,20.5,0.0,20.52,0,16,544,0,80
12729.0333,-1.0667,20.48,0.0,20.52,0,0,512,0,80
12729.2333,-1.0667,21.12,0.0,20.48,2,16,512,0,80
12729.4333,-3.2,20.48,0.0,20.48,0,0,512,0,80
12729.6333,-36.2667,20.52,0.0167,20.5,0,0,516,0,80
12729.8333,0.5333,21.12,0.0167,20.52,0,0,524,0,80
12730.0333,0.0667,21.12,0.0167,20.5,0,0,512,8,80
12730.2333,0.5333,21.125,0.0,20.49,0,3,517,0,80
12730.4333,0.5333,21.12,0.0,20.48,4,0,520,0,80
12730.6333,0.0,21.14,0.0,20.48,0,0,512,0,80
12730.8333,0.5333,21.12,0.0,20.49,0,0,512,0,80
12731.0333,0.0,21.12,0.0,20.48,0,0,512,0,80
12731.2333,0.0,21.12,0.0,20.52,0,8,549,0,80
12731.4333,0.3333,21.12,0.0,20.48,0,0,512,0,80
12731.6333,0.0,21.12,0.0,20.52,0,0,512,16,80
12731.8333,0.5333,20.48,0.0,20.56,0,0,513,16,80
12732.0333,0.0,21.12,0.0167,20.48,0,16,608,16,80
12732.2333,-0.7333,20.5,0.0,20.48,0,8,514,16,80
12732.4333,-1.0,20.48,0.0,20.48,0,0,512,16,80
12732.6333,-0.8,20.48,0.0,20.48,0,0,512,16,80
12732.8333,-0.5333,21.13,0.0,20.48,0,2,512,16,80
12733.0333,-1.0667,20.48,0.0,20.485,0,0,545,16,80
12733.2333,-0.5333,21.12,0.0167,20.48,0,0,512,24,80
12733.4333,-0.5333,21.12,0.0,20.54,0,0,552,0,80
12733.6333,-0.5333,21.14,0.0,20.52,0,8,584,0,80
12733.8333,-1.0667,20.48,0.0167,20.48,0,0,576,0,80
12734.0333,-1.0667,21.12,0.0,20.485,2,16,545,0,80
12734.2333,-1.0667,20.51,0.0,20.48,2,0,512,0,80
12734.4333,-5.8333,21.15,0.0,20.48,0,0,512,0,80
12734.6333,0.0,21.12,0.0,20.55,0,0,512,0,80
12734.8333,0.0,21.12,0.0,20.49,2,0,512,0,80
12735.0333,0.0333,21.12,0.0,20.48,1,8,512,0,80
12735.2333,0.0667,20.48,0.0,20.5,0,8,512,0,80
12735.4333,0.0,20.48,0.0,20.48,0,0,512,0,80
12735.6333,0.5333,20.48,0.0,20.64,0,0,512,0,80
12735.8333,0.2,20.48,0.0,20.48,0,0,512,0,80
12736.0333,-49.0667,20.48,0.0,20.525,1,0,516,0,80
12736.2333,-2.1333,21.12,0.0,20.52,0,0,512,0,80
12736.4333,12.8,21.12,0.0167,20.52,0,0,512,8,80
12736.6333,13.8667,20.48,0.0167,20.52,0,0,608,0,80
12736.8333,1.0667,21.125,0.0,20.48,0,8,512,0,80
12737.0333,-0.5333,21.12,0.0,20.48,0,16,617,0,80
12737.2333,-1.0,21.12,0.0,20.52,4,24,516,0,80
12737.4333,-1.0667,21.12,0.0,20.48,0,0,513,0,80
12737.6333,-0.5333,21.12,0.0,20.48,0,16,520,0,80
12737.8333,-1.0667,20.525,0.0,20.54,0,0,513,0,80
12738.0333,-21.3,21.13,0.0167,20.48,0,8,516,16,80
12738.2333,-14.3667,21.12,0.0,20.5,0,16,544,16,80
12738.4333,-3.2,21.12,0.0,20.49,0,0,576,16,80
12738.6333,0.0,21.12,0.0,20.48,0,2,513,16,80
12738.8333,0.0,21.14,0.0,20.48,0,0,512,16,80
12739.0333,0.0,20.5,0.0,20.48,1,16,770,16,80
12739.2333,0.1333,20.58,0.0,20.48,0,0,768,16,80
12739.4333,0.5333,20.48,0.0,20.48,1,0,768,16,80
12739.6333,0.4,20.52,0.0,20.52,0,8,800,24,80
12739.8333,0.0,20.48,0.0,20.48,2,0,610,0,80
12740.0333,0.0,20.48,0.0,20.52,0,0,576,0,80
12740.2333,0.0,21.12,0.0,20.485,0,0,512,32,80
12740.4333,0.0667,20.56,0.0167,20.52,0,0,576,32,80
12740.6333,-2.0667,20.48,0.0,20.48,0,0,513,32,80
12740.8333,-1.0667,20.56,0.0,20.52,0,16,513,0,80
12741.0333,-1.0667,20.525,0.0,20.48,0,0,545,0,80
12741.2333,-1.0667,21.12,0.0,20.48,0,0,544,0,80
12741.4333,-6.4,20.48,0.0,20.48,0,16,544,0,80
12741.6333,-27.7333,20.48,0.0,20.52,0,16,552,0,80
12741.8333,-42.1333,21.12,0.0,20.48,0,2,544,0,80
12742.0333,-67.2,21.12,0.0,20.48,0,8,352,0,80
12742.2333,-21.3333,21.12,0.0,20.48,0,0,512,0,80
12742.4333,4.2667,21.12,0.0,20.48,0,0,544,0,80
12742.6333,1.0667,21.125,0.0,20.48,0,16,512,0,80
12742.8333,0.5667,21.12,0.0167,20.48,0,0,512,8,80
12743.0333,0.1333,21.13,0.0,20.48,0,0,546,0,80
12743.2333,0.0,21.13,0.0,20.53,0,0,512,0,80
12743.4333,0.0,20.48,0.0,20.48,0,16,352,0,80
12743.6333,0.0,21.14,0.0,20.485,4,0,320,0,80
12743.8333,0.5333,20.48,0.0,20.48,0,0,288,0,80
12744.0333,1.0667,21.12,0.0,20.48,0,0,292,0,80
12744.2333,1.0667,20.48,0.0167,20.52,0,57,288,0,80
12744.4333,0.6,20.48,0.0,20.48,0,0,264,16,80
12744.6333,-0.7333,21.12,0.0167,20.52,4,0,322,16,80
12744.8333,-4.2667,20.49,0.0,20.48,0,0,320,16,80
12745.0333,-29.8667,21.12,0.0,20.55,0,0,256,16,80
12745.2333,-45.8667,21.12,0.0,20.48,0,16,320,16,80
12745.4333,-42.6667,21.12,0.0,20.48,0,0,352,16,80
12745.6333,-22.4,21.12,0.0,20.52,2,0,256,16,80
12745.8333,2.1333,21.12,0.0,20.64,0,1,512,16,80
12746.0333,12.8,20.48,0.0167,20.64,0,8,256,24,80
12746.2333,11.7333,20.48,0.0,20.52,0,0,256,0,80
12746.4333,10.6667,21.12,0.0,20.64,0,16,256,0,80
12746.6333,11.2333,21.12,0.0,20.48,0,16,258,0,80
12746.8333,0.0,21.12,0.0,20.49,0,4,256,0,80
12747.0333,0.1,20.48,0.0167,20.52,0,0,256,0,80
12747.2333,0.1333,20.48,0.0,20.48,0,4,261,0,80
12747.4333,0.0,20.48,0.0,20.48,1,0,256,0,80
12747.6333,1.0667,20.48,0.0,20.52,0,0,256,0,80
12747.8333,0.5333,20.48,0.0,20.485,8,8,320,0,80
12748.0333,1.2,20.48,0.0,20.64,0,4,260,0,80
12748.2333,1.1,21.125,0.0,20.52,0,0,328,0,80
12748.4333,0.0,20.48,0.0,20.48,1,2,357,0,80
12748.6333,0.0,20.48,0.0167,20.64,0,0,352,0,80
12748.8333,-105.4333,20.48,0.0167,20.52,0,0,513,0,80
12749.0333,-81.0667,20.56,0.0,20.52,0,0,512,0,80
12749.2333,-50.1333,20.56,0.0167,20.52,0,0,352,8,80
12749.4333,-9.4333,20.48,0.0,20.48,0,0,353,0,80
12749.6333,15.0667,21.12,0.0,20.52,0,0,512,0,80
12749.8333,16.0,20.5,0.0,20.48,0,0,256,0,80
12750.0333,15.4667,20.48,0.0,20.52,0,0,513,0,80
12750.2333,15.1333,20.58,0.0,20.52,0,2,368,0,80
12750.4333,12.8333,20.48,0.0,20.48,4,0,256,0,80
12750.6333,4.2667,20.57,0.0,20.52,0,0,512,0,80
12750.8333,-5.8667,20.48,0.0,20.48,0,2,356,16,80
12751.0333,-28.8,21.12,0.0,20.52,0,16,353,16,80
12751.2333,-37.3333,21.12,0.0,20.48,8,0,352,16,80
12751.4333,-44.8,20.48,0.0167,20.52,0,0,356,16,80
12751.6333,0.0,20.49,0.0,20.485,0,0,256,16,80
12751.8333,0.6,20.58,0.0,20.48,4,5,352,16,80
12752.0333,0.6,20.48,0.0167,20.5,0,0,352,16,80
12752.2333,0.5333,20.48,0.0,20.64,0,0,512,16,80
12752.4333,0.0,20.48,0.0,20.52,0,0,354,24,80
12752.6333,1.0667,20.48,0.0,20.52,0,8,352,0,80
12752.8333,1.0667,20.48,0.0,20.48,1,2,512,0,80
12753.0333,0.1333,20.48,0.0167,20.49,0,0,520,32,80
12753.2333,0.0,21.12,0.0,20.48,0,0,512,32,80
12753.4333,15.0667,20.48,0.0167,20.52,33,0,356,32,80
12753.6333,4.4333,20.48,0.0,20.48,0,16,512,64,80
12753.8333,-2.1333,20.48,0.0,20.64,0,0,512,64,80
12754.0333,-9.0667,20.48,0.0,20.64,0,0,256,0,80
12754.2333,-28.2667,20.56,0.0,20.48,0,0,512,0,80
12754.4333,-33.0667,20.56,0.0,20.64,0,8,520,0,80
12754.6333,-30.7333,20.48,0.0,20.48,0,2,512,0,80
12754.8333,-27.2,20.49,0.0,20.48,0,16,512,0,80
12755.0333,-19.2,20.49,0.0,20.52,0,2,260,0,80
12755.2333,-13.8667,21.12,0.0,20.52,0,0,512,0,80
12755.4333,-6.9333,20.58,0.0,20.48,0,8,256,0,80
12755.6333,5.8667,20.58,0.0167,20.48,0,1,256,8,80
12755.8333,21.3333,20.48,0.0,20.52,0,0,256,0,80
12756.0333,29.3667,20.48,0.0167,20.48,0,16,256,0,80
12756.2333,31.5,21.12,0.0,20.48,0,0,352,0,80
12756.4333,32.0333,20.48,0.0,20.52,0,18,512,0,80
12756.6333,0.6,21.12,0.0,20.48,2,16,256,0,80
12756.8333,0.0,20.48,0.0167,20.48,0,0,256,0,80
12757.0333,0.5333,20.48,0.0,20.52,4,0,256,0,80
12757.2333,0.6333,20.54,0.0,20.64,4,12,512,16,80
12757.4333,0.6,20.49,0.0,20.48,0,0,512,16,80
12757.6333,1.1,20.48,0.0,20.48,0,0,544,16,80
12757.8333,1.1667,20.48,0.0,20.64,0,8,352,16,80
12758.0333,1.1333,20.48,0.0,20.48,0,0,320,16,80
12758.2333,1.0667,20.48,0.0167,20.52,0,0,352,16,80
12758.4333,-0.5333,20.565,0.0,20.52,0,0,352,16,80
12758.6333,-2.1333,20.48,0.0,20.52,0,16,320,16,80
12758.8333,-1.0667,21.12,0.0,20.48,0,0,256,24,80
12759.0333,-4.2667,20.48,0.0,20.48,4,8,357,0,80
12759.2333,-6.2667,20.5,0.0,20.52,0,1,516,0,80
12759.4333,-0.5333,20.48,0.0,20.48,0,0,256,128,80
12759.6333,7.4667,20.56,0.0,20.48,0,0,256,128,80
12759.8333,17.6,20.48,0.0,20.48,0,0,260,128,80
12760.0333,21.8667,20.48,0.0,20.48,0,16,256,128,80
12760.2333,23.4667,20.48,0.0,20.48,4,0,256,128,80
12760.4333,24.0333,21.12,0.0,20.52,0,16,257,128,80
12760.6333,11.7333,20.48,0.0,20.48,1,0,256,128,80
12760.8333,1.0667,20.57,0.0,20.52,4,16,256,128,80
12761.0333,-0.5333,20.48,0.0167,20.49,0,0,256,128,80
12761.2333,-0.5333,20.49,0.0,20.48,0,261,256,128,80
12761.4333,-0.5333,20.48,0.0,20.48,0,272,256,128,80
12761.6333,0.5333,20.56,0.0,20.485,0,257,257,128,80
12761.8333,0.6,20.48,0.0,20.48,0,256,256,128,80
12762.0333,0.0,21.12,0.0,20.64,0,256,256,136,80
12762.2333,1.0667,21.12,0.0,20.48,0,256,352,128,80
12762.4333,0.5667,20.52,0.0,20.52,0,256,256,128,80
12762.6333,0.5333,20.48,0.0,20.48,0,256,256,128,80
12762.8333,0.6667,21.12,0.0,20.645,0,0,512,128,80
12763.0333,0.0,20.56,0.0,20.525,2,0,288,128,80
12763.2333,-1.0333,20.48,0.0,20.48,0,0,512,128,80
12763.4333,-2.1333,20.56,0.0,20.48,2,0,516,128,80
12763.6333,-2.1333,20.5,0.0,20.48,4,20,513,144,80
12763.8333,-2.0,20.56,0.0,20.48,0,16,264,144,80
12764.0333,-0.9,21.13,0.0,20.64,0,8,512,144,80
12764.2333,-1.0667,20.48,0.0,20.5,0,4,512,144,80
12764.4333,-24.0,20.48,0.0,20.52,0,1,512,144,80
12764.6333,-69.3333,20.56,0.0,20.52,0,18,512,144,80
12764.8333,-62.9333,20.48,0.0,20.52,0,0,512,144,80
12765.0333,-41.0667,20.56,0.0,20.48,0,0,512,144,80
12765.2333,-12.8,20.48,0.0,20.48,0,0,544,152,80
12765.4333,6.9333,20.58,0.0167,20.64,0,0,512,128,80
12765.6333,13.8667,20.48,0.0,20.64,0,24,516,128,80
12765.8333,18.1333,20.58,0.0,20.52,0,1,512,160,80
12766.0333,0.6,20.51,0.0,20.48,0,0,512,160,80
12766.2333,0.0,20.48,0.0,20.48,0,0,512,160,80
12766.4333,0.5333,20.48,0.0,20.52,0,0,544,0,80
12766.6333,0.0,20.56,0.0,20.48,0,4,512,0,80
12766.8333,0.0667,20.48,0.0,20.48,2,0,544,0,80
12767.0333,1.0667,20.48,0.0,20.48,0,0,512,0,80
12767.2333,0.0,20.48,0.0,20.64,0,0,520,0,80
12767.4333,1.0667,20.56,0.0,20.48,4,0,512,0,80
12767.6333,0.2,21.12,0.0,20.52,0,0,256,0,80
12767.8333,0.0333,20.5,0.0,20.48,0,0,512,0,80
12768.0333,-24.0,20.48,0.0,20.48,0,4,256,0,80
12768.2333,-31.9333,20.49,0.0,20.48,0,0,288,0,80
12768.4333,-41.5667,21.12,0.0,20.485,0,0,258,8,80
12768.6333,-39.4667,20.48,0.0,20.48,0,8,512,0,80
12768.8333,-31.8,20.58,0.0,20.5,0,0,264,0,80
12769.0333,-27.6,20.48,0.0,20.48,0,0,520,0,80
12769.2333,-18.6667,21.12,0.0,20.48,2,0,288,0,80
12769.4333,-4.2667,20.48,0.0,20.48,0,16,289,0,80
12769.6333,3.7333,20.525,0.0,20.48,0,0,512,0,80
12769.8333,10.6667,20.48,0.0,20.64,0,16,512,0,80
12770.0333,16.0,20.5,0.0,20.53,0,0,512,16,80
12770.2333,18.1667,20.48,0.0167,20.64,3,0,512,16,80
12770.4333,21.3333,20.48,0.0,20.64,0,0,512,16,80
12770.6333,0.0,20.6,0.0,20.48,0,16,516,16,80
12770.8333,0.5333,20.48,0.0,20.48,0,0,512,16,80
12771.0333,0.0333,21.12,0.0167,20.5,0,16,512,16,80
12771.2333,0.5333,20.58,0.0,20.48,0,8,512,16,80
12771.4333,1.0667,20.48,0.0,20.48,0,0,512,16,80
12771.6333,0.1333,20.485,0.0,20.48,0,8,512,24,80
12771.8333,1.1,20.48,0.0167,20.48,0,0,512,0,80
12772.0333,1.0667,20.58,0.0,20.48,0,8,512,0,80
12772.2333,0.0,20.5,0.0,20.485,4,0,512,0,80
12772.4333,-12.6333,20.48,0.0,20.48,0,0,512,0,80
12772.6333,-9.6,21.12,0.0,20.64,0,16,512,0,80
12772.8333,-8.5333,20.49,0.0,20.48,1,8,512,0,80
12773.0333,-4.1333,20.56,0.0167,20.48,0,20,512,0,80
12773.2333,0.1667,20.48,0.0,20.48,1,0,512,0,80
12773.4333,1.0667,20.48,0.0,20.48,1,0,520,0,80
12773.6333,0.2,20.52,0.0167,20.48,4,16,512,0,80
12773.8333,0.0,21.14,0.0,20.52,0,0,512,0,80
12774.0333,-0.5,21.12,0.0,20.52,0,0,518,0,80
12774.2333,-0.5,20.48,0.0,20.48,0,2,512,0,80
12774.4333,-0.5333,20.48,0.0,20.48,0,0,512,0,80
12774.6333,-0.5333,20.515,0.0,20.48,0,0,512,0,80
12774.8333,-0.5,20.5,0.0,20.52,0,8,512,8,80
12775.0333,-0.5333,20.6,0.0,20.48,0,0,512,0,80
12775.2333,0.5333,21.12,0.0,20.48,0,0,512,0,80
12775.4333,0.1333,20.8,0.0,20.48,1,0,512,0,80
12775.6333,0.5333,20.81,0.0,20.52,0,8,512,0,80
12775.8333,0.0667,21.12,0.0,20.56,1,0,514,0,80
12776.0333,0.1333,20.48,0.0,20.52,0,0,512,0,80
12776.2333,1.0667,20.6,0.0,20.48,0,1,608,0,80
12776.4333,0.0,20.48,0.0,20.64,0,0,512,16,80
12776.6333,0.0,20.49,0.0,20.48,0,0,512,16,80
12776.8333,-10.5333,20.49,0.0,20.52,0,20,512,16,80
12777.0333,14.9333,20.49,0.0,20.48,0,16,521,16,80
12777.2333,24.5333,21.12,0.0,20.64,4,9,512,16,80
12777.4333,28.8,20.48,0.0,20.48,0,0,512,16,80
12777.6333,31.0667,20.48,0.0,20.52,2,0,529,16,80
12777.8333,32.0333,20.48,0.0,20.52,0,16,512,16,80
12778.0333,32.0,20.48,0.0,20.48,0,0,640,24,80
12778.2333,11.2,20.8,0.0,20.48,0,8,512,0,80
12778.4333,-0.5333,20.48,0.0167,20.48,0,10,513,0,80
12778.6333,-0.5333,21.12,0.0,20.48,0,32,512,32,80
12778.8333,-0.5333,20.57,0.0,20.48,0,0,512,32,80
12779.0333,-0.5333,20.81,0.0,20.48,0,0,512,32,80
12779.2333,0.5333,21.12,0.0,20.48,32,0,512,64,80
12779.4333,0.5333,20.82,0.0,20.48,0,0,512,64,80
12779.6333,0.5667,20.485,0.0,20.48,0,0,608,0,80
12779.8333,0.5667,20.48,0.0,20.48,0,0,512,0,80
12780.0333,1.1333,20.58,0.0167,20.52,0,0,512,0,80
12780.2333,0.5333,20.48,0.0,20.48,1,4,512,0,80
12780.4333,1.0667,20.8,0.0,20.48,0,2,512,0,80
12780.6333,1.0667,20.49,0.0,20.64,0,1,520,0,80
12780.8333,-0.4,20.49,0.0,20.48,0,0,512,0,80
12781.0333,-2.0,20.48,0.0,20.48,0,0,608,0,80
12781.2333,-1.0667,20.61,0.0,20.48,0,16,512,8,80
12781.4333,-1.0667,21.12,0.0,20.48,0,8,512,0,80
12781.6333,-1.0667,20.8,0.0,20.48,0,8,512,0,80
12781.8333,-1.0667,20.48,0.0,20.64,0,0,512,0,80
12782.0333,-1.0667,20.805,0.0,20.48,2,0,608,0,80
12782.2333,-0.9,21.12,0.0,20.48,0,0,512,0,80
12782.4333,-1.0333,20.805,0.0167,20.52,0,8,512,0,80
12782.6333,-0.5333,20.56,0.0,20.48,0,1,512,0,80
12782.8333,-0.5333,20.49,0.0,20.52,0,0,520,16,80
12783.0333,-0.5333,20.48,0.0,20.48,2,0,608,16,80
12783.2333,0.0,20.8,0.0167,20.48,0,0,516,16,80
12783.4333,-0.5333,20.49,0.0,20.66,0,0,608,16,80
12783.6333,-1.6,20.48,0.0,20.64,0,0,612,16,80
12783.8333,0.0,20.525,0.0,20.5,0,0,512,16,80
12784.0333,0.5333,21.12,0.0,20.48,0,0,608,16,80
12784.2333,0.6667,20.48,0.0,20.48,0,0,608,16,80
12784.4333,0.0,20.48,0.0,20.48,2,0,544,24,80
12784.6333,0.0667,20.48,0.0,20.48,0,0,512,0,80
12784.8333,0.0,20.52,0.0,20.48,0,0,520,0,80
12785.0333,0.0,21.12,0.0,20.52,0,0,520,0,80
12785.2333,0.1333,20.8,0.0,20.48,0,0,512,0,80
12785.4333,0.5333,20.82,0.0,20.48,0,4,512,0,80
12785.6333,13.5,20.49,0.0,20.48,0,0,512,0,80
12785.8333,-1.6,20.48,0.0,20.48,0,0,512,0,80
12786.0333,-0.5333,20.6,0.0,20.48,0,1,512,0,80
12786.2333,-1.0333,20.48,0.0,20.5,0,2,512,0,80
12786.4333,-1.0333,20.8,0.0,20.52,8,0,516,0,80
12786.6333,-1.0667,20.81,0.0,20.64,0,2,528,0,80
12786.8333,-0.8667,21.12,0.0,20.65,0,16,512,0,80
12787.0333,-2.6667,20.48,0.0,20.48,2,8,520,0,80
12787.2333,-1.0667,20.49,0.0,20.48,4,0,352,0,80
12787.4333,-1.0667,20.48,0.0,20.48,0,0,352,0,80
12787.6333,-1.0667,20.56,0.0,20.48,0,24,520,8,80
12787.8333,-1.0333,20.6,0.0,20.48,0,16,512,0,80
12788.0333,-1.0667,20.58,0.0,20.48,0,0,512,0,80
12788.2333,-1.6,20.81,0.0,20.52,0,0,512,0,80
12788.4333,-1.0667,20.81,0.0,20.52,0,16,512,0,80
12788.6333,-11.2,20.8,0.0,20.64,0,2,544,0,80
12788.8333,0.2,20.8,0.0,20.52,0,0,512,0,80
12789.0333,0.0,20.48,0.0,20.48,0,0,552,0,80
12789.2333,0.5667,20.56,0.0,20.48,0,0,556,16,80
12789.4333,0.7,20.8,0.0,20.48,2,8,518,16,80
12789.6333,0.5333,20.56,0.0,20.48,0,0,552,16,80
12789.8333,0.0667,20.56,0.0,20.48,0,0,512,16,80
12790.0333,0.0667,20.8,0.0167,20.48,0,0,512,16,80
12790.2333,1.0667,20.8,0.0,20.64,4,0,576,16,80
12790.4333,1.3333,20.8,0.0,20.52,0,0,512,16,80
12790.6333,0.0,20.58,0.0,20.52,3,0,544,16,80
12790.8333,0.8,20.48,0.0,20.48,0,0,544,24,80
12791.0333,0.0,20.49,0.0,20.48,0,0,512,0,80
12791.2333,0.2667,20.8,0.0,20.64,0,0,512,0,80
12791.4333,-1.0667,20.8,0.0,20.48,4,0,512,32,80
12791.6333,-0.9333,20.8,0.0,20.52,0,0,512,32,80
12791.8333,-0.8,20.48,0.0,20.48,0,16,512,32,80
12792.0333,-1.0,20.8,0.0,20.485,0,0,552,0,80
12792.2333,-1.0667,20.84,0.0,20.64,0,0,560,0,80
12792.4333,-1.0667,20.8,0.0,20.48,0,4,544,0,80
12792.6333,-1.0667,20.48,0.0,20.64,4,0,512,0,80
12792.8333,-1.0667,20.6,0.0,20.48,0,0,512,0,80
12793.0333,-1.0667,20.48,0.0,20.48,0,17,544,0,80
12793.2333,-1.0667,20.8,0.0,20.64,0,0,512,0,80
12793.4333,-8.5,20.8,0.0167,20.52,0,0,520,0,80
12793.6333,0.0,20.805,0.0,20.48,0,0,544,0,80
12793.8333,0.5333,20.48,0.0,20.48,0,5,512,0,80
12794.0333,0.6667,20.8,0.0,20.48,0,0,520,8,80
12794.2333,0.6667,20.48,0.0,20.64,0,4,512,0,80
12794.4333,0.0667,20.48,0.0,20.48,0,0,512,0,80
12794.6333,0.0,20.8,0.0,20.48,16,8,512,0,80
12794.8333,0.0,20.8,0.0,20.48,0,0,512,0,80
12795.0333,0.1,20.48,0.0,20.48,2,0,512,0,80
12795.2333,0.0,20.8,0.0,20.48,0,8,512,0,80
12795.4333,0.5333,20.84,0.0,20.48,0,4,512,0,80
12795.6333,0.0333,20.82,0.0167,20.48,0,0,512,16,80
12795.8333,10.6667,20.8,0.0,20.64,4,1,514,16,80
12796.0333,-1.8667,20.8,0.0,20.48,2,0,520,16,80
12796.2333,-1.0333,20.8,0.0,20.48,0,0,512,16,80
12796.4333,-2.1333,20.81,0.0,20.48,0,0,512,16,80
12796.6333,-6.2667,20.8,0.0,20.5,0,0,512,16,80
12796.8333,-8.4333,20.48,0.0,20.48,8,0,576,16,80
12797.0333,-3.7333,20.48,0.0,20.485,0,20,576,16,80
12797.2333,-13.7333,20.81,0.0,20.64,0,0,512,24,80
12797.4333,-33.0,20.8,0.0,20.48,0,0,576,0,80
12797.6333,-37.3333,20.8,0.0,20.48,4,0,516,0,80
12797.8333,-25.0667,20.48,0.0167,20.64,4,16,512,0,80
12798.0333,-17.0667,20.8,0.0167,20.48,0,0,512,0,80
12798.2333,-9.6,20.8,0.0,20.48,2,0,514,0,80
12798.4333,-5.3333,20.83,0.0,20.48,0,4,512,0,80
12798.6333,6.4,20.56,0.0,20.48,0,0,512,0,80
12798.8333,0.7,20.62,0.0,20.48,0,16,512,0,80
12799.0333,0.0,20.84,0.0,20.52,0,0,514,0,80
12799.2333,0.5333,20.8,0.0,20.485,0,0,513,0,80
12799.4333,0.0,20.48,0.0,20.48,0,0,512,0,80
12799.6333,0.0333,20.82,0.0,20.48,1,0,512,0,80
12799.8333,0.0667,20.8,0.0,20.52,0,128,512,0,80
12800.0333,0.1333,20.81,0.0,20.64,0,2,576,0,80
12800.2333,0.2667,20.8,0.0,20.52,0,2,616,0,80
12800.4333,-26.5,20.805,0.0167,20.48,0,4,612,8,80
12800.6333,-23.4667,20.48,0.0167,20.64,0,20,608,0,80
12800.8333,-16.9333,20.8,0.0,20.48,0,16,514,0,80
12801.0333,-8.0,20.8,0.0,20.52,0,0,512,0,80
12801.2333,2.1667,20.8,0.0,20.64,0,1,512,0,80
12801.4333,10.7333,20.8,0.0,20.48,0,16,320,0,80
12801.6333,14.9333,20.48,0.0,20.48,0,24,576,0,80
12801.8333,14.9333,20.82,0.0,20.64,0,16,608,0,80
12802.0333,13.8667,20.81,0.0167,20.48,0,18,576,16,80
12802.2333,13.3333,20.8,0.0167,20.49,0,16,580,16,80
12802.4333,5.8667,20.8,0.0,20.52,0,20,576,16,80
12802.6333,-4.2667,20.88,0.0,20.48,0,0,576,16,80
12802.8333,-16.0,20.8,0.0,20.56,0,2,544,16,80
12803.0333,-20.8,20.8,0.0,20.5,0,4,610,16,80
12803.2333,-18.1333,20.8,0.0,20.64,0,0,512,16,80
12803.4333,0.0667,20.48,0.0,20.64,0,0,544,16,80
12803.6333,0.0667,20.48,0.0,20.48,0,4,512,24,80
12803.8333,0.2667,20.8,0.0,20.48,0,0,352,0,80
12804.0333,0.0,20.8,0.0,20.48,0,0,512,0,80
12804.2333,0.0,20.58,0.0,20.48,0,8,528,32,80
12804.4333,0.0,20.8,0.0,20.52,0,0,579,32,80
12804.6333,0.5333,20.82,0.0,20.48,0,0,512,32,80
12804.8333,1.0667,20.48,0.0,20.52,0,136,512,64,80
12805.0333,1.1,20.8,0.0,20.48,1,8,512,64,80
12805.2333,0.0,20.8,0.0,20.48,2,0,512,0,80
12805.4333,8.5333,20.8,0.0167,20.48,0,24,512,0,80
12805.6333,-4.2667,20.49,0.0,20.48,8,0,516,0,80
12805.8333,-18.0,20.8,0.0,20.64,0,16,544,0,80
12806.0333,-23.3333,20.805,0.0,20.48,0,20,512,0,80
12806.2333,-21.3333,20.8,0.0,20.48,0,17,545,0,80
12806.4333,-14.9333,20.8,0.0167,20.48,0,16,512,0,80
12806.6333,-12.7667,20.49,0.0,20.48,0,24,512,0,80
12806.8333,-12.6333,20.49,0.0,20.48,0,16,544,8,80
12807.0333,-8.0,20.48,0.0,20.64,0,16,512,0,80
12807.2333,2.6667,20.59,0.0,20.48,0,16,512,0,80
12807.4333,9.6,20.81,0.0,20.48,4,0,352,0,80
12807.6333,12.8,20.81,0.0,20.56,0,0,544,0,80
12807.8333,13.3333,20.8,0.0167,20.48,0,0,513,0,80
12808.0333,13.3333,20.8,0.0,20.48,0,0,512,0,80
12808.2333,0.8,20.88,0.0,20.64,0,2,512,0,80
12808.4333,0.5333,20.8,0.0,20.48,0,1,512,16,80
12808.6333,0.0667,20.8,0.0,20.48,0,0,544,16,80
12808.8333,0.0667,20.8,0.0,20.48,1,0,512,16,80
12809.0333,0.6,20.49,0.0,20.48,0,0,520,16,80
12809.2333,0.0,20.49,0.0,20.48,0,0,512,16,80
12809.4333,0.5667,20.49,0.0,20.48,4,0,512,16,80
12809.6333,0.5333,20.82,0.0167,20.64,32,0,512,16,80
12809.8333,1.0667,20.82,0.0,20.6,0,0,512,16,80
12810.0333,-0.5333,20.48,0.0,20.48,0,0,512,24,80
12810.2333,-1.5667,20.48,0.0,20.48,0,4,512,0,80
12810.4333,-0.9333,20.8,0.0,20.52,0,8,512,0,80
12810.6333,-0.9333,20.8,0.0,20.48,0,8,544,128,80
12810.8333,-1.0667,20.88,0.0,20.48,1,8,512,128,80
12811.0333,-1.0667,20.8,0.0,20.64,0,16,552,128,80
12811.2333,-2.0,20.48,0.0,20.5,0,0,544,128,80
12811.4333,-2.1333,20.48,0.0,20.48,0,0,514,128,80
12811.6333,-4.2667,20.8,0.0,20.48,4,0,516,128,80
12811.8333,-44.2667,20.48,0.0,20.48,2,1,512,128,80
12812.0333,-37.8667,20.48,0.0,20.48,0,0,512,128,80
12812.2333,-21.8667,20.48,0.0,20.48,5,0,512,128,80
12812.4333,-8.5333,20.8,0.0,20.48,0,0,512,128,80
12812.6333,1.1,20.49,0.0,20.48,0,0,544,128,80
12812.8333,9.0667,20.48,0.0,20.48,0,0,512,128,80
12813.0333,12.2667,20.8,0.0,20.48,8,0,512,128,80
12813.2333,14.9333,20.8,0.0,20.485,0,0,512,136,80
12813.4333,14.4,20.84,0.0,20.48,0,16,512,128,80
12813.6333,0.6667,20.8,0.0,20.64,0,0,544,128,80
12813.8333,0.0,20.48,0.0,20.48,0,0,520,128,80
12814.0333,0.5333,20.88,0.0,20.48,0,16,512,128,80
12814.2333,0.5333,20.88,0.0,20.52,0,0,544,128,80
12814.4333,0.5333,20.8,0.0,20.48,2,0,544,128,80
12814.6333,1.2,20.48,0.0,20.64,0,8,514,128,80
12814.8333,1.1,20.81,0.0,20.48,0,8,512,144,80
12815.0333,1.0667,20.48,0.0,20.64,0,1,512,144,80
12815.2333,0.5333,20.48,0.0,20.64,0,0,516,144,80
12815.4333,-1.0667,20.8,0.0,20.48,0,16,520,144,80
12815.6333,-2.1333,20.8,0.0,20.48,2,8,528,144,80
12815.8333,-1.0667,20.49,0.0,20.48,0,0,512,144,80
12816.0333,-12.8,20.8,0.0,20.48,0,4,512,144,80
12816.2333,-38.4,20.8,0.0,20.48,0,0,512,144,80
12816.4333,-33.0,20.8,0.0,20.48,0,20,516,152,80
12816.6333,-14.6,20.8,0.0,20.5,0,0,520,128,80
12816.8333,-0.5333,20.8,0.0,20.64,0,0,512,128,80
12817.0333,9.6,20.48,0.0,20.48,0,24,512,160,80
12817.2333,0.0,20.48,0.0,20.64,1,16,512,160,80
12817.4333,13.3333,20.82,0.0,20.48,0,0,256,160,80
12817.6333,13.8667,20.8,0.0167,20.52,0,16,268,0,80
12817.8333,14.9333,20.48,0.0,20.48,0,0,256,0,80
12818.0333,8.5333,20.84,0.0,20.48,0,17,256,0,80
12818.2333,-0.5333,20.82,0.0,20.48,0,0,256,0,80
12818.4333,-1.0667,20.88,0.0,20.48,0,1,256,0,80
12818.6333,0.3333,20.48,0.0,20.64,0,1,320,0,80
12818.8333,0.0,20.48,0.0,20.5,0,16,288,0,80
12819.0333,0.0667,20.805,0.0,20.48,4,0,512,0,80
12819.2333,1.0667,20.48,0.0,20.48,2,1,256,0,80
12819.4333,0.5333,20.8,0.0,20.48,0,4,512,0,80
12819.6333,1.1333,21.12,0.0,20.48,4,4,288,8,80
12819.8333,1.0667,20.48,0.0,20.48,0,8,544,0,80
12820.0333,0.6667,20.52,0.0,20.48,0,0,512,0,80
12820.2333,1.1333,20.8,0.0,20.48,0,0,512,0,80
12820.4333,0.0,21.12,0.0,20.52,0,0,546,0,80
12820.6333,8.5667,20.48,0.0167,20.52,0,0,544,0,80
12820.8333,9.0667,20.48,0.0,20.48,0,16,512,0,80
12821.0333,9.6,20.48,0.0,20.48,0,0,516,0,80
12821.2333,9.0667,20.5,0.0,20.53,0,4,524,16,80
12821.4333,3.2,20.48,0.0,20.48,4,0,512,16,80
12821.6333,-1.0333,20.48,0.0,20.52,0,16,512,16,80
12821.8333,-0.5333,20.48,0.0,20.52,0,20,512,16,80
12822.0333,-0.5333,20.84,0.0,20.48,2,0,524,16,80
12822.2333,-0.5333,20.88,0.0,20.48,4,0,512,16,80
12822.4333,-0.5,20.82,0.0,20.48,0,16,512,16,80
12822.6333,-0.5333,20.48,0.0,20.48,0,8,512,16,80
12822.8333,-0.5333,20.8,0.0167,20.5,0,16,512,24,80
12823.0333,-0.5333,20.48,0.0,20.64,4,0,512,0,80
12823.2333,-0.5333,20.48,0.0,20.48,1,0,512,0,80
12823.4333,-0.5,20.48,0.0,20.48,0,16,256,0,80
12823.6333,-0.5,20.8,0.0,20.54,2,16,512,0,80
12823.8333,0.5333,20.48,0.0167,20.48,0,14,520,0,80
12824.0333,0.5333,20.48,0.0,20.48,4,0,516,0,80
12824.2333,0.6,20.48,0.0,20.56,0,0,256,0,80
12824.4333,0.5333,20.48,0.0,20.58,32,2,512,0,80
12824.6333,0.6667,20.48,0.0,20.48,0,4,516,0,80
12824.8333,1.0667,20.48,0.0,20.48,0,0,512,0,80
12825.0333,1.0667,20.48,0.0,20.52,0,4,512,0,80
12825.2333,0.0333,20.48,0.0,20.52,0,0,266,0,80
12825.4333,0.0,21.12,0.0,20.56,0,0,516,0,80
12825.6333,-57.5667,20.89,0.0167,20.5,8,0,512,0,80
12825.8333,0.5333,20.8,0.0,20.56,0,8,512,0,80
12826.0333,10.1333,20.48,0.0,20.52,0,0,512,8,80
12826.2333,13.3333,20.48,0.0,20.48,0,0,512,0,80
12826.4333,13.8667,20.48,0.0,20.64,0,16,256,0,80
12826.6333,9.6,20.48,0.0,20.52,0,0,513,0,80
12826.8333,-1.0667,20.48,0.0,20.48,4,0,288,0,80
12827.0333,-0.5333,20.48,0.0,20.48,0,0,512,0,80
12827.2333,-0.5333,20.48,0.0,20.48,0,0,260,0,80
12827.4333,-0.5333,20.48,0.0,20.48,0,0,257,0,80
12827.6333,-0.5333,20.48,0.0,20.48,0,0,256,16,80
12827.8333,-0.5333,20.88,0.0,20.48,8,5,258,16,80
12828.0333,-0.5333,20.48,0.0,20.52,1,16,288,16,80
12828.2333,-0.5333,20.48,0.0,20.54,0,0,256,16,80
12828.4333,0.5333,20.48,0.0,20.48,2,1,264,16,80
12828.6333,0.6,20.49,0.0,20.48,8,16,257,16,80
12828.8333,0.5333,20.48,0.0167,20.64,0,0,256,16,80
12829.0333,0.5333,21.12,0.0,20.49,4,2,264,16,80
12829.2333,0.5333,20.48,0.0,20.48,0,0,320,24,80
12829.4333,1.0667,20.5,0.0,20.48,0,0,256,0,80
12829.6333,1.0667,20.88,0.0,20.52,0,0,256,0,80
12829.8333,0.0,20.48,0.0167,20.48,0,0,289,32,80
12830.0333,0.0,20.48,0.0167,20.48,0,0,256,32,80
12830.2333,-1.0667,20.485,0.0,20.48,6,1,288,32,80
12830.4333,-6.4,20.48,0.0,20.485,0,0,256,64,80
12830.6333,-40.0,20.48,0.0,20.48,0,8,512,64,80
12830.8333,-35.2,20.49,0.0,20.48,4,0,256,0,80
12831.0333,-2.1333,20.48,0.0,20.48,0,24,512,0,80
12831.2333,8.0333,20.48,0.0,20.56,0,0,288,0,80
12831.4333,12.8,20.48,0.0,20.52,0,0,265,0,80
12831.6333,14.9333,21.12,0.0,20.52,0,16,256,0,80
12831.8333,14.9333,20.48,0.0,20.48,0,0,264,0,80
12832.0333,12.8,20.48,0.0167,20.52,0,16,256,0,80
12832.2333,5.8667,20.48,0.0,20.56,1,4,264,0,80
12832.4333,-0.5333,20.5,0.0,20.52,0,0,352,8,80
12832.6333,-0.5333,20.48,0.0,20.64,0,8,352,0,80
12832.8333,-0.5333,20.48,0.0,20.485,0,16,320,0,80
12833.0333,-0.5333,20.8,0.0,20.56,0,0,320,0,80
12833.2333,0.1333,20.5,0.0,20.48,0,0,512,0,80
12833.4333,0.1333,20.48,0.0,20.48,0,0,289,0,80
12833.6333,0.5333,20.48,0.0,20.54,0,0,512,0,80
12833.8333,0.0667,20.88,0.0167,20.48,0,0,512,0,80
12834.0333,0.2,20.89,0.0,20.5,1,16,520,16,80
12834.2333,1.0667,20.48,0.0,20.53,0,4,512,16,80
12834.4333,1.2333,20.48,0.0167,20.52,2,0,512,16,80
12834.6333,1.2,20.84,0.0167,20.56,0,0,512,16,80
12834.8333,1.2,20.88,0.0,20.48,4,0,512,16,80
12835.0333,-1.0333,20.48,0.0167,20.52,0,0,512,16,80
12835.2333,-1.5667,20.5,0.0,20.56,0,4,578,16,80
12835.4333,-5.3333,20.48,0.0,20.49,0,16,576,16,80
12835.6333,-23.9667,20.48,0.0,20.48,0,0,576,24,80
12835.8333,-31.9667,20.48,0.0,20.48,1,0,576,0,80
12836.0333,-30.9333,20.48,0.0,20.52,0,0,576,0,80
12836.2333,-13.8333,20.48,0.0167,20.49,3,16,576,0,80
12836.4333,-9.0667,20.82,0.0,20.64,0,24,512,0,80
12836.6333,0.0,20.48,0.0,20.5,0,32,516,0,80
12836.8333,7.4667,20.48,0.0,20.64,0,2,514,0,80
12837.0333,9.6,20.49,0.0,20.48,0,8,512,0,80
12837.2333,9.6,20.48,0.0,20.48,0,0,520,0,80
12837.4333,8.5333,20.49,0.0,20.48,0,16,512,0,80
12837.6333,6.9667,20.49,0.0,20.48,0,0,512,0,80
12837.8333,0.5333,20.48,0.0167,20.48,1,12,512,0,80
12838.0333,0.1333,20.48,0.0,20.48,1,1,578,0,80
12838.2333,0.5333,20.485,0.0,20.48,0,12,608,0,80
12838.4333,0.0333,20.48,0.0,20.56,0,0,768,0,80
12838.6333,0.0,20.88,0.0167,20.52,2,0,768,0,80
12838.8333,0.0333,20.48,0.0,20.52,0,2,832,8,80
12839.0333,0.1333,20.48,0.0,20.48,0,1,834,0,80
12839.2333,0.6,20.48,0.0,20.56,0,4,864,0,80
12839.4333,0.1333,20.5,0.0,20.52,0,2,864,0,80
12839.6333,0.0,20.48,0.0,20.49,0,0,840,0,80
12839.8333,0.5333,20.48,0.0167,20.485,0,0,832,0,80
12840.0333,-12.2,20.5,0.0,20.48,0,0,32,0,80
12840.2333,-4.1333,20.49,0.0,20.48,0,17,0,0,80
12840.4333,3.2,20.48,0.0,20.52,0,16,0,16,80
12840.6333,6.4,20.52,0.0167,20.48,0,8,864,16,80
12840.8333,8.6667,20.48,0.0167,20.48,0,0,864,16,80
12841.0333,9.6,20.48,0.0,20.5,0,0,833,16,80
12841.2333,10.6667,20.48,0.0,20.48,2,4,773,16,80
12841.4333,4.2667,20.48,0.0167,20.56,0,16,768,16,80
12841.6333,-0.5333,20.48,0.0,20.48,3,1,768,16,80
12841.8333,-0.5333,20.48,0.0,20.56,0,16,833,16,80
12842.0333,-0.5,20.48,0.0,20.48,0,0,800,24,80
12842.2333,-0.5333,20.48,0.0,20.48,0,0,801,0,80
12842.4333,1.0667,20.48,0.0,20.52,2,2,768,0,80
12842.6333,0.5333,20.48,0.0,20.48,0,0,544,32,80
12842.8333,1.1333,20.48,0.0,20.48,0,0,544,32,80
12843.0333,0.6,20.48,0.0,20.52,0,4,512,32,80
12843.2333,0.5333,20.49,0.0,20.54,0,8,544,0,80
12843.4333,0.5667,20.48,0.0,20.48,0,2,546,0,80
12843.6333,0.5333,20.48,0.0,20.49,0,0,544,0,80
12843.8333,0.5333,20.49,0.0,20.52,0,8,544,0,80
12844.0333,1.0667,20.48,0.0167,20.48,0,16,544,0,80
12844.2333,1.1,20.48,0.0,20.48,0,0,576,0,80
12844.4333,-2.0,20.48,0.0,20.48,2,0,512,0,80
12844.6333,-0.5333,20.48,0.0,20.48,4,0,512,0,80
12844.8333,-1.0667,20.48,0.0,20.52,0,5,608,0,80
12845.0333,0.0,20.48,0.0,20.52,0,0,584,0,80
12845.2333,0.1333,20.48,0.0,20.56,0,0,608,8,80
12845.4333,0.0,20.48,0.0,20.52,0,20,512,0,80
12845.6333,-0.9333,20.48,0.0,20.48,4,16,608,0,80
12845.8333,-1.0667,20.48,0.0,20.48,0,16,608,0,80
12846.0333,-0.5333,20.48,0.0,20.49,0,16,512,0,80
12846.2333,-8.5333,20.48,0.0167,20.52,6,20,512,0,80
12846.4333,-51.1667,20.48,0.0167,20.48,0,18,512,0,80
12846.6333,-45.8333,20.5,0.0,20.48,0,0,512,0,80
12846.8333,-29.3,20.48,0.0167,20.48,0,0,512,16,80
12847.0333,0.5333,20.48,0.0167,20.5,2,8,608,16,80
12847.2333,1.1,20.48,0.0,20.485,0,0,516,16,80
12847.4333,1.0667,20.48,0.0167,20.52,4,0,512,16,80
12847.6333,0.0,20.52,0.0,20.48,0,2,512,16,80
12847.8333,0.0,20.49,0.0,20.53,0,0,512,16,80
12848.0333,0.0333,20.48,0.0,20.48,0,0,512,16,80
12848.2333,1.0667,20.48,0.0,20.48,2,0,512,16,80
12848.4333,1.6,20.8,0.0,20.56,8,2,608,24,80
12848.6333,1.0667,20.48,0.0,20.48,0,8,580,0,80
12848.8333,0.0,20.48,0.0167,20.48,0,0,612,0,80
12849.0333,-2.1333,20.48,0.0,20.49,4,0,514,0,80
12849.2333,-0.5333,20.48,0.0,20.48,0,4,576,0,80
12849.4333,-79.8,20.48,0.0,20.64,0,0,512,0,80
12849.6333,-4.1333,20.48,0.0,20.48,2,0,576,0,80
12849.8333,-13.8667,20.48,0.0167,20.52,0,0,512,0,80
12850.0333,4.4667,20.49,0.0,20.54,2,8,512,0,80
12850.2333,8.0,20.48,0.0,20.48,0,0,352,0,80
12850.4333,8.7333,20.48,0.0,20.48,0,0,512,0,80
12850.6333,9.0667,20.48,0.0,20.52,8,4,320,0,80
12850.8333,10.1333,20.49,0.0,20.56,0,0,512,0,80
12851.0333,8.0,20.48,0.0,20.56,0,0,512,0,80
12851.2333,2.6667,20.48,0.0,20.54,0,0,512,0,80
12851.4333,-2.1333,20.48,0.0,20.48,0,16,512,0,80
12851.6333,-1.0667,20.48,0.0,20.48,0,8,352,8,80
12851.8333,-0.5333,20.48,0.0,20.52,0,20,512,0,80
12852.0333,-0.5,20.49,0.0,20.48,8,0,320,0,80
12852.2333,-0.5333,20.48,0.0,20.56,0,0,512,0,80
12852.4333,0.5333,20.8,0.0,20.52,0,16,256,0,80
12852.6333,0.5333,20.48,0.0,20.56,1,0,256,0,80
12852.8333,1.0667,20.48,0.0,20.48,2,1,264,0,80
12853.0333,0.5333,20.5,0.0,20.56,0,0,256,0,80
12853.2333,1.0667,20.8,0.0167,20.48,0,0,512,16,80
12853.4333,1.0667,20.48,0.0,20.48,0,16,256,16,80
12853.6333,1.2,20.48,0.0,20.49,3,0,256,16,80
12853.8333,1.0667,20.48,0.0,20.56,0,0,512,16,80
12854.0333,0.5333,20.48,0.0,20.56,0,2,544,16,80
12854.2333,-1.0667,20.48,0.0,20.48,0,1,544,16,80
12854.4333,-1.6,20.48,0.0,20.52,0,20,544,16,80
12854.6333,-1.0667,20.48,0.0,20.58,8,16,544,16,80
12854.8333,-8.5333,20.5,0.0,20.52,4,0,576,24,80
12855.0333,-9.0667,20.48,0.0,20.48,0,16,512,0,80
12855.2333,-56.5333,20.88,0.0,20.56,0,4,512,0,80
12855.4333,-32.9333,20.485,0.0,20.48,2,0,516,32,80
12855.6333,-13.3333,20.8,0.0,20.52,0,0,512,32,80
12855.8333,2.6667,20.88,0.0,20.52,0,0,520,32,80
12856.0333,10.6667,20.48,0.0,20.5,0,16,512,64,80
12856.2333,12.2667,20.48,0.0,20.48,2,0,512,64,80
12856.4333,14.4,20.48,0.0,20.56,0,4,512,0,80
12856.6333,18.1333,20.48,0.0,20.49,2,0,512,0,80
12856.8333,16.5667,20.48,0.0,20.48,0,0,512,0,80
12857.0333,0.6,20.88,0.0,20.48,0,2,512,0,80
12857.2333,0.2,20.48,0.0167,20.64,0,0,512,0,80
12857.4333,0.6,20.48,0.0,20.48,0,11,512,0,80
12857.6333,1.0667,20.48,0.0,20.52,2,0,512,0,80
12857.8333,1.0667,20.48,0.0,20.48,2,8,512,0,80
12858.0333,1.6333,20.88,0.0,20.48,8,0,512,8,80
12858.2333,0.5333,20.48,0.0,20.52,0,1,512,0,80
12858.4333,1.2333,20.48,0.0,20.52,0,0,512,0,80
12858.6333,0.0,20.49,0.0,20.52,1,0,512,0,80
12858.8333,-4.2667,20.485,0.0,20.48,0,2,512,0,80
12859.0333,3.2,20.48,0.0,20.48,0,5,512,0,80
12859.2333,5.8667,20.48,0.0,20.48,8,2,512,0,80
12859.4333,8.0,20.48,0.0,20.52,4,0,512,0,80
12859.6333,11.2,20.48,0.0,20.52,0,0,512,16,80
12859.8333,11.7333,20.485,0.0,20.52,0,0,514,16,80
12860.0333,9.6,20.48,0.0,20.48,0,8,512,16,80
12860.2333,1.0667,20.48,0.0,20.52,0,0,520,16,80
12860.4333,-6.4,20.48,0.0167,20.48,0,0,512,16,80
12860.6333,-13.3,20.48,0.0,20.48,0,0,512,16,80
12860.8333,-12.7667,20.48,0.0,20.48,0,0,520,16,80
12861.0333,-10.1333,20.48,0.0,20.52,0,8,512,16,80
12861.2333,-6.4,20.88,0.0,20.565,0,0,512,24,80
12861.4333,-5.8333,20.5,0.0,20.49,2,0,512,0,80
12861.6333,-5.3,20.89,0.0167,20.54,0,0,512,0,80
12861.8333,-2.6667,20.48,0.0,20.52,2,0,512,128,80
12862.0333,0.0,20.48,0.0167,20.48,0,10,512,128,80
12862.2333,0.0333,20.48,0.0,20.56,0,2,512,128,80
12862.4333,0.0,20.48,0.0,20.48,8,8,516,128,80
12862.6333,0.0,20.5,0.0,20.52,4,4,256,128,80
12862.8333,0.0,20.48,0.0167,20.58,0,0,512,128,80
12863.0333,1.0667,20.48,0.0,20.52,2,0,256,128,80
12863.2333,0.0,20.48,0.0,20.52,2,4,256,128,80
12863.4333,0.0,20.48,0.0,20.52,0,1,256,128,80
12863.6333,0.0,20.48,0.0,20.56,0,0,258,128,80
12863.8333,13.8667,20.8,0.0,20.52,5,0,288,128,80
12864.0333,6.4,20.48,0.0,20.48,0,16,320,128,80
12864.2333,3.7333,20.48,0.0,20.52,0,0,258,128,80
12864.4333,-4.2333,20.48,0.0,20.48,0,17,256,136,80
12864.6333,-5.8667,20.48,0.0167,20.56,0,0,256,128,80
12864.8333,-3.2,20.48,0.0,20.52,0,0,256,128,80
12865.0333,-4.2667,20.8,0.0,20.52,0,4,256,128,80
12865.2333,-3.7333,20.49,0.0,20.5,0,1,256,128,80
12865.4333,-2.1333,20.5,0.0,20.48,9,0,288,128,80
12865.6333,-1.5667,20.48,0.0,20.535,0,0,512,128,80
12865.8333,-4.2667,20.48,0.0,20.5,0,0,264,128,80
12866.0333,-4.8,20.48,0.0167,20.52,0,16,256,144,80
12866.2333,-4.2667,20.48,0.0167,20.48,0,5,513,144,80
12866.4333,0.6667,20.48,0.0167,20.52,0,0,512,144,80
12866.6333,0.5333,20.48,0.0,20.52,0,0,260,144,80
12866.8333,0.6667,20.48,0.0,20.52,0,0,520,144,80
12867.0333,0.0,20.48,0.0,20.52,0,0,512,144,80
12867.2333,0.0,20.48,0.0167,20.48,0,4,520,144,80
12867.4333,0.6667,20.48,0.0,20.48,0,2,512,144,80
12867.6333,0.0,20.48,0.0167,20.48,1,0,512,152,80
12867.8333,1.2,20.48,0.0,20.56,0,2,512,128,80
12868.0333,0.0333,20.89,0.0,20.56,0,0,520,128,80
12868.2333,0.0,20.48,0.0,20.56,4,10,512,160,80
12868.4333,12.8333,20.48,0.0,20.5,0,17,512,160,80
12868.6333,14.9333,20.48,0.0,20.48,4,16,512,160,80
12868.8333,12.8,20.485,0.0,20.48,4,16,516,0,80
12869.0333,2.1333,20.48,0.0,20.48,4,0,512,0,80
12869.2333,-1.0667,20.48,0.0,20.48,0,0,544,0,80
12869.4333,-1.0667,20.48,0.0,20.5,0,0,520,0,80
12869.6333,-0.5333,20.48,0.0,20.525,0,16,512,0,80
12869.8333,-0.5333,20.895,0.0,20.48,0,0,512,0,80
12870.0333,-0.5333,20.48,0.0,20.56,0,0,512,0,80
12870.2333,-1.0667,20.48,0.0,20.48,4,8,512,0,80
12870.4333,-1.0333,20.48,0.0167,20.52,0,0,512,0,80
12870.6333,-1.0667,20.48,0.0,20.52,2,16,512,0,80
12870.8333,-1.0667,20.48,0.0167,20.48,0,16,512,8,80
12871.0333,-5.8667,20.48,0.0,20.52,0,0,512,0,80
12871.2333,0.6667,20.48,0.0,20.48,0,0,512,0,80
12871.4333,0.0,20.49,0.0,20.48,1,8,520,0,80
12871.6333,0.0,20.48,0.0,20.5,2,8,512,0,80
12871.8333,1.2,20.5,0.0,20.52,0,0,516,0,80
12872.0333,0.5667,20.48,0.0,20.535,0,4,514,0,80
12872.2333,1.0667,20.48,0.0,20.48,8,5,512,0,80
12872.4333,1.2,20.49,0.0167,20.48,0,0,512,16,80
12872.6333,0.0,20.48,0.0,20.48,0,0,512,16,80
12872.8333,16.0,20.48,0.0167,20.52,0,0,512,16,80
12873.0333,17.0667,20.48,0.0,20.48,0,0,512,16,80
12873.2333,14.9667,20.48,0.0,20.49,0,0,512,16,80
12873.4333,11.2,20.48,0.0,20.5,0,2,544,16,80
12873.6333,4.8,20.48,0.0,20.52,0,0,512,16,80
12873.8333,-0.9333,20.48,0.0,20.48,0,1,512,16,80
12874.0333,-1.0333,20.48,0.0,20.48,0,4,512,24,80
12874.2333,-1.0333,20.48,0.0,20.48,0,1,513,0,80
12874.4333,-0.5333,20.48,0.0,20.52,0,4,512,0,80
12874.6333,-0.5333,20.48,0.0,20.48,4,0,513,0,80
12874.8333,-0.5,20.48,0.0,20.48,0,4,512,0,80
12875.0333,-0.5333,20.48,0.0,20.48,0,4,512,0,80
12875.2333,-1.0667,20.48,0.0,20.48,0,0,512,0,80
12875.4333,-1.0333,20.48,0.0,20.48,4,4,512,0,80
12875.6333,-0.5,20.48,0.0,20.48,0,0,512,0,80
12875.8333,-117.8333,20.48,0.0,20.48,0,0,512,0,80
12876.0333,0.0,20.48,0.0,20.5,0,0,520,0,80
12876.2333,0.0,20.48,0.0,20.48,0,0,520,0,80
12876.4333,0.0333,20.48,0.0,20.48,0,2,544,0,80
12876.6333,0.1667,20.48,0.0,20.48,0,0,544,0,80
12876.8333,0.1333,20.88,0.0,20.48,0,4,544,0,80
12877.0333,0.0,20.48,0.0167,20.48,2,4,544,0,80
12877.2333,0.0,20.48,0.0,20.5,0,0,512,8,80
12877.4333,10.1333,20.48,0.0,20.48,0,8,512,0,80
12877.6333,10.8,20.48,0.0,20.48,0,0,515,0,80
12877.8333,10.7,20.48,0.0167,20.525,2,17,512,0,80
12878.0333,8.0,20.48,0.0,20.5,0,0,544,0,80
12878.2333,0.5333,20.49,0.0,20.48,0,16,548,0,80
12878.4333,-0.5333,20.48,0.0,20.48,0,24,514,0,80
12878.6333,-0.5333,20.48,0.0,20.48,0,16,544,0,80
12878.8333,-0.5333,20.48,0.0,20.485,0,1,544,16,80
12879.0333,-0.5333,20.48,0.0,20.52,8,0,544,16,80
12879.2333,-0.5333,20.88,0.0,20.48,0,0,544,16,80
12879.4333,-0.5,20.48,0.0,20.48,0,1,516,16,80
12879.6333,-0.5333,20.88,0.0,20.49,0,16,516,16,80
12879.8333,0.5333,20.48,0.0,20.48,4,16,544,16,80
12880.0333,0.0,20.48,0.0,20.48,0,8,512,16,80
12880.2333,0.5333,20.48,0.0,20.49,0,0,512,16,80
12880.4333,0.5333,20.485,0.0,20.48,0,16,514,24,80
12880.6333,0.0333,20.48,0.0,20.48,1,0,513,0,80
12880.8333,0.0,20.48,0.0,20.48,0,0,512,0,80
12881.0333,0.0,20.8,0.0,20.48,1,16,512,32,80
12881.2333,0.5667,20.48,0.0167,20.48,2,0,512,32,80
12881.4333,0.0,20.88,0.0,20.48,0,8,512,32,80
12881.6333,0.5667,20.48,0.0,20.48,0,9,520,64,80
12881.8333,-1.0667,20.48,0.0,20.48,0,16,512,64,80
12882.0333,-2.1333,20.8,0.0,20.48,0,16,512,0,80
12882.2333,-0.5333,20.48,0.0,20.52,0,16,516,0,80
12882.4333,-0.5333,20.48,0.0,20.48,0,16,512,0,80
12882.6333,-0.5333,20.48,0.0,20.48,0,16,514,0,80
12882.8333,-0.5333,20.48,0.0167,20.52,1,16,544,0,80
12883.0333,-0.5333,20.88,0.0,20.48,0,9,512,0,80
12883.2333,-1.0667,20.48,0.0,20.52,0,0,513,0,80
12883.4333,-0.5333,20.48,0.0,20.48,0,0,512,0,80
12883.6333,-1.0667,20.5,0.0,20.48,8,16,512,8,80
12883.8333,-1.6,20.48,0.0,20.48,0,16,514,0,80
12884.0333,-1.6,20.48,0.0,20.48,0,5,576,0,80
12884.2333,-2.1333,20.48,0.0,20.48,0,2,512,0,80
12884.4333,0.1333,20.48,0.0,20.48,0,2,516,0,80
12884.6333,0.5667,20.48,0.0,20.52,0,0,516,0,80
12884.8333,0.0,20.48,0.0,20.52,0,0,608,0,80
12885.0333,0.0,20.48,0.0,20.48,0,16,512,0,80
12885.2333,0.1333,20.82,0.0,20.48,0,4,528,16,80
12885.4333,0.1333,20.48,0.0,20.52,0,0,512,16,80
12885.6333,0.0,20.48,0.0167,20.49,0,0,513,16,80
12885.8333,1.0667,20.48,0.0,20.56,2,0,520,16,80
12886.0333,0.5667,20.48,0.0167,20.48,0,8,512,16,80
12886.2333,0.0,20.48,0.0,20.48,0,2,512,16,80
12886.4333,-1.6,20.89,0.0,20.48,0,0,520,16,80
12886.6333,-0.5333,20.48,0.0,20.48,0,0,578,16,80
12886.8333,-0.9333,20.48,0.0,20.48,4,0,512,24,80
12887.0333,-0.5333,20.48,0.0167,20.48,0,8,512,0,80
12887.2333,-1.0667,20.48,0.0,20.485,0,0,512,0,80
12887.4333,-1.0667,20.48,0.0,20.48,0,0,512,0,80
12887.6333,-0.5333,20.48,0.0,20.48,0,0,512,0,80
12887.8333,-0.5333,20.48,0.0,20.48,0,16,512,0,80
12888.0333,-1.0667,20.48,0.0,20.52,0,17,512,0,80
12888.2333,-3.2,20.48,0.0,20.48,0,1,520,0,80
12888.4333,-15.4333,20.48,0.0,20.48,4,16,512,0,80
12888.6333,-22.9333,20.48,0.0,20.54,0,0,520,0,80
12888.8333,-26.1333,20.48,0.0,20.53,0,16,512,0,80
12889.0333,-10.6667,20.48,0.0,20.52,0,16,512,0,80
12889.2333,5.3667,20.48,0.0,20.48,0,0,530,0,80
12889.4333,0.0,20.48,0.0,20.485,0,2,512,0,80
12889.6333,0.0,20.48,0.0,20.48,0,0,544,0,80
12889.8333,0.0,20.48,0.0,20.48,0,0,512,0,80
12890.0333,1.2,20.48,0.0,20.48,0,0,512,8,80
12890.2333,1.2333,20.48,0.0,20.48,0,0,576,0,80
12890.4333,1.0667,20.48,0.0,20.5,0,1,513,0,80
12890.6333,1.0667,20.5,0.0,20.52,5,0,512,0,80
12890.8333,0.5333,20.48,0.0,20.48,2,0,512,0,80
12891.0333,1.1667,20.8,0.0,20.48,2,8,512,0,80
12891.2333,0.5667,20.48,0.0167,20.48,2,8,512,0,80
12891.4333,-1.6,20.48,0.0,20.48,0,4,513,0,80
12891.6333,-1.0667,20.48,0.0,20.48,2,0,512,16,80
12891.8333,-0.9667,20.88,0.0167,20.48,0,0,516,16,80
12892.0333,-6.0667,20.88,0.0167,20.485,4,0,516,16,80
12892.2333,-6.3667,20.48,0.0,20.5,0,0,512,16,80
12892.4333,-5.2,20.48,0.0167,20.48,0,0,512,16,80
12892.6333,-6.3333,20.49,0.0,20.48,1,0,512,16,80
12892.8333,-5.3333,20.48,0.0,20.48,0,0,516,16,80
12893.0333,-2.6667,20.48,0.0,20.48,1,0,512,16,80
12893.2333,-1.6,20.48,0.0,20.485,0,4,256,24,80
12893.4333,-1.0667,20.48,0.0,20.48,0,20,512,0,80
12893.6333,-1.0667,20.48,0.0,20.48,0,0,512,0,80
12893.8333,-0.5333,20.5,0.0,20.48,0,0,512,32,80
12894.0333,-14.9,20.48,0.0,20.48,0,0,288,32,80
12894.2333,-33.6,20.88,0.0,20.485,2,2,512,32,80
12894.4333,0.0,20.48,0.0,20.48,0,0,288,0,80
12894.6333,0.5333,20.48,0.0,20.48,0,0,512,0,80
12894.8333,0.5333,20.48,0.0,20.48,0,8,260,0,80
12895.0333,0.6667,20.48,0.0,20.48,0,0,512,0,80
12895.2333,0.1333,20.48,0.0167,20.48,0,0,512,0,80
12895.4333,1.2333,20.48,0.0167,20.48,8,8,257,0,80
12895.6333,1.0667,20.48,0.0,20.48,0,12,512,0,80
12895.8333,0.2667,20.48,0.0167,20.48,0,16,512,0,80
12896.0333,0.6,20.48,0.0,20.48,0,1,512,0,80
12896.2333,-0.7333,20.48,0.0,20.48,2,0,512,0,80
12896.4333,-1.5667,20.48,0.0167,20.48,0,0,512,8,80
12896.6333,-1.0333,20.48,0.0,20.48,4,0,512,0,80
12896.8333,-1.0667,20.48,0.0,20.48,0,0,546,0,80
12897.0333,-1.0667,20.48,0.0167,20.48,0,0,512,0,80
12897.2333,-1.0333,20.48,0.0,20.48,0,18,544,0,80
12897.4333,-1.0667,20.52,0.0167,20.5,0,20,512,0,80
12897.6333,-1.0667,20.48,0.0,20.48,0,24,512,0,80
12897.8333,-1.0667,20.48,0.0,20.48,4,0,512,0,80
12898.0333,0.0,20.48,0.0,20.48,0,1,548,16,80
12898.2333,0.0,20.48,0.0,20.5,0,0,544,16,80
12898.4333,1.0667,20.48,0.0167,20.48,0,16,512,16,80
12898.6333,0.5333,20.48,0.0,20.52,0,0,512,16,80
12898.8333,0.0,20.48,0.0,20.48,0,0,512,16,80
12899.0333,0.0,20.48,0.0,20.48,4,1,512,16,80
12899.2333,0.0,20.48,0.0,20.48,0,0,512,16,80
12899.4333,0.5333,20.48,0.0,20.48,0,2,544,16,80
12899.6333,0.5667,20.48,0.0,20.48,0,0,512,24,80
12899.8333,0.5333,20.48,0.0,20.48,0,8,544,0,80
12900.0333,0.6,20.48,0.0,20.48,0,0,512,0,80
12900.2333,1.1333,20.48,0.0,20.48,0,0,512,0,80
12900.4333,1.1667,20.48,0.0,20.48,0,8,512,0,80
12900.6333,0.5333,20.48,0.0167,20.48,0,8,512,0,80
12900.8333,0.5333,20.48,0.0,20.52,0,0,544,0,80
12901.0333,-1.8,20.48,0.0,20.48,0,16,512,0,80
12901.2333,-12.8,20.48,0.0,20.48,0,8,512,0,80
12901.4333,-3.2,20.48,0.0,20.52,0,16,512,0,80
12901.6333,-2.1,20.48,0.0,20.52,0,0,512,0,80
12901.8333,0.0,20.48,0.0,20.5,0,20,512,0,80
12902.0333,0.5333,20.48,0.0,20.48,0,25,512,0,80
12902.2333,0.5333,20.48,0.0,20.48,0,0,544,0,80
12902.4333,0.0,20.48,0.0,20.48,0,0,512,0,80
12902.6333,0.0,20.48,0.0,20.48,4,0,512,0,80
12902.8333,0.0333,20.48,0.0,20.48,0,0,512,8,80
12903.0333,8.5667,20.48,0.0,20.48,0,0,544,0,80
12903.2333,10.6667,20.48,0.0,20.48,0,16,512,0,80
12903.4333,11.7333,20.48,0.0167,20.5,0,0,512,0,80
12903.6333,13.3333,20.48,0.0,20.5,0,0,512,0,80
12903.8333,16.0333,20.48,0.0,20.48,0,0,512,0,80
12904.0333,0.0,20.48,0.0,20.52,0,6,513,0,80
12904.2333,0.5333,20.48,0.0167,20.48,1,0,512,0,80
12904.4333,0.0,20.48,0.0,20.48,0,0,513,16,80
12904.6333,0.5333,20.5,0.0,20.52,0,8,520,16,80
12904.8333,0.1333,20.5,0.0,20.48,0,4,516,16,80
12905.0333,0.8667,20.56,0.0,20.48,0,2,512,16,80
12905.2333,0.3333,20.48,0.0167,20.48,0,4,520,16,80
12905.4333,0.0,20.48,0.0167,20.48,1,0,512,16,80
12905.6333,0.2667,20.48,0.0167,20.485,0,0,520,16,80
12905.8333,0.0,20.5,0.0,20.485,0,0,544,16,80
12906.0333,0.5333,20.48,0.0,20.52,0,0,546,24,80
12906.2333,0.5333,20.48,0.0167,20.48,1,0,512,0,80
12906.4333,0.5333,20.48,0.0167,20.48,0,16,544,0,80
12906.6333,0.0333,20.48,0.0,20.52,0,0,512,32,80
12906.8333,-0.5333,20.48,0.0,20.48,2,0,512,32,80
12907.0333,-0.5333,20.48,0.0,20.48,0,1,512,32,80
12907.2333,-0.5333,20.48,0.0,20.48,0,8,520,64,80
12907.4333,-1.0667,20.56,0.0,20.48,2,1,512,64,80
12907.6333,-5.8667,20.48,0.0,20.48,0,0,512,0,80
12907.8333,-41.6,20.48,0.0167,20.48,0,20,512,0,80
12908.0333,-65.6,20.48,0.0,20.48,0,4,256,0,80
12908.2333,-48.5333,20.48,0.0,20.48,0,16,288,0,80
12908.4333,-29.3333,20.48,0.0,20.48,0,4,512,0,80
12908.6333,-13.3333,20.52,0.0,20.5,0,0,512,0,80
12908.8333,-4.2667,20.48,0.0,20.48,0,0,512,0,80
12909.0333,2.6667,20.48,0.0,20.48,4,0,514,0,80
12909.2333,0.5333,20.48,0.0,20.48,0,8,512,8,80
12909.4333,0.0,20.52,0.0,20.48,0,0,516,0,80
12909.6333,0.6667,20.48,0.0,20.48,0,0,512,0,80
12909.8333,0.6,20.52,0.0,20.48,0,0,516,0,80
12910.0333,0.0,20.48,0.0,20.52,0,2,512,0,80
12910.2333,0.0,20.48,0.0,20.48,1,2,512,0,80
12910.4333,0.5333,20.56,0.0,20.48,0,12,544,0,80
12910.6333,0.0,20.48,0.0,20.52,0,0,512,0,80
12910.8333,0.0,20.48,0.0,20.48,0,0,512,16,80
12911.0333,-10.6667,20.48,0.0,20.5,0,0,512,16,80
12911.2333,-10.6333,20.48,0.0,20.485,0,0,544,16,80
12911.4333,-3.1667,20.48,0.0,20.48,8,0,512,16,80
12911.6333,-2.1333,20.48,0.0,20.48,0,1,544,16,80
12911.8333,-0.5333,20.48,0.0,20.52,0,8,512,16,80
12912.0333,-0.5333,20.48,0.0,20.48,1,16,512,16,80
12912.2333,-1.0333,20.48,0.0,20.49,0,0,516,16,80
12912.4333,-1.8,20.48,0.0,20.48,0,8,512,24,80
12912.6333,-7.4667,20.56,0.0,20.48,0,0,512,0,80
12912.8333,-3.2,20.48,0.0,20.52,1,0,512,0,80
12913.0333,-1.0667,20.48,0.0,20.48,0,16,512,128,80
12913.2333,0.5333,20.48,0.0,20.48,0,2,512,128,80
12913.4333,0.5333,20.52,0.0,20.5,0,0,544,128,80
12913.6333,0.2667,20.48,0.0,20.49,0,0,544,128,80
12913.8333,0.5333,20.48,0.0,20.485,1,2,512,128,80
12914.0333,0.8,20.48,0.0,20.52,0,8,512,128,80
12914.2333,0.0,20.48,0.0,20.48,0,0,512,128,80
12914.4333,1.0667,20.48,0.0,20.48,0,0,544,128,80
12914.6333,1.0667,20.52,0.0,20.48,0,0,520,128,80
12914.8333,0.0,20.48,0.0,20.48,0,0,578,128,80
12915.0333,0.0,20.48,0.0,20.48,0,0,512,128,80
12915.2333,0.0,20.48,0.0,20.48,2,0,544,128,80
12915.4333,-2.0667,20.48,0.0,20.52,0,16,512,128,80
12915.6333,-0.5333,20.48,0.0,20.48,0,4,512,136,80
12915.8333,-2.1333,20.48,0.0,20.48,0,0,512,128,80
12916.0333,-3.7333,20.48,0.0,20.52,0,17,544,128,80
12916.2333,-8.5333,20.48,0.0,20.48,0,1,512,128,80
12916.4333,-8.5,20.48,0.0167,20.52,2,0,512,128,80
12916.6333,0.0,20.485,0.0,20.48,0,0,548,128,80
12916.8333,4.2667,20.48,0.0,20.485,0,3,512,128,80
12917.0333,13.3333,20.48,0.0,20.48,0,0,576,128,80
12917.2333,13.8667,20.48,0.0,20.48,0,20,514,144,80
12917.4333,0.5333,20.48,0.0167,20.48,0,16,545,144,80
12917.6333,0.0,20.49,0.0,20.48,2,2,512,144,80
12917.8333,1.0667,20.48,0.0,20.48,0,16,552,144,80
12918.0333,0.0,20.48,0.0,20.48,2,0,512,144,80
12918.2333,0.0,20.48,0.0,20.52,8,4,544,144,80
12918.4333,0.5333,20.48,0.0,20.52,0,0,514,144,80
12918.6333,0.0,20.48,0.0167,20.48,0,88,516,144,80
12918.8333,0.8,20.48,0.0,20.48,0,4,512,152,80
12919.0333,1.0667,20.48,0.0,20.48,0,0,320,128,80
12919.2333,1.3333,20.48,0.0,20.48,0,4,576,128,80
12919.4333,1.1,20.48,0.0,20.48,0,0,514,160,80
12919.6333,1.0667,20.48,0.0167,20.52,0,97,576,160,80
12919.8333,-5.2667,20.48,0.0,20.48,0,4,544,160,80
12920.0333,-8.0,20.48,0.0,20.48,0,0,512,0,80
12920.2333,-21.3333,20.48,0.0167,20.48,0,0,512,0,80
12920.4333,-14.9333,20.48,0.0,20.48,0,0,552,0,80
12920.6333,-3.2,20.48,0.0,20.48,1,16,544,0,80
12920.8333,0.0333,20.48,0.0,20.48,0,0,516,0,80
12921.0333,4.2667,20.48,0.0167,20.48,0,0,512,0,80
12921.2333,5.3333,20.48,0.0,20.48,0,16,544,0,80
12921.4333,8.0,20.48,0.0,20.52,1,16,544,0,80
12921.6333,0.0,20.48,0.0,20.52,0,0,512,0,80
12921.8333,0.0,20.5,0.0167,20.49,0,0,576,0,80
12922.0333,0.0,20.48,0.0,20.52,2,16,512,8,80
12922.2333,1.0667,20.48,0.0,20.48,0,0,544,0,80
12922.4333,1.0667,20.48,0.0,20.48,0,0,544,0,80
12922.6333,-0.5,20.48,0.0167,20.52,0,0,512,0,80
12922.8333,-0.5333,20.48,0.0,20.48,0,4,512,0,80
12923.0333,0.2667,20.48,0.0,20.48,1,8,544,0,80
12923.2333,0.5333,20.48,0.0,20.48,0,4,512,0,80
12923.4333,0.5333,20.48,0.0,20.48,2,0,544,0,80
12923.6333,1.0667,20.48,0.0,20.48,0,0,512,16,80
12923.8333,1.0667,20.48,0.0,20.49,0,0,512,16,80
12924.0333,1.1333,20.48,0.0,20.54,0,0,512,16,80
12924.2333,1.0667,20.48,0.0,20.48,4,1,544,16,80
12924.4333,0.0,20.48,0.0,20.48,0,0,576,16,80
12924.6333,0.0,20.48,0.0,20.48,0,0,520,16,80
12924.8333,-12.8,20.48,0.0,20.5,4,0,576,16,80
12925.0333,-17.0667,20.48,0.0167,20.48,2,0,584,16,80
12925.2333,-24.4667,20.54,0.0,20.49,0,0,576,24,80
12925.4333,-10.4667,20.48,0.0,20.49,0,5,577,0,80
12925.6333,0.0,20.48,0.0,20.48,4,0,610,0,80
12925.8333,0.2667,20.48,0.0,20.52,0,0,608,0,80
12926.0333,0.0333,20.48,0.0,20.48,0,0,578,0,80
12926.2333,0.0,20.52,0.0,20.48,0,0,512,0,80
12926.4333,1.0667,20.48,0.0167,20.48,0,0,520,0,80
12926.6333,0.0,20.48,0.0,20.52,2,0,512,0,80
12926.8333,10.6667,20.48,0.0,20.54,0,4,512,0,80
12927.0333,4.2667,20.48,0.0,20.48,2,4,512,0,80
12927.2333,-1.0667,20.48,0.0167,20.48,0,0,513,0,80
12927.4333,-1.0667,20.48,0.0,20.48,0,0,512,0,80
12927.6333,-0.5333,20.48,0.0,20.5,0,17,516,0,80
12927.8333,0.0,20.49,0.0,20.48,0,0,520,0,80
12928.0333,0.2667,20.48,0.0,20.52,0,0,576,0,80
12928.2333,1.0667,20.48,0.0,20.48,0,1,512,0,80
12928.4333,1.0667,20.48,0.0,20.48,4,0,512,8,80
12928.6333,1.0667,20.52,0.0167,20.52,0,0,513,0,80
12928.8333,1.0667,20.48,0.0,20.485,0,64,512,0,80
12929.0333,0.0,20.5,0.0,20.48,0,0,512,0,80
12929.2333,0.0,20.48,0.0167,20.48,0,4,512,0,80
12929.4333,0.0,20.48,0.0,20.48,0,0,512,0,80
12929.6333,-19.0667,20.48,0.0,20.56,0,0,516,0,80
12929.8333,0.0,20.52,0.0,20.49,2,16,512,0,80
12930.0333,0.2667,20.48,0.0,20.52,0,1,769,16,80
12930.2333,1.0667,20.48,0.0,20.48,0,1,512,16,80
12930.4333,0.0,20.48,0.0,20.48,0,0,512,16,80
12930.6333,0.5333,20.48,0.0,20.48,0,0,544,16,80
12930.8333,9.0667,20.48,0.0,20.48,0,0,512,16,80
12931.0333,8.5333,20.56,0.0,20.48,0,0,512,16,80
12931.2333,8.5333,20.48,0.0,20.56,4,0,544,16,80
12931.4333,8.5333,20.48,0.0,20.48,0,0,512,16,80
12931.6333,9.0667,20.48,0.0,20.49,2,0,513,24,80
12931.8333,6.9333,20.48,0.0,20.49,0,0,512,0,80
12932.0333,0.5333,20.48,0.0,20.48,0,0,512,0,80
12932.2333,-0.5333,20.48,0.0,20.48,0,0,513,32,80
12932.4333,0.5333,20.5,0.0,20.48,0,4,512,32,80
12932.6333,0.5333,20.48,0.0,20.48,0,0,512,32,80
12932.8333,0.5333,20.48,0.0,20.5,0,0,512,64,80
12933.0333,1.1333,20.48,0.0,20.48,0,64,768,64,80
12933.2333,1.0667,20.48,0.0,20.48,0,0,768,0,80
12933.4333,1.1,20.48,0.0,20.485,0,0,776,0,80
12933.6333,0.5667,20.48,0.0167,20.48,0,1,768,0,80
12933.8333,-2.1333,20.48,0.0,20.48,0,4,768,0,80
12934.0333,-1.6,20.48,0.0,20.48,0,8,768,0,80
12934.2333,-2.1333,20.48,0.0,20.49,0,0,776,0,80
12934.4333,-2.1333,20.48,0.0,20.48,0,2,768,0,80
12934.6333,-5.3333,20.48,0.0,20.48,0,2,512,0,80
12934.8333,-21.2667,20.48,0.0,20.48,0,0,544,8,80
12935.0333,-29.8667,20.485,0.0,20.48,0,2,512,0,80
12935.2333,-20.2667,20.48,0.0,20.48,0,0,513,0,80
12935.4333,-20.1333,20.48,0.0,20.49,0,0,512,0,80
12935.6333,-9.6,20.48,0.0,20.48,0,0,544,0,80
12935.8333,0.0,20.48,0.0,20.485,4,1,608,0,80
12936.0333,5.8667,20.48,0.0,20.52,0,16,544,0,80
12936.2333,6.9333,20.54,0.0,20.48,0,0,544,0,80
12936.4333,0.0,20.52,0.0,20.48,0,16,514,16,80
12936.6333,0.1333,20.56,0.0167,20.52,0,16,512,16,80
12936.8333,0.1333,20.54,0.0,20.48,1,2,512,16,80
12937.0333,1.0667,20.48,0.0,20.565,0,0,608,16,80
12937.2333,1.0667,20.48,0.0,20.485,2,0,608,16,80
12937.4333,1.0667,20.54,0.0,20.48,1,0,608,16,80
12937.6333,-0.5333,20.54,0.0,20.52,0,4,608,16,80
12937.8333,-0.5333,20.48,0.0,20.49,0,0,512,16,80
12938.0333,-1.5333,20.52,0.0,20.48,0,16,584,24,80
12938.2333,-0.5333,20.48,0.0,20.48,0,0,512,0,80
12938.4333,-1.0,20.5,0.0,20.48,2,0,512,0,80
12938.6333,-1.0667,20.48,0.0,20.48,1,0,576,0,80
12938.8333,-0.5333,20.485,0.0167,20.48,0,4,512,0,80
12939.0333,-0.5333,20.49,0.0,20.485,0,0,608,0,80
12939.2333,-0.5333,20.48,0.0,20.52,4,2,608,0,80
12939.4333,-0.5333,20.48,0.0,20.5,0,2,592,0,80
12939.6333,-0.5333,20.48,0.0,20.48,0,0,520,0,80
12939.8333,-0.5,20.48,0.0167,20.56,0,0,512,0,80
12940.0333,-0.5333,20.52,0.0167,20.48,0,0,768,0,80
12940.2333,-3.7333,20.52,0.0,20.48,0,0,512,0,80
12940.4333,0.1333,20.48,0.0,20.48,0,0,608,0,80
12940.6333,0.5333,20.48,0.0,20.48,0,2,520,0,80
12940.8333,0.0,20.48,0.0,20.525,0,0,518,0,80
12941.0333,1.1333,20.48,0.0167,20.48,2,4,576,0,80
12941.2333,1.2,20.48,0.0,20.48,0,16,768,8,80
12941.4333,1.2,20.48,0.0,20.53,0,10,514,0,80
12941.6333,0.5333,20.48,0.0,20.48,0,60,512,0,80
12941.8333,0.0,20.48,0.0,20.48,0,0,768,0,80
12942.0333,0.5333,20.48,0.0,20.54,1,0,544,0,80
12942.2333,-1.4667,20.48,0.0,20.48,0,4,768,0,80
12942.4333,-1.0333,20.48,0.0,20.48,2,16,768,0,80
12942.6333,-0.5333,20.48,0.0,20.565,0,8,512,0,80
12942.8333,-0.5333,20.5,0.0167,20.48,0,0,768,16,80
12943.0333,-0.5333,20.52,0.0,20.48,0,0,512,16,80
12943.2333,-0.5333,20.48,0.0,20.48,0,16,772,16,80
12943.4333,-0.5333,20.48,0.0,20.48,0,17,768,16,80
12943.6333,-0.5333,20.48,0.0,20.48,4,17,512,16,80
12943.8333,-0.5333,20.48,0.0,20.48,0,20,512,16,80
12944.0333,-0.5333,20.48,0.0,20.48,0,0,512,16,80
12944.2333,-0.5333,20.48,0.0,20.48,0,4,512,16,80
12944.4333,-0.5333,20.48,0.0,20.48,0,4,520,24,80
12944.6333,-0.5333,20.48,0.0,20.48,2,0,528,0,80
12944.8333,-0.5333,20.48,0.0,20.48,0,0,512,0,80
12945.0333,-0.5333,20.48,0.0,20.48,2,0,512,32,80
12945.2333,-0.5333,20.8,0.0,20.48,0,0,520,32,80
12945.4333,-0.5333,20.48,0.0,20.48,0,1,768,32,80
12945.6333,-13.8333,20.48,0.0,20.48,0,0,512,0,80
12945.8333,0.5333,20.48,0.0167,20.48,1,8,512,0,80
12946.0333,0.0,20.48,0.0,20.55,0,0,520,0,80
12946.2333,0.5333,20.48,0.0167,20.48,1,0,512,0,80
12946.4333,0.0,20.8,0.0,20.58,0,0,768,0,80
12946.6333,0.1667,20.48,0.0,20.48,0,2,768,0,80
12946.8333,0.5333,20.8,0.0,20.48,0,0,609,0,80
12947.0333,0.1333,20.48,0.0,20.48,0,4,768,0,80
12947.2333,0.0,20.5,0.0,20.48,0,0,768,0,80
12947.4333,0.5333,20.48,0.0,20.485,0,12,768,0,80
12947.6333,0.0,20.49,0.0,20.485,0,5,512,8,80
12947.8333,-1.6,20.48,0.0,20.48,0,0,768,0,80
12948.0333,-1.0667,20.52,0.0,20.48,0,0,512,0,80
12948.2333,-0.5333,20.48,0.0,20.48,0,0,512,0,80
12948.4333,-0.5333,20.48,0.0167,20.51,0,2,608,0,80
12948.6333,-0.5333,20.485,0.0167,20.56,0,3,772,0,80
12948.8333,-0.5333,20.52,0.0167,20.48,0,0,772,0,80
12949.0333,-0.5333,20.48,0.0,20.48,0,16,769,0,80
12949.2333,-0.5333,20.5,0.0,20.485,0,8,768,16,80
12949.4333,-0.5333,20.48,0.0,20.48,0,16,608,16,80
12949.6333,-0.5333,20.5,0.0167,20.52,0,0,512,16,80
12949.8333,-11.7333,20.49,0.0,20.52,0,4,608,16,80
12950.0333,-42.6667,20.48,0.0,20.48,0,8,608,16,80
12950.2333,-27.2,20.48,0.0,20.5,0,0,512,16,80
12950.4333,-0.5333,20.48,0.0,20.52,0,16,544,16,80
12950.6333,6.4333,20.8,0.0,20.48,0,0,512,16,80
12950.8333,6.9333,20.48,0.0,20.48,0,8,512,24,80
12951.0333,0.5667,20.51,0.0,20.48,0,12,512,0,80
12951.2333,0.0,20.48,0.0,20.48,2,1,512,0,80
12951.4333,0.5333,20.52,0.0,20.5,0,0,258,0,80
12951.6333,0.5333,20.48,0.0,20.48,0,0,256,0,80
12951.8333,1.0667,20.52,0.0,20.485,0,0,352,0,80
12952.0333,1.0667,20.48,0.0,20.48,0,4,360,0,80
12952.2333,0.5333,20.48,0.0167,20.48,0,0,352,0,80
12952.4333,0.5333,20.48,0.0167,20.565,0,8,354,0,80
12952.6333,1.1,20.48,0.0167,20.49,0,0,352,0,80
12952.8333,-0.5333,20.48,0.0,20.48,0,0,256,0,80
12953.0333,-1.6,20.48,0.0167,20.52,0,0,256,0,80
12953.2333,-1.0667,20.48,0.0,20.48,4,4,256,0,80
12953.4333,-14.4,20.48,0.0,20.48,1,0,256,0,80
12953.6333,-45.3333,20.805,0.0167,20.52,0,5,288,0,80
12953.8333,-21.3333,20.48,0.0,20.48,0,0,288,0,80
12954.0333,2.1333,20.51,0.0,20.56,0,0,264,8,80
12954.2333,5.8667,20.48,0.0,20.48,0,0,256,0,80
12954.4333,5.8667,20.52,0.0,20.48,0,0,256,0,80
12954.6333,5.3333,20.48,0.0,20.48,0,0,256,0,80
12954.8333,5.8667,20.48,0.0,20.485,0,0,256,0,80
12955.0333,4.3,20.48,0.0,20.52,0,0,320,0,80
12955.2333,-0.5333,20.8,0.0167,20.485,0,4,256,0,80
12955.4333,-0.5333,20.48,0.0,20.48,0,16,288,0,80
12955.6333,-0.5333,20.48,0.0,20.48,0,0,256,16,80
12955.8333,-0.5333,20.48,0.0,20.48,0,2,256,16,80
12956.0333,0.5333,20.48,0.0,20.485,1,0,352,16,80
12956.2333,0.1333,20.8,0.0167,20.48,0,0,288,16,80
12956.4333,0.6667,20.48,0.0,20.56,0,0,256,16,80
12956.6333,1.0667,20.48,0.0,20.56,0,0,256,16,80
12956.8333,1.0667,20.525,0.0,20.48,0,0,288,16,80
12957.0333,1.0667,20.48,0.0,20.49,0,0,256,16,80
12957.2333,0.1333,20.52,0.0,20.48,2,144,288,24,80
12957.4333,0.0,20.48,0.0,20.48,0,128,288,0,80
12957.6333,0.0,20.48,0.0,20.48,0,0,320,0,80
12957.8333,-44.6333,20.48,0.0,20.5,2,0,352,32,80
12958.0333,-20.8,20.8,0.0,20.48,0,4,256,32,80
12958.2333,5.8667,20.48,0.0,20.48,0,4,256,32,80
12958.4333,13.3333,20.8,0.0,20.56,0,4,256,64,80
12958.6333,12.8167,20.81,0.0,20.5,0,16,256,64,80
12958.8333,11.7333,20.48,0.0167,20.485,0,0,256,0,80
12959.0333,10.6667,20.49,0.0,20.52,0,8,259,0,80
12959.2333,10.1333,20.48,0.0,20.48,4,16,384,0,80
12959.4333,10.6667,20.5,0.0,20.48,0,16,256,0,80
12959.6333,6.9333,20.485,0.0,20.48,0,0,256,0,80
12959.8333,-0.5333,20.48,0.0,20.48,0,0,323,0,80
12960.0333,-0.5,20.8,0.0,20.49,0,0,256,0,80
12960.2333,-0.5333,20.48,0.0,20.52,0,0,256,0,80
12960.4333,0.5667,20.49,0.0,20.48,1,0,320,8,80
12960.6333,1.0667,20.48,0.0,20.48,0,0,324,0,80
12960.8333,0.5333,20.48,0.0,20.48,0,4,320,0,80
12961.0333,0.5333,20.48,0.0167,20.48,0,98,352,0,80
12961.2333,1.0667,20.48,0.0,20.48,4,93,352,0,80
12961.4333,0.0333,20.48,0.0,20.52,1,0,352,0,80
12961.6333,1.0667,20.48,0.0,20.48,4,0,256,0,80
12961.8333,1.0667,20.48,0.0,20.48,0,0,256,0,80
12962.0333,0.2,20.48,0.0,20.48,0,0,320,16,80
12962.2333,-20.8,20.48,0.0,20.48,0,1,264,16,80
12962.4333,-2.1333,20.48,0.0,20.48,0,0,328,16,80
12962.6333,5.8667,20.48,0.0,20.48,4,0,256,16,80
12962.8333,10.6667,20.8,0.0,20.48,0,0,352,16,80
12963.0333,12.3,20.48,0.0,20.48,0,0,258,16,80
12963.2333,13.9,20.48,0.0,20.48,0,0,352,16,80
12963.4333,13.3333,20.54,0.0,20.56,0,1,256,16,80
12963.6333,12.2667,20.48,0.0,20.54,0,0,514,24,80
12963.8333,5.3333,20.48,0.0,20.52,0,0,256,0,80
12964.0333,-3.2,20.48,0.0,20.48,0,0,264,0,80
12964.2333,-6.9333,20.48,0.0,20.48,0,17,256,128,80
12964.4333,-14.4,20.48,0.0167,20.5,0,0,256,128,80
12964.6333,-24.5333,20.5,0.0,20.5,0,0,513,128,80
12964.8333,-20.8,20.49,0.0,20.48,0,17,545,128,80
12965.0333,-21.3333,20.49,0.0,20.48,2,0,514,128,80
12965.2333,0.0,20.81,0.0,20.49,0,0,520,128,80
12965.4333,0.5333,20.49,0.0,20.56,4,4,544,128,80
12965.6333,0.5333,20.48,0.0,20.5,0,0,512,128,80
12965.8333,0.5333,20.48,0.0167,20.48,0,8,516,128,80
12966.0333,0.7,20.48,0.0,20.48,0,0,544,128,80
12966.2333,0.1333,20.48,0.0,20.49,2,0,512,128,80
12966.4333,0.0,20.48,0.0,20.48,4,0,512,128,80
12966.6333,0.0,20.48,0.0,20.52,0,0,512,128,80
12966.8333,0.0333,20.48,0.0,20.5,0,8,512,136,80
12967.0333,9.1,20.48,0.0,20.51,1,0,512,128,80
12967.2333,8.5333,20.48,0.0,20.48,0,0,512,128,80
12967.4333,5.8667,20.48,0.0,20.48,2,1,512,128,80
12967.6333,-1.6,20.48,0.0,20.49,0,14,512,128,80
12967.8333,-3.7333,20.48,0.0,20.48,0,0,512,128,80
12968.0333,-0.5333,20.48,0.0,20.48,1,4,512,128,80
12968.2333,-0.5333,20.48,0.0,20.48,0,4,514,128,80
12968.4333,-0.5333,20.49,0.0,20.485,0,16,512,144,80
12968.6333,-0.5333,20.48,0.0,20.48,0,4,512,144,80
12968.8333,-0.5,20.49,0.0,20.49,4,0,512,144,80
12969.0333,-0.5333,20.48,0.0,20.49,4,0,512,144,80
12969.2333,-0.5333,20.54,0.0,20.48,0,1,516,144,80
12969.4333,-7.4667,20.525,0.0,20.48,0,4,544,144,80
12969.6333,-35.7333,20.48,0.0167,20.48,0,16,512,144,80
12969.8333,0.0,20.48,0.0,20.52,0,8,512,144,80
12970.0333,0.5333,20.48,0.0,20.52,0,0,512,152,80
12970.2333,0.6667,20.48,0.0,20.48,4,0,544,128,80
12970.4333,0.0,20.48,0.0,20.49,2,8,512,128,80
12970.6333,0.6667,20.48,0.0,20.5,0,24,512,160,80
12970.8333,1.2667,20.49,0.0,20.5,0,2,512,160,80
12971.0333,0.0333,20.48,0.0,20.49,2,0,512,160,80
12971.2333,0.1333,20.48,0.0,20.48,0,4,512,0,80
12971.4333,0.5333,20.5,0.0,20.48,0,0,512,0,80
12971.6333,1.0667,20.48,0.0,20.52,0,0,512,0,80
12971.8333,0.5333,20.48,0.0,20.48,32,4,512,0,80
12972.0333,-1.6,20.48,0.0,20.48,0,0,512,0,80
12972.2333,-0.5333,20.48,0.0,20.49,0,2,544,0,80
12972.4333,-0.5333,20.48,0.0,20.48,0,0,552,0,80
12972.6333,-0.5333,20.48,0.0,20.48,0,16,544,0,80
12972.8333,-0.5333,20.52,0.0,20.5,0,2,544,0,80
12973.0333,-0.9333,20.49,0.0,20.49,0,0,513,0,80
12973.2333,-0.9333,20.5,0.0167,20.56,0,0,512,8,80
12973.4333,-0.9333,20.49,0.0,20.48,0,0,256,0,80
12973.6333,-0.5333,20.49,0.0,20.565,2,0,256,0,80
12973.8333,-0.9333,20.48,0.0,20.485,0,16,324,0,80
12974.0333,-0.5333,20.48,0.0,20.48,0,0,256,0,80
12974.2333,-12.2667,20.48,0.0,20.48,1,4,256,0,80
12974.4333,-82.6667,20.51,0.0,20.48,0,8,256,0,80
12974.6333,0.5667,20.48,0.0167,20.48,0,8,256,0,80
12974.8333,0.5333,20.49,0.0167,20.48,0,0,256,16,80
12975.0333,0.5667,20.49,0.0,20.56,0,160,512,16,80
12975.2333,0.5333,20.49,0.0,20.48,0,0,512,16,80
12975.4333,0.0,20.81,0.0167,20.48,0,0,512,16,80
12975.6333,0.1,20.49,0.0,20.48,0,0,520,16,80
12975.8333,1.0667,20.49,0.0,20.5,0,128,512,16,80
12976.0333,0.0333,20.48,0.0,20.485,0,128,512,16,80
12976.2333,0.5333,20.48,0.0,20.52,0,8,512,16,80
12976.4333,-2.1333,20.48,0.0,20.48,1,0,768,24,80
12976.6333,-0.9667,20.5,0.0,20.48,0,0,768,0,80
12976.8333,-1.0,20.48,0.0,20.49,0,0,772,0,80
12977.0333,-1.0667,20.48,0.0167,20.48,0,0,848,0,80
12977.2333,-1.0,20.48,0.0,20.48,0,0,768,0,80
12977.4333,-0.9333,20.48,0.0167,20.48,0,0,832,0,80
12977.6333,-0.9,20.49,0.0,20.48,0,16,800,0,80
12977.8333,-1.0667,20.48,0.0,20.48,0,1,776,0,80
12978.0333,-1.0667,20.48,0.0,20.49,0,0,608,0,80
12978.2333,-0.5333,20.48,0.0,20.48,2,0,513,0,80
12978.4333,-0.5333,20.48,0.0,20.565,0,4,512,0,80
12978.6333,-0.5,20.49,0.0167,20.48,0,0,544,0,80
12978.8333,-0.5333,20.49,0.0,20.48,0,16,552,0,80
12979.0333,-1.0667,20.52,0.0,20.48,8,4,544,0,80
12979.2333,0.1333,20.48,0.0,20.485,0,0,576,0,80
12979.4333,0.5333,20.48,0.0,20.485,0,1,608,0,80
12979.6333,0.2667,20.49,0.0,20.485,0,0,576,8,80
12979.8333,0.0,20.56,0.0,20.52,0,0,512,0,80
12980.0333,0.0,20.48,0.0,20.56,0,0,608,0,80
12980.2333,0.5667,20.48,0.0,20.48,0,148,513,0,80
12980.4333,0.0,20.48,0.0,20.485,0,8,608,0,80
12980.6333,0.5333,20.48,0.0,20.48,0,156,580,0,80
12980.8333,0.0,20.48,0.0,20.485,0,0,611,0,80
12981.0333,0.0333,20.5,0.0,20.48,0,4,512,0,80
12981.2333,4.2667,20.48,0.0,20.48,0,0,578,16,80
12981.4333,-1.0667,20.48,0.0,20.48,4,0,578,16,80
12981.6333,-0.5333,20.48,0.0,20.48,0,0,548,16,80
12981.8333,-0.5333,20.48,0.0,20.48,0,0,512,16,80
12982.0333,-0.5333,20.48,0.0,20.48,0,16,576,16,80
12982.2333,-0.5333,20.48,0.0,20.49,0,16,516,16,80
12982.4333,-30.4,20.52,0.0167,20.5,0,0,544,16,80
12982.6333,-9.6,20.49,0.0,20.49,0,0,544,16,80
12982.8333,-6.4,20.48,0.0,20.48,0,4,512,24,80
12983.0333,-1.0667,20.5,0.0,20.48,6,1,264,0,80
12983.2333,-1.0667,20.5,0.0167,20.48,2,1,548,0,80
12983.4333,-1.6,20.49,0.0,20.48,0,2,512,32,80
12983.6333,-2.1,20.48,0.0,20.48,0,0,512,32,80
12983.8333,-14.8667,20.48,0.0,20.485,0,0,552,32,80
12984.0333,0.0,20.5,0.0,20.48,0,0,512,64,80
12984.2333,0.0,20.48,0.0,20.48,0,0,512,64,80
12984.4333,1.1667,20.49,0.0,20.48,0,2,576,0,80
12984.6333,1.0667,20.51,0.0,20.48,0,0,576,0,80
12984.8333,1.0667,20.49,0.0,20.48,0,136,512,0,80
12985.0333,0.0,20.48,0.0,20.48,0,0,576,0,80
12985.2333,1.0667,20.48,0.0,20.52,0,0,576,0,80
12985.4333,1.6,20.48,0.0,20.48,0,0,580,0,80
12985.6333,0.5333,20.52,0.0,20.48,0,0,576,0,80
12985.8333,-1.6,20.48,0.0,20.48,1,8,576,0,80
12986.0333,-1.0667,20.48,0.0,20.48,0,0,576,8,80
12986.2333,-1.0333,20.48,0.0167,20.48,0,1,576,0,80
12986.4333,-1.0333,20.52,0.0167,20.48,0,16,576,0,80
12986.6333,-1.0333,20.48,0.0,20.48,0,8,512,0,80
12986.8333,-0.9333,20.48,0.0,20.48,0,16,576,0,80
12987.0333,-0.9333,20.48,0.0,20.48,0,20,576,0,80
12987.2333,-0.5333,20.5,0.0,20.48,0,16,576,0,80
12987.4333,-0.5333,20.5,0.0,20.52,0,16,576,0,80
12987.6333,-0.5333,20.48,0.0,20.48,0,16,576,16,80
12987.8333,-1.0333,20.52,0.0,20.54,0,0,580,16,80
12988.0333,-0.5333,20.48,0.0,20.48,0,16,580,16,80
12988.2333,-0.5,20.52,0.0,20.48,2,16,576,16,80
12988.4333,-1.6,20.48,0.0,20.56,0,0,580,16,80
12988.6333,-20.2333,20.48,0.0,20.5,0,0,512,16,80
12988.8333,-38.9333,20.52,0.0,20.48,0,16,576,16,80
12989.0333,-13.8333,20.48,0.0,20.48,4,2,576,16,80
12989.2333,0.1333,20.5,0.0,20.48,4,8,516,24,80
12989.4333,0.1333,20.5,0.0,20.51,0,0,516,0,80
12989.6333,0.0,20.48,0.0,20.48,0,4,512,0,80
12989.8333,1.0667,20.5,0.0167,20.48,0,0,512,0,80
12990.0333,0.6667,20.485,0.0,20.49,0,2,512,0,80
12990.2333,1.0667,20.48,0.0,20.5,2,0,512,0,80
12990.4333,1.0667,20.49,0.0,20.48,2,0,512,0,80
12990.6333,0.7,20.48,0.0167,20.52,0,4,512,0,80
12990.8333,0.0,20.48,0.0,20.49,0,0,512,0,80
12991.0333,-1.6,20.48,0.0167,20.48,0,0,512,0,80
12991.2333,-1.0667,20.52,0.0,20.48,0,16,608,0,80
12991.4333,-1.0667,20.48,0.0,20.48,0,0,512,0,80
12991.6333,-1.0667,20.48,0.0,20.48,0,1,513,0,80
12991.8333,-0.9333,20.48,0.0,20.49,0,8,512,0,80
12992.0333,-1.0667,20.48,0.0,20.48,8,0,512,0,80
12992.2333,-0.5333,20.48,0.0,20.48,4,16,516,0,80
12992.4333,-1.0667,20.48,0.0,20.48,0,0,512,8,80
12992.6333,-0.5333,20.48,0.0,20.48,0,0,548,0,80
12992.8333,-1.0667,20.48,0.0,20.49,0,0,512,0,80
12993.0333,-1.0667,20.48,0.0,20.48,0,8,552,0,80
12993.2333,-2.6667,20.48,0.0,20.48,0,2,513,0,80
12993.4333,-13.8667,20.48,0.0,20.48,0,0,520,0,80
12993.6333,0.6667,20.52,0.0,20.56,2,0,512,0,80
12993.8333,0.0,20.48,0.0,20.48,0,8,515,0,80
12994.0333,0.0,20.48,0.0,20.48,0,0,512,16,80
12994.2333,1.0667,20.48,0.0,20.48,0,0,512,16,80
12994.4333,1.2,20.53,0.0,20.49,0,8,512,16,80
12994.6333,1.2,20.48,0.0,20.48,0,64,544,16,80
12994.8333,0.0,20.48,0.0,20.48,1,0,545,16,80
12995.0333,1.0667,20.48,0.0,20.48,0,0,512,16,80
12995.2333,1.0667,20.48,0.0,20.48,0,0,512,16,80
12995.4333,1.0667,20.48,0.0,20.48,2,64,512,16,80
12995.6333,-0.5333,20.48,0.0,20.48,0,8,544,24,80
12995.8333,-2.6333,20.48,0.0167,20.48,0,4,524,0,80
12996.0333,-1.0667,20.51,0.0,20.48,2,0,514,0,80
12996.2333,-1.0667,20.48,0.0167,20.48,0,4,512,32,80
12996.4333,-0.9333,20.48,0.0,20.485,0,0,512,32,80
12996.6333,-0.9333,20.48,0.0,20.5,0,8,512,32,80
12996.8333,-0.9333,20.56,0.0,20.48,0,0,512,0,80
12997.0333,-0.9333,20.54,0.0167,20.48,0,4,512,0,80
12997.2333,-0.9,20.48,0.0,20.48,0,16,512,0,80
12997.4333,-0.5333,20.48,0.0,20.49,0,0,520,0,80
12997.6333,-0.5333,20.48,0.0167,20.48,5,0,512,0,80
12997.8333,-1.0667,20.48,0.0,20.53,0,4,512,0,80
12998.0333,-7.4667,20.485,0.0,20.52,0,0,512,0,80
12998.2333,-30.3667,20.48,0.0,20.48,0,12,512,0,80
12998.4333,-21.8667,20.48,0.0,20.48,0,0,512,0,80
12998.6333,0.0333,20.5,0.0,20.48,0,0,544,0,80
12998.8333,0.5333,20.49,0.0,20.48,0,4,512,8,80
12999.0333,0.1333,20.48,0.0167,20.48,0,0,512,0,80
12999.2333,0.5333,20.5,0.0,20.48,0,2,512,0,80
12999.4333,0.0,20.48,0.0,20.48,0,0,512,0,80
12999.6333,0.0,20.48,0.0,20.48,2,0,512,0,80
12999.8333,0.0,20.48,0.0,20.5,0,0,512,0,80
13000.0333,0.0,20.48,0.0,20.48,0,0,544,0,80
13000.2333,0.0,20.48,0.0,20.48,0,0,512,0,80
13000.4333,-1.6,20.5,0.0,20.5,0,0,512,16,80
13000.6333,-1.0667,20.48,0.0,20.48,2,4,512,16,80
13000.8333,-1.0667,20.48,0.0,20.48,0,0,512,16,80
13001.0333,-1.0667,20.48,0.0,20.5,4,16,518,16,80
13001.2333,-0.5333,20.48,0.0,20.48,0,0,544,16,80
13001.4333,-1.0333,20.48,0.0,20.48,1,0,512,16,80
13001.6333,-1.0333,20.49,0.0,20.49,0,0,544,16,80
13001.8333,-1.0333,20.48,0.0167,20.48,0,0,545,16,80
13002.0333,-0.5333,20.48,0.0,20.52,4,17,544,24,80
13002.2333,-0.5,20.48,0.0,20.485,2,0,544,0,80
13002.4333,-0.5,20.48,0.0,20.48,0,0,544,0,80
13002.6333,-0.5,20.5,0.0167,20.48,0,4,512,0,80
13002.8333,-0.5333,20.805,0.0,20.5,0,2,512,0,80
13003.0333,-1.5667,20.48,0.0,20.5,0,0,516,0,80
13003.2333,0.1333,20.52,0.0167,20.5,0,0,552,0,80
13003.4333,0.0,20.485,0.0,20.48,0,0,512,0,80
13003.6333,0.5333,20.48,0.0,20.48,0,0,522,0,80
13003.8333,0.1333,20.49,0.0,20.48,0,0,520,0,80
13004.0333,0.7,20.48,0.0,20.48,0,0,544,0,80
13004.2333,1.0667,20.5,0.0,20.48,2,1,544,0,80
13004.4333,0.0333,20.48,0.0,20.5,0,8,544,0,80
13004.6333,1.0667,20.48,0.0,20.49,8,80,516,0,80
13004.8333,0.5333,20.5,0.0167,20.52,0,0,544,0,80
13005.0333,-0.5333,20.48,0.0,20.48,0,0,512,0,80
13005.2333,-2.6667,20.5,0.0,20.5,0,0,512,8,80
13005.4333,-1.0667,20.48,0.0,20.49,0,0,512,0,80
13005.6333,-1.0667,20.48,0.0,20.48,0,16,512,0,80
13005.8333,-1.0667,20.48,0.0,20.48,0,16,512,0,80
13006.0333,-0.5333,20.48,0.0167,20.48,0,0,640,0,80
13006.2333,-1.0333,20.48,0.0,20.52,0,0,512,0,80
13006.4333,-0.5333,20.48,0.0167,20.48,0,18,576,0,80
13006.6333,-0.5333,20.48,0.0,20.5,0,0,576,0,80
13006.8333,-1.0667,20.48,0.0,20.54,2,0,576,16,80
13007.0333,-1.0667,20.48,0.0167,20.48,0,16,578,16,80
13007.2333,-1.0667,20.48,0.0,20.48,0,12,576,16,80
13007.4333,-1.0667,20.48,0.0167,20.48,0,0,576,16,80
13007.6333,-1.0667,20.5,0.0,20.5,0,0,544,16,80
13007.8333,-1.0667,20.48,0.0,20.53,0,0,576,16,80
13008.0333,0.1333,20.49,0.0167,20.48,0,0,576,16,80
13008.2333,0.0,20.53,0.0,20.48,2,0,576,16,80
13008.4333,0.5333,20.52,0.0,20.48,2,0,544,24,80
13008.6333,0.5333,20.48,0.0167,20.48,0,8,512,0,80
13008.8333,0.6,20.48,0.0,20.48,0,8,584,0,80
13009.0333,0.1333,20.48,0.0,20.48,0,0,580,32,80
13009.2333,1.0667,20.48,0.0,20.5,0,8,576,32,80
13009.4333,1.2,20.48,0.0,20.48,5,4,512,32,80
13009.6333,0.1333,20.48,0.0167,20.48,8,0,576,64,80
13009.8333,0.0,20.5,0.0,20.48,0,0,584,64,80
13010.0333,-1.5667,20.48,0.0,20.48,0,0,576,0,80
13010.2333,-2.6,20.48,0.0,20.5,0,0,580,0,80
13010.4333,-1.0667,20.48,0.0,20.48,0,16,584,0,80
13010.6333,-0.9333,20.49,0.0,20.485,36,16,608,0,80
13010.8333,-0.5333,20.48,0.0,20.48,0,8,768,0,80
13011.0333,-0.9,20.49,0.0,20.48,0,0,576,0,80
13011.2333,-1.0667,20.5,0.0,20.5,4,10,776,0,80
13011.4333,-1.0667,20.49,0.0167,20.48,0,16,576,0,80
13011.6333,-1.0333,20.8,0.0,20.485,0,0,552,8,80
13011.8333,-1.6,20.48,0.0,20.48,0,0,512,0,80
13012.0333,-1.0667,20.48,0.0,20.48,6,0,544,0,80
13012.2333,-1.0667,20.48,0.0,20.49,0,0,520,0,80
13012.4333,-1.0667,20.5,0.0,20.48,0,0,520,0,80
13012.6333,-5.3333,20.48,0.0,20.48,0,0,512,0,80
13012.8333,-24.5,20.48,0.0,20.48,0,0,544,0,80
13013.0333,0.0,20.48,0.0,20.48,1,0,512,0,80
13013.2333,0.0,20.48,0.0,20.48,0,4,768,16,80
13013.4333,0.0,20.5,0.0,20.48,0,0,768,16,80
13013.6333,0.5333,20.5,0.0,20.48,0,2,770,16,80
13013.8333,0.5333,20.52,0.0,20.48,4,4,768,16,80
13014.0333,1.0667,20.5,0.0,20.48,0,0,832,16,80
13014.2333,1.0667,20.48,0.0,20.5,1,146,800,16,80
13014.4333,0.0333,20.485,0.0,20.48,0,0,832,16,80
13014.6333,1.0667,20.48,0.0,20.48,0,0,1,16,80
13014.8333,0.5333,20.5,0.0,20.48,0,8,0,24,80
13015.0333,-1.6,20.48,0.0,20.48,0,0,0,0,80
13015.2333,-2.6667,20.48,0.0,20.48,0,0,865,0,80
13015.4333,-1.0667,20.48,0.0,20.485,0,0,0,128,80
13015.6333,-1.0,20.48,0.0,20.48,0,0,836,128,80
13015.8333,-1.0667,20.5,0.0,20.48,4,16,864,128,80
13016.0333,-0.9667,20.48,0.0167,20.5,0,16,848,128,80
13016.2333,-1.0333,20.48,0.0,20.48,0,0,0,128,80
13016.4333,-1.0333,20.48,0.0,20.48,0,5,864,128,80
13016.6333,-0.5333,20.48,0.0,20.48,0,0,872,128,80
13016.8333,-0.5333,20.48,0.0,20.48,0,0,0,128,80
13017.0333,-0.5333,20.52,0.0,20.48,0,0,0,128,80
13017.2333,-0.5333,20.48,0.0,20.48,4,0,8,128,80
13017.4333,-0.5,20.48,0.0167,20.48,0,0,33,128,80
13017.6333,0.0,20.48,0.0,20.48,0,0,864,128,80
13017.8333,0.0333,20.48,0.0,20.48,4,0,832,128,80
13018.0333,0.0,20.52,0.0167,20.485,0,0,832,136,80
13018.2333,0.0,20.5,0.0,20.5,0,4,800,128,80
13018.4333,0.0,20.8,0.0,20.48,0,0,800,128,80
13018.6333,0.5667,20.48,0.0,20.48,0,0,768,128,80
13018.8333,0.0,20.48,0.0,20.48,0,0,864,128,80
13019.0333,0.0333,20.48,0.0,20.48,0,8,778,128,80
13019.2333,0.0,20.5,0.0,20.48,0,0,832,128,80
13019.4333,6.9333,20.52,0.0,20.48,0,2,832,128,80
13019.6333,8.5333,20.48,0.0,20.5,3,0,770,144,80
13019.8333,10.6667,20.8,0.0,20.485,1,0,784,144,80
13020.0333,0.1333,20.48,0.0167,20.48,0,4,768,144,80
13020.2333,-1.0667,20.5,0.0167,20.48,0,0,768,144,80
13020.4333,-1.0667,20.48,0.0,20.48,0,0,560,144,80
13020.6333,-0.5333,20.48,0.0,20.48,0,16,768,144,80
13020.8333,-0.5333,20.48,0.0,20.48,4,4,609,144,80
13021.0333,-0.5333,20.48,0.0,20.52,0,16,768,144,80
13021.2333,-1.0667,20.48,0.0167,20.5,2,0,608,152,80
13021.4333,-1.0667,20.48,0.0,20.48,0,4,608,128,80
13021.6333,-0.5333,20.48,0.0,20.48,0,0,768,128,80
13021.8333,-0.5333,20.8,0.0,20.48,0,0,768,160,80
13022.0333,-1.0667,20.48,0.0,20.48,0,16,776,160,80
13022.2333,0.0,20.48,0.0,20.49,0,0,768,160,80
13022.4333,0.0,20.48,0.0,20.48,0,0,768,0,80
13022.6333,0.0,20.48,0.0167,20.48,0,0,612,0,80
13022.8333,0.0,20.48,0.0,20.48,0,4,512,0,80
13023.0333,0.0,20.5,0.0,20.49,0,0,512,0,80
13023.2333,1.0667,20.52,0.0,20.48,0,0,512,0,80
13023.4333,0.0,20.49,0.0,20.52,0,0,512,0,80
13023.6333,0.0333,20.48,0.0,20.48,2,0,512,0,80
13023.8333,0.5333,20.8,0.0167,20.48,1,0,577,0,80
13024.0333,9.0667,20.48,0.0,20.485,0,0,576,0,80
13024.2333,10.6667,20.48,0.0,20.48,0,20,576,0,80
13024.4333,11.7333,20.48,0.0,20.48,4,0,576,8,80
13024.6333,7.6333,20.49,0.0,20.48,0,1,512,0,80
13024.8333,-2.1333,20.5,0.0,20.48,0,16,512,0,80
