time,pressure1, temperature1,pressure2,temperature2,x,y,z,counter,session
75180.3667,0.0167,34.83,-0.0167,34.645,-54,169,-1065,0,6
75180.5333,0.0167,34.83,-0.0167,34.66,-60,180,-1058,1,6
75180.7,0.0,34.88,-0.0167,34.645,-66,165,-1073,2,6
75180.8667,0.0333,34.91,-0.0167,34.69,-69,177,-1071,3,6
75181.0333,0.05,34.88,-0.0,34.71,-81,177,-1068,4,6
75181.2,0.0333,34.88,-0.0,34.69,-69,177,-1049,5,6
75181.3667,0.0333,34.91,-0.0,34.725,-65,169,-1065,6,6
75181.5333,0.05,34.895,-0.0,34.71,-45,177,-1071,7,6
75181.7,0.0667,34.865,0.0167,34.71,-56,171,-1074,8,6
75181.8667,0.05,34.925,-0.0,34.69,-59,156,-1087,9,6
75182.0333,0.0333,34.895,-0.0,34.725,-59,167,-1068,10,6
75182.2,0.05,34.925,-0.0,34.71,-51,171,-1064,11,6
75182.3667,0.05,34.91,-0.0,34.71,-54,170,-1073,12,6
75182.5333,0.05,34.895,0.0167,34.725,-64,171,-1073,13,6
75182.7,0.05,34.895,-0.0,34.71,-57,173,-1064,14,6
75182.8667,0.05,34.925,-0.0,34.71,-55,168,-1071,15,6
75183.0333,0.05,34.91,-0.0,34.725,-55,165,-1074,16,6
75183.2,0.0833,34.945,0.0333,34.725,-50,169,-1071,17,6
75183.3667,0.05,34.945,0.0167,34.71,-56,171,-1071,18,6
75183.5333,0.0833,34.945,0.0167,34.755,-51,168,-1080,19,6
75183.7,0.05,34.945,-0.0,34.725,-50,174,-1083,20,6
75183.8667,0.0333,34.925,-0.0167,34.74,-59,168,-1068,21,6
75184.0333,0.1,34.945,0.05,34.71,-64,171,-1070,22,6
75184.2,0.1,34.925,0.05,34.725,-78,174,-1071,23,6
75184.3667,-0.0333,34.925,-0.05,34.74,-75,170,-1071,24,6
75184.5333,-0.0667,34.895,-0.0667,34.725,-79,167,-1062,25,6
75184.7,-0.0167,34.945,-0.0167,34.725,-58,175,-1068,26,6
75184.8667,0.0833,34.925,0.0833,34.71,-55,169,-1071,27,6
75185.0333,0.0833,34.96,-0.0333,34.725,-59,176,-1059,28,6
75185.2,-0.0167,34.91,0.05,34.725,-55,177,-1065,29,6
75185.3667,0.2333,34.925,0.2333,34.77,-51,169,-1071,30,6
75185.5333,0.0333,34.96,-0.0333,34.725,-51,171,-1070,31,6
75185.7,0.05,34.925,0.0333,34.725,-54,180,-1065,32,6
75185.8667,-0.05,34.945,-0.0,34.69,-61,180,-1068,33,6
75186.0333,-0.2,34.945,-0.05,34.71,-56,171,-1073,34,6
75186.2,-0.1,34.945,-0.0167,34.74,-54,174,-1062,35,6
75186.3667,0.2167,34.925,0.2,34.725,-53,165,-1071,36,6
75186.5333,0.2333,34.945,0.3167,34.725,-54,172,-1068,37,6
75186.7,0.1667,34.945,0.1667,34.71,-53,169,-1071,38,6
75186.8667,0.1833,34.925,0.1333,34.74,-61,172,-1059,39,6
75187.0333,0.0833,34.925,0.05,34.71,-60,162,-1074,40,6
75187.2,0.15,34.96,0.1333,34.74,-52,176,-1077,41,6
75187.3667,0.1333,34.91,0.0833,34.725,-53,171,-1071,42,6
75187.5333,0.1333,34.96,0.1167,34.74,-54,169,-1083,43,6
75187.7,0.2333,34.925,0.2,34.725,-72,182,-1071,44,6
75187.8667,0.0833,34.96,0.05,34.725,-78,180,-1067,45,6
75188.0333,0.1333,34.975,0.1167,34.725,-76,177,-1068,46,6
75188.2,0.1667,34.925,0.0667,34.755,-65,187,-1059,47,6
75188.3667,0.15,34.925,0.0667,34.725,-51,162,-1083,48,6
75188.5333,0.0833,34.925,0.05,34.725,-56,171,-1070,49,6
75188.7,0.1,34.975,0.0333,34.74,-54,174,-1068,50,6
75188.8667,0.0833,34.945,0.0333,34.74,-53,178,-1068,51,6
75189.0333,0.1167,34.925,0.05,34.71,-56,177,-1065,52,6
75189.2,0.0833,34.945,0.0333,34.74,-57,169,-1068,53,6
75189.3667,0.0333,34.895,-0.0,34.74,-52,174,-1065,54,6
75189.5333,0.0167,34.945,-0.0,34.74,-54,168,-1062,55,6
75189.7,0.0167,34.925,-0.0,34.71,-55,168,-1065,56,6
75189.8667,0.0167,34.945,-0.0,34.71,-55,170,-1068,57,6
75190.0333,0.0167,34.945,-0.0167,34.725,-58,161,-1074,58,6
75190.2,-0.0333,34.925,-0.0333,34.74,-60,168,-1067,59,6
75190.3667,0.0333,34.96,-0.0,34.725,-49,176,-1071,60,6
75190.5333,-0.0167,34.925,-0.0167,34.755,-52,174,-1068,61,6
75190.7,0.05,34.96,-0.0,34.71,-53,185,-1062,62,6
75190.8667,0.0333,34.945,-0.0,34.74,-61,165,-1086,63,6
75191.0333,0.0,34.945,-0.0167,34.725,-75,174,-1068,64,6
75191.2,-0.0333,34.925,-0.0333,34.725,-76,180,-1068,65,6
75191.3667,-0.0333,34.925,-0.0333,34.74,-70,176,-1065,66,6
75191.5333,0.0,34.99,-0.0167,34.725,-60,174,-1071,67,6
75191.7,0.0,34.975,-0.0167,34.725,-54,171,-1074,68,6
75191.8667,-0.0167,34.945,-0.0333,34.725,-52,171,-1061,69,6
75192.0333,0.0167,34.945,-0.0167,34.71,-55,170,-1073,70,6
75192.2,0.05,34.925,-0.0,34.725,-53,174,-1068,71,6
75192.3667,0.05,34.945,-0.0,34.74,-56,168,-1071,72,6
75192.5333,0.05,34.925,-0.0,34.74,-60,177,-1067,73,6
75192.7,0.05,34.925,-0.0,34.725,-60,174,-1068,74,6
75192.8667,0.0333,34.945,-0.0,34.71,-55,166,-1071,75,6
75193.0333,0.05,34.96,0.0167,34.74,-56,167,-1074,76,6
75193.2,0.0667,34.96,0.0333,34.74,-54,172,-1071,77,6
75193.3667,0.0833,34.945,0.0167,34.725,-61,179,-1067,78,6
75193.5333,0.0667,34.96,0.0167,34.71,-54,172,-1074,79,6
75193.7,0.0667,34.975,-0.0,34.755,-73,181,-1073,80,6
75193.8667,0.0667,34.975,0.0333,34.725,-78,172,-1062,81,6
75194.0333,0.0667,34.975,0.0167,34.725,-73,186,-1070,82,6
75194.2,0.1,34.925,0.05,34.77,-79,179,-1074,83,6
75194.3667,0.1167,34.96,0.05,34.755,-85,188,-1062,84,6
75194.5333,0.1,34.945,0.0333,34.74,-65,159,-1062,85,6
75194.7,0.0833,34.945,0.0167,34.725,-57,173,-1068,86,6
75194.8667,0.1,34.925,0.0333,34.725,-53,170,-1065,87,6
75195.0333,0.1,34.91,0.0167,34.71,-53,183,-1071,88,6
75195.2,0.1,34.96,0.0333,34.69,-56,174,-1073,89,6
75195.3667,0.0833,34.925,0.0333,34.725,-57,172,-1074,90,6
75195.5333,0.0667,34.945,0.0167,34.71,-54,164,-1080,91,6
75195.7,0.0667,35.01,0.0333,34.71,-54,165,-1071,92,6
75195.8667,0.0833,34.975,0.0167,34.725,-51,174,-1065,93,6
75196.0333,0.0667,34.945,0.0167,34.69,-55,171,-1068,94,6
75196.2,0.0833,34.945,0.0167,34.71,-53,180,-1065,95,6
75196.3667,0.1,34.945,0.0167,34.74,-49,162,-1071,96,6
75196.5333,0.05,34.925,-0.0,34.725,-54,166,-1071,97,6
75196.7,0.0667,34.925,0.0167,34.74,-56,168,-1068,98,6
75196.8667,0.05,34.945,0.0167,34.74,-45,179,-1071,99,6
75197.0333,0.05,34.96,0.0333,34.71,-59,175,-1077,100,6
75197.2,0.1167,34.975,0.0333,34.74,-63,175,-1068,101,6
75197.3667,0.0,34.96,-0.0,34.725,-84,188,-1073,102,6
75197.5333,-0.05,34.96,0.0333,34.69,-83,171,-1068,103,6
75197.7,0.2167,34.925,0.1833,34.74,-82,183,-1058,104,6
75197.8667,0.3667,34.945,0.3833,34.74,-66,167,-1073,105,6
75198.0333,0.2,34.925,0.1667,34.725,-58,165,-1077,106,6
75198.2,0.1,34.96,0.3833,34.725,-55,176,-1067,107,6
75198.3667,-0.3167,34.945,-0.25,34.725,-46,180,-1065,108,6
75198.5333,-0.1333,34.96,-0.1333,34.74,-51,179,-1065,109,6
75198.7,0.5167,34.925,0.3667,34.74,-45,180,-1082,110,6
75198.8667,0.35,34.945,0.4667,34.71,-58,177,-1071,111,6
75199.0333,0.2,34.96,0.1167,34.74,-47,171,-1070,112,6
75199.2,0.15,34.945,0.2,34.74,-48,178,-1073,113,6
75199.3667,-0.1667,34.925,-0.1333,34.725,-46,177,-1067,114,6
75199.5333,0.2833,34.96,0.15,34.71,-50,177,-1071,115,6
75199.7,-0.1667,34.925,-0.05,34.69,-51,174,-1068,116,6
75199.8667,0.0,34.945,-0.0333,34.725,-55,174,-1067,117,6
75200.0333,-0.0667,34.96,-0.0333,34.725,-51,159,-1070,118,6
75200.2,0.2,34.945,0.0833,34.725,-54,167,-1065,119,6
75200.3667,0.2167,34.945,0.1333,34.725,-57,170,-1080,120,6
75200.5333,0.2333,34.975,0.1667,34.755,-41,166,-1070,121,6
75200.7,0.1333,34.96,0.1,34.74,-38,172,-1068,122,6
75200.8667,0.1167,34.925,0.05,34.725,-35,176,-1065,123,6
75201.0333,0.1,34.975,0.05,34.71,-53,183,-1065,124,6
75201.2,0.0333,34.945,-0.0,34.74,-44,162,-1064,125,6
75201.3667,0.0333,34.945,-0.0,34.725,-42,175,-1067,126,6
75201.5333,0.1,34.945,0.05,34.74,-42,172,-1080,127,6
75201.7,0.1167,34.945,0.0667,34.74,-42,179,-1067,128,6
75201.8667,0.1167,34.96,0.05,34.725,-39,170,-1071,129,6
75202.0333,0.0667,34.925,0.0333,34.71,-47,171,-1074,130,6
75202.2,0.05,34.91,0.0333,34.71,-46,171,-1068,131,6
75202.3667,0.0167,34.945,-0.0,34.71,-51,172,-1065,132,6
75202.5333,0.0,34.945,-0.0167,34.755,-48,171,-1070,133,6
75202.7,0.0167,34.96,-0.0167,34.725,-51,167,-1073,134,6
75202.8667,0.0333,34.96,-0.0,34.77,-45,174,-1074,135,6
75203.0333,0.0667,34.925,0.0167,34.725,-51,180,-1071,136,6
75203.2,0.05,34.96,-0.0,34.74,-46,171,-1071,137,6
75203.3667,0.05,34.945,-0.0,34.725,11,172,-1062,138,6
75203.5333,0.05,34.91,0.0167,34.725,-64,165,-1068,139,6
75203.7,0.0333,34.945,-0.0,34.71,-64,180,-1064,140,6
75203.8667,0.05,34.945,0.0167,34.69,-69,176,-1074,141,6
75204.0333,0.0667,34.96,0.0333,34.69,-78,183,-1059,142,6
75204.2,0.0667,34.96,0.0167,34.71,-62,155,-1065,143,6
75204.3667,0.05,34.925,0.0167,34.71,-54,171,-1071,144,6
75204.5333,0.0667,34.96,0.0167,34.725,-45,171,-1074,145,6
75204.7,0.05,34.925,0.0167,34.725,-44,177,-1062,146,6
75204.8667,0.0833,34.945,0.0333,34.69,-48,171,-1068,147,6
75205.0333,0.0833,34.96,0.0333,34.725,-51,169,-1073,148,6
75205.2,0.05,34.96,0.0167,34.725,-45,178,-1074,149,6
75205.3667,0.0667,34.945,0.0167,34.71,-54,164,-1068,150,6
75205.5333,0.05,34.945,0.0167,34.725,-51,176,-1065,151,6
75205.7,0.05,34.91,-0.0,34.725,-52,170,-1059,152,6
75205.8667,0.0667,34.96,0.0167,34.725,-53,153,-1083,153,6
75206.0333,0.0333,34.975,-0.0,34.69,-59,165,-1070,154,6
75206.2,0.05,34.945,-0.0,34.74,-50,172,-1065,155,6
75206.3667,0.05,34.96,-0.0,34.725,-46,174,-1071,156,6
75206.5333,0.05,34.945,0.0167,34.725,-46,180,-1074,157,6
75206.7,0.0333,34.925,-0.0167,34.725,-56,177,-1073,158,6
75206.8667,0.05,34.96,0.0167,34.755,-55,168,-1071,159,6
75207.0333,0.05,34.925,0.0167,34.71,-68,170,-1068,160,6
75207.2,0.1,34.99,0.0333,34.725,-64,183,-1053,161,6
75207.3667,0.0667,34.925,0.0333,34.725,-60,161,-1080,162,6
75207.5333,0.0667,34.945,-0.0,34.725,-57,171,-1074,163,6
75207.7,0.0667,34.96,0.0167,34.74,-51,168,-1071,164,6
75207.8667,0.05,34.945,-0.0,34.74,-45,180,-1068,165,6
75208.0333,0.05,34.96,-0.0,34.74,-56,177,-1070,166,6
75208.2,0.05,34.945,0.0167,34.725,-51,166,-1071,167,6
75208.3667,0.0333,34.945,-0.0,34.725,-57,166,-1070,168,6
75208.5333,0.0333,34.96,-0.0167,34.725,-52,168,-1068,169,6
75208.7,0.0333,34.975,-0.0,34.71,-50,168,-1062,170,6
75208.8667,0.0333,34.925,-0.0,34.755,-56,167,-1067,171,6
75209.0333,0.0667,34.945,-0.0,34.74,-53,168,-1074,172,6
75209.2,0.0333,34.96,-0.0,34.74,-59,164,-1062,173,6
75209.3667,0.0167,34.925,-0.0167,34.71,-46,175,-1071,174,6
75209.5333,0.0167,34.945,-0.0,34.755,-52,174,-1064,175,6
75209.7,0.1,34.96,0.0333,34.69,-47,177,-1071,176,6
75209.8667,0.0667,34.96,0.0167,34.725,-79,177,-1079,177,6
75210.0333,0.1167,34.945,0.05,34.71,-76,175,-1071,178,6
75210.2,0.0667,34.925,0.0167,34.74,-79,185,-1050,179,6
75210.3667,0.0167,34.96,0.0167,34.74,-60,174,-1065,180,6
75210.5333,-0.15,34.945,-0.1,34.74,-53,179,-1067,181,6
75210.7,-0.0167,34.925,0.0167,34.725,-51,171,-1071,182,6
75210.8667,0.0833,34.945,0.0667,34.725,-64,179,-1062,183,6
75211.0333,-0.15,34.945,-0.15,34.71,-48,175,-1062,184,6
75211.2,-0.2167,34.925,-0.1167,34.725,-36,170,-1073,185,6
75211.3667,-0.1667,34.925,-0.05,34.725,-51,168,-1079,186,6
75211.5333,0.0167,34.945,-0.0,34.74,-50,166,-1067,187,6
75211.7,0.0833,34.945,0.0167,34.725,-51,166,-1071,188,6
75211.8667,0.1,34.945,0.0333,34.74,-54,172,-1068,189,6
75212.0333,-0.0333,34.925,-0.0833,34.74,-52,171,-1073,190,6
75212.2,0.0333,34.925,0.05,34.71,-58,168,-1074,191,6
75212.3667,0.0,34.975,-0.0833,34.74,-45,177,-1071,192,6
75212.5333,0.0167,34.945,0.0167,34.71,-49,172,-1064,193,6
75212.7,0.05,34.96,0.0167,34.69,-45,180,-1068,194,6
75212.8667,0.0333,34.96,-0.0167,34.725,-78,180,-1065,195,6
75213.0333,0.05,34.925,0.0333,34.71,-78,177,-1071,196,6
75213.2,0.0333,34.91,0.0167,34.71,-73,170,-1067,197,6
75213.3667,0.1,34.945,0.05,34.74,-78,172,-1065,198,6
75213.5333,0.0333,34.945,-0.0,34.71,-55,179,-1065,199,6
75213.7,0.1,34.925,0.0333,34.675,-51,173,-1071,200,6
75213.8667,0.1167,34.96,0.0333,34.74,-46,183,-1067,201,6
75214.0333,0.0667,34.96,0.0167,34.69,-51,158,-1082,202,6
75214.2,0.05,34.945,0.0167,34.725,-51,173,-1076,203,6
75214.3667,0.05,34.945,0.0167,34.725,-51,168,-1068,204,6
75214.5333,0.0167,34.945,-0.0167,34.725,-52,172,-1065,205,6
75214.7,0.0167,34.925,-0.0,34.69,-51,175,-1071,206,6
75214.8667,0.0167,34.96,-0.0167,34.755,-54,171,-1071,207,6
75215.0333,0.0,34.945,-0.05,34.71,-49,173,-1073,208,6
75215.2,0.0,34.945,-0.0167,34.74,-55,166,-1067,209,6
75215.3667,0.0333,34.925,-0.0167,34.69,-52,173,-1068,210,6
75215.5333,0.0333,34.91,-0.0,34.725,-53,173,-1070,211,6
75215.7,0.05,34.945,0.0167,34.74,-56,171,-1068,212,6
75215.8667,0.0333,34.945,-0.0333,34.69,-62,178,-1056,213,6
75216.0333,0.0333,34.925,-0.0167,34.71,-51,174,-1068,214,6
75216.2,0.0667,34.91,0.0333,34.74,-69,176,-1065,215,6
75216.3667,0.1,34.91,0.0333,34.74,-61,184,-1055,216,6
75216.5333,0.0833,34.91,0.0333,34.725,-78,162,-1080,217,6
75216.7,0.05,34.945,0.0167,34.71,-75,175,-1071,218,6
75216.8667,0.05,34.945,-0.0,34.69,-71,174,-1071,219,6
75217.0333,0.0667,34.96,0.0167,34.74,-60,178,-1068,220,6
75217.2,0.0833,34.945,0.0167,34.71,-54,173,-1071,221,6
75217.3667,0.05,34.925,-0.0,34.74,-54,174,-1071,222,6
75217.5333,0.0167,34.945,-0.0,34.74,-42,171,-1065,223,6
75217.7,0.0167,34.975,-0.0167,34.725,-47,168,-1068,224,6
75217.8667,0.05,34.945,-0.0,34.71,-38,180,-1068,225,6
75218.0333,0.05,34.96,-0.0,34.725,-37,174,-1071,226,6
75218.2,0.05,34.96,-0.0,34.725,-52,185,-1067,227,6
75218.3667,0.0333,34.945,-0.0167,34.725,-43,174,-1071,228,6
75218.5333,0.0333,34.96,-0.0,34.71,-41,174,-1067,229,6
75218.7,0.05,34.925,-0.0,34.725,-42,168,-1065,230,6
75218.8667,0.0333,34.945,-0.0167,34.69,-40,180,-1071,231,6
75219.0333,0.0667,34.945,0.0167,34.725,-43,177,-1071,232,6
75219.2,0.0667,34.925,0.0167,34.71,-47,170,-1065,233,6
75219.3667,0.0333,34.925,-0.0167,34.74,-39,168,-1067,234,6
75219.5333,0.0333,34.925,-0.0,34.69,-51,165,-1068,235,6
75219.7,0.05,34.925,-0.0,34.725,-45,171,-1070,236,6
75219.8667,0.05,34.96,0.0167,34.74,-47,170,-1070,237,6
75220.0333,0.0667,34.96,0.0167,34.725,-53,181,-1071,238,6
75220.2,0.0167,34.895,-0.0333,34.71,-48,176,-1061,239,6
75220.3667,0.0167,34.96,-0.0167,34.71,-51,173,-1068,240,6
75220.5333,0.0333,34.945,-0.0167,34.69,-59,174,-1068,241,6
75220.7,0.0333,34.925,-0.0167,34.725,-59,183,-1073,242,6
75220.8667,0.05,34.945,0.0167,34.725,-73,177,-1070,243,6
75221.0333,0.0333,34.925,-0.0,34.69,-69,174,-1067,244,6
75221.2,0.0333,34.945,-0.0,34.74,-55,176,-1052,245,6
75221.3667,0.0167,34.945,-0.0167,34.69,-54,168,-1064,246,6
75221.5333,0.05,34.925,-0.0,34.66,-51,179,-1065,247,6
75221.7,0.05,34.925,-0.0,34.71,-50,173,-1073,248,6
75221.8667,0.0333,34.91,-0.0167,34.725,-59,183,-1064,249,6
75222.0333,0.1,34.945,0.0333,34.66,-53,165,-1074,250,6
75222.2,0.1,34.925,0.0333,34.71,-51,171,-1068,251,6
75222.3667,0.1,34.925,0.05,34.74,-48,166,-1068,252,6
75222.5333,0.2833,34.96,0.2667,34.69,-45,169,-1067,253,6
75222.7,0.5,34.945,0.4,34.69,-49,168,-1071,254,6
75222.8667,-0.0833,34.925,-0.0833,34.725,-57,169,-1070,255,6
75223.0333,-0.1333,34.945,-0.05,34.725,-54,173,-1056,0,6
75223.2,0.0833,34.945,0.0833,34.74,-56,165,-1071,1,6
75223.3667,-0.0667,34.925,-0.0167,34.725,-49,177,-1076,2,6
75223.5333,0.0833,34.945,0.2333,34.71,-54,183,-1082,3,6
75223.7,0.1667,34.945,0.1667,34.725,-70,192,-1062,4,6
75223.8667,0.1,34.945,0.1333,34.69,-78,174,-1059,5,6
75224.0333,0.0333,34.96,0.1333,34.74,-80,182,-1065,6,6
75224.2,0.25,34.925,0.2,34.71,-71,180,-1065,7,6
75224.3667,0.3333,34.945,0.35,34.725,-54,177,-1071,8,6
75224.5333,0.1167,34.96,0.1167,34.74,-61,180,-1067,9,6
75224.7,-0.0333,34.96,-0.0167,34.725,-51,177,-1074,10,6
75224.8667,-0.1167,34.945,-0.0167,34.71,-46,170,-1077,11,6
75225.0333,0.1,34.945,-0.0,34.71,-31,170,-1053,12,6
75225.2,-0.0667,34.975,-0.05,34.71,-51,173,-1071,13,6
75225.3667,-0.0333,34.96,-0.0167,34.725,-54,167,-1071,14,6
75225.5333,0.0,34.96,-0.0167,34.71,-52,168,-1080,15,6
75225.7,0.0167,34.925,-0.0,34.71,-55,162,-1074,16,6
75225.8667,0.0,34.925,-0.0167,34.71,-54,174,-1071,17,6
75226.0333,0.05,34.96,0.0333,34.71,-51,169,-1068,18,6
75226.2,0.0333,34.945,-0.0167,34.725,-53,168,-1067,19,6
75226.3667,0.05,34.91,-0.0,34.71,-49,168,-1070,20,6
75226.5333,0.0,34.96,-0.0167,34.71,-49,173,-1068,21,6
75226.7,0.05,34.91,0.0167,34.74,-60,168,-1080,22,6
75226.8667,0.0333,34.925,-0.0,34.725,-81,179,-1080,23,6
75227.0333,0.05,34.925,0.0167,34.74,-70,176,-1070,24,6
75227.2,0.0,34.925,-0.0167,34.755,-78,179,-1068,25,6
75227.3667,0.0,34.96,-0.0,34.725,-72,165,-1079,26,6
75227.5333,-0.0167,34.96,-0.0167,34.69,-60,173,-1068,27,6
75227.7,-0.0167,34.945,-0.0333,34.725,-48,174,-1077,28,6
75227.8667,-0.0167,34.96,-0.0333,34.69,-50,176,-1068,29,6
75228.0333,0.0333,34.91,-0.0333,34.725,-36,174,-1083,30,6
75228.2,0.0167,34.925,-0.0167,34.74,-54,164,-1071,31,6
75228.3667,0.0,34.925,-0.0167,34.71,-51,172,-1070,32,6
75228.5333,0.0167,34.925,-0.0167,34.725,-57,180,-1071,33,6
75228.7,0.0333,34.925,-0.0167,34.725,-51,170,-1067,34,6
75228.8667,0.05,34.96,0.0167,34.74,-45,175,-1068,35,6
75229.0333,0.0333,34.96,-0.0,34.71,-54,168,-1070,36,6
75229.2,0.0333,34.945,-0.0,34.71,-54,172,-1074,37,6
75229.3667,0.0167,34.945,-0.0167,34.69,-57,166,-1067,38,6
75229.5333,0.0667,34.91,-0.0,34.725,-45,178,-1079,39,6
75229.7,0.0333,34.925,-0.0,34.71,-49,175,-1071,40,6
75229.8667,0.0833,34.96,0.0333,34.71,-59,177,-1073,41,6
75230.0333,0.05,34.96,0.0167,34.725,-54,173,-1065,42,6
75230.2,0.0167,34.945,-0.0167,34.71,-75,180,-1067,43,6
75230.3667,0.0167,34.96,-0.0167,34.725,-72,175,-1062,44,6
75230.5333,0.0167,34.91,-0.0167,34.725,-69,176,-1065,45,6
75230.7,0.0667,34.945,0.0167,34.69,-51,175,-1071,46,6
75230.8667,0.05,34.91,-0.0,34.71,-53,172,-1065,47,6
75231.0333,0.0333,34.975,-0.0,34.725,-47,177,-1053,48,6
75231.2,0.0333,34.945,-0.0,34.69,-51,166,-1068,49,6
75231.3667,0.0333,34.96,-0.0,34.74,-49,177,-1067,50,6
75231.5333,0.0333,34.925,-0.0,34.755,-52,170,-1062,51,6
75231.7,0.05,34.925,0.0167,34.71,-55,171,-1068,52,6
75231.8667,0.0333,34.945,-0.0,34.675,-58,171,-1070,53,6
75232.0333,0.05,34.945,0.0167,34.69,-53,175,-1070,54,6
75232.2,0.0333,34.945,-0.0,34.71,-54,171,-1076,55,6
75232.3667,0.0833,34.925,0.0167,34.725,-53,170,-1079,56,6
75232.5333,0.0667,34.945,0.0167,34.71,-50,156,-1071,57,6
75232.7,0.0667,34.945,-0.0,34.725,-45,172,-1076,58,6
75232.8667,0.0333,34.945,-0.0,34.71,-52,168,-1062,59,6
75233.0333,0.0167,34.925,-0.0,34.725,-60,173,-1067,60,6
75233.2,0.05,34.945,0.0167,34.725,-66,176,-1071,61,6
75233.3667,0.0333,34.925,-0.0,34.69,-81,177,-1068,62,6
75233.5333,0.0333,34.91,-0.0,34.71,-72,176,-1061,63,6
75233.7,0.0167,34.925,-0.0333,34.71,-39,173,-1071,64,6
75233.8667,0.0333,34.925,-0.0,34.69,-53,186,-1073,65,6
75234.0333,0.0167,34.945,0.0167,34.71,-47,171,-1071,66,6
75234.2,0.05,34.945,-0.0167,34.69,-53,183,-1071,67,6
75234.3667,0.0333,34.925,-0.0167,34.71,-53,176,-1068,68,6
75234.5333,0.05,34.945,0.0167,34.725,-38,174,-1067,69,6
75234.7,0.1,34.925,0.0333,34.71,-38,174,-1071,70,6
75234.8667,-0.05,34.945,-0.0333,34.725,-42,183,-1062,71,6
75235.0333,0.05,34.925,0.0167,34.725,-51,179,-1074,72,6
75235.2,0.0167,34.925,-0.05,34.71,-51,173,-1071,73,6
75235.3667,-0.05,34.91,0.0167,34.725,-42,162,-1074,74,6
75235.5333,-0.1833,34.91,-0.1,34.69,-53,173,-1073,75,6
75235.7,0.0167,34.91,-0.0167,34.71,-45,171,-1065,76,6
75235.8667,0.2167,34.945,0.2167,34.725,-54,173,-1068,77,6
75236.0333,0.15,34.925,0.2,34.725,-51,178,-1070,78,6
75236.2,0.1667,34.925,0.1,34.71,-54,181,-1068,79,6
75236.3667,0.2833,34.945,0.2667,34.69,-47,169,-1071,80,6
75236.5333,0.0,34.925,0.1167,34.725,-45,168,-1077,81,6
75236.7,0.3167,34.91,0.3333,34.675,-46,162,-1067,82,6
75236.8667,0.1333,34.945,0.1667,34.71,-37,183,-1071,83,6
75237.0333,-0.0167,34.895,0.0333,34.71,-27,177,-1065,84,6
75237.2,0.1333,34.96,0.15,34.69,-24,174,-1076,85,6
75237.3667,0.15,34.925,0.0667,34.71,-46,183,-1074,86,6
75237.5333,0.1667,34.945,0.0667,34.74,-36,174,-1071,87,6
75237.7,0.1333,34.925,0.0667,34.69,-41,181,-1052,88,6
75237.8667,0.2,34.945,0.15,34.69,-43,171,-1065,89,6
75238.0333,0.15,34.945,0.1,34.725,-42,177,-1068,90,6
75238.2,0.1667,34.945,0.1,34.69,-45,173,-1070,91,6
75238.3667,0.1667,34.91,0.0833,34.725,-39,168,-1071,92,6
75238.5333,0.1333,34.96,0.0667,34.69,-50,156,-1070,93,6
75238.7,0.1167,34.925,0.05,34.69,-51,165,-1068,94,6
75238.8667,0.1333,34.925,0.0667,34.74,-45,173,-1077,95,6
75239.0333,0.15,34.945,0.1,34.725,-45,167,-1076,96,6
75239.2,0.1333,34.925,0.0667,34.71,-42,174,-1074,97,6
75239.3667,0.1,34.91,0.0333,34.71,-64,172,-1056,98,6
75239.5333,0.05,34.945,-0.0,34.725,-69,184,-1090,99,6
75239.7,0.05,34.925,0.0167,34.69,-75,183,-1068,100,6
75239.8667,0.1,34.91,0.0333,34.725,-63,177,-1068,101,6
75240.0333,0.0667,34.945,0.0167,34.725,-56,177,-1071,102,6
75240.2,0.1,34.945,0.05,34.71,-47,181,-1079,103,6
75240.3667,0.1,34.91,0.05,34.69,-57,177,-1065,104,6
75240.5333,0.1167,34.945,0.05,34.725,-50,171,-1068,105,6
75240.7,0.0833,34.91,0.0167,34.725,-45,176,-1077,106,6
75240.8667,0.0833,34.945,0.0333,34.71,-52,166,-1068,107,6
75241.0333,0.0833,34.945,0.0333,34.725,-45,177,-1067,108,6
75241.2,0.0667,34.96,0.0167,34.71,-52,171,-1071,109,6
75241.3667,0.0833,34.925,0.0333,34.675,-52,180,-1059,110,6
75241.5333,0.1,34.96,0.0333,34.69,-45,168,-1079,111,6
75241.7,0.05,34.945,-0.0,34.69,-51,167,-1073,112,6
75241.8667,0.0667,34.925,0.0167,34.71,-50,170,-1068,113,6
75242.0333,0.1167,34.91,0.05,34.71,-46,179,-1077,114,6
75242.2,0.0667,34.96,-0.0,34.69,-51,171,-1065,115,6
75242.3667,0.0667,34.91,0.0167,34.69,-57,170,-1074,116,6
75242.5333,0.0333,34.945,-0.0,34.69,-68,187,-1065,117,6
75242.7,0.0333,34.945,-0.0,34.69,-87,181,-1062,118,6
75242.8667,0.0167,34.925,-0.0167,34.71,-75,185,-1071,119,6
75243.0333,0.0333,34.945,-0.0167,34.74,-63,171,-1071,120,6
75243.2,0.0333,34.96,-0.0,34.71,-65,186,-1062,121,6
75243.3667,0.0333,34.945,-0.0167,34.69,-54,169,-1058,122,6
75243.5333,0.0333,34.945,-0.0167,34.71,-44,172,-1071,123,6
75243.7,0.0333,34.91,-0.0,34.725,-50,171,-1071,124,6
75243.8667,0.0333,34.945,0.0167,34.71,-47,178,-1076,125,6
75244.0333,0.0167,34.945,-0.0,34.71,-55,180,-1071,126,6
75244.2,0.0333,34.96,-0.0,34.675,-53,171,-1074,127,6
75244.3667,0.0333,34.96,-0.0,34.725,-51,180,-1068,128,6
75244.5333,0.0167,34.945,-0.0,34.71,-51,170,-1070,129,6
75244.7,0.0333,34.96,-0.0,34.71,-52,172,-1067,130,6
75244.8667,0.05,34.945,0.0167,34.71,-55,168,-1070,131,6
75245.0333,0.0333,34.91,-0.0,34.69,-54,154,-1070,132,6
75245.2,0.0333,34.91,-0.0,34.675,-45,165,-1074,133,6
75245.3667,0.05,34.945,-0.0,34.71,-41,174,-1071,134,6
75245.5333,0.0333,34.91,-0.0,34.71,-54,172,-1061,135,6
75245.7,0.05,34.925,-0.0,34.725,-74,192,-1056,136,6
75245.8667,0.0167,34.96,-0.0167,34.71,-75,176,-1077,137,6
75246.0333,0.0167,34.945,-0.0167,34.69,-78,170,-1061,138,6
75246.2,0.0167,34.945,-0.0333,34.69,-65,168,-1061,139,6
75246.3667,0.0667,34.96,-0.0,34.71,-54,181,-1067,140,6
75246.5333,0.0833,34.91,0.0167,34.71,-50,176,-1076,141,6
75246.7,0.0667,34.91,0.0167,34.675,-48,172,-1074,142,6
75246.8667,0.0333,34.975,-0.0,34.71,-30,174,-1053,143,6
75247.0333,0.1,34.945,0.05,34.69,-55,165,-1068,144,6
75247.2,0.0833,34.91,-0.0,34.71,-49,177,-1068,145,6
75247.3667,-0.1,34.945,-0.1,34.69,-52,176,-1073,146,6
75247.5333,0.0167,34.925,0.0333,34.69,-54,170,-1061,147,6
75247.7,0.6167,34.91,0.4833,34.725,-50,172,-1079,148,6
75247.8667,0.45,34.925,0.3667,34.69,-50,169,-1071,149,6
75248.0333,0.75,34.925,0.5,34.69,-54,165,-1083,150,6
75248.2,0.0667,34.945,0.0667,34.71,-42,170,-1074,151,6
75248.3667,0.3333,34.945,0.4167,34.725,-47,168,-1074,152,6
75248.5333,0.0667,34.895,0.2667,34.725,-50,177,-1073,153,6
75248.7,-0.1833,34.945,-0.0,34.74,-59,174,-1101,154,6
75248.8667,-0.0667,34.925,0.1333,34.74,-80,183,-1067,155,6
75249.0333,0.0333,34.96,0.0333,34.725,-72,183,-1070,156,6
75249.2,-0.15,34.925,-0.0333,34.675,-66,171,-1065,157,6
75249.3667,-0.3167,34.895,-0.25,34.69,-54,177,-1076,158,6
75249.5333,-0.1167,34.925,0.0167,34.74,-60,177,-1068,159,6
75249.7,0.2167,34.925,0.2333,34.71,-74,176,-1083,160,6
75249.8667,0.0167,34.945,0.0667,34.725,-52,174,-1067,161,6
75250.0333,0.1167,34.945,0.0833,34.71,-52,162,-1071,162,6
75250.2,0.15,34.91,0.1,34.69,-47,178,-1071,163,6
75250.3667,0.2,34.91,0.15,34.71,-50,174,-1068,164,6
75250.5333,0.1167,34.945,0.0667,34.675,-49,186,-1065,165,6
75250.7,0.1167,34.91,0.0667,34.66,-51,172,-1076,166,6
75250.8667,0.1,34.925,0.0333,34.71,-54,169,-1071,167,6
75251.0333,0.0667,34.96,0.0333,34.74,-54,168,-1073,168,6
75251.2,0.0667,34.96,0.05,34.725,-47,174,-1071,169,6
75251.3667,0.0833,34.91,0.0333,34.725,-57,180,-1067,170,6
75251.5333,0.0333,34.925,-0.0,34.725,-49,174,-1074,171,6
75251.7,0.0667,34.925,0.0333,34.66,-65,173,-1074,172,6
75251.8667,0.0833,34.925,0.05,34.71,-68,171,-1065,173,6
75252.0333,0.0833,34.925,0.0333,34.725,-75,180,-1061,174,6
75252.2,0.0833,34.945,0.0333,34.69,-78,180,-1067,175,6
75252.3667,0.0667,34.925,0.0333,34.69,-72,169,-1074,176,6
75252.5333,0.0167,34.91,-0.0,34.71,-66,174,-1065,177,6
75252.7,0.0333,34.91,-0.0,34.725,-46,175,-1077,178,6
75252.8667,0.05,34.91,-0.0,34.71,-51,175,-1074,179,6
75253.0333,0.05,34.925,-0.0,34.71,-17,175,-1047,180,6
75253.2,0.05,34.91,-0.0167,34.675,-42,168,-1074,181,6
75253.3667,0.0167,34.925,-0.0,34.71,-43,173,-1073,182,6
75253.5333,0.0667,34.945,-0.0,34.71,-50,174,-1080,183,6
75253.7,0.0333,34.91,-0.0,34.675,-42,175,-1071,184,6
75253.8667,0.05,34.895,-0.0,34.71,-44,174,-1059,185,6
75254.0333,0.05,34.895,-0.0,34.74,-50,174,-1065,186,6
75254.2,0.05,34.925,-0.0,34.69,-47,176,-1083,187,6
75254.3667,0.0333,34.91,-0.0167,34.66,-54,174,-1074,188,6
75254.5333,0.0667,34.925,0.0167,34.69,-46,176,-1071,189,6
75254.7,0.0667,34.925,0.0167,34.71,-51,169,-1068,190,6
75254.8667,0.0833,34.925,0.0333,34.74,-43,177,-1070,191,6
75255.0333,0.0833,34.925,0.0167,34.71,-53,180,-1065,192,6
75255.2,0.05,34.91,0.0167,34.69,-47,172,-1070,193,6
75255.3667,0.05,34.975,-0.0,34.69,-57,175,-1061,194,6
75255.5333,0.05,34.895,0.0167,34.725,-66,171,-1071,195,6
75255.7,0.0167,34.895,-0.0,34.74,-70,189,-1065,196,6
75255.8667,0.0833,34.91,0.0167,34.71,-78,180,-1065,197,6
75256.0333,0.0833,34.945,0.0167,34.71,-72,180,-1058,198,6
75256.2,0.0167,34.895,-0.0167,34.74,-73,162,-1084,199,6
75256.3667,0.0167,34.88,-0.0167,34.69,-55,164,-1076,200,6
75256.5333,0.0667,34.925,0.0167,34.69,-45,176,-1074,201,6
75256.7,0.05,34.925,0.0167,34.69,-42,172,-1064,202,6
75256.8667,0.0667,34.91,0.0333,34.725,-35,177,-1070,203,6
75257.0333,0.0667,34.945,0.0167,34.69,-43,172,-1065,204,6
75257.2,0.05,34.925,0.0167,34.71,-54,178,-1065,205,6
75257.3667,0.0667,34.895,0.0167,34.71,-42,177,-1067,206,6
75257.5333,0.05,34.945,-0.0,34.69,-37,175,-1070,207,6
75257.7,0.05,34.945,-0.0,34.71,-40,174,-1074,208,6
75257.8667,0.05,34.925,-0.0,34.71,-43,171,-1067,209,6
75258.0333,0.0667,34.945,0.0167,34.71,-39,174,-1070,210,6
75258.2,0.0667,34.895,0.0167,34.725,-49,170,-1074,211,6
75258.3667,0.0667,34.945,0.0167,34.725,-46,167,-1071,212,6
75258.5333,0.0667,34.91,-0.0,34.675,-51,170,-1067,213,6
75258.7,0.05,34.91,-0.0,34.71,-49,171,-1070,214,6
75258.8667,0.05,34.91,-0.0,34.71,-54,168,-1074,215,6
75259.0333,0.1167,34.925,0.05,34.71,-38,169,-1074,216,6
75259.2,0.05,34.91,0.0167,34.71,-43,177,-1080,217,6
75259.3667,0.0,34.925,-0.0167,34.66,-46,168,-1079,218,6
75259.5333,0.05,34.895,-0.0,34.71,-58,179,-1067,219,6
75259.7,-0.0167,34.895,-0.0333,34.675,-66,168,-1067,220,6
75259.8667,0.1167,34.925,0.0667,34.69,-69,180,-1068,221,6
75260.0333,0.0167,34.91,-0.0,34.71,-72,179,-1065,222,6
75260.2,0.0833,34.925,0.1,34.71,-72,187,-1059,223,6
75260.3667,0.2167,34.925,0.2,34.71,-64,177,-1065,224,6
75260.5333,0.3,34.895,0.2667,34.69,-50,171,-1074,225,6
75260.7,0.2333,34.925,0.15,34.675,-49,175,-1074,226,6
75260.8667,-0.0333,34.895,0.0333,34.71,-45,175,-1073,227,6
75261.0333,-0.0167,34.925,-0.0167,34.69,-52,183,-1070,228,6
75261.2,0.0167,34.91,0.2,34.74,-56,172,-1070,229,6
75261.3667,0.1667,34.91,0.2167,34.66,-51,173,-1055,230,6
75261.5333,-0.0667,34.925,-0.0,34.71,-78,162,-1077,231,6
75261.7,0.0,34.945,0.0167,34.675,-55,176,-1068,232,6
75261.8667,0.4167,34.925,0.4333,34.69,-56,172,-1071,233,6
75262.0333,0.2833,34.945,0.1667,34.66,-49,171,-1065,234,6
75262.2,0.0833,34.895,0.05,34.725,-48,167,-1080,235,6
75262.3667,0.0667,34.945,-0.0167,34.71,-47,171,-1083,236,6
75262.5333,-0.0833,34.91,-0.0667,34.71,-52,174,-1071,237,6
75262.7,-0.1333,34.925,-0.0667,34.725,-68,180,-1076,238,6
75262.8667,0.1333,34.925,0.0667,34.71,-66,176,-1067,239,6
75263.0333,0.15,34.925,0.0833,34.71,-80,176,-1068,240,6
75263.2,0.1333,34.88,0.0667,34.675,-74,175,-1068,241,6
75263.3667,0.0667,34.945,0.0333,34.69,-70,168,-1070,242,6
75263.5333,0.1,34.925,0.0333,34.69,-54,175,-1071,243,6
75263.7,0.0833,34.91,0.0333,34.675,-50,174,-1071,244,6
75263.8667,0.1333,34.91,0.05,34.71,-40,182,-1065,245,6
75264.0333,0.1,34.895,0.05,34.66,-44,161,-1080,246,6
75264.2,0.0833,34.925,0.0333,34.675,-49,173,-1068,247,6
75264.3667,0.0833,34.91,0.05,34.69,-47,167,-1082,248,6
75264.5333,0.0833,34.925,0.0333,34.71,-46,171,-1070,249,6
75264.7,0.1,34.925,0.0333,34.71,-50,169,-1074,250,6
75264.8667,0.1,34.91,0.0333,34.71,-51,171,-1074,251,6
75265.0333,0.1,34.91,0.0333,34.71,-53,158,-1053,252,6
75265.2,0.1,34.925,0.05,34.675,-54,165,-1067,253,6
75265.3667,0.1167,34.925,0.05,34.71,-43,177,-1074,254,6
75265.5333,0.0833,34.925,0.0167,34.71,-47,171,-1070,255,6
75265.7,0.0833,34.91,0.0333,34.71,-65,186,-1056,0,6
75265.8667,0.0667,34.91,0.0167,34.69,-68,165,-1058,1,6
75266.0333,0.05,34.91,-0.0,34.69,-71,177,-1071,2,6
75266.2,0.0667,34.925,0.0167,34.675,-75,183,-1070,3,6
75266.3667,0.0667,34.91,0.0167,34.675,-66,180,-1071,4,6
75266.5333,0.1,34.925,0.0333,34.71,-51,174,-1068,5,6
75266.7,0.1,34.945,0.0167,34.675,-48,173,-1074,6,6
75266.8667,0.05,34.91,-0.0,34.675,-50,161,-1095,7,6
75267.0333,0.0333,34.91,-0.0,34.71,-52,166,-1070,8,6
75267.2,0.0667,34.925,0.0167,34.675,-49,177,-1070,9,6
75267.3667,0.0667,34.895,-0.0,34.725,-53,168,-1070,10,6
75267.5333,0.1,34.91,0.0333,34.71,-46,179,-1068,11,6
75267.7,0.0833,34.96,0.0333,34.725,-58,171,-1071,12,6
75267.8667,0.0667,34.91,0.0167,34.66,-54,168,-1074,13,6
75268.0333,0.05,34.925,0.0167,34.69,-51,176,-1059,14,6
75268.2,0.0667,34.91,0.0167,34.675,-51,167,-1074,15,6
75268.3667,0.05,34.975,0.0167,34.71,-42,180,-1073,16,6
75268.5333,0.0667,34.925,0.0167,34.69,-48,174,-1070,17,6
75268.7,0.0667,34.895,-0.0,34.69,-69,189,-1062,18,6
75268.8667,0.0667,34.925,0.0167,34.71,-66,164,-1059,19,6
75269.0333,0.05,34.925,0.0333,34.725,-81,174,-1061,20,6
75269.2,0.05,34.925,0.0167,34.69,-70,180,-1074,21,6
75269.3667,0.0333,34.945,-0.0,34.71,-61,177,-1064,22,6
75269.5333,0.0833,34.91,0.0333,34.69,-54,173,-1071,23,6
75269.7,0.05,34.91,0.0167,34.66,-50,173,-1062,24,6
75269.8667,0.05,34.91,0.0167,34.69,-50,158,-1058,25,6
75270.0333,0.0167,34.91,-0.0,34.74,-53,169,-1074,26,6
75270.2,0.05,34.895,-0.0,34.69,-50,172,-1070,27,6
75270.3667,0.0667,34.925,0.0333,34.725,-51,170,-1073,28,6
75270.5333,0.1,34.945,0.0333,34.69,-45,170,-1071,29,6
75270.7,0.0833,34.925,0.0333,34.69,-57,158,-1071,30,6
75270.8667,0.0667,34.91,0.0167,34.71,-51,168,-1071,31,6
75271.0333,0.0667,34.91,0.0167,34.675,-51,174,-1059,32,6
75271.2,0.0833,34.895,0.0167,34.71,-51,166,-1073,33,6
75271.3667,0.1333,34.925,0.0667,34.71,-42,173,-1071,34,6
75271.5333,0.05,34.895,-0.0,34.71,-48,176,-1068,35,6
75271.7,0.0,34.91,-0.0167,34.69,-55,167,-1090,36,6
75271.8667,0.0333,34.945,-0.0,34.69,-75,177,-1071,37,6
75272.0333,0.1,34.925,0.0333,34.69,-73,192,-1083,38,6
75272.2,0.0333,34.895,-0.0167,34.69,-80,182,-1062,39,6
75272.3667,0.05,34.91,-0.0,34.69,-64,178,-1071,40,6
75272.5333,0.0833,34.925,0.0667,34.675,-59,181,-1065,41,6
75272.7,0.05,34.925,0.0167,34.675,-52,176,-1068,42,6
75272.8667,-0.0167,34.91,0.0333,34.69,-54,172,-1077,43,6
75273.0333,0.25,34.945,0.3167,34.675,-114,166,-1062,44,6
75273.2,0.1,34.925,0.1833,34.74,-42,178,-1062,45,6
75273.3667,0.25,34.925,0.3167,34.71,-45,175,-1068,46,6
75273.5333,0.1833,34.91,0.2,34.69,-51,185,-1062,47,6
75273.7,0.0667,34.895,0.1333,34.71,-53,179,-1068,48,6
75273.8667,0.2333,34.91,0.1667,34.675,-42,175,-1065,49,6
75274.0333,0.0333,34.91,0.05,34.71,-19,170,-1038,50,6
75274.2,0.3167,34.895,0.4333,34.66,-44,174,-1067,51,6
75274.3667,0.1667,34.925,0.2,34.675,-30,173,-1076,52,6
75274.5333,0.0167,34.895,-0.05,34.71,-32,175,-1073,53,6
75274.7,0.0667,34.91,0.0333,34.69,-21,187,-1067,54,6
75274.8667,0.2167,34.88,0.1833,34.66,-40,183,-1068,55,6
75275.0333,0.2,34.945,0.15,34.675,-34,183,-1065,56,6
75275.2,0.15,34.91,0.15,34.71,-33,171,-1067,57,6
75275.3667,0.0167,34.91,0.05,34.645,-30,174,-1062,58,6
75275.5333,0.15,34.895,0.1333,34.69,-33,175,-1068,59,6
75275.7,0.1667,34.925,0.0833,34.71,-39,172,-1073,60,6
75275.8667,0.1,34.895,0.0667,34.675,-42,177,-1059,61,6
75276.0333,0.0333,34.91,0.0167,34.71,-45,176,-1082,62,6
75276.2,0.05,34.895,0.0167,34.675,-40,171,-1065,63,6
75276.3667,0.1167,34.895,0.05,34.675,-41,168,-1077,64,6
75276.5333,0.0833,34.895,0.0167,34.675,-42,168,-1068,65,6
75276.7,0.0833,34.88,0.0167,34.725,-39,168,-1067,66,6
75276.8667,0.0667,34.895,0.0167,34.71,-45,169,-1068,67,6
75277.0333,0.05,34.91,-0.0,34.675,-46,177,-1077,68,6
75277.2,0.0167,34.945,-0.0167,34.69,-51,177,-1071,69,6
75277.3667,0.05,34.91,-0.0,34.71,-42,170,-1076,70,6
75277.5333,0.05,34.91,0.0167,34.69,-51,172,-1076,71,6
75277.7,0.05,34.91,0.0167,34.71,-59,169,-1068,72,6
75277.8667,0.0167,34.895,0.0167,34.675,-63,177,-1067,73,6
75278.0333,-0.0167,34.91,-0.05,34.69,-65,175,-1068,74,6
75278.2,-0.0167,34.91,-0.0667,34.71,-64,184,-1062,75,6
75278.3667,-0.0167,34.895,-0.05,34.675,-47,167,-1082,76,6
75278.5333,-0.0333,34.88,-0.05,34.66,-46,172,-1073,77,6
75278.7,0.0,34.925,-0.0333,34.69,-47,173,-1068,78,6
75278.8667,0.0167,34.91,-0.0333,34.675,-44,174,-1068,79,6
75279.0333,0.0167,34.925,-0.0167,34.69,-45,179,-1070,80,6
75279.2,0.0167,34.895,-0.0,34.675,-48,174,-1071,81,6
75279.3667,0.0333,34.895,-0.0,34.645,-55,177,-1065,82,6
75279.5333,0.0167,34.91,-0.0167,34.69,-48,173,-1076,83,6
75279.7,0.0167,34.91,-0.0167,34.725,-47,174,-1073,84,6
75279.8667,0.0333,34.925,-0.0,34.69,-48,168,-1086,85,6
75280.0333,0.0333,34.91,-0.0167,34.71,-48,161,-1050,86,6
75280.2,0.0667,34.88,0.0167,34.69,-42,171,-1068,87,6
75280.3667,0.05,34.925,-0.0,34.675,-47,175,-1065,88,6
75280.5333,0.0167,34.925,-0.0167,34.69,-45,169,-1065,89,6
75280.7,0.0,34.895,-0.0167,34.725,-58,165,-1073,90,6
75280.8667,0.0333,34.925,-0.0,34.675,-61,183,-1068,91,6
75281.0333,0.0333,34.895,-0.0,34.725,-72,185,-1065,92,6
75281.2,0.0833,34.925,0.0167,34.69,-66,183,-1068,93,6
75281.3667,0.0333,34.91,-0.0,34.71,-65,180,-1082,94,6
75281.5333,0.0333,34.88,-0.0,34.675,-52,175,-1070,95,6
75281.7,0.05,34.91,-0.0,34.71,-48,184,-1083,96,6
75281.8667,0.05,34.895,0.0167,34.69,-45,175,-1070,97,6
75282.0333,0.0667,34.925,0.0167,34.69,-43,174,-1068,98,6
75282.2,0.0667,34.91,0.0167,34.675,-45,174,-1071,99,6
75282.3667,0.0667,34.91,0.0167,34.66,-45,168,-1074,100,6
75282.5333,0.05,34.895,0.0167,34.675,-54,174,-1071,101,6
75282.7,0.05,34.91,-0.0,34.66,-44,175,-1071,102,6
75282.8667,0.05,34.895,-0.0,34.69,-51,171,-1064,103,6
75283.0333,0.1,34.91,0.0333,34.71,-43,172,-1079,104,6
75283.2,0.0667,34.895,0.0167,34.71,-52,158,-1074,105,6
75283.3667,0.0167,34.88,-0.0167,34.675,-51,167,-1071,106,6
75283.5333,0.0167,34.91,-0.0167,34.69,-54,172,-1071,107,6
75283.7,0.05,34.895,-0.0167,34.69,-50,168,-1067,108,6
75283.8667,0.0333,34.925,-0.0,34.69,-36,179,-1077,109,6
75284.0333,0.05,34.91,0.0167,34.725,-47,174,-1076,110,6
75284.2,0.1,34.91,0.0333,34.71,-43,162,-1067,111,6
75284.3667,0.0667,34.895,0.0167,34.71,-56,171,-1068,112,6
75284.5333,0.0333,34.91,-0.0,34.645,-60,168,-1071,113,6
75284.7,0.0167,34.91,-0.0,34.66,-65,176,-1073,114,6
75284.8667,0.1167,34.91,0.0333,34.675,-59,176,-1074,115,6
75285.0333,0.1167,34.925,0.0833,34.71,-59,166,-1062,116,6
75285.2,0.15,34.88,0.0667,34.71,-51,174,-1062,117,6
75285.3667,-0.0167,34.88,0.0333,34.69,-45,174,-1084,118,6
75285.5333,0.2,34.895,0.2333,34.675,-45,172,-1065,119,6
75285.7,0.1167,34.925,0.1,34.675,-40,164,-1065,120,6
75285.8667,0.1333,34.925,0.0667,34.69,-45,174,-1067,121,6
75286.0333,0.0833,34.895,0.1333,34.675,-51,168,-1071,122,6
75286.2,0.0833,34.925,0.0833,34.71,-44,172,-1065,123,6
75286.3667,0.0833,34.925,-0.05,34.645,-36,174,-1065,124,6
75286.5333,-0.0833,34.91,-0.0167,34.69,-33,180,-1067,125,6
75286.7,-0.05,34.895,-0.0,34.675,-32,182,-1071,126,6
75286.8667,0.0167,34.88,0.0167,34.71,-42,179,-1068,127,6
75287.0333,-0.05,34.865,-0.0333,34.69,-38,174,-1073,128,6
75287.2,-0.0333,34.895,0.0167,34.66,-43,174,-1062,129,6
75287.3667,-0.0833,34.895,-0.0667,34.69,-42,168,-1074,130,6
75287.5333,-0.0333,34.865,0.0167,34.69,-36,178,-1065,131,6
75287.7,0.05,34.945,0.0333,34.675,-42,174,-1068,132,6
75287.8667,0.15,34.91,0.1333,34.71,-36,176,-1082,133,6
75288.0333,0.0333,34.88,0.0333,34.725,-45,177,-1070,134,6
75288.2,0.1167,34.895,0.0333,34.69,-43,169,-1071,135,6
75288.3667,0.15,34.895,0.0833,34.675,-44,165,-1079,136,6
75288.5333,0.1,34.91,0.0333,34.69,-45,168,-1062,137,6
75288.7,0.1333,34.88,0.0667,34.69,-42,172,-1074,138,6
75288.8667,0.0667,34.925,-0.0167,34.69,69,163,-1044,139,6
75289.0333,0.0333,34.91,-0.0167,34.69,-42,162,-1086,140,6
75289.2,-0.0167,34.91,-0.0333,34.69,-52,167,-1071,141,6
75289.3667,0.0167,34.895,0.0167,34.66,-54,177,-1077,142,6
75289.5333,0.0,34.88,-0.0167,34.69,-64,174,-1062,143,6
75289.7,0.05,34.925,-0.0,34.675,-54,177,-1071,144,6
75289.8667,0.0,34.865,-0.0167,34.69,-63,164,-1056,145,6
75290.0333,0.0,34.895,-0.0167,34.69,-49,172,-1071,146,6
75290.2,0.05,34.88,0.0167,34.675,-51,173,-1059,147,6
75290.3667,0.05,34.895,-0.0167,34.69,-44,170,-1065,148,6
75290.5333,0.0667,34.88,0.0167,34.675,-42,175,-1071,149,6
75290.7,0.05,34.865,0.0167,34.645,-50,168,-1074,150,6
75290.8667,0.05,34.91,-0.0,34.675,-46,158,-1080,151,6
75291.0333,0.0333,34.88,-0.0167,34.675,-54,171,-1062,152,6
75291.2,0.0333,34.895,-0.0167,34.66,-48,175,-1068,153,6
75291.3667,0.0333,34.88,-0.0167,34.675,-48,171,-1068,154,6
75291.5333,0.05,34.88,-0.0167,34.71,-41,167,-1070,155,6
75291.7,0.0167,34.895,-0.0,34.66,-49,176,-1074,156,6
75291.8667,0.05,34.925,-0.0,34.71,-46,172,-1064,157,6
75292.0333,0.0333,34.88,-0.0167,34.675,-40,180,-1083,158,6
75292.2,0.05,34.895,0.0167,34.725,-57,170,-1061,159,6
75292.3667,0.0833,34.895,0.0333,34.69,-58,174,-1062,160,6
75292.5333,0.0833,34.895,0.0167,34.71,-71,176,-1070,161,6
75292.7,0.0667,34.895,0.0333,34.69,-75,168,-1084,162,6
75292.8667,0.05,34.895,-0.0,34.675,-73,174,-1068,163,6
75293.0333,0.0833,34.925,0.0167,34.675,-53,174,-1076,164,6
75293.2,0.0667,34.88,0.0167,34.66,-50,174,-1070,165,6
75293.3667,0.0833,34.91,0.0167,34.69,-42,168,-1065,166,6
75293.5333,0.0833,34.91,0.0333,34.69,-39,162,-1080,167,6
75293.7,0.0333,34.945,-0.0,34.69,-50,168,-1068,168,6
75293.8667,0.0667,34.91,0.0167,34.675,-51,168,-1080,169,6
75294.0333,0.05,34.91,-0.0,34.69,-45,174,-1062,170,6
75294.2,0.0833,34.91,0.0167,34.69,-49,168,-1064,171,6
75294.3667,0.0667,34.88,-0.0,34.66,-51,170,-1071,172,6
75294.5333,0.05,34.88,-0.0,34.71,-51,159,-1070,173,6
75294.7,0.05,34.88,0.0167,34.71,-54,165,-1076,174,6
75294.8667,0.0667,34.88,-0.0,34.71,-44,176,-1065,175,6
75295.0333,0.0667,34.88,0.0167,34.66,-45,177,-1074,176,6
75295.2,0.1167,34.925,0.05,34.71,-43,176,-1070,177,6
75295.3667,0.0667,34.91,0.0333,34.675,-56,182,-1068,178,6
75295.5333,0.0667,34.91,-0.0,34.675,-72,177,-1077,179,6
75295.7,0.05,34.895,0.0167,34.675,-84,184,-1064,180,6
75295.8667,0.05,34.895,0.0167,34.675,-78,176,-1067,181,6
75296.0333,0.05,34.91,-0.0,34.69,-60,177,-1068,182,6
75296.2,0.05,34.925,0.0167,34.675,-52,176,-1067,183,6
75296.3667,0.0833,34.91,0.0167,34.71,-54,183,-1064,184,6
75296.5333,0.0333,34.895,-0.0167,34.66,-49,175,-1077,185,6
75296.7,0.0667,34.91,0.0167,34.69,-47,174,-1067,186,6
75296.8667,0.1833,34.895,0.1667,34.69,-48,176,-1083,187,6
75297.0333,0.0333,34.925,-0.0333,34.66,-49,168,-1071,188,6
75297.2,-0.1167,34.91,-0.1,34.69,-46,177,-1073,189,6
75297.3667,-0.2833,34.88,-0.1833,34.675,-52,174,-1070,190,6
75297.5333,0.0,34.895,-0.0167,34.71,-56,174,-1068,191,6
75297.7,0.1,34.91,0.1,34.71,-57,172,-1068,192,6
75297.8667,-0.05,34.91,0.0333,34.69,-48,170,-1064,193,6
75298.0333,0.0167,34.91,-0.0,34.74,-49,165,-1074,194,6
75298.2,0.2167,34.91,0.3333,34.71,-52,175,-1065,195,6
75298.3667,0.2333,34.91,0.1167,34.69,-45,174,-1074,196,6
75298.5333,0.0,34.895,0.1,34.675,-57,173,-1073,197,6
75298.7,0.1167,34.91,0.3333,34.69,-55,162,-1065,198,6
75298.8667,0.5,34.895,0.45,34.66,-72,168,-1071,199,6
75299.0333,0.2167,34.895,0.2333,34.725,-70,183,-1067,200,6
75299.2,0.2833,34.91,0.4333,34.71,-78,178,-1065,201,6
75299.3667,0.2667,34.895,0.3,34.675,-51,179,-1074,202,6
75299.5333,0.35,34.88,0.2667,34.66,-51,179,-1059,203,6
75299.7,0.3167,34.895,0.3333,34.675,-49,176,-1074,204,6
75299.8667,-0.2833,34.91,-0.1167,34.66,-36,178,-1065,205,6
75300.0333,0.2833,34.895,0.1167,34.645,-42,175,-1059,206,6
75300.2,0.1333,34.895,0.1333,34.69,-42,180,-1071,207,6
75300.3667,0.25,34.895,0.1167,34.69,-39,177,-1073,208,6
75300.5333,0.2,34.91,0.1167,34.69,-54,187,-1065,209,6
75300.7,0.1667,34.91,0.1333,34.69,-45,164,-1083,210,6
75300.8667,0.1333,34.895,0.0667,34.69,-47,172,-1068,211,6
75301.0333,0.1667,34.895,0.15,34.66,-41,175,-1076,212,6
75301.2,0.1667,34.945,0.1,34.66,-48,174,-1062,213,6
75301.3667,0.1667,34.865,0.1,34.675,-37,174,-1073,214,6
75301.5333,0.0833,34.88,0.0333,34.675,-27,174,-1073,215,6
75301.7,0.1167,34.88,0.0667,34.69,-33,175,-1062,216,6
75301.8667,0.0833,34.88,0.0333,34.71,-37,183,-1068,217,6
75302.0333,0.1167,34.91,0.05,34.71,-32,177,-1071,218,6
75302.2,0.1167,34.895,0.05,34.675,-34,170,-1067,219,6
75302.3667,0.1167,34.88,0.05,34.69,-34,178,-1068,220,6
75302.5333,0.1,34.895,0.0333,34.69,-35,180,-1065,221,6
75302.7,0.0833,34.88,0.0167,34.66,-44,171,-1071,222,6
75302.8667,0.0833,34.91,0.0167,34.66,-42,161,-1074,223,6
75303.0333,0.0333,34.88,-0.0167,34.675,-47,171,-1065,224,6
75303.2,0.0667,34.88,-0.0167,34.675,-42,174,-1070,225,6
75303.3667,0.0833,34.925,0.0167,34.69,-47,172,-1071,226,6
75303.5333,0.1,34.88,0.05,34.69,-34,175,-1071,227,6
75303.7,0.1,34.895,0.0333,34.71,-45,177,-1074,228,6
75303.8667,0.05,34.925,0.0167,34.69,-51,162,-1041,229,6
75304.0333,0.0667,34.895,0.0167,34.675,-43,177,-1058,230,6
75304.2,0.0833,34.88,0.0167,34.675,-51,168,-1068,231,6
75304.3667,0.0167,34.895,-0.0167,34.675,18,180,-1055,232,6
75304.5333,0.0833,34.88,0.0333,34.69,-57,171,-1071,233,6
75304.7,0.1,34.895,0.0333,34.675,-66,183,-1059,234,6
75304.8667,0.0667,34.895,-0.0,34.675,-54,160,-1061,235,6
75305.0333,0.05,34.91,-0.0,34.675,-49,172,-1073,236,6
75305.2,0.0667,34.895,0.0167,34.645,-45,171,-1074,237,6
75305.3667,0.05,34.895,-0.0,34.69,-43,176,-1065,238,6
75305.5333,0.0667,34.88,-0.0,34.675,-45,174,-1073,239,6
75305.7,0.05,34.925,-0.0,34.71,-48,171,-1071,240,6
75305.8667,0.05,34.88,-0.0,34.675,-45,161,-1080,241,6
75306.0333,0.0333,34.895,-0.0,34.69,-51,167,-1071,242,6
75306.2,0.0667,34.865,0.0167,34.675,-45,171,-1071,243,6
75306.3667,0.0667,34.91,0.0167,34.675,-47,169,-1070,244,6
75306.5333,0.1,34.91,0.0333,34.675,-40,165,-1071,245,6
75306.7,0.05,34.865,0.0167,34.675,-53,176,-1065,246,6
75306.8667,0.05,34.895,-0.0,34.675,-44,174,-1077,247,6
75307.0333,0.05,34.88,-0.0,34.675,-47,177,-1080,248,6
75307.2,0.0333,34.88,-0.0,34.71,-63,165,-1068,249,6
75307.3667,0.05,34.865,-0.0,34.675,-59,185,-1074,250,6
75307.5333,0.05,34.895,0.0167,34.69,-73,180,-1068,251,6
75307.7,0.0333,34.925,-0.0,34.69,-69,183,-1077,252,6
75307.8667,0.0333,34.845,-0.0,34.69,-66,170,-1065,253,6
75308.0333,0.0667,34.91,0.0167,34.66,-50,176,-1067,254,6
75308.2,0.0833,34.88,0.0167,34.69,-47,176,-1073,255,6
75308.3667,0.1167,34.88,0.0667,34.71,-39,178,-1068,0,6
75308.5333,0.0833,34.895,0.0333,34.69,-50,178,-1073,1,6
75308.7,0.0833,34.91,0.0167,34.69,-49,170,-1071,2,6
75308.8667,0.0667,34.91,0.0333,34.69,-47,167,-1070,3,6
75309.0333,0.0667,34.88,0.0167,34.675,-45,169,-1070,4,6
75309.2,0.1,34.895,0.0333,34.66,-48,177,-1068,5,6
75309.3667,0.1167,34.88,0.0333,34.675,-51,170,-1070,6,6
75309.5333,0.05,34.91,-0.0,34.71,-49,171,-1073,7,6
75309.7,0.1,34.91,0.05,34.675,-47,159,-1065,8,6
75309.8667,0.1833,34.88,0.1167,34.69,-42,175,-1080,9,6
75310.0333,-0.1,34.895,-0.0667,34.69,-43,178,-1080,10,6
75310.2,0.0,34.91,0.0333,34.69,-62,161,-1077,11,6
75310.3667,0.1167,34.96,0.1167,34.675,-55,177,-1068,12,6
75310.5333,-0.25,34.88,-0.0333,34.71,-73,175,-1065,13,6
75310.7,0.05,34.865,0.3,34.69,-83,177,-1074,14,6
75310.8667,0.35,34.895,0.3167,34.675,-70,180,-1055,15,6
75311.0333,0.1667,34.91,0.1667,34.675,-54,176,-1071,16,6
75311.2,0.2667,34.91,0.1,34.675,-52,175,-1071,17,6
75311.3667,0.1333,34.88,0.1167,34.71,-34,188,-1055,18,6
75311.5333,0.1333,34.88,0.2833,34.71,-54,178,-1074,19,6
75311.7,0.2167,34.91,0.0667,34.66,-48,174,-1073,20,6
75311.8667,0.25,34.91,0.1667,34.69,-52,171,-1068,21,6
75312.0333,0.1333,34.895,0.0667,34.675,-55,170,-1071,22,6
75312.2,0.5833,34.865,0.4,34.66,-47,177,-1068,23,6
75312.3667,-0.0333,34.895,0.05,34.71,-50,173,-1068,24,6
75312.5333,0.0,34.91,0.05,34.675,-43,171,-1084,25,6
75312.7,-0.0333,34.925,-0.0333,34.71,-52,177,-1071,26,6
75312.8667,0.2,34.88,0.15,34.675,-50,169,-1065,27,6
75313.0333,0.15,34.91,0.05,34.69,-45,185,-1074,28,6
75313.2,0.1333,34.895,0.0667,34.69,-63,175,-1079,29,6
75313.3667,0.0833,34.895,0.0333,34.69,-60,187,-1065,30,6
75313.5333,0.0167,34.895,0.0167,34.675,-71,180,-1070,31,6
75313.7,0.0,34.895,-0.0,34.675,-82,194,-1052,32,6
75313.8667,0.05,34.88,0.0333,34.69,-74,166,-1041,33,6
75314.0333,0.0833,34.895,0.0333,34.675,-63,177,-1071,34,6
75314.2,0.0167,34.88,-0.0167,34.71,-49,175,-1067,35,6
75314.3667,0.0333,34.845,-0.0167,34.71,-46,183,-1068,36,6
75314.5333,0.05,34.91,-0.0,34.66,-46,174,-1077,37,6
75314.7,0.0167,34.865,-0.0167,34.66,-49,174,-1071,38,6
75314.8667,0.05,34.88,-0.0167,34.675,-46,160,-1074,39,6
75315.0333,0.0167,34.88,-0.0167,34.69,-54,171,-1073,40,6
75315.2,0.0333,34.88,-0.0167,34.675,-45,176,-1067,41,6
75315.3667,0.05,34.88,-0.0,34.71,-51,174,-1074,42,6
75315.5333,0.0833,34.88,0.0333,34.69,-48,165,-1071,43,6
75315.7,0.05,34.895,0.0167,34.645,-55,179,-1071,44,6
75315.8667,0.0667,34.895,-0.0,34.69,-52,172,-1070,45,6
75316.0333,0.05,34.88,-0.0167,34.675,-51,176,-1058,46,6
75316.2,0.0833,34.865,0.0167,34.675,-53,172,-1073,47,6
75316.3667,0.0333,34.88,-0.0,34.675,-46,183,-1068,48,6
75316.5333,0.0667,34.895,0.0167,34.645,-55,175,-1074,49,6
75316.7,0.0833,34.865,0.0167,34.675,-62,181,-1055,50,6
75316.8667,0.0833,34.865,0.0333,34.675,-74,188,-1089,51,6
75317.0333,0.05,34.91,-0.0,34.69,-75,180,-1064,52,6
75317.2,0.05,34.91,-0.0,34.66,-75,186,-1056,53,6
75317.3667,0.05,34.865,-0.0,34.71,-61,172,-1064,54,6
75317.5333,0.05,34.88,-0.0,34.675,-45,182,-1065,55,6
75317.7,0.05,34.895,0.0167,34.69,-51,178,-1067,56,6
75317.8667,0.0667,34.895,0.0167,34.675,-56,182,-1065,57,6
75318.0333,0.05,34.88,-0.0,34.675,-49,164,-1064,58,6
75318.2,0.0333,34.88,-0.0,34.66,-49,174,-1071,59,6
75318.3667,0.05,34.88,-0.0,34.66,-56,169,-1065,60,6
75318.5333,0.0667,34.88,0.0167,34.675,-47,172,-1071,61,6
75318.7,0.05,34.895,-0.0,34.675,-41,182,-1062,62,6
75318.8667,0.0333,34.865,0.0167,34.66,-60,175,-1068,63,6
75319.0333,0.05,34.925,-0.0,34.66,-42,186,-1061,64,6
75319.2,0.0667,34.895,0.0167,34.675,-40,180,-1068,65,6
75319.3667,0.05,34.865,-0.0,34.645,-27,180,-1068,66,6
75319.5333,0.05,34.88,0.0167,34.66,-26,177,-1071,67,6
75319.7,0.05,34.88,0.0167,34.675,-31,186,-1056,68,6
75319.8667,0.0833,34.895,0.0333,34.675,-30,177,-1064,69,6
75320.0333,0.0667,34.895,0.0167,34.675,-40,177,-1068,70,6
75320.2,0.0667,34.865,0.0167,34.69,-37,174,-1074,71,6
75320.3667,0.05,34.895,-0.0,34.645,-45,175,-1073,72,6
75320.5333,0.0667,34.88,0.0167,34.69,-39,177,-1068,73,6
75320.7,0.0667,34.895,0.0167,34.71,-43,173,-1076,74,6
75320.8667,0.0833,34.895,0.0333,34.675,-40,179,-1068,75,6
75321.0333,0.1,34.88,0.0333,34.69,-38,178,-1071,76,6
75321.2,0.0833,34.88,0.0167,34.675,-37,172,-1080,77,6
75321.3667,0.0333,34.865,-0.0,34.675,-40,170,-1058,78,6
75321.5333,0.05,34.88,0.0167,34.675,-42,168,-1065,79,6
75321.7,0.15,34.88,0.1,34.69,-42,177,-1074,80,6
75321.8667,0.1833,34.925,0.0833,34.69,-47,171,-1070,81,6
75322.0333,0.05,34.88,0.05,34.69,-52,186,-1056,82,6
75322.2,0.1667,34.925,0.15,34.66,-62,162,-1076,83,6
75322.3667,0.0167,34.865,0.1,34.66,-54,175,-1068,84,6
75322.5333,0.1167,34.895,0.1667,34.69,-46,180,-1062,85,6
75322.7,0.25,34.895,0.4,34.66,-44,168,-1065,86,6
75322.8667,-0.1833,34.895,-0.1833,34.69,-40,176,-1071,87,6
75323.0333,0.2167,34.895,0.2,34.645,-48,175,-1065,88,6
75323.2,0.0833,34.865,-0.0,34.625,-54,184,-1068,89,6
75323.3667,0.0833,34.88,0.1,34.675,-54,174,-1062,90,6
75323.5333,0.0167,34.865,0.05,34.645,-46,175,-1067,91,6
75323.7,0.1333,34.91,0.0167,34.675,-45,169,-1068,92,6
75323.8667,0.0333,34.88,0.0667,34.66,-43,174,-1068,93,6
75324.0333,0.15,34.91,0.1667,34.675,-43,172,-1065,94,6
75324.2,0.2667,34.865,0.2,34.645,-39,176,-1080,95,6
75324.3667,0.05,34.88,0.0333,34.675,-45,172,-1056,96,6
75324.5333,0.0,34.865,0.05,34.66,-58,169,-1071,97,6
75324.7,-0.0167,34.865,0.0167,34.675,-65,186,-1067,98,6
75324.8667,0.1667,34.925,0.0667,34.71,-73,180,-1068,99,6
75325.0333,0.1167,34.88,0.05,34.675,-64,182,-1067,100,6
75325.2,0.0667,34.865,0.05,34.675,-100,181,-1071,101,6
75325.3667,0.0667,34.895,0.0333,34.625,-52,179,-1068,102,6
75325.5333,0.0667,34.845,0.0167,34.66,-46,174,-1076,103,6
75325.7,0.1,34.88,0.0333,34.675,-42,179,-1062,104,6
75325.8667,0.1,34.88,0.0333,34.675,-42,168,-1070,105,6
75326.0333,0.1,34.865,0.0333,34.69,-50,173,-1074,106,6
75326.2,0.0667,34.925,0.0333,34.675,-42,174,-1074,107,6
75326.3667,0.0167,34.88,-0.0,34.675,-51,175,-1065,108,6
75326.5333,0.0333,34.88,0.0167,34.71,-45,174,-1073,109,6
75326.7,0.0167,34.895,-0.0,34.66,-46,172,-1070,110,6
75326.8667,0.0167,34.88,0.0167,34.645,-43,178,-1068,111,6
75327.0333,0.0,34.925,-0.0167,34.69,-53,180,-1074,112,6
75327.2,-0.0333,34.895,-0.0333,34.675,-50,171,-1073,113,6
75327.3667,0.0,34.845,-0.0333,34.625,-49,180,-1071,114,6
75327.5333,0.05,34.865,-0.0,34.675,-40,172,-1074,115,6
75327.7,0.0333,34.91,-0.0,34.66,-42,182,-1065,116,6
75327.8667,0.0333,34.88,-0.0,34.66,-55,174,-1065,117,6
75328.0333,0.0,34.865,-0.0,34.645,-66,189,-1086,118,6
75328.2,0.0,34.895,-0.0333,34.69,-76,183,-1073,119,6
75328.3667,0.0333,34.865,-0.0,34.71,-73,180,-1064,120,6
75328.5333,0.0333,34.88,-0.0,34.66,-75,176,-1071,121,6
75328.7,0.0667,34.88,0.0167,34.69,-49,180,-1071,122,6
75328.8667,0.0667,34.895,0.0167,34.675,-55,180,-1068,123,6
75329.0333,0.0667,34.88,-0.0,34.69,-44,177,-1065,124,6
75329.2,0.0667,34.88,0.0167,34.675,-46,185,-1070,125,6
75329.3667,0.0833,34.88,0.0333,34.675,-47,168,-1068,126,6
75329.5333,0.0667,34.845,0.0333,34.675,-44,181,-1071,127,6
75329.7,0.0833,34.91,0.0333,34.66,-51,174,-1070,128,6
75329.8667,0.0833,34.88,0.0167,34.69,-42,183,-1074,129,6
75330.0333,0.05,34.88,-0.0,34.675,-48,161,-1074,130,6
75330.2,0.05,34.845,-0.0,34.66,-45,173,-1067,131,6
75330.3667,0.05,34.91,-0.0,34.66,-47,169,-1074,132,6
75330.5333,0.05,34.865,-0.0,34.69,-45,170,-1061,133,6
75330.7,0.1,34.88,0.0333,34.675,-42,178,-1077,134,6
75330.8667,0.0167,34.88,-0.0,34.66,-48,170,-1056,135,6
75331.0333,0.05,34.845,-0.0,34.675,-49,168,-1087,136,6
75331.2,0.0167,34.895,-0.0167,34.675,-64,177,-1074,137,6
75331.3667,0.05,34.88,-0.0,34.645,-69,183,-1062,138,6
75331.5333,0.05,34.865,-0.0,34.71,-71,180,-1065,139,6
75331.7,0.1333,34.88,-0.0167,34.66,-53,186,-1068,140,6
75331.8667,0.0167,34.88,-0.0,34.66,-57,180,-1071,141,6
75332.0333,0.0833,34.88,0.0167,34.66,-45,181,-1077,142,6
75332.2,0.0667,34.845,-0.0,34.66,-42,186,-1067,143,6
75332.3667,0.0667,34.865,0.0167,34.675,-42,176,-1071,144,6
75332.5333,0.0667,34.895,0.0167,34.66,-36,185,-1071,145,6
75332.7,0.05,34.895,0.0167,34.66,-40,177,-1067,146,6
75332.8667,0.05,34.865,0.0167,34.675,-48,186,-1077,147,6
75333.0333,0.05,34.88,-0.0167,34.675,-46,176,-1065,148,6
75333.2,0.0667,34.895,0.0167,34.675,-43,177,-1068,149,6
75333.3667,0.05,34.88,-0.0,34.66,-43,172,-1071,150,6
75333.5333,0.05,34.88,-0.0,34.675,-43,179,-1071,151,6
75333.7,0.0667,34.88,0.0167,34.675,-48,173,-1071,152,6
75333.8667,0.05,34.865,-0.0,34.675,-48,171,-1073,153,6
75334.0333,0.1,34.865,0.0333,34.645,-49,163,-1083,154,6
75334.2,0.0,34.88,-0.0167,34.675,-51,168,-1073,155,6
75334.3667,0.05,34.865,0.0167,34.645,-51,181,-1068,156,6
75334.5333,-0.0333,34.845,-0.0333,34.69,-63,177,-1068,157,6
75334.7,0.1833,34.895,0.1667,34.66,-56,178,-1073,158,6
75334.8667,0.1,34.845,0.0667,34.675,-80,189,-1062,159,6
75335.0333,0.0833,34.88,0.0167,34.645,-72,178,-1071,160,6
75335.2,-0.0333,34.895,-0.0167,34.66,-66,180,-1059,161,6
75335.3667,0.4167,34.865,0.4167,34.645,-50,171,-1065,162,6
75335.5333,-0.1,34.83,0.0333,34.645,-49,182,-1065,163,6
75335.7,-0.0667,34.88,0.0333,34.66,-45,180,-1068,164,6
75335.8667,-0.1167,34.865,-0.0333,34.625,-37,191,-1067,165,6
75336.0333,0.2333,34.895,0.2,34.675,-38,162,-1083,166,6
75336.2,-0.1333,34.895,-0.0,34.645,-43,173,-1073,167,6
75336.3667,0.2333,34.895,0.1667,34.66,-53,187,-1074,168,6
75336.5333,-0.0667,34.895,0.0333,34.675,-43,171,-1073,169,6
75336.7,0.3167,34.88,0.4333,34.645,-49,175,-1070,170,6
75336.8667,0.1167,34.895,-0.0,34.66,-51,175,-1071,171,6
75337.0333,0.4167,34.895,0.5167,34.66,-63,189,-1055,172,6
75337.2,0.5167,34.88,0.3167,34.645,-33,176,-1071,173,6
75337.3667,0.3,34.865,0.2333,34.645,-33,174,-1076,174,6
75337.5333,0.0667,34.865,0.1,34.645,-33,178,-1086,175,6
75337.7,0.1167,34.865,0.1,34.66,-28,178,-1062,176,6
75337.8667,0.1,34.91,0.05,34.675,-27,181,-1068,177,6
75338.0333,0.05,34.895,0.0333,34.69,-27,177,-1068,178,6
75338.2,0.0333,34.83,-0.0,34.69,-34,182,-1080,179,6
75338.3667,0.1333,34.895,0.05,34.645,-46,176,-1059,180,6
75338.5333,0.1667,34.895,0.0833,34.645,-35,181,-1067,181,6
75338.7,0.1833,34.88,0.1167,34.66,-38,171,-1064,182,6
75338.8667,0.1667,34.865,0.1167,34.66,-36,180,-1065,183,6
75339.0333,0.1667,34.845,0.1,34.675,-44,174,-1077,184,6
75339.2,0.1333,34.895,0.0667,34.645,-42,170,-1073,185,6
75339.3667,0.1167,34.865,0.05,34.625,-37,165,-1058,186,6
75339.5333,0.0833,34.845,0.05,34.69,-35,174,-1077,187,6
75339.7,0.0833,34.865,0.0167,34.66,-42,181,-1067,188,6
75339.8667,0.1,34.88,0.0333,34.675,-56,177,-1071,189,6
75340.0333,0.15,34.865,0.0833,34.66,-52,180,-1070,190,6
75340.2,0.1167,34.88,0.0833,34.675,-70,189,-1065,191,6
75340.3667,0.0667,34.865,0.0167,34.675,-60,174,-1061,192,6
75340.5333,0.05,34.865,-0.0,34.675,-54,185,-1083,193,6
75340.7,0.0667,34.83,0.0167,34.69,-45,175,-1059,194,6
75340.8667,0.0833,34.865,0.0333,34.66,-44,172,-1073,195,6
75341.0333,0.0667,34.88,-0.0,34.675,-43,175,-1067,196,6
75341.2,0.0833,34.88,0.0167,34.66,-51,183,-1062,197,6
75341.3667,0.05,34.845,-0.0,34.66,-51,177,-1073,198,6
75341.5333,0.0333,34.88,0.0167,34.645,-47,174,-1074,199,6
75341.7,0.0667,34.845,0.0167,34.675,-46,167,-1059,200,6
75341.8667,0.0667,34.88,0.0167,34.69,-45,171,-1064,201,6
75342.0333,0.0667,34.895,-0.0,34.675,-47,171,-1068,202,6
75342.2,0.0667,34.865,0.0167,34.675,-51,168,-1062,203,6
75342.3667,0.05,34.865,-0.0,34.675,-39,165,-1089,204,6
75342.5333,0.0333,34.88,-0.0,34.645,-53,169,-1077,205,6
75342.7,0.0667,34.865,0.0167,34.66,-47,180,-1067,206,6
75342.8667,0.0667,34.845,0.0167,34.66,-59,174,-1068,207,6
75343.0333,0.0667,34.91,0.0167,34.645,-49,185,-1068,208,6
75343.2,0.05,34.88,0.0167,34.66,-59,184,-1067,209,6
75343.3667,0.05,34.865,-0.0,34.66,-50,174,-1071,210,6
75343.5333,0.05,34.83,-0.0,34.69,-39,179,-1077,211,6
75343.7,0.0333,34.845,-0.0,34.675,-45,174,-1067,212,6
75343.8667,0.05,34.865,0.0167,34.675,-45,177,-1071,213,6
75344.0333,0.0333,34.88,-0.0,34.675,-45,172,-1070,214,6
75344.2,0.05,34.91,-0.0,34.675,-56,183,-1071,215,6
75344.3667,0.05,34.865,-0.0,34.675,-49,157,-1067,216,6
75344.5333,0.05,34.865,-0.0,34.675,-47,171,-1068,217,6
75344.7,0.0667,34.88,0.0167,34.675,-52,168,-1077,218,6
75344.8667,0.0833,34.845,0.0167,34.66,-45,177,-1062,219,6
75345.0333,0.0667,34.895,0.0167,34.675,-35,177,-1073,220,6
75345.2,0.0833,34.895,0.0333,34.66,-55,174,-1079,221,6
75345.3667,0.0333,34.88,-0.0,34.675,-76,197,-1059,222,6
75345.5333,0.0333,34.88,-0.0,34.675,-75,166,-1058,223,6
75345.7,0.0333,34.865,-0.0,34.66,-81,183,-1068,224,6
75345.8667,0.0333,34.865,-0.0167,34.645,-75,180,-1084,225,6
75346.0333,0.05,34.88,-0.0,34.645,-53,177,-1071,226,6
75346.2,0.05,34.865,-0.0,34.675,-44,174,-1068,227,6
75346.3667,0.0667,34.845,0.0167,34.66,-45,174,-1070,228,6
75346.5333,0.05,34.895,-0.0,34.66,-55,179,-1073,229,6
75346.7,0.0333,34.83,-0.0,34.69,-46,161,-1067,230,6
75346.8667,0.05,34.865,0.0167,34.675,-46,172,-1068,231,6
75347.0333,0.1,34.895,0.05,34.645,-49,179,-1080,232,6
75347.2,0.0667,34.865,0.0167,34.625,-52,168,-1068,233,6
75347.3667,-0.0667,34.895,-0.0667,34.69,-47,175,-1062,234,6
75347.5333,0.0333,34.895,0.0667,34.645,-51,174,-1065,235,6
75347.7,-0.0167,34.845,0.0333,34.645,-52,180,-1058,236,6
75347.8667,0.1833,34.88,0.0333,34.675,-38,162,-1077,237,6
75348.0333,-0.0333,34.865,0.05,34.675,-53,174,-1071,238,6
75348.2,-0.1,34.865,0.0667,34.66,-63,178,-1077,239,6
75348.3667,0.5,34.845,0.25,34.66,-78,185,-1070,240,6
75348.5333,0.2667,34.865,0.3667,34.66,-68,185,-1070,241,6
75348.7,0.1167,34.865,0.3667,34.675,-75,178,-1068,242,6
75348.8667,-0.0333,34.88,-0.0833,34.66,-56,169,-1086,243,6
75349.0333,-0.2833,34.88,-0.15,34.675,-55,170,-1071,244,6
75349.2,0.4,34.865,0.2,34.675,-46,183,-1068,245,6
75349.3667,0.1833,34.865,0.2167,34.71,-45,179,-1067,246,6
75349.5333,-0.1333,34.845,-0.0167,34.69,-38,187,-1077,247,6
75349.7,0.1167,34.88,0.0667,34.66,-45,175,-1068,248,6
75349.8667,-0.05,34.845,-0.0333,34.66,-49,175,-1074,249,6
75350.0333,0.2833,34.865,0.2167,34.66,-54,168,-1077,250,6
75350.2,0.1333,34.845,0.0667,34.625,-46,174,-1064,251,6
75350.3667,0.0833,34.91,0.0167,34.625,-48,177,-1065,252,6
75350.5333,-0.0333,34.88,-0.0333,34.66,-48,174,-1074,253,6
75350.7,0.0667,34.865,0.05,34.69,-49,177,-1061,254,6
75350.8667,0.1167,34.865,0.05,34.645,-49,174,-1065,255,6
75351.0333,0.05,34.865,0.0167,34.645,-39,181,-1073,0,6
75351.2,0.0833,34.865,0.05,34.66,-59,180,-1073,1,6
75351.3667,0.1167,34.845,0.05,34.66,-63,170,-1067,2,6
75351.5333,0.1167,34.88,0.0667,34.645,-78,180,-1056,3,6
75351.7,0.1333,34.865,0.0667,34.625,-72,185,-1064,4,6
75351.8667,0.1333,34.88,0.05,34.69,-66,183,-1070,5,6
75352.0333,0.1333,34.865,0.0667,34.66,-60,189,-1064,6,6
75352.2,0.1167,34.91,0.0333,34.71,-45,182,-1068,7,6
75352.3667,0.1,34.845,0.0333,34.71,-37,174,-1071,8,6
75352.5333,0.0833,34.88,0.0333,34.675,-42,171,-1067,9,6
75352.7,0.1,34.845,0.0333,34.69,-42,186,-1068,10,6
75352.8667,0.1,34.865,0.0333,34.66,-47,177,-1071,11,6
75353.0333,0.0667,34.845,0.0167,34.675,-51,177,-1073,12,6
75353.2,0.05,34.88,-0.0167,34.69,-47,169,-1079,13,6
75353.3667,0.0333,34.865,-0.0,34.645,-51,172,-1071,14,6
75353.5333,0.05,34.88,-0.0167,34.66,-44,180,-1064,15,6
75353.7,0.05,34.845,-0.0,34.645,-45,176,-1067,16,6
75353.8667,0.0833,34.865,0.0333,34.66,-38,182,-1065,17,6
75354.0333,0.0167,34.88,-0.0167,34.675,-46,187,-1073,18,6
75354.2,0.0333,34.88,-0.0,34.645,-60,186,-1056,19,6
75354.3667,0.0333,34.865,-0.0167,34.69,-69,192,-1074,20,6
75354.5333,0.0167,34.845,-0.0167,34.66,-75,177,-1058,21,6
75354.7,0.0,34.895,-0.0333,34.66,-74,189,-1065,22,6
75354.8667,0.0167,34.865,-0.0167,34.66,-63,183,-1062,23,6
75355.0333,0.0167,34.88,-0.0167,34.66,-50,187,-1062,24,6
75355.2,0.0333,34.845,-0.0167,34.675,-47,185,-1059,25,6
75355.3667,0.0333,34.895,-0.0,34.675,-40,183,-1065,26,6
75355.5333,0.05,34.88,0.0167,34.645,-54,181,-1065,27,6
75355.7,0.0667,34.865,0.0167,34.66,-42,187,-1070,28,6
75355.8667,0.05,34.865,-0.0,34.625,-44,183,-1071,29,6
75356.0333,0.0667,34.88,0.0167,34.645,-44,180,-1068,30,6
75356.2,0.05,34.865,0.0167,34.66,-44,178,-1070,31,6
75356.3667,0.0333,34.845,0.0167,34.66,-45,175,-1065,32,6
75356.5333,0.05,34.895,-0.0,34.675,-42,185,-1065,33,6
75356.7,0.0667,34.845,0.0167,34.66,-45,181,-1068,34,6
75356.8667,0.0667,34.83,0.0333,34.66,-45,187,-1056,35,6
75357.0333,0.0667,34.88,-0.0,34.625,-48,183,-1056,36,6
75357.2,0.05,34.88,0.0167,34.675,-42,180,-1077,37,6
75357.3667,0.05,34.865,0.0167,34.645,-48,186,-1067,38,6
75357.5333,0.0333,34.83,-0.0,34.66,-55,190,-1068,39,6
75357.7,0.05,34.865,0.0167,34.645,-71,184,-1071,40,6
75357.8667,0.0333,34.865,-0.0,34.675,-72,187,-1070,41,6
75358.0333,0.0333,34.88,-0.0,34.645,-64,182,-1055,42,6
75358.2,0.0167,34.865,-0.0167,34.66,-54,179,-1065,43,6
75358.3667,0.0333,34.865,-0.0,34.69,-40,187,-1070,44,6
75358.5333,0.0667,34.83,0.0167,34.645,-43,185,-1071,45,6
75358.7,0.0333,34.845,-0.0167,34.675,-47,187,-1073,46,6
75358.8667,0.0667,34.83,-0.0167,34.66,-42,171,-1068,47,6
75359.0333,0.05,34.865,0.0167,34.645,-36,186,-1065,48,6
75359.2,0.0667,34.865,0.0167,34.645,-30,189,-1079,49,6
75359.3667,0.0333,34.88,-0.05,34.645,-36,189,-1062,50,6
75359.5333,-0.0167,34.865,-0.0,34.69,-27,182,-1070,51,6
75359.7,0.0667,34.865,0.0333,34.66,-36,188,-1074,52,6
75359.8667,0.05,34.845,-0.0,34.645,-35,180,-1065,53,6
75360.0333,-0.15,34.88,-0.1,34.66,-41,186,-1065,54,6
75360.2,-0.05,34.88,-0.0167,34.625,-33,187,-1065,55,6
75360.3667,0.0667,34.88,0.0333,34.625,-37,184,-1064,56,6
75360.5333,0.0,34.865,-0.0,34.61,-32,190,-1065,57,6
75360.7,0.1167,34.865,0.1333,34.66,-42,187,-1070,58,6
75360.8667,-0.0333,34.88,0.05,34.66,-44,181,-1065,59,6
75361.0333,0.2,34.83,0.2,34.675,-54,179,-1062,60,6
75361.2,0.1333,34.865,0.1333,34.66,-69,183,-1068,61,6
75361.3667,-0.1167,34.845,-0.0167,34.69,-69,188,-1065,62,6
75361.5333,-0.15,34.88,-0.0833,34.645,-66,184,-1062,63,6
75361.7,-0.0667,34.845,-0.0333,34.645,-38,185,-1080,64,6
75361.8667,0.1333,34.83,0.1,34.675,-48,187,-1067,65,6
75362.0333,-0.1,34.845,-0.0833,34.66,-40,180,-1068,66,6
75362.2,0.0167,34.865,0.0167,34.66,-42,188,-1049,67,6
75362.3667,-0.0833,34.88,0.0167,34.675,-39,180,-1067,68,6
75362.5333,0.2167,34.83,0.2833,34.645,-37,190,-1067,69,6
75362.7,0.1833,34.88,0.1,34.675,-36,183,-1065,70,6
75362.8667,0.05,34.845,-0.0167,34.675,-21,185,-1073,71,6
75363.0333,0.0333,34.865,0.0333,34.625,-39,177,-1067,72,6
75363.2,0.0833,34.88,0.0333,34.69,-27,185,-1070,73,6
75363.3667,0.2,34.88,0.1667,34.675,-39,181,-1062,74,6
75363.5333,0.1167,34.865,0.0667,34.66,-25,176,-1071,75,6
75363.7,0.1167,34.845,0.0667,34.675,-27,190,-1065,76,6
75363.8667,0.0833,34.88,0.0333,34.675,-24,184,-1064,77,6
75364.0333,0.05,34.865,0.0167,34.645,-24,193,-1067,78,6
75364.2,0.0167,34.83,-0.0,34.675,-28,186,-1071,79,6
75364.3667,0.0,34.895,-0.0167,34.645,-28,183,-1068,80,6
75364.5333,0.0667,34.865,0.0333,34.625,-33,171,-1082,81,6
75364.7,0.0833,34.865,0.0167,34.71,-35,182,-1067,82,6
75364.8667,0.1,34.865,0.0333,34.625,-31,186,-1064,83,6
75365.0333,0.1333,34.83,0.0667,34.625,-33,175,-1080,84,6
75365.2,0.1167,34.88,0.0333,34.645,-33,182,-1067,85,6
75365.3667,0.1,34.845,0.05,34.675,-28,178,-1068,86,6
75365.5333,0.1,34.845,0.0333,34.645,-32,181,-1071,87,6
75365.7,0.1167,34.88,0.05,34.66,-33,177,-1080,88,6
75365.8667,0.0167,34.845,-0.0,34.645,-35,173,-1071,89,6
75366.0333,0.05,34.83,-0.0,34.625,-32,183,-1067,90,6
75366.2,0.05,34.83,-0.0,34.645,-40,180,-1070,91,6
75366.3667,0.0833,34.865,0.0167,34.66,-36,189,-1068,92,6
75366.5333,0.0333,34.88,-0.0167,34.675,-68,198,-1067,93,6
75366.7,0.05,34.845,-0.0,34.66,-61,182,-1073,94,6
75366.8667,0.0167,34.83,-0.0167,34.625,-53,189,-1050,95,6
75367.0333,0.0167,34.88,-0.0167,34.595,-45,180,-1059,96,6
75367.2,0.0167,34.815,-0.0333,34.645,-33,186,-1067,97,6
75367.3667,0.05,34.845,-0.0167,34.66,-33,182,-1074,98,6
75367.5333,0.0833,34.845,-0.0,34.61,-43,186,-1073,99,6
75367.7,0.0667,34.83,-0.0,34.675,-35,163,-1074,100,6
75367.8667,0.0333,34.845,-0.0,34.625,-36,178,-1067,101,6
75368.0333,0.0333,34.845,-0.0333,34.645,-42,187,-1079,102,6
75368.2,0.05,34.865,-0.0,34.66,-39,179,-1065,103,6
75368.3667,0.0667,34.865,0.0167,34.66,-33,178,-1065,104,6
75368.5333,0.05,34.83,-0.0,34.66,-40,177,-1074,105,6
75368.7,0.0333,34.845,-0.0,34.66,-42,179,-1068,106,6
75368.8667,0.05,34.865,-0.0167,34.645,-42,183,-1070,107,6
75369.0333,0.0667,34.865,0.0167,34.66,-32,180,-1076,108,6
75369.2,0.05,34.865,-0.0,34.61,-33,177,-1059,109,6
75369.3667,0.0333,34.845,-0.0167,34.66,-33,179,-1070,110,6
75369.5333,0.05,34.83,-0.05,34.645,-41,174,-1082,111,6
75369.7,0.0667,34.865,-0.0,34.66,-40,176,-1068,112,6
75369.8667,0.0167,34.865,-0.0,34.675,-32,168,-1076,113,6
75370.0333,0.0167,34.845,-0.0333,34.66,-35,191,-1095,114,6
75370.2,0.05,34.865,-0.0,34.645,-24,187,-1064,115,6
75370.3667,0.05,34.815,-0.0,34.675,-28,185,-1065,116,6
75370.5333,0.0833,34.865,0.0333,34.675,-17,187,-1077,117,6
75370.7,0.0833,34.865,0.0333,34.645,-36,174,-1068,118,6
75370.8667,0.0667,34.83,0.0167,34.675,-33,178,-1071,119,6
75371.0333,0.05,34.865,-0.0,34.645,-32,187,-1058,120,6
75371.2,0.0667,34.845,0.0167,34.645,-33,174,-1073,121,6
75371.3667,0.0333,34.83,-0.0,34.645,-33,181,-1068,122,6
75371.5333,0.0667,34.88,0.0167,34.66,-40,178,-1074,123,6
75371.7,0.0667,34.845,-0.0,34.625,-30,174,-1065,124,6
75371.8667,0.0167,34.88,-0.0,34.645,-37,180,-1065,125,6
75372.0333,0.05,34.845,0.0333,34.61,-38,171,-1065,126,6
75372.2,0.1,34.845,0.0333,34.69,-33,171,-1084,127,6
75372.3667,-0.1167,34.865,-0.1333,34.645,-33,175,-1070,128,6
75372.5333,0.0833,34.865,0.05,34.645,-40,173,-1070,129,6
75372.7,0.0833,34.88,0.0833,34.675,-56,180,-1073,130,6
75372.8667,0.1167,34.865,0.0833,34.645,-60,171,-1074,131,6
75373.0333,-0.0833,34.83,-0.0333,34.645,-63,187,-1073,132,6
75373.2,-0.1,34.865,-0.0,34.625,-51,180,-1062,133,6
75373.3667,0.05,34.865,-0.05,34.645,-42,183,-1071,134,6
75373.5333,0.1333,34.865,0.1333,34.66,-32,171,-1082,135,6
75373.7,-0.2167,34.83,-0.1167,34.66,-32,180,-1068,136,6
75373.8667,-0.1,34.815,-0.0167,34.645,-42,179,-1070,137,6
75374.0333,0.1333,34.865,0.05,34.66,-47,187,-1079,138,6
75374.2,0.0833,34.83,0.1833,34.645,-43,172,-1064,139,6
75374.3667,0.0833,34.845,0.0833,34.645,-40,175,-1065,140,6
75374.5333,0.0167,34.895,0.0167,34.66,-44,178,-1070,141,6
75374.7,-0.1167,34.88,-0.1,34.61,-44,171,-1068,142,6
75374.8667,-0.0667,34.88,-0.0333,34.675,-50,174,-1070,143,6
75375.0333,0.15,34.845,0.0333,34.625,-40,177,-1071,144,6
75375.2,0.1167,34.845,0.0333,34.66,-35,177,-1074,145,6
75375.3667,0.0667,34.865,0.0333,34.66,-27,182,-1065,146,6
75375.5333,0.0667,34.88,0.0333,34.645,-40,176,-1071,147,6
75375.7,0.1167,34.845,0.05,34.66,-39,174,-1074,148,6
75375.8667,0.1167,34.865,0.05,34.66,-60,174,-1074,149,6
75376.0333,0.2,34.865,0.0833,34.675,-33,179,-1062,150,6
75376.2,0.1167,34.865,0.0667,34.625,-26,179,-1065,151,6
75376.3667,0.1333,34.845,0.0667,34.66,-27,178,-1068,152,6
75376.5333,0.0833,34.865,0.0333,34.66,-41,187,-1070,153,6
75376.7,0.05,34.845,-0.0,34.625,-34,177,-1067,154,6
75376.8667,0.05,34.815,-0.0,34.675,-34,174,-1067,155,6
75377.0333,0.0333,34.865,-0.0,34.625,-33,172,-1074,156,6
75377.2,0.05,34.845,-0.0,34.675,-37,176,-1068,157,6
75377.3667,0.0333,34.83,-0.0,34.675,-41,167,-1068,158,6
75377.5333,0.0167,34.895,-0.0167,34.66,-42,171,-1068,159,6
75377.7,0.0333,34.83,-0.0,34.675,-42,173,-1074,160,6
75377.8667,0.0333,34.83,-0.0,34.66,-42,172,-1071,161,6
75378.0333,0.05,34.865,-0.0167,34.66,-31,177,-1080,162,6
75378.2,0.0333,34.815,-0.0,34.675,-33,176,-1062,163,6
75378.3667,0.05,34.88,-0.0,34.66,-36,177,-1067,164,6
75378.5333,0.05,34.865,-0.0,34.66,-56,178,-1070,165,6
75378.7,0.05,34.83,-0.0,34.66,-54,175,-1068,166,6
75378.8667,0.0333,34.845,-0.0,34.645,-54,163,-1067,167,6
75379.0333,0.0167,34.865,-0.0,34.71,-59,167,-1064,168,6
75379.2,0.0333,34.845,-0.0,34.675,-42,174,-1068,169,6
75379.3667,0.05,34.845,0.0167,34.66,-48,161,-1070,170,6
75379.5333,0.0833,34.845,0.0333,34.645,-36,167,-1083,171,6
75379.7,0.05,34.815,0.0167,34.645,-37,168,-1074,172,6
75379.8667,0.0333,34.845,-0.0,34.66,-47,170,-1077,173,6
75380.0333,0.0333,34.83,-0.0,34.645,-48,174,-1053,174,6
75380.2,0.0333,34.865,-0.0,34.645,-45,165,-1068,175,6
75380.3667,0.05,34.865,-0.0167,34.645,-42,179,-1062,176,6
75380.5333,0.0667,34.845,0.0167,34.645,-47,168,-1079,177,6
75380.7,0.0833,34.83,0.0167,34.645,-42,179,-1076,178,6
75380.8667,0.1167,34.815,0.0333,34.625,-38,163,-1086,179,6
75381.0333,0.0333,34.845,-0.0,34.625,-36,170,-1068,180,6
75381.2,0.0667,34.83,-0.0,34.645,-40,168,-1068,181,6
75381.3667,0.0667,34.845,0.0167,34.66,-56,163,-1059,182,6
75381.5333,0.0667,34.865,0.0167,34.675,-55,173,-1065,183,6
75381.7,0.0667,34.845,0.0167,34.61,-69,174,-1071,184,6
75381.8667,0.05,34.865,-0.0333,34.645,-84,181,-1053,185,6
75382.0333,0.05,34.865,-0.0,34.645,-69,178,-1058,186,6
75382.2,0.05,34.83,0.0167,34.645,-51,174,-1071,187,6
75382.3667,0.0833,34.845,0.0167,34.645,-46,175,-1068,188,6
75382.5333,0.0833,34.845,0.0167,34.625,-45,171,-1059,189,6
75382.7,0.0833,34.815,0.05,34.625,-39,175,-1068,190,6
75382.8667,0.0833,34.83,0.0333,34.61,-41,171,-1073,191,6
75383.0333,0.0667,34.865,0.0167,34.645,-54,176,-1071,192,6
75383.2,0.05,34.845,0.0167,34.66,-43,173,-1064,193,6
75383.3667,0.05,34.845,-0.0,34.61,-43,169,-1074,194,6
75383.5333,0.0333,34.845,-0.0,34.645,-42,174,-1062,195,6
75383.7,0.05,34.88,-0.0167,34.645,-44,167,-1071,196,6
75383.8667,0.1167,34.865,0.05,34.66,-48,172,-1070,197,6
75384.0333,0.0833,34.845,0.0167,34.645,-49,166,-1071,198,6
75384.2,0.0833,34.83,0.0167,34.625,-52,173,-1065,199,6
75384.3667,0.0833,34.83,0.0167,34.66,-51,167,-1068,200,6
75384.5333,0.05,34.865,-0.0,34.61,-43,176,-1077,201,6
75384.7,0.0833,34.815,-0.05,34.645,-47,160,-1071,202,6
75384.8667,0.0333,34.845,-0.0,34.645,-48,158,-1065,203,6
75385.0333,-0.0167,34.845,-0.0333,34.66,-40,164,-1065,204,6
75385.2,0.15,34.845,0.1833,34.675,-41,168,-1071,205,6
75385.3667,0.2833,34.865,0.2333,34.625,-43,173,-1070,206,6
75385.5333,0.1667,34.88,0.05,34.645,-42,176,-1061,207,6
75385.7,0.2,34.865,0.35,34.645,-32,169,-1068,208,6
75385.8667,0.25,34.83,0.4167,34.625,-35,171,-1077,209,6
75386.0333,0.1167,34.845,0.1333,34.625,-40,176,-1064,210,6
75386.2,0.0,34.845,0.0333,34.645,-40,165,-1071,211,6
75386.3667,0.1333,34.845,0.15,34.625,-45,168,-1068,212,6
75386.5333,0.05,34.845,-0.0,34.645,-48,156,-1074,213,6
75386.7,0.1,34.83,0.05,34.645,-53,163,-1068,214,6
75386.8667,0.2,34.83,0.2167,34.645,-45,171,-1062,215,6
75387.0333,-0.1167,34.845,-0.0667,34.625,-50,168,-1070,216,6
75387.2,0.2667,34.865,0.25,34.645,-36,169,-1086,217,6
75387.3667,0.0333,34.845,0.0333,34.66,-35,168,-1087,218,6
75387.5333,-0.0333,34.83,-0.0333,34.675,-48,167,-1071,219,6
75387.7,0.1833,34.88,0.0667,34.645,-58,166,-1071,220,6
75387.8667,0.0667,34.83,-0.0167,34.645,-73,183,-1071,221,6
75388.0333,0.05,34.815,0.0667,34.625,-66,171,-1074,222,6
75388.2,0.1833,34.83,0.15,34.675,-70,169,-1062,223,6
75388.3667,0.15,34.83,0.0833,34.675,-65,180,-1058,224,6
75388.5333,0.15,34.845,0.1,34.645,-48,165,-1067,225,6
75388.7,0.1333,34.845,0.1,34.66,-49,174,-1068,226,6
75388.8667,0.1333,34.845,0.0833,34.675,-51,163,-1074,227,6
75389.0333,0.1,34.845,0.0333,34.66,-55,168,-1074,228,6
75389.2,0.1,34.865,0.05,34.675,-54,165,-1071,229,6
75389.3667,0.1,34.83,0.0333,34.66,-51,167,-1071,230,6
75389.5333,0.0833,34.815,0.0333,34.61,-55,162,-1068,231,6
75389.7,0.1,34.865,0.05,34.66,-45,171,-1074,232,6
75389.8667,0.1,34.88,0.05,34.625,-56,165,-1071,233,6
75390.0333,0.0833,34.865,0.0333,34.645,-53,164,-1071,234,6
75390.2,0.0833,34.815,0.0167,34.625,-51,153,-1047,235,6
75390.3667,0.05,34.83,0.0167,34.66,-47,158,-1074,236,6
75390.5333,0.0833,34.865,0.0333,34.625,-49,171,-1071,237,6
75390.7,0.0833,34.83,0.0333,34.69,-50,167,-1062,238,6
75390.8667,0.1167,34.83,0.05,34.66,-64,167,-1064,239,6
75391.0333,0.0833,34.83,0.05,34.66,-60,159,-1074,240,6
75391.2,0.05,34.845,-0.0,34.645,-68,165,-1067,241,6
75391.3667,0.05,34.83,-0.0,34.61,-59,174,-1095,242,6
75391.5333,0.0667,34.845,0.0167,34.645,-54,164,-1071,243,6
75391.7,0.05,34.865,0.0167,34.66,-45,163,-1077,244,6
75391.8667,0.0667,34.88,0.0167,34.66,-54,164,-1071,245,6
75392.0333,0.0667,34.83,0.0167,34.625,-55,165,-1074,246,6
75392.2,0.0333,34.845,-0.0,34.675,-57,164,-1067,247,6
75392.3667,0.0667,34.83,0.0167,34.625,-51,159,-1071,248,6
75392.5333,0.05,34.83,-0.0,34.625,-48,162,-1059,249,6
75392.7,0.05,34.88,0.0167,34.625,-51,168,-1080,250,6
75392.8667,0.05,34.845,0.0167,34.66,-54,166,-1074,251,6
75393.0333,0.05,34.845,0.0167,34.675,-48,165,-1083,252,6
75393.2,0.0167,34.83,-0.0167,34.645,-58,174,-1062,253,6
75393.3667,0.0167,34.865,-0.0167,34.675,-69,158,-1065,254,6
75393.5333,0.0167,34.865,-0.0167,34.675,-72,175,-1064,255,6
75393.7,0.0333,34.845,-0.0,34.645,-84,172,-1071,0,6
75393.8667,0.1,34.845,0.0333,34.645,-81,176,-1062,1,6
75394.0333,0.0333,34.88,-0.0,34.675,-72,156,-1082,2,6
75394.2,0.0167,34.845,-0.0167,34.625,-60,168,-1071,3,6
75394.3667,0.0333,34.815,-0.0,34.66,-63,167,-1065,4,6
75394.5333,0.0333,34.865,-0.0167,34.645,-54,161,-1062,5,6
75394.7,0.05,34.88,-0.0,34.69,-56,167,-1070,6,6
75394.8667,0.05,34.815,0.0167,34.645,-63,165,-1068,7,6
75395.0333,0.05,34.865,-0.0,34.645,-66,168,-1065,8,6
75395.2,0.05,34.865,-0.0,34.66,-62,151,-1071,9,6
75395.3667,0.05,34.845,-0.0,34.645,-60,156,-1073,10,6
75395.5333,0.0333,34.88,-0.0,34.645,-38,167,-1074,11,6
75395.7,0.05,34.815,-0.0,34.66,-60,159,-1071,12,6
75395.8667,0.0833,34.845,0.0333,34.675,-43,169,-1079,13,6
75396.0333,0.05,34.8,-0.0,34.625,-21,162,-1059,14,6
75396.2,0.1,34.845,0.0333,34.645,-60,168,-1068,15,6
75396.3667,0.0833,34.83,0.0167,34.645,-79,177,-1083,16,6
75396.5333,0.0167,34.815,-0.0167,34.66,-87,171,-1070,17,6
75396.7,0.0,34.83,-0.0333,34.69,-87,163,-1065,18,6
75396.8667,-0.0167,34.845,-0.0167,34.645,-74,159,-1071,19,6
75397.0333,0.0,34.865,-0.0167,34.61,-62,168,-1071,20,6
75397.2,-0.0167,34.83,-0.05,34.645,-62,163,-1068,21,6
75397.3667,-0.0667,34.865,-0.0333,34.645,-51,173,-1071,22,6
75397.5333,-0.0333,34.83,-0.0167,34.66,-65,162,-1074,23,6
75397.7,0.0833,34.83,0.05,34.625,-64,162,-1074,24,6
75397.8667,0.2167,34.845,0.2167,34.645,-60,154,-1079,25,6
75398.0333,0.1833,34.845,0.1,34.625,-68,159,-1071,26,6
75398.2,-0.2167,34.83,-0.2167,34.645,-61,161,-1067,27,6
75398.3667,-0.2333,34.83,-0.15,34.645,-66,161,-1071,28,6
75398.5333,-0.0333,34.845,0.0333,34.625,-55,164,-1071,29,6
75398.7,-0.1833,34.865,-0.0,34.675,-63,165,-1074,30,6
75398.8667,0.0,34.83,0.1333,34.645,-52,169,-1083,31,6
75399.0333,0.0333,34.845,-0.1667,34.66,-22,165,-1074,32,6
75399.2,0.6833,34.83,0.7167,34.645,-75,166,-1077,33,6
75399.3667,0.5833,34.815,0.6333,34.61,-80,175,-1073,34,6
75399.5333,0.1167,34.845,0.1833,34.66,-87,167,-1071,35,6
75399.7,0.3167,34.845,0.3,34.625,-90,180,-1061,36,6
75399.8667,0.0833,34.845,-0.05,34.61,-78,158,-1080,37,6
75400.0333,0.0667,34.83,-0.0167,34.645,-64,165,-1071,38,6
75400.2,0.1167,34.88,0.0333,34.625,-63,161,-1074,39,6
75400.3667,0.0167,34.845,-0.0,34.645,-56,173,-1071,40,6
75400.5333,0.15,34.83,0.0667,34.645,-66,167,-1070,41,6
75400.7,0.0833,34.83,0.05,34.645,-61,159,-1071,42,6
75400.8667,0.15,34.83,0.05,34.66,-68,170,-1077,43,6
75401.0333,0.1333,34.83,0.05,34.625,-62,160,-1068,44,6
75401.2,0.1,34.845,0.05,34.645,-58,160,-1065,45,6
75401.3667,0.0833,34.815,0.0333,34.645,-63,160,-1074,46,6
75401.5333,0.0833,34.845,0.0333,34.645,-61,162,-1077,47,6
75401.7,0.0833,34.78,0.0333,34.625,-62,156,-1073,48,6
75401.8667,0.1167,34.83,0.05,34.625,-52,167,-1077,49,6
75402.0333,0.0833,34.83,0.0333,34.645,-57,161,-1068,50,6
75402.2,0.1167,34.83,0.05,34.625,-62,164,-1070,51,6
75402.3667,0.0667,34.845,0.0333,34.645,-83,175,-1070,52,6
75402.5333,0.05,34.865,0.0167,34.675,-87,168,-1064,53,6
75402.7,0.0333,34.88,0.0167,34.645,-101,178,-1086,54,6
75402.8667,0.0333,34.815,-0.0167,34.645,-78,159,-1071,55,6
75403.0333,0.0333,34.845,-0.0,34.625,-66,164,-1071,56,6
75403.2,0.0167,34.845,-0.0167,34.66,-62,162,-1068,57,6
75403.3667,0.0167,34.83,-0.0167,34.645,-65,162,-1070,58,6
75403.5333,0.0,34.83,-0.0333,34.645,-64,163,-1065,59,6
75403.7,0.0333,34.845,-0.0,34.625,-60,164,-1070,60,6
75403.8667,0.05,34.815,-0.0,34.66,-63,159,-1073,61,6
75404.0333,0.0167,34.845,-0.0,34.625,-60,164,-1074,62,6
75404.2,0.0167,34.865,-0.0,34.645,-65,158,-1070,63,6
75404.3667,0.0333,34.845,-0.0,34.645,-66,157,-1077,64,6
75404.5333,0.0333,34.845,-0.0167,34.645,-63,146,-1083,65,6
75404.7,0.0,34.865,-0.0167,34.625,-65,156,-1073,66,6
75404.8667,0.0167,34.83,-0.0333,34.645,-63,162,-1059,67,6
75405.0333,0.0167,34.865,-0.0167,34.645,-56,163,-1074,68,6
75405.2,0.0333,34.83,-0.0,34.66,-60,174,-1077,69,6
75405.3667,0.0,34.845,-0.0167,34.66,-83,163,-1074,70,6
75405.5333,0.0,34.865,-0.0167,34.645,-87,165,-1064,71,6
75405.7,0.0,34.83,-0.0167,34.645,-91,154,-1068,72,6
75405.8667,-0.0167,34.83,-0.0167,34.645,-91,164,-1070,73,6
75406.0333,0.0167,34.815,-0.0167,34.645,-75,159,-1073,74,6
75406.2,0.0333,34.845,-0.0,34.675,-66,159,-1074,75,6
75406.3667,0.0333,34.83,-0.0,34.625,-51,164,-1076,76,6
75406.5333,0.0167,34.865,-0.0,34.625,-72,165,-1071,77,6
75406.7,0.0167,34.845,-0.0,34.625,-63,156,-1074,78,6
75406.8667,0.0,34.865,-0.0167,34.625,-71,161,-1058,79,6
75407.0333,0.0,34.845,-0.0,34.625,-66,150,-1074,80,6
75407.2,0.0167,34.845,-0.0,34.645,-54,159,-1070,81,6
75407.3667,0.0167,34.815,-0.0167,34.675,-59,159,-1076,82,6
75407.5333,0.05,34.83,0.0167,34.645,-42,174,-1071,83,6
75407.7,0.05,34.83,-0.0,34.66,-11,159,-1071,84,6
75407.8667,0.0667,34.83,-0.0,34.645,-44,164,-1077,85,6
75408.0333,0.05,34.845,-0.0,34.625,-44,162,-1071,86,6
75408.2,0.0,34.815,-0.0167,34.66,-50,158,-1070,87,6
75408.3667,0.0333,34.815,-0.0,34.66,-45,168,-1068,88,6
75408.5333,0.0167,34.845,-0.0167,34.66,-51,165,-1061,89,6
75408.7,0.05,34.845,-0.0,34.645,-50,163,-1070,90,6
75408.8667,0.0667,34.845,0.0167,34.625,-56,158,-1074,91,6
75409.0333,0.05,34.815,-0.0,34.645,-57,154,-1077,92,6
75409.2,0.0333,34.815,-0.0,34.66,-56,158,-1067,93,6
75409.3667,0.0667,34.845,-0.0,34.66,-59,155,-1064,94,6
75409.5333,0.0333,34.83,-0.0167,34.625,-53,156,-1058,95,6
75409.7,-0.0333,34.83,-0.05,34.66,-56,156,-1092,96,6
75409.8667,-0.0167,34.845,-0.0167,34.645,-57,150,-1074,97,6
75410.0333,0.2,34.83,0.2333,34.645,-55,154,-1068,98,6
75410.2,0.2333,34.8,0.2,34.625,-60,156,-1074,99,6
75410.3667,0.05,34.815,0.1333,34.625,-75,168,-1074,100,6
75410.5333,0.2167,34.845,0.2167,34.645,-78,142,-1059,101,6
75410.7,0.1167,34.83,-0.0333,34.675,-81,158,-1071,102,6
75410.8667,-0.2167,34.83,-0.1167,34.645,-73,152,-1080,103,6
75411.0333,-0.1833,34.83,-0.1,34.625,-65,159,-1070,104,6
75411.2,-0.1667,34.815,-0.1,34.645,-60,159,-1070,105,6
75411.3667,0.5667,34.845,0.65,34.61,-55,153,-1073,106,6
75411.5333,0.35,34.83,0.4167,34.66,-62,166,-1068,107,6
75411.7,0.1333,34.845,0.2167,34.645,-64,161,-1071,108,6
75411.8667,0.2667,34.815,0.1333,34.625,-55,154,-1068,109,6
75412.0333,0.1833,34.865,0.2167,34.645,-65,153,-1086,110,6
75412.2,0.1167,34.815,0.0167,34.66,-62,155,-1067,111,6
75412.3667,0.1333,34.83,0.0833,34.66,-58,155,-1077,112,6
75412.5333,0.1333,34.83,0.05,34.675,-63,156,-1073,113,6
75412.7,-0.0333,34.83,0.0333,34.625,-63,157,-1065,114,6
75412.8667,0.1333,34.83,0.0667,34.645,-69,160,-1080,115,6
75413.0333,0.0667,34.845,0.0333,34.645,-53,156,-1074,116,6
75413.2,0.1,34.845,0.05,34.625,-66,156,-1076,117,6
75413.3667,0.1,34.865,0.05,34.645,-66,170,-1074,118,6
75413.5333,0.1333,34.845,0.0833,34.675,-81,159,-1073,119,6
75413.7,0.15,34.815,0.1,34.625,-93,163,-1071,120,6
75413.8667,0.1333,34.845,0.0833,34.625,-90,158,-1067,121,6
75414.0333,0.1167,34.845,0.0667,34.61,-90,153,-1068,122,6
75414.2,0.1167,34.845,0.0333,34.61,-69,161,-1073,123,6
75414.3667,0.1333,34.845,0.0833,34.625,-63,156,-1077,124,6
75414.5333,0.1333,34.865,0.0833,34.625,-61,156,-1067,125,6
75414.7,0.1333,34.83,0.0667,34.66,-61,159,-1077,126,6
75414.8667,0.1,34.83,0.0333,34.645,-72,156,-1067,127,6
75415.0333,0.0833,34.83,0.0333,34.625,-62,149,-1086,128,6
75415.2,0.1,34.83,0.0167,34.645,-60,155,-1068,129,6
75415.3667,0.1167,34.815,0.05,34.66,-63,153,-1071,130,6
75415.5333,0.1167,34.83,0.0333,34.625,-66,156,-1073,131,6
75415.7,0.0833,34.83,0.0333,34.645,-65,159,-1082,132,6
75415.8667,0.0333,34.845,-0.0167,34.61,-64,156,-1065,133,6
75416.0333,0.05,34.83,-0.0333,34.625,-57,163,-1079,134,6
75416.2,0.0833,34.815,-0.0,34.645,-61,155,-1068,135,6
75416.3667,0.05,34.815,-0.0,34.66,-57,161,-1068,136,6
75416.5333,0.05,34.845,-0.0,34.61,-84,154,-1080,137,6
75416.7,0.05,34.8,0.0167,34.61,-76,150,-1074,138,6
75416.8667,0.0333,34.83,-0.0,34.645,-84,148,-1068,139,6
75417.0333,-0.0167,34.8,-0.0333,34.645,-78,152,-1068,140,6
75417.2,0.0167,34.83,-0.0167,34.66,-60,156,-1074,141,6
75417.3667,0.0333,34.815,-0.0,34.66,-65,156,-1068,142,6
75417.5333,0.0333,34.88,-0.0,34.61,-65,156,-1071,143,6
75417.7,0.0333,34.815,-0.0,34.66,-73,163,-1077,144,6
75417.8667,0.0333,34.815,-0.0,34.625,-66,151,-1071,145,6
75418.0333,0.0333,34.83,-0.0167,34.66,-69,149,-1071,146,6
75418.2,0.0333,34.815,-0.0,34.66,-72,149,-1074,147,6
75418.3667,0.0333,34.865,0.0167,34.675,-65,156,-1071,148,6
75418.5333,0.0333,34.815,-0.0,34.625,-12,156,-1070,149,6
75418.7,0.0667,34.845,-0.0,34.625,-50,165,-1074,150,6
75418.8667,0.05,34.815,-0.0,34.625,-73,154,-1073,151,6
75419.0333,0.0833,34.83,-0.0333,34.61,-84,150,-1073,152,6
75419.2,0.0167,34.83,-0.0167,34.66,-81,144,-1076,153,6
75419.3667,0.0333,34.815,0.0167,34.645,-74,157,-1059,154,6
75419.5333,0.0667,34.83,0.0167,34.61,-72,159,-1073,155,6
75419.7,0.05,34.815,-0.0,34.61,-66,156,-1077,156,6
75419.8667,0.0667,34.845,0.0167,34.625,-60,158,-1067,157,6
75420.0333,0.0833,34.815,0.0333,34.645,-59,153,-1074,158,6
75420.2,0.0833,34.845,0.0167,34.66,-60,153,-1077,159,6
75420.3667,0.0833,34.865,0.0333,34.645,-54,165,-1071,160,6
75420.5333,0.0667,34.83,0.0167,34.66,-59,143,-1083,161,6
75420.7,0.0333,34.815,-0.0167,34.645,-66,153,-1074,162,6
75420.8667,0.05,34.83,-0.0,34.61,-61,153,-1065,163,6
75421.0333,0.05,34.83,0.0167,34.645,-63,144,-1074,164,6
75421.2,0.0333,34.845,-0.0,34.625,-61,159,-1068,165,6
75421.3667,0.0167,34.845,-0.0167,34.61,-65,152,-1064,166,6
75421.5333,0.0833,34.815,0.0333,34.625,-64,156,-1073,167,6
75421.7,0.1,34.865,0.0333,34.625,-71,154,-1071,168,6
75421.8667,0.0833,34.815,0.0167,34.645,-60,153,-1077,169,6
75422.0333,0.0167,34.815,-0.0333,34.645,-62,141,-1096,170,6
75422.2,-0.05,34.865,-0.0333,34.675,-40,149,-1059,171,6
75422.3667,-0.05,34.83,-0.05,34.625,-49,174,-1065,172,6
75422.5333,-0.0667,34.83,-0.0,34.625,-54,155,-1065,173,6
75422.7,0.2667,34.83,0.2667,34.625,-47,163,-1071,174,6
75422.8667,0.4333,34.83,0.3333,34.645,-52,157,-1073,175,6
75423.0333,0.2667,34.83,0.2833,34.645,-58,156,-1074,176,6
75423.2,0.0667,34.845,0.0333,34.66,-59,137,-1083,177,6
75423.3667,0.0167,34.845,0.0833,34.66,-62,153,-1067,178,6
75423.5333,0.0,34.83,0.0167,34.66,-58,153,-1068,179,6
75423.7,0.0667,34.815,0.1333,34.675,-60,150,-1074,180,6
75423.8667,-0.1333,34.845,-0.05,34.66,-58,153,-1073,181,6
75424.0333,-0.1,34.845,-0.0167,34.645,-61,149,-1080,182,6
75424.2,-0.0333,34.8,-0.0,34.66,-65,148,-1074,183,6
75424.3667,0.0667,34.83,0.1,34.61,-60,149,-1080,184,6
75424.5333,0.3,34.83,0.2,34.675,-75,141,-1080,185,6
75424.7,0.3667,34.865,0.2833,34.625,-70,159,-1068,186,6
75424.8667,0.15,34.8,0.1,34.66,-75,150,-1070,187,6
75425.0333,0.1,34.8,0.0167,34.645,-68,158,-1070,188,6
75425.2,-0.0333,34.815,-0.0333,34.625,-70,153,-1071,189,6
75425.3667,0.05,34.83,0.0333,34.645,-63,148,-1077,190,6
75425.5333,0.0167,34.845,0.0167,34.625,-63,135,-1067,191,6
75425.7,-0.0333,34.815,-0.0167,34.625,-64,142,-1067,192,6
75425.8667,0.1833,34.815,0.05,34.66,-62,153,-1071,193,6
75426.0333,0.15,34.865,0.1,34.645,-66,149,-1074,194,6
75426.2,0.1333,34.865,0.0667,34.645,-59,147,-1077,195,6
75426.3667,0.1333,34.83,0.0833,34.625,-66,153,-1076,196,6
75426.5333,0.1,34.83,0.05,34.625,-65,145,-1074,197,6
75426.7,0.0833,34.845,0.0333,34.66,-66,153,-1071,198,6
75426.8667,0.1,34.845,0.05,34.625,-66,147,-1068,199,6
75427.0333,0.0833,34.83,0.0167,34.625,-60,153,-1068,200,6
75427.2,0.1167,34.815,0.05,34.645,-72,146,-1077,201,6
75427.3667,0.1167,34.815,0.0833,34.61,-92,162,-1061,202,6
75427.5333,0.1333,34.845,0.0833,34.625,-88,141,-1089,203,6
75427.7,0.1,34.83,0.05,34.66,-93,153,-1071,204,6
75427.8667,0.0667,34.815,0.05,34.66,-90,146,-1062,205,6
75428.0333,0.05,34.8,0.05,34.66,-80,153,-1068,206,6
75428.2,0.0667,34.8,0.05,34.645,-76,155,-1080,207,6
75428.3667,0.05,34.845,0.0167,34.645,-68,153,-1070,208,6
75428.5333,0.0167,34.83,-0.0,34.675,-66,160,-1053,209,6
75428.7,0.0,34.83,-0.0,34.675,-71,146,-1073,210,6
75428.8667,0.0,34.815,-0.0167,34.625,-66,155,-1068,211,6
75429.0333,0.0,34.8,-0.0167,34.61,-69,149,-1076,212,6
75429.2,0.0333,34.845,-0.0,34.625,-75,159,-1071,213,6
75429.3667,0.0333,34.845,-0.0,34.645,-69,137,-1064,214,6
75429.5333,0.0167,34.8,-0.0,34.66,-66,148,-1071,215,6
75429.7,0.0333,34.8,0.0167,34.625,-66,146,-1077,216,6
75429.8667,0.05,34.845,-0.0,34.66,-71,150,-1062,217,6
75430.0333,0.05,34.83,-0.0,34.675,-70,151,-1076,218,6
75430.2,0.05,34.83,0.0167,34.61,-71,147,-1077,219,6
75430.3667,0.0167,34.83,-0.0,34.625,-66,141,-1073,220,6
75430.5333,0.0,34.815,-0.0167,34.625,-78,150,-1076,221,6
75430.7,0.0333,34.815,-0.0,34.595,-82,152,-1074,222,6
75430.8667,0.0333,34.83,-0.0,34.675,-90,150,-1071,223,6
75431.0333,0.0167,34.83,-0.0167,34.625,-93,156,-1067,224,6
75431.2,0.0667,34.83,0.0167,34.595,-82,154,-1074,225,6
75431.3667,0.0333,34.83,-0.0,34.645,-75,155,-1067,226,6
75431.5333,0.05,34.815,-0.0,34.645,-69,144,-1080,227,6
75431.7,0.0167,34.815,-0.0167,34.645,-75,154,-1071,228,6
75431.8667,0.05,34.83,-0.0,34.645,-58,159,-1065,229,6
75432.0333,0.05,34.815,0.0167,34.66,-71,147,-1070,230,6
75432.2,0.0333,34.845,-0.0,34.625,-65,159,-1070,231,6
75432.3667,0.05,34.815,0.0167,34.625,-71,152,-1079,232,6
75432.5333,0.05,34.815,0.0167,34.66,-73,146,-1076,233,6
75432.7,0.05,34.815,-0.0,34.645,-74,135,-1077,234,6
75432.8667,0.0333,34.815,-0.0,34.61,-74,146,-1073,235,6
75433.0333,0.0833,34.815,0.0167,34.645,-63,156,-1074,236,6
75433.2,0.05,34.865,0.0167,34.66,-68,153,-1071,237,6
75433.3667,0.1,34.815,0.0333,34.645,-62,158,-1074,238,6
75433.5333,0.05,34.815,0.0167,34.66,-87,153,-1077,239,6
75433.7,0.05,34.83,-0.0,34.645,-93,154,-1067,240,6
75433.8667,0.05,34.845,0.0167,34.66,-98,154,-1080,241,6
75434.0333,0.05,34.8,0.0167,34.625,-87,149,-1065,242,6
75434.2,0.05,34.8,-0.0,34.645,-70,153,-1065,243,6
75434.3667,0.1,34.815,0.0333,34.625,-69,151,-1071,244,6
75434.5333,0.05,34.845,-0.0167,34.66,-64,148,-1074,245,6
75434.7,0.05,34.845,-0.0,34.625,-72,152,-1073,246,6
75434.8667,0.05,34.8,0.05,34.625,-89,155,-1070,247,6
75435.0333,0.2,34.8,0.2667,34.645,-70,147,-1077,248,6
75435.2,0.1833,34.815,0.0333,34.66,-69,154,-1068,249,6
75435.3667,-0.2,34.83,-0.0667,34.645,-70,140,-1080,250,6
75435.5333,0.1167,34.845,0.15,34.645,-64,151,-1073,251,6
75435.7,-0.05,34.815,0.0167,34.645,-70,148,-1086,252,6
75435.8667,-0.1167,34.83,0.05,34.645,-66,156,-1062,253,6
75436.0333,0.1167,34.8,0.2,34.61,-58,155,-1086,254,6
75436.2,0.5833,34.83,0.4,34.66,-69,152,-1071,255,6
75436.3667,0.0833,34.8,0.1333,34.645,-60,159,-1061,0,6
75436.5333,0.1,34.83,0.1167,34.625,-74,147,-1071,1,6
75436.7,0.3333,34.815,0.2333,34.66,-78,155,-1074,2,6
75436.8667,0.15,34.815,0.0667,34.645,-87,150,-1070,3,6
75437.0333,0.2333,34.8,0.3167,34.61,-85,169,-1062,4,6
75437.2,0.15,34.8,0.05,34.625,-85,160,-1065,5,6
75437.3667,-0.0333,34.78,0.0333,34.61,-69,156,-1070,6,6
75437.5333,-0.1167,34.845,-0.0667,34.645,-66,157,-1068,7,6
75437.7,-0.1167,34.83,-0.1,34.595,-59,150,-1074,8,6
75437.8667,0.05,34.83,0.0333,34.625,-62,152,-1073,9,6
75438.0333,0.0167,34.78,0.0333,34.625,-64,152,-1070,10,6
75438.2,0.05,34.845,0.0167,34.645,-54,165,-1068,11,6
75438.3667,0.1,34.815,0.0333,34.645,-49,155,-1071,12,6
75438.5333,0.0167,34.83,-0.0167,34.645,-42,163,-1077,13,6
75438.7,0.05,34.815,0.0333,34.61,-46,158,-1065,14,6
75438.8667,0.0833,34.78,0.0333,34.645,-61,169,-1074,15,6
75439.0333,0.0667,34.845,0.0167,34.625,-66,165,-1062,16,6
75439.2,0.05,34.815,0.0333,34.625,-47,161,-1068,17,6
75439.3667,0.0833,34.8,0.0167,34.645,-50,156,-1076,18,6
75439.5333,0.05,34.8,0.0167,34.645,-51,165,-1068,19,6
75439.7,0.1,34.8,0.0333,34.645,-57,157,-1074,20,6
75439.8667,0.1,34.815,0.0333,34.625,-59,156,-1074,21,6
75440.0333,0.1,34.845,0.0333,34.645,-56,144,-1076,22,6
75440.2,0.0833,34.8,0.0333,34.625,-62,156,-1068,23,6
75440.3667,0.1167,34.815,0.05,34.66,-55,159,-1068,24,6
75440.5333,0.1167,34.815,0.05,34.625,-59,156,-1064,25,6
75440.7,0.15,34.815,0.1,34.66,-46,156,-1080,26,6
75440.8667,0.1,34.765,0.0333,34.645,-53,165,-1077,27,6
75441.0333,0.0833,34.8,0.0167,34.645,-63,155,-1074,28,6
75441.2,0.0833,34.83,0.0333,34.61,-74,165,-1095,29,6
75441.3667,0.0833,34.8,0.0333,34.645,-81,153,-1071,30,6
75441.5333,0.0833,34.8,0.0167,34.66,-84,165,-1067,31,6
75441.7,0.0833,34.815,0.0333,34.625,-76,156,-1065,32,6
75441.8667,0.05,34.83,0.0167,34.645,-75,158,-1073,33,6
75442.0333,0.0167,34.83,-0.0167,34.625,-63,160,-1062,34,6
75442.2,0.0333,34.8,-0.0,34.645,-60,159,-1067,35,6
75442.3667,0.05,34.815,-0.0,34.61,-57,156,-1071,36,6
75442.5333,0.05,34.83,0.0167,34.645,-58,162,-1071,37,6
75442.7,0.0333,34.83,-0.0,34.625,-64,159,-1071,38,6
75442.8667,0.0333,34.78,-0.0167,34.625,-62,156,-1077,39,6
75443.0333,0.0333,34.845,-0.0167,34.625,-66,159,-1053,40,6
75443.2,0.0167,34.815,-0.0,34.61,-64,152,-1070,41,6
75443.3667,0.0333,34.83,-0.0,34.645,-57,159,-1071,42,6
75443.5333,0.05,34.8,0.0167,34.645,-59,154,-1074,43,6
75443.7,0.0833,34.83,-0.0,34.61,-63,156,-1070,44,6
75443.8667,0.05,34.815,0.0167,34.625,-49,150,-1089,45,6
75444.0333,0.05,34.815,-0.0,34.61,-59,157,-1076,46,6
75444.2,0.05,34.815,-0.0,34.625,-63,154,-1068,47,6
75444.3667,0.0333,34.8,-0.0,34.61,-71,159,-1073,48,6
75444.5333,0.0667,34.815,0.0167,34.645,-71,156,-1076,49,6
75444.7,0.05,34.83,-0.0,34.645,-85,156,-1068,50,6
75444.8667,0.0167,34.8,-0.0167,34.625,-78,150,-1084,51,6
75445.0333,0.0167,34.83,-0.0,34.625,-73,154,-1068,52,6
75445.2,0.0333,34.83,-0.0333,34.675,-54,158,-1076,53,6
75445.3667,0.05,34.865,-0.0,34.625,-62,161,-1067,54,6
75445.5333,0.1,34.8,0.0167,34.66,-48,153,-1077,55,6
75445.7,0.05,34.815,0.0167,34.66,-57,144,-1083,56,6
75445.8667,0.0333,34.83,-0.0,34.645,-61,157,-1067,57,6
75446.0333,0.0167,34.83,-0.0167,34.595,-62,166,-1077,58,6
75446.2,0.0333,34.815,-0.0,34.66,-62,154,-1073,59,6
75446.3667,0.0333,34.845,-0.0,34.625,-55,159,-1073,60,6
75446.5333,0.0667,34.8,0.0167,34.595,-60,158,-1068,61,6
75446.7,0.0667,34.815,0.0167,34.625,-62,165,-1071,62,6
75446.8667,0.0833,34.815,0.0167,34.645,-60,159,-1062,63,6
75447.0333,0.0667,34.83,0.0167,34.645,-53,160,-1074,64,6
75447.2,0.0,34.845,-0.0167,34.66,-63,156,-1071,65,6
75447.3667,-0.15,34.815,-0.15,34.645,-30,167,-1073,66,6
75447.5333,0.1167,34.83,0.1833,34.625,-84,159,-1071,67,6
75447.7,-0.0667,34.83,0.0167,34.625,-85,165,-1070,68,6
75447.8667,0.1667,34.8,0.2167,34.625,-81,153,-1076,69,6
75448.0333,0.4667,34.83,0.3333,34.625,-71,164,-1071,70,6
75448.2,0.4833,34.83,0.4333,34.675,-57,162,-1065,71,6
75448.3667,0.3667,34.83,0.5833,34.645,-58,154,-1074,72,6
75448.5333,0.1667,34.815,0.15,34.66,-55,167,-1068,73,6
75448.7,-0.0333,34.815,0.0333,34.645,-63,163,-1071,74,6
75448.8667,0.0833,34.8,0.3,34.625,-57,163,-1076,75,6
75449.0333,0.0,34.815,0.0167,34.645,-54,153,-1086,76,6
75449.2,-0.0333,34.815,0.0333,34.645,-60,156,-1073,77,6
75449.3667,0.25,34.845,0.15,34.61,-54,164,-1065,78,6
75449.5333,0.1333,34.78,0.1333,34.645,-58,156,-1073,79,6
75449.7,0.2167,34.83,0.2,34.625,-47,156,-1074,80,6
75449.8667,0.3167,34.815,0.3167,34.645,-59,155,-1074,81,6
75450.0333,0.45,34.78,0.2833,34.645,-59,160,-1070,82,6
75450.2,0.2,34.815,0.0667,34.625,-63,159,-1059,83,6
75450.3667,0.15,34.815,0.1167,34.625,-84,162,-1080,84,6
75450.5333,0.1,34.845,0.0833,34.625,-81,168,-1068,85,6
75450.7,0.05,34.815,0.0333,34.625,-85,162,-1071,86,6
75450.8667,0.1333,34.815,0.0667,34.645,-82,170,-1077,87,6
75451.0333,0.0167,34.865,-0.0,34.645,-70,163,-1068,88,6
75451.2,0.1333,34.815,0.0667,34.625,-59,159,-1073,89,6
75451.3667,0.1833,34.83,0.1,34.675,-55,160,-1074,90,6
75451.5333,0.1667,34.8,0.1,34.595,-36,173,-1065,91,6
75451.7,0.1667,34.845,0.1,34.625,-61,165,-1068,92,6
75451.8667,0.15,34.8,0.0833,34.645,-61,159,-1071,93,6
75452.0333,0.1333,34.8,0.0667,34.625,-60,146,-1064,94,6
75452.2,0.0833,34.83,0.05,34.625,-57,158,-1076,95,6
75452.3667,0.0833,34.83,0.0167,34.595,-50,169,-1074,96,6
75452.5333,0.0833,34.83,0.05,34.625,-60,161,-1071,97,6
75452.7,0.1167,34.8,0.05,34.625,-46,156,-1074,98,6
75452.8667,0.1,34.83,0.05,34.595,-49,151,-1067,99,6
75453.0333,0.05,34.83,-0.0,34.645,-53,161,-1077,100,6
75453.2,0.0667,34.845,-0.0,34.645,-61,160,-1079,101,6
75453.3667,0.0833,34.815,0.0333,34.645,-69,155,-1076,102,6
75453.5333,0.0667,34.815,0.0333,34.61,-73,169,-1079,103,6
75453.7,0.0667,34.815,0.0167,34.625,-85,162,-1071,104,6
75453.8667,0.05,34.83,0.0167,34.625,-90,168,-1059,105,6
75454.0333,0.0333,34.815,-0.0,34.66,-81,165,-1056,106,6
75454.2,0.05,34.83,-0.0,34.645,-60,160,-1080,107,6
75454.3667,0.0,34.845,-0.0333,34.645,-57,159,-1065,108,6
75454.5333,0.0,34.8,-0.0167,34.66,-56,168,-1074,109,6
75454.7,0.0333,34.815,-0.0167,34.625,-60,160,-1073,110,6
75454.8667,0.05,34.83,-0.0,34.645,-54,157,-1074,111,6
75455.0333,0.0,34.815,0.0333,34.61,-54,156,-1084,112,6
75455.2,0.0,34.765,-0.0,34.61,-54,159,-1068,113,6
75455.3667,0.05,34.815,-0.0,34.645,-40,168,-1076,114,6
75455.5333,0.0333,34.815,-0.0,34.61,-43,165,-1068,115,6
75455.7,0.0333,34.8,-0.0,34.645,-45,173,-1068,116,6
75455.8667,0.0333,34.83,0.0167,34.625,-55,168,-1076,117,6
75456.0333,0.0167,34.8,-0.0,34.625,-45,159,-1071,118,6
75456.2,0.0333,34.83,-0.0167,34.625,-43,156,-1083,119,6
75456.3667,0.0333,34.8,-0.0,34.645,-50,159,-1071,120,6
75456.5333,0.0667,34.815,0.0167,34.61,-47,167,-1070,121,6
75456.7,0.0667,34.815,0.0167,34.645,-51,159,-1062,122,6
75456.8667,0.0333,34.815,-0.0,34.61,-41,165,-1068,123,6
75457.0333,0.1,34.815,0.0167,34.645,-65,159,-1068,124,6
75457.2,0.0333,34.8,0.05,34.645,-96,157,-1068,125,6
75457.3667,0.0333,34.815,-0.0,34.625,-75,168,-1080,126,6
75457.5333,0.0167,34.765,-0.0,34.61,-72,149,-1061,127,6
75457.7,0.0667,34.8,0.0167,34.625,-54,159,-1071,128,6
75457.8667,0.0667,34.815,0.0167,34.61,-58,159,-1080,129,6
75458.0333,0.0833,34.83,0.0167,34.66,-45,160,-1067,130,6
75458.2,0.0667,34.78,0.0167,34.645,-35,164,-1076,131,6
75458.3667,0.0833,34.83,0.0167,34.645,-39,165,-1073,132,6
75458.5333,0.0833,34.83,0.0167,34.61,-35,162,-1062,133,6
75458.7,0.0667,34.78,0.0333,34.66,-33,161,-1086,134,6
75458.8667,0.0333,34.8,-0.0167,34.595,-45,163,-1070,135,6
75459.0333,0.0167,34.815,-0.0333,34.645,-47,165,-1056,136,6
75459.2,0.05,34.845,0.0167,34.645,-49,157,-1071,137,6
75459.3667,0.0167,34.83,-0.0167,34.625,-42,164,-1074,138,6
75459.5333,0.0833,34.815,0.05,34.625,-47,158,-1073,139,6
75459.7,0.1,34.765,0.05,34.61,-40,165,-1071,140,6
75459.8667,0.0667,34.815,0.05,34.625,-51,165,-1059,141,6
75460.0333,0.1333,34.815,0.1,34.625,-42,159,-1077,142,6
75460.2,0.0167,34.83,-0.0,34.645,-47,149,-1065,143,6
75460.3667,0.1,34.78,0.1833,34.625,-60,153,-1071,144,6
75460.5333,0.15,34.83,0.0667,34.61,-38,165,-1067,145,6
75460.7,0.1167,34.8,0.0167,34.625,-69,162,-1068,146,6
75460.8667,0.4167,34.83,0.4333,34.645,-62,163,-1068,147,6
75461.0333,0.2,34.815,0.3167,34.625,-55,170,-1068,148,6
75461.2,0.4,34.815,0.2,34.625,-53,163,-1071,149,6
75461.3667,-0.1167,34.8,-0.0167,34.645,-59,171,-1074,150,6
75461.5333,0.0333,34.815,-0.0333,34.595,-50,156,-1068,151,6
75461.7,-0.2833,34.845,-0.0167,34.645,-51,164,-1068,152,6
75461.8667,0.0333,34.815,0.1,34.61,-47,159,-1074,153,6
75462.0333,0.5,34.8,0.45,34.66,-61,165,-1065,154,6
75462.2,0.1,34.8,0.0167,34.595,-54,165,-1076,155,6
75462.3667,0.0667,34.78,0.0167,34.61,-50,160,-1068,156,6
75462.5333,0.2667,34.78,0.2,34.61,-50,153,-1077,157,6
75462.7,0.2,34.83,0.1167,34.61,-43,160,-1073,158,6
75462.8667,0.1667,34.8,0.0333,34.625,-44,156,-1074,159,6
75463.0333,0.1833,34.765,0.1833,34.645,-44,162,-1077,160,6
75463.2,0.3,34.8,0.2167,34.625,-46,167,-1065,161,6
75463.3667,0.2833,34.8,0.2167,34.625,-53,152,-1074,162,6
75463.5333,0.1167,34.815,0.0833,34.625,-59,163,-1074,163,6
75463.7,0.15,34.8,0.0833,34.645,-68,161,-1070,164,6
75463.8667,0.1333,34.78,0.0833,34.66,-65,168,-1065,165,6
75464.0333,0.1167,34.8,0.05,34.625,-68,166,-1065,166,6
75464.2,0.1167,34.78,0.05,34.595,-53,159,-1068,167,6
75464.3667,0.1167,34.815,0.05,34.625,-46,159,-1076,168,6
75464.5333,0.1167,34.8,0.0667,34.595,-38,164,-1077,169,6
75464.7,0.1167,34.83,0.05,34.625,-54,164,-1077,170,6
75464.8667,0.1333,34.815,0.0667,34.595,-46,156,-1071,171,6
75465.0333,0.1167,34.78,0.05,34.58,-51,164,-1059,172,6
75465.2,0.1333,34.8,0.0667,34.645,-54,153,-1076,173,6
75465.3667,0.0833,34.8,0.0667,34.625,-50,164,-1070,174,6
75465.5333,0.0833,34.8,0.0333,34.625,-50,159,-1074,175,6
75465.7,0.05,34.8,0.0167,34.595,-52,161,-1062,176,6
75465.8667,0.0667,34.83,0.0167,34.625,-51,168,-1077,177,6
75466.0333,0.0167,34.8,-0.0167,34.645,-39,159,-1065,178,6
75466.2,0.05,34.75,0.0167,34.625,-42,156,-1082,179,6
75466.3667,0.0333,34.83,-0.0,34.61,-46,159,-1074,180,6
75466.5333,0.0667,34.78,0.0333,34.645,-59,157,-1071,181,6
75466.7,0.05,34.815,0.0167,34.625,-69,160,-1074,182,6
75466.8667,0.0333,34.815,0.0167,34.61,-74,153,-1084,183,6
75467.0333,0.0167,34.8,-0.0,34.595,-72,154,-1074,184,6
75467.2,0.0667,34.78,0.0167,34.595,-72,164,-1074,185,6
75467.3667,0.0833,34.845,0.05,34.625,-51,167,-1074,186,6
75467.5333,0.05,34.83,0.0167,34.645,-31,168,-1073,187,6
75467.7,0.0333,34.8,-0.0,34.645,-45,169,-1080,188,6
75467.8667,0.05,34.78,-0.0,34.645,-33,162,-1068,189,6
75468.0333,0.05,34.78,-0.0,34.625,-36,150,-1059,190,6
75468.2,0.0167,34.8,-0.0,34.645,-41,160,-1068,191,6
75468.3667,0.0333,34.815,-0.0,34.61,-40,167,-1065,192,6
75468.5333,0.05,34.815,-0.0,34.595,-37,159,-1071,193,6
75468.7,0.05,34.78,0.0167,34.625,-41,165,-1068,194,6
75468.8667,0.05,34.78,-0.0,34.61,-49,166,-1073,195,6
75469.0333,0.05,34.815,-0.0,34.625,-45,156,-1080,196,6
75469.2,0.05,34.78,-0.0,34.66,-45,147,-1083,197,6
75469.3667,0.0333,34.815,-0.0,34.61,-45,154,-1079,198,6
75469.5333,0.0333,34.8,-0.0,34.645,-33,162,-1080,199,6
75469.7,0.0667,34.8,0.0167,34.595,-41,157,-1068,200,6
75469.8667,0.05,34.815,-0.0,34.61,-42,165,-1070,201,6
75470.0333,0.0667,34.815,0.0167,34.61,-49,162,-1073,202,6
75470.2,0.0667,34.8,0.0167,34.625,-52,156,-1080,203,6
75470.3667,0.05,34.78,-0.0,34.595,-38,146,-1068,204,6
75470.5333,0.0,34.83,-0.0167,34.61,-47,153,-1065,205,6
75470.7,0.05,34.8,-0.0,34.61,-40,162,-1074,206,6
75470.8667,0.05,34.8,0.0167,34.565,-47,157,-1068,207,6
75471.0333,0.0833,34.78,0.0167,34.61,-36,156,-1079,208,6
75471.2,0.0667,34.815,0.0167,34.625,-49,153,-1071,209,6
75471.3667,0.0667,34.83,0.0167,34.625,-50,153,-1074,210,6
75471.5333,0.0667,34.78,0.0167,34.595,-44,156,-1061,211,6
75471.7,0.0667,34.78,0.0167,34.61,-50,150,-1070,212,6
75471.8667,0.0667,34.8,0.0167,34.595,-45,164,-1056,213,6
75472.0333,0.0,34.8,-0.0333,34.625,-32,160,-1077,214,6
75472.2,-0.2167,34.8,-0.2167,34.595,-27,158,-1077,215,6
75472.3667,-0.0167,34.8,-0.0167,34.595,-47,156,-1076,216,6
75472.5333,0.2667,34.78,0.1833,34.625,-56,157,-1071,217,6
75472.7,0.1833,34.83,0.0833,34.61,-63,162,-1065,218,6
75472.8667,0.1167,34.78,-0.0,34.625,-63,153,-1074,219,6
75473.0333,0.1333,34.83,0.1333,34.625,-62,158,-1068,220,6
75473.2,0.1833,34.83,0.1833,34.66,-66,156,-1077,221,6
75473.3667,0.2833,34.83,0.1833,34.61,-52,164,-1077,222,6
75473.5333,-0.1833,34.83,-0.0333,34.645,-45,161,-1074,223,6
75473.7,0.2167,34.83,0.1,34.61,-38,157,-1074,224,6
75473.8667,0.4833,34.8,0.3333,34.645,-31,165,-1065,225,6
75474.0333,0.1333,34.815,0.1833,34.625,-32,154,-1071,226,6
75474.2,-0.15,34.765,-0.1167,34.595,-25,172,-1077,227,6
75474.3667,0.1833,34.75,0.1333,34.61,-30,162,-1074,228,6
75474.5333,0.2667,34.8,0.2,34.61,-35,171,-1065,229,6
75474.7,0.2667,34.8,0.2333,34.61,-43,161,-1076,230,6
75474.8667,0.2167,34.815,0.1667,34.61,-40,156,-1077,231,6
75475.0333,0.15,34.765,0.0333,34.61,-36,148,-1074,232,6
75475.2,0.1167,34.78,0.0833,34.61,-46,156,-1071,233,6
75475.3667,0.1833,34.845,0.1333,34.645,-37,159,-1074,234,6
75475.5333,0.1667,34.8,0.0833,34.625,-41,158,-1071,235,6
75475.7,0.1833,34.765,0.1167,34.625,-33,169,-1070,236,6
75475.8667,0.1333,34.78,0.05,34.61,-38,162,-1079,237,6
75476.0333,0.1333,34.8,0.05,34.61,-46,153,-1080,238,6
75476.2,0.1167,34.78,0.0667,34.625,-46,165,-1071,239,6
75476.3667,0.0833,34.78,0.0333,34.625,-62,153,-1073,240,6
75476.5333,0.0667,34.8,0.0167,34.61,-60,166,-1077,241,6
75476.7,0.05,34.8,0.0167,34.58,-60,161,-1074,242,6
75476.8667,0.0667,34.815,-0.0,34.625,-69,171,-1064,243,6
75477.0333,0.05,34.8,-0.0,34.61,-46,147,-1068,244,6
75477.2,0.0167,34.78,-0.0,34.625,-47,158,-1073,245,6
75477.3667,0.0,34.78,-0.05,34.625,-36,151,-1073,246,6
75477.5333,-0.0167,34.815,-0.05,34.61,-46,168,-1070,247,6
75477.7,0.0167,34.8,-0.0167,34.61,-46,165,-1071,248,6
75477.8667,0.0333,34.765,-0.0,34.61,-51,156,-1068,249,6
75478.0333,0.0167,34.8,-0.0333,34.645,-43,159,-1055,250,6
75478.2,-0.0167,34.8,-0.05,34.595,-45,152,-1068,251,6
75478.3667,0.0167,34.78,-0.0333,34.595,-43,162,-1068,252,6
75478.5333,0.0333,34.765,-0.0,34.625,-44,156,-1073,253,6
75478.7,0.0833,34.815,0.0333,34.625,-45,160,-1080,254,6
75478.8667,0.0167,34.8,-0.0167,34.595,-45,165,-1059,255,6
75479.0333,0.05,34.765,0.0167,34.61,-46,159,-1074,0,6
75479.2,0.0833,34.78,0.0333,34.595,-62,161,-1071,1,6
75479.3667,0.0667,34.78,-0.0,34.595,-64,165,-1068,2,6
75479.5333,0.0667,34.8,-0.0,34.645,-76,162,-1062,3,6
75479.7,0.05,34.815,-0.0,34.61,-70,161,-1064,4,6
75479.8667,0.0333,34.78,-0.0,34.61,-52,162,-1062,5,6
75480.0333,0.0333,34.8,-0.0167,34.61,-48,156,-1068,6,6
75480.2,0.0167,34.83,-0.0167,34.625,-44,165,-1073,7,6
75480.3667,0.05,34.8,-0.0,34.595,-46,159,-1070,8,6
75480.5333,0.05,34.78,-0.0,34.645,-55,171,-1070,9,6
75480.7,0.05,34.765,-0.0,34.61,-50,156,-1080,10,6
75480.8667,0.0333,34.8,-0.0333,34.625,-50,159,-1065,11,6
75481.0333,0.0667,34.8,0.0167,34.61,-47,156,-1077,12,6
75481.2,0.05,34.78,-0.0333,34.61,-45,158,-1071,13,6
75481.3667,0.05,34.765,-0.0,34.61,-45,154,-1074,14,6
75481.5333,0.0667,34.75,-0.0,34.61,-47,157,-1076,15,6
75481.7,0.0833,34.78,0.0333,34.61,-50,159,-1076,16,6
75481.8667,0.1,34.815,0.0333,34.625,-45,165,-1074,17,6
75482.0333,0.0667,34.78,0.0167,34.625,-38,163,-1073,18,6
75482.2,0.05,34.8,0.0167,34.61,-54,159,-1076,19,6
75482.3667,0.05,34.78,-0.0,34.625,-68,159,-1065,20,6
75482.5333,0.0833,34.78,0.0333,34.61,-69,158,-1068,21,6
75482.7,0.0667,34.78,0.0167,34.61,-65,161,-1068,22,6
75482.8667,0.0667,34.8,0.0167,34.625,-49,147,-1092,23,6
75483.0333,0.0333,34.78,-0.0,34.61,-53,159,-1071,24,6
75483.2,0.0333,34.78,-0.0,34.595,-49,167,-1065,25,6
75483.3667,0.0333,34.815,-0.0167,34.595,-45,155,-1080,26,6
75483.5333,0.0333,34.765,-0.0167,34.595,-46,160,-1068,27,6
75483.7,0.05,34.83,-0.0,34.625,-49,150,-1067,28,6
75483.8667,0.05,34.78,0.0167,34.61,-50,156,-1076,29,6
75484.0333,0.1,34.78,0.0333,34.645,-52,156,-1076,30,6
75484.2,0.0667,34.815,-0.0,34.61,-48,158,-1068,31,6
75484.3667,0.05,34.78,-0.0,34.595,-36,162,-1080,32,6
75484.5333,0.05,34.815,0.05,34.61,-53,153,-1089,33,6
75484.7,0.2167,34.815,0.2,34.58,-62,157,-1073,34,6
75484.8667,-0.15,34.78,-0.15,34.58,-55,164,-1068,35,6
75485.0333,0.1,34.8,0.1667,34.625,-58,159,-1073,36,6
75485.2,0.1333,34.8,0.0667,34.58,-61,168,-1064,37,6
75485.3667,0.2833,34.8,0.2,34.595,-54,165,-1076,38,6
75485.5333,0.0833,34.78,0.1,34.58,-47,162,-1074,39,6
75485.7,0.1667,34.78,0.1,34.61,-73,159,-1080,40,6
75485.8667,0.0833,34.765,0.1333,34.58,-45,157,-1073,41,6
75486.0333,0.1333,34.815,0.1333,34.645,-48,158,-1076,42,6
75486.2,0.05,34.78,0.0167,34.625,-48,157,-1073,43,6
75486.3667,0.5,34.78,0.4,34.61,-54,167,-1067,44,6
75486.5333,0.0833,34.78,0.2,34.61,-44,161,-1059,45,6
75486.7,0.2,34.8,0.1167,34.565,-40,165,-1074,46,6
75486.8667,0.3167,34.8,0.2833,34.61,-72,162,-1086,47,6
75487.0333,0.2833,34.815,0.25,34.595,-61,149,-1065,48,6
75487.2,0.25,34.78,0.25,34.61,-57,171,-1080,49,6
75487.3667,0.15,34.78,0.05,34.61,-70,156,-1073,50,6
75487.5333,0.1,34.78,0.0167,34.61,-76,168,-1067,51,6
75487.7,0.1167,34.8,0.0667,34.61,-60,144,-1064,52,6
75487.8667,0.0,34.75,0.0333,34.61,-41,165,-1074,53,6
75488.0333,0.0167,34.8,-0.0,34.645,-27,160,-1079,54,6
75488.2,0.0167,34.815,-0.0,34.645,-27,171,-1065,55,6
75488.3667,0.05,34.845,-0.0,34.61,-33,162,-1073,56,6
75488.5333,0.0667,34.83,0.0167,34.66,-34,163,-1074,57,6
75488.7,0.0333,34.78,-0.0,34.61,-33,162,-1084,58,6
75488.8667,0.0333,34.815,-0.0,34.595,-42,165,-1076,59,6
75489.0333,0.0667,34.78,0.0167,34.595,-35,163,-1073,60,6
75489.2,0.0667,34.78,0.0167,34.645,-39,157,-1074,61,6
75489.3667,0.0167,34.78,-0.0167,34.645,-36,164,-1068,62,6
75489.5333,0.0167,34.78,-0.0167,34.645,-43,158,-1071,63,6
75489.7,0.0167,34.815,-0.0167,34.61,-38,155,-1074,64,6
75489.8667,0.0167,34.765,-0.0167,34.595,-33,157,-1061,65,6
75490.0333,0.0167,34.8,-0.0,34.58,-33,152,-1077,66,6
75490.2,0.0333,34.815,-0.0,34.595,-41,162,-1071,67,6
75490.3667,0.0667,34.83,0.0167,34.595,-45,160,-1079,68,6
75490.5333,0.0833,34.8,0.0167,34.61,-59,171,-1056,69,6
75490.7,0.0667,34.78,0.0167,34.645,-58,156,-1080,70,6
75490.8667,0.05,34.815,-0.0,34.625,-68,159,-1077,71,6
75491.0333,0.05,34.78,-0.0,34.625,-58,162,-1059,72,6
75491.2,0.0333,34.8,-0.0,34.61,-48,165,-1071,73,6
75491.3667,0.0667,34.78,-0.0,34.625,-49,162,-1068,74,6
75491.5333,0.0667,34.8,0.0167,34.58,-42,158,-1079,75,6
75491.7,0.0167,34.845,-0.0167,34.625,-39,153,-1061,76,6
75491.8667,0.0333,34.815,-0.0,34.645,-45,156,-1062,77,6
75492.0333,0.0333,34.78,-0.0,34.595,-42,163,-1070,78,6
75492.2,0.05,34.8,-0.0,34.625,-42,159,-1076,79,6
75492.3667,0.05,34.815,-0.0167,34.61,-51,163,-1074,80,6
75492.5333,0.05,34.8,-0.0,34.595,-42,145,-1080,81,6
75492.7,0.0167,34.815,-0.0,34.58,-44,156,-1071,82,6
75492.8667,0.0167,34.78,-0.0167,34.625,-42,156,-1074,83,6
75493.0333,0.0667,34.78,-0.0,34.645,-39,159,-1080,84,6
75493.2,0.0333,34.83,-0.0,34.58,-28,155,-1068,85,6
75493.3667,0.0333,34.78,-0.0,34.61,-41,156,-1077,86,6
75493.5333,0.0167,34.8,-0.0167,34.61,-45,153,-1086,87,6
75493.7,0.0167,34.78,-0.0333,34.61,-58,159,-1065,88,6
75493.8667,0.0333,34.815,-0.0,34.61,-63,165,-1067,89,6
75494.0333,0.0333,34.78,-0.0167,34.61,-66,163,-1076,90,6
75494.2,0.0333,34.815,-0.0167,34.58,-55,165,-1073,91,6
75494.3667,0.0667,34.78,0.0167,34.595,-51,165,-1068,92,6
75494.5333,0.0667,34.78,0.0167,34.58,-48,158,-1074,93,6
75494.7,0.0333,34.75,-0.0167,34.595,-64,162,-1062,94,6
75494.8667,0.0333,34.8,-0.0,34.595,-45,153,-1074,95,6
75495.0333,0.0333,34.8,-0.0,34.61,-44,163,-1067,96,6
75495.2,0.05,34.765,0.0167,34.645,-47,160,-1068,97,6
75495.3667,0.1,34.8,0.0167,34.595,-39,153,-1073,98,6
75495.5333,0.0833,34.8,0.0167,34.61,-42,158,-1074,99,6
75495.7,0.0667,34.78,0.0167,34.61,-46,156,-1077,100,6
75495.8667,0.0667,34.8,-0.0,34.595,-51,153,-1067,101,6
75496.0333,0.0833,34.78,0.0167,34.61,-42,156,-1073,102,6
75496.2,0.0333,34.78,-0.0,34.625,-31,165,-1080,103,6
75496.3667,0.05,34.8,0.0167,34.625,-34,161,-1073,104,6
75496.5333,0.0333,34.765,-0.0,34.61,-50,168,-1080,105,6
75496.7,-0.0333,34.78,-0.0333,34.625,-60,156,-1062,106,6
75496.8667,-0.0333,34.8,-0.0333,34.625,-62,159,-1074,107,6
75497.0333,-0.0333,34.765,-0.0167,34.625,-71,166,-1068,108,6
75497.2,0.1167,34.765,0.0833,34.66,-71,161,-1080,109,6
75497.3667,0.2333,34.75,0.15,34.595,-57,158,-1065,110,6
75497.5333,0.1167,34.765,0.0167,34.625,-48,160,-1074,111,6
75497.7,0.1833,34.78,0.15,34.625,-39,160,-1077,112,6
75497.8667,0.2667,34.815,0.1167,34.625,-52,165,-1071,113,6
75498.0333,-0.0167,34.78,0.1,34.61,-39,160,-1074,114,6
75498.2,0.1167,34.78,0.0833,34.61,-32,160,-1068,115,6
75498.3667,0.15,34.78,0.05,34.645,-35,168,-1065,116,6
75498.5333,-0.1833,34.78,-0.0667,34.58,-34,157,-1073,117,6
75498.7,0.0167,34.815,-0.0167,34.58,-36,163,-1071,118,6
75498.8667,-0.1167,34.8,-0.1,34.595,-41,165,-1065,119,6
75499.0333,-0.15,34.8,-0.05,34.61,-43,155,-1079,120,6
75499.2,0.1333,34.78,0.0333,34.61,-42,159,-1064,121,6
75499.3667,0.1333,34.78,-0.0,34.595,-45,158,-1068,122,6
75499.5333,0.1667,34.765,0.1333,34.595,-43,158,-1064,123,6
75499.7,0.0833,34.75,0.0167,34.595,-41,168,-1068,124,6
75499.8667,0.0333,34.78,-0.0167,34.625,-34,161,-1080,125,6
75500.0333,0.0167,34.765,-0.0167,34.61,-19,156,-1073,126,6
75500.2,-0.0333,34.765,-0.0333,34.595,-38,169,-1070,127,6
75500.3667,0.1333,34.78,0.05,34.61,-23,160,-1065,128,6
75500.5333,0.1167,34.78,0.05,34.61,-24,152,-1084,129,6
75500.7,0.0333,34.765,-0.0333,34.595,-27,165,-1071,130,6
75500.8667,0.0167,34.78,-0.0167,34.58,-23,169,-1071,131,6
75501.0333,0.0333,34.765,-0.0,34.61,-26,156,-1077,132,6
75501.2,0.0333,34.78,-0.0,34.61,-27,165,-1065,133,6
75501.3667,0.05,34.8,-0.0,34.61,-33,156,-1067,134,6
75501.5333,0.05,34.78,-0.0,34.58,-35,159,-1074,135,6
75501.7,0.0333,34.78,-0.0,34.595,-41,169,-1071,136,6
75501.8667,0.0667,34.8,0.0167,34.565,-34,146,-1083,137,6
75502.0333,0.0833,34.78,0.0333,34.595,-31,156,-1071,138,6
75502.2,0.05,34.8,-0.0,34.595,-33,156,-1062,139,6
75502.3667,0.0667,34.765,0.0333,34.595,-36,153,-1068,140,6
75502.5333,0.0167,34.765,-0.0,34.625,-31,161,-1073,141,6
75502.7,0.0333,34.765,-0.0,34.645,-36,156,-1073,142,6
75502.8667,0.0333,34.78,-0.0,34.61,-63,171,-1065,143,6
75503.0333,0.0333,34.75,0.0167,34.625,-52,149,-1084,144,6
75503.2,0.0167,34.78,-0.0167,34.61,-54,157,-1068,145,6
75503.3667,0.0333,34.8,-0.0,34.595,-54,163,-1056,146,6
75503.5333,0.05,34.75,-0.0,34.58,-41,161,-1068,147,6
75503.7,0.0333,34.765,-0.0,34.595,-12,164,-1074,148,6
75503.8667,0.05,34.78,0.0167,34.58,-41,158,-1077,149,6
75504.0333,0.0667,34.78,-0.0,34.61,-41,159,-1071,150,6
75504.2,0.05,34.8,0.0167,34.625,-34,154,-1068,151,6
75504.3667,0.05,34.765,-0.0,34.61,-44,156,-1068,152,6
75504.5333,0.0667,34.8,0.0167,34.61,-44,159,-1077,153,6
75504.7,0.0667,34.8,0.0167,34.61,-42,152,-1065,154,6
75504.8667,0.0667,34.78,-0.0,34.625,-39,159,-1071,155,6
75505.0333,0.1,34.765,0.0333,34.625,-39,167,-1077,156,6
75505.2,0.0833,34.8,0.0167,34.61,-19,159,-1073,157,6
75505.3667,0.0667,34.78,0.0333,34.58,-25,154,-1073,158,6
75505.5333,0.0333,34.8,-0.0,34.61,-42,158,-1071,159,6
75505.7,0.0333,34.765,-0.0,34.61,-55,162,-1053,160,6
75505.8667,0.05,34.8,0.0167,34.61,-87,150,-1080,161,6
75506.0333,0.0333,34.75,-0.0,34.595,-60,165,-1065,162,6
75506.2,0.05,34.765,-0.0,34.595,-58,161,-1067,163,6
75506.3667,0.1,34.765,0.0333,34.595,-87,165,-1074,164,6
75506.5333,0.1,34.78,0.0333,34.625,-37,150,-1076,165,6
75506.7,0.05,34.78,-0.0,34.61,-37,162,-1068,166,6
75506.8667,0.0667,34.78,-0.0,34.61,-47,164,-1068,167,6
75507.0333,0.0667,34.765,0.0167,34.595,-45,156,-1070,168,6
75507.2,0.0667,34.735,0.0167,34.61,-39,165,-1068,169,6
75507.3667,0.0833,34.8,0.0333,34.595,-44,158,-1076,170,6
75507.5333,0.1,34.78,0.0333,34.625,-34,157,-1074,171,6
75507.7,0.0833,34.765,0.0333,34.625,-46,147,-1068,172,6
75507.8667,0.0833,34.765,0.0167,34.625,-37,160,-1086,173,6
75508.0333,0.05,34.765,-0.0,34.61,-40,164,-1059,174,6
75508.2,0.05,34.765,-0.0,34.595,-47,150,-1070,175,6
75508.3667,0.05,34.765,-0.0,34.595,-54,161,-1071,176,6
75508.5333,0.1,34.8,0.0333,34.61,-60,159,-1071,177,6
75508.7,0.1,34.78,0.0167,34.595,-58,156,-1076,178,6
75508.8667,0.05,34.8,-0.0167,34.58,-63,171,-1068,179,6
75509.0333,0.0167,34.78,-0.0167,34.595,-45,159,-1071,180,6
75509.2,-0.0167,34.75,0.0167,34.595,-120,135,-1098,181,6
75509.3667,0.1,34.78,0.0333,34.58,-45,157,-1070,182,6
75509.5333,0.1333,34.78,0.0667,34.58,-30,162,-1077,183,6
75509.7,0.15,34.78,0.1,34.565,-30,153,-1068,184,6
75509.8667,0.1167,34.75,0.0333,34.61,-44,169,-1064,185,6
75510.0333,-0.2,34.765,-0.1833,34.61,-37,159,-1077,186,6
75510.2,-0.0833,34.78,0.0167,34.61,-17,159,-1065,187,6
75510.3667,0.1333,34.78,0.1,34.58,-38,168,-1067,188,6
75510.5333,0.0833,34.75,0.0167,34.595,-35,159,-1083,189,6
75510.7,0.3167,34.75,0.3167,34.595,-24,161,-1073,190,6
75510.8667,-0.0167,34.78,0.15,34.595,-26,167,-1068,191,6
75511.0333,0.1167,34.765,-0.0,34.61,-27,161,-1071,192,6
75511.2,-0.25,34.78,-0.1833,34.595,-27,168,-1064,193,6
75511.3667,0.2833,34.765,0.25,34.625,-33,161,-1071,194,6
75511.5333,-0.2333,34.75,-0.2167,34.625,-30,167,-1071,195,6
75511.7,-0.1,34.75,-0.1667,34.61,-34,159,-1083,196,6
75511.8667,0.0833,34.765,-0.0167,34.625,-35,159,-1073,197,6
75512.0333,0.05,34.75,0.0833,34.58,-35,159,-1068,198,6
75512.2,-0.0833,34.75,-0.05,34.625,-35,157,-1065,199,6
75512.3667,0.1167,34.765,0.0333,34.61,-33,159,-1070,200,6
75512.5333,0.15,34.765,0.1333,34.595,-24,157,-1096,201,6
75512.7,-0.05,34.765,-0.0667,34.61,-30,157,-1070,202,6
75512.8667,0.1667,34.765,0.15,34.61,-33,156,-1071,203,6
75513.0333,0.1833,34.765,0.1667,34.595,-42,156,-1073,204,6
75513.2,0.2,34.8,0.1833,34.595,-51,166,-1092,205,6
75513.3667,0.1667,34.75,0.1,34.61,-71,161,-1059,206,6
75513.5333,0.1333,34.815,0.0833,34.61,-59,160,-1068,207,6
75513.7,0.1167,34.8,0.0667,34.565,-53,158,-1074,208,6
75513.8667,0.1,34.75,0.0167,34.595,-21,171,-1071,209,6
75514.0333,0.0667,34.78,0.0167,34.61,-44,161,-1079,210,6
75514.2,0.0667,34.765,-0.0,34.595,-42,161,-1074,211,6
75514.3667,0.0667,34.78,-0.0,34.61,-36,156,-1062,212,6
75514.5333,0.05,34.765,0.0167,34.625,-47,153,-1068,213,6
75514.7,0.05,34.765,-0.0,34.595,-39,162,-1062,214,6
75514.8667,0.0833,34.78,0.0333,34.625,-43,158,-1074,215,6
75515.0333,0.1167,34.765,0.0333,34.595,-36,169,-1073,216,6
75515.2,0.1,34.75,0.0333,34.645,-42,144,-1071,217,6
75515.3667,0.0833,34.83,0.0167,34.625,-40,154,-1064,218,6
75515.5333,0.05,34.75,-0.0,34.595,-26,160,-1077,219,6
75515.7,0.05,34.78,-0.0,34.625,-39,152,-1071,220,6
75515.8667,0.0333,34.765,-0.0,34.58,-41,160,-1074,221,6
75516.0333,0.0167,34.78,-0.0,34.625,-54,156,-1071,222,6
75516.2,0.0,34.78,-0.0167,34.61,-51,150,-1098,223,6
75516.3667,-0.0167,34.78,-0.0333,34.61,-55,156,-1068,224,6
75516.5333,0.0167,34.8,-0.0167,34.595,-42,156,-1071,225,6
75516.7,0.0167,34.78,-0.0333,34.61,-43,158,-1074,226,6
75516.8667,0.05,34.75,0.0167,34.565,-32,156,-1076,227,6
75517.0333,0.0,34.8,-0.0,34.58,-47,161,-1068,228,6
75517.2,0.0167,34.75,-0.0,34.625,-44,155,-1079,229,6
75517.3667,0.0167,34.75,-0.0167,34.595,-47,156,-1061,230,6
75517.5333,0.0167,34.765,-0.0167,34.595,-43,151,-1074,231,6
75517.7,0.0167,34.78,-0.0,34.61,-41,159,-1071,232,6
75517.8667,0.05,34.78,-0.0,34.61,-44,159,-1059,233,6
75518.0333,0.0167,34.765,-0.0167,34.595,-39,169,-1065,234,6
75518.2,0.0333,34.765,-0.0167,34.625,-45,156,-1071,235,6
75518.3667,0.0333,34.765,-0.0,34.61,-36,156,-1074,236,6
75518.5333,0.0333,34.78,-0.0,34.565,-55,152,-1086,237,6
75518.7,0.0333,34.765,-0.0,34.595,-60,158,-1074,238,6
75518.8667,0.0333,34.735,-0.0,34.595,-60,162,-1068,239,6
75519.0333,0.05,34.78,0.0167,34.595,-54,157,-1071,240,6
75519.2,0.05,34.78,-0.0,34.625,-52,174,-1062,241,6
75519.3667,0.05,34.8,-0.0,34.595,-45,145,-1068,242,6
75519.5333,0.0333,34.765,-0.0,34.58,-36,162,-1074,243,6
75519.7,0.0167,34.78,0.0167,34.58,-51,163,-1073,244,6
75519.8667,0.05,34.78,-0.0,34.61,-34,159,-1065,245,6
75520.0333,0.0333,34.78,-0.0,34.66,-24,164,-1071,246,6
75520.2,0.0833,34.8,-0.0,34.595,-25,165,-1070,247,6
75520.3667,0.0833,34.75,0.0167,34.595,-27,166,-1077,248,6
75520.5333,0.0667,34.78,0.0167,34.61,-17,159,-1068,249,6
75520.7,0.0667,34.765,-0.0,34.58,-25,162,-1074,250,6
75520.8667,0.0333,34.735,-0.0,34.595,-21,154,-1056,251,6
75521.0333,0.0333,34.765,0.0167,34.565,-33,156,-1071,252,6
75521.2,0.0667,34.78,0.0167,34.58,-30,169,-1070,253,6
75521.3667,0.05,34.78,-0.0,34.595,-31,165,-1065,254,6
75521.5333,0.0,34.75,-0.0167,34.58,-32,168,-1070,255,6
75521.7,0.0333,34.8,-0.0,34.61,-35,156,-1071,0,6
75521.8667,0.0,34.765,-0.0,34.58,-39,158,-1071,1,6
75522.0333,0.1667,34.78,0.1333,34.595,-38,160,-1080,2,6
75522.2,-0.0167,34.75,-0.05,34.61,-41,157,-1070,3,6
75522.3667,0.1667,34.765,0.2167,34.61,-24,165,-1082,4,6
75522.5333,0.2333,34.78,0.2333,34.565,-31,160,-1065,5,6
75522.7,0.5333,34.75,0.45,34.61,-36,165,-1068,6,6
75522.8667,0.4667,34.765,0.3,34.565,-53,163,-1070,7,6
75523.0333,0.3,34.78,0.1833,34.565,-50,156,-1074,8,6
75523.2,0.0167,34.75,-0.0,34.645,-60,150,-1067,9,6
75523.3667,0.05,34.78,0.0667,34.61,-61,155,-1065,10,6
75523.5333,-0.1167,34.765,-0.0667,34.595,-46,158,-1068,11,6
75523.7,0.1333,34.8,0.1,34.61,-39,159,-1071,12,6
75523.8667,0.15,34.72,0.1667,34.61,-65,155,-1080,13,6
75524.0333,0.05,34.78,0.05,34.625,-42,167,-1080,14,6
75524.2,0.0,34.765,-0.0167,34.595,-37,155,-1073,15,6
75524.3667,0.2,34.8,0.0333,34.58,-35,161,-1074,16,6
75524.5333,-0.05,34.765,-0.0167,34.625,-43,151,-1068,17,6
75524.7,-0.1333,34.765,-0.05,34.595,-38,160,-1068,18,6
75524.8667,-0.0167,34.78,-0.0167,34.61,-42,160,-1074,19,6
75525.0333,0.1,34.78,0.05,34.595,-36,154,-1071,20,6
75525.2,0.0667,34.765,0.0167,34.625,-42,162,-1074,21,6
75525.3667,0.05,34.765,0.0333,34.58,-38,159,-1082,22,6
75525.5333,0.1833,34.8,0.1,34.595,-33,159,-1056,23,6
75525.7,0.1333,34.72,0.0833,34.61,-40,147,-1074,24,6
75525.8667,0.0,34.765,-0.0167,34.61,-36,161,-1071,25,6
75526.0333,0.1,34.765,0.0333,34.58,-48,156,-1071,26,6
75526.2,0.1333,34.78,0.0833,34.625,-43,159,-1071,27,6
75526.3667,0.0833,34.75,0.05,34.58,-66,169,-1068,28,6
75526.5333,0.05,34.765,0.0167,34.625,-61,159,-1068,29,6
75526.7,0.0167,34.78,-0.0,34.595,-54,150,-1068,30,6
75526.8667,-0.05,34.765,-0.0,34.595,-48,145,-1074,31,6
75527.0333,-0.0333,34.78,-0.0,34.595,-40,159,-1077,32,6
75527.2,0.05,34.78,0.0333,34.625,-27,161,-1062,33,6
75527.3667,0.05,34.765,0.0167,34.61,-17,165,-1079,34,6
75527.5333,0.0167,34.75,-0.0,34.61,-36,156,-1074,35,6
75527.7,0.0167,34.765,-0.0167,34.61,-28,161,-1077,36,6
75527.8667,0.0,34.78,-0.0333,34.595,-30,159,-1068,37,6
75528.0333,0.0,34.765,-0.0167,34.565,-33,152,-1068,38,6
75528.2,0.0167,34.75,-0.0167,34.61,-31,161,-1071,39,6
75528.3667,0.0,34.75,-0.0167,34.58,-36,156,-1071,40,6
75528.5333,0.0,34.735,-0.0167,34.58,-36,169,-1065,41,6
75528.7,0.0333,34.765,-0.0,34.625,-43,159,-1076,42,6
75528.8667,0.0167,34.75,-0.0167,34.58,-37,153,-1076,43,6
75529.0333,0.0167,34.78,-0.0167,34.61,-36,151,-1076,44,6
75529.2,0.0,34.735,-0.0167,34.595,-42,151,-1073,45,6
75529.3667,0.0167,34.75,-0.0167,34.595,-25,165,-1080,46,6
75529.5333,0.0333,34.765,0.0333,34.595,-39,156,-1074,47,6
75529.7,0.05,34.75,-0.0,34.58,-48,168,-1059,48,6
75529.8667,0.05,34.78,0.0167,34.595,-49,143,-1077,49,6
75530.0333,0.0167,34.75,-0.0167,34.595,-58,158,-1071,50,6
75530.2,0.0,34.75,-0.0,34.595,-62,162,-1074,51,6
75530.3667,-0.0333,34.75,-0.0167,34.625,-55,159,-1071,52,6
75530.5333,0.0,34.78,-0.0,34.58,-45,159,-1076,53,6
75530.7,0.0167,34.75,-0.0,34.565,-41,156,-1074,54,6
75530.8667,0.0167,34.765,-0.0167,34.58,-41,141,-1082,55,6
75531.0333,-0.0333,34.765,-0.05,34.58,-42,153,-1073,56,6
75531.2,0.0333,34.78,-0.0167,34.595,-41,159,-1070,57,6
75531.3667,0.0333,34.765,-0.0,34.595,-45,153,-1071,58,6
75531.5333,0.05,34.72,0.0167,34.595,-39,156,-1068,59,6
75531.7,0.0333,34.765,-0.0,34.595,-47,157,-1068,60,6
75531.8667,0.0333,34.78,-0.0,34.595,-42,153,-1073,61,6
75532.0333,0.0333,34.75,-0.0,34.61,-47,156,-1062,62,6
75532.2,0.05,34.765,-0.0,34.595,-44,150,-1070,63,6
75532.3667,0.0333,34.75,-0.0,34.58,-28,165,-1083,64,6
75532.5333,0.05,34.75,-0.0,34.61,-34,156,-1068,65,6
75532.7,0.0333,34.8,-0.0,34.595,-48,164,-1065,66,6
75532.8667,0.0333,34.75,0.0167,34.595,-47,165,-1068,67,6
75533.0333,0.0333,34.75,-0.0,34.58,-51,161,-1065,68,6
75533.2,0.0333,34.75,-0.0,34.58,-62,159,-1083,69,6
75533.3667,0.05,34.78,-0.0,34.595,-63,157,-1074,70,6
75533.5333,0.0667,34.75,0.0167,34.595,-57,156,-1073,71,6
75533.7,0.0667,34.75,0.0167,34.61,-45,156,-1070,72,6
75533.8667,0.05,34.75,-0.0,34.595,-37,166,-1079,73,6
75534.0333,0.0333,34.75,-0.0167,34.595,-46,161,-1068,74,6
75534.2,0.0333,34.735,-0.0167,34.58,-42,160,-1074,75,6
75534.3667,0.0333,34.75,-0.0,34.58,-34,152,-1079,76,6
75534.5333,0.0667,34.75,0.0167,34.595,-38,162,-1062,77,6
75534.7,0.0833,34.75,0.0167,34.595,-44,153,-1070,78,6
75534.8667,0.0167,34.75,0.0167,34.565,-47,156,-1070,79,6
75535.0333,0.1,34.75,0.05,34.595,-40,156,-1074,80,6
75535.2,0.0667,34.765,-0.0167,34.595,-45,156,-1068,81,6
75535.3667,0.0,34.78,-0.0,34.625,-27,160,-1086,82,6
75535.5333,0.0167,34.765,0.0167,34.595,-34,156,-1071,83,6
75535.7,0.15,34.765,0.1,34.58,-35,159,-1068,84,6
75535.8667,0.1,34.765,0.1167,34.58,-51,151,-1073,85,6
75536.0333,0.2,34.78,0.2333,34.625,-51,157,-1074,86,6
75536.2,-0.2167,34.735,-0.15,34.565,-70,175,-1071,87,6
75536.3667,-0.2167,34.735,-0.15,34.595,-63,153,-1062,88,6
75536.5333,0.0833,34.75,0.0333,34.61,-54,157,-1067,89,6
75536.7,-0.0167,34.75,-0.0167,34.58,-50,159,-1077,90,6
75536.8667,0.1,34.72,0.0333,34.61,-42,159,-1068,91,6
75537.0333,0.0167,34.735,-0.0167,34.595,-9,165,-1079,92,6
75537.2,0.3833,34.75,0.2333,34.58,-39,158,-1071,93,6
75537.3667,0.0667,34.78,0.0833,34.58,-36,171,-1064,94,6
75537.5333,0.2833,34.765,0.0667,34.595,-33,152,-1071,95,6
75537.7,0.2167,34.75,0.1667,34.595,-38,153,-1073,96,6
75537.8667,0.25,34.78,0.2333,34.565,4,143,-1053,97,6
75538.0333,0.1667,34.78,0.1167,34.595,-34,158,-1071,98,6
75538.2,0.0833,34.765,0.0333,34.595,-18,164,-1074,99,6
75538.3667,0.1333,34.75,0.1,34.595,-30,162,-1082,100,6
75538.5333,0.1,34.765,0.0333,34.61,-17,166,-1074,101,6
75538.7,0.0667,34.75,0.0333,34.565,-33,162,-1079,102,6
75538.8667,0.05,34.765,0.0167,34.61,-30,158,-1071,103,6
75539.0333,0.05,34.765,0.0167,34.595,-27,162,-1083,104,6
75539.2,0.0333,34.75,-0.0,34.58,-39,158,-1071,105,6
75539.3667,0.0333,34.78,-0.0167,34.565,-33,160,-1071,106,6
75539.5333,-0.0333,34.765,-0.05,34.595,-33,147,-1080,107,6
75539.7,-0.0167,34.765,-0.05,34.595,-32,156,-1070,108,6
75539.8667,0.0167,34.765,-0.0333,34.61,-34,152,-1070,109,6
75540.0333,0.0,34.765,-0.05,34.565,-39,158,-1062,110,6
75540.2,-0.05,34.75,-0.05,34.58,-28,146,-1080,111,6
75540.3667,-0.05,34.78,-0.0833,34.565,-43,153,-1076,112,6
75540.5333,0.0,34.765,-0.05,34.58,-45,157,-1077,113,6
75540.7,-0.0167,34.72,-0.0333,34.61,-54,157,-1071,114,6
75540.8667,0.05,34.765,-0.0,34.58,-51,163,-1071,115,6
75541.0333,-0.0167,34.78,-0.0333,34.61,-63,166,-1070,116,6
75541.2,0.0167,34.765,-0.0167,34.58,-56,156,-1068,117,6
75541.3667,0.0167,34.78,-0.0167,34.58,-48,169,-1071,118,6
75541.5333,0.0333,34.765,-0.0,34.58,-44,149,-1074,119,6
75541.7,0.0333,34.765,0.0333,34.595,-7,173,-1083,120,6
75541.8667,0.0333,34.735,-0.0,34.58,-42,154,-1080,121,6
75542.0333,0.0333,34.735,-0.0167,34.61,-51,162,-1076,122,6
75542.2,0.0167,34.735,-0.0333,34.595,-42,159,-1068,123,6
75542.3667,0.0,34.765,-0.0333,34.61,-42,156,-1068,124,6
75542.5333,0.0167,34.75,-0.0167,34.58,-43,150,-1086,125,6
75542.7,0.0167,34.75,-0.0167,34.58,-41,155,-1070,126,6
75542.8667,0.05,34.765,-0.0,34.595,-41,153,-1071,127,6
75543.0333,0.05,34.765,0.0167,34.61,-42,156,-1079,128,6
75543.2,0.05,34.765,-0.0,34.595,-45,156,-1068,129,6
75543.3667,0.0333,34.75,-0.0,34.61,-34,149,-1084,130,6
75543.5333,0.05,34.765,-0.0,34.58,-33,162,-1077,131,6
75543.7,0.05,34.75,0.0167,34.595,-35,156,-1068,132,6
75543.8667,0.1167,34.735,0.0333,34.61,-46,159,-1067,133,6
75544.0333,0.0833,34.765,0.05,34.61,-49,153,-1074,134,6
75544.2,0.0667,34.735,0.0167,34.58,-58,157,-1074,135,6
75544.3667,0.05,34.75,0.0167,34.595,-69,159,-1077,136,6
75544.5333,0.05,34.75,0.0167,34.58,-59,156,-1086,137,6
75544.7,0.0667,34.8,0.0167,34.58,-53,153,-1074,138,6
75544.8667,0.1,34.765,0.0333,34.595,-43,157,-1070,139,6
75545.0333,0.05,34.75,0.0167,34.565,-27,161,-1065,140,6
75545.2,0.0667,34.765,0.0167,34.61,-38,161,-1070,141,6
75545.3667,0.0833,34.765,0.0167,34.61,-23,160,-1074,142,6
75545.5333,0.0667,34.78,0.0167,34.61,-30,153,-1073,143,6
75545.7,0.05,34.735,-0.0,34.595,-36,163,-1068,144,6
75545.8667,0.0833,34.735,0.0167,34.61,-36,159,-1071,145,6
75546.0333,0.0833,34.735,0.0333,34.595,-40,154,-1067,146,6
75546.2,0.0833,34.75,0.0333,34.58,-38,156,-1064,147,6
75546.3667,0.0333,34.75,-0.0167,34.595,-46,156,-1065,148,6
75546.5333,0.0167,34.765,-0.0167,34.58,-39,156,-1082,149,6
75546.7,-0.0333,34.75,-0.0333,34.61,-45,150,-1086,150,6
75546.8667,0.0167,34.78,-0.0167,34.58,-41,159,-1065,151,6
75547.0333,-0.0167,34.735,-0.0167,34.58,-34,156,-1074,152,6
75547.2,0.1667,34.75,0.1167,34.565,-74,143,-1062,153,6
75547.3667,0.5667,34.735,0.4667,34.58,-32,144,-1065,154,6
75547.5333,0.6,34.765,0.5167,34.61,-43,149,-1077,155,6
75547.7,0.4667,34.75,0.3167,34.61,-54,152,-1071,156,6
75547.8667,0.1833,34.735,0.3167,34.61,-63,162,-1070,157,6
75548.0333,0.2167,34.765,0.3333,34.58,-46,162,-1077,158,6
75548.2,-0.0833,34.765,0.05,34.58,-53,168,-1073,159,6
75548.3667,0.2333,34.78,0.15,34.565,-42,156,-1079,160,6
75548.5333,0.0833,34.765,0.0333,34.58,-31,149,-1056,161,6
75548.7,0.1667,34.735,0.3,34.565,-42,156,-1062,162,6
75548.8667,0.5667,34.735,0.4,34.595,-36,165,-1068,163,6
75549.0333,0.15,34.75,0.0167,34.565,-41,156,-1077,164,6
75549.2,0.25,34.75,0.1167,34.595,-36,156,-1073,165,6
75549.3667,0.4333,34.75,0.3833,34.58,-41,159,-1086,166,6
75549.5333,0.2833,34.75,0.0833,34.61,-43,153,-1073,167,6
75549.7,0.2,34.765,0.1,34.58,-40,157,-1077,168,6
75549.8667,0.1667,34.78,0.0833,34.58,-43,154,-1071,169,6
75550.0333,0.15,34.735,0.05,34.625,-27,163,-1082,170,6
75550.2,0.0833,34.765,0.0333,34.595,-33,156,-1074,171,6
75550.3667,0.1167,34.765,0.0667,34.58,-56,174,-1065,172,6
75550.5333,0.1,34.765,0.0667,34.58,-59,150,-1083,173,6
75550.7,0.0833,34.765,0.05,34.625,-71,163,-1080,174,6
75550.8667,0.1167,34.75,0.0667,34.58,-70,171,-1087,175,6
75551.0333,0.15,34.75,0.1167,34.595,-63,153,-1068,176,6
75551.2,0.1333,34.765,0.1,34.58,-38,154,-1068,177,6
75551.3667,0.1167,34.765,0.05,34.595,-42,157,-1073,178,6
75551.5333,0.1,34.75,0.05,34.595,-54,162,-1070,179,6
75551.7,0.0667,34.75,0.0167,34.545,-49,157,-1064,180,6
75551.8667,0.0667,34.75,0.0167,34.595,-43,156,-1070,181,6
75552.0333,0.05,34.765,-0.0,34.61,-41,155,-1074,182,6
75552.2,0.0667,34.765,0.0167,34.595,-50,153,-1067,183,6
75552.3667,0.0667,34.735,-0.0,34.61,-45,156,-1070,184,6
75552.5333,0.05,34.72,-0.0,34.595,-48,156,-1077,185,6
75552.7,0.05,34.75,0.0167,34.595,-43,146,-1074,186,6
75552.8667,0.0333,34.765,-0.0167,34.595,-44,153,-1062,187,6
75553.0333,0.0167,34.75,-0.0167,34.595,-28,165,-1083,188,6
75553.2,0.0333,34.72,-0.0,34.61,-42,160,-1070,189,6
75553.3667,0.0333,34.78,-0.0,34.595,-41,165,-1073,190,6
75553.5333,0.0,34.75,-0.0167,34.595,-75,165,-1071,191,6
75553.7,0.0167,34.72,-0.0333,34.58,-75,162,-1074,192,6
75553.8667,0.0,34.75,-0.0167,34.595,-63,159,-1070,193,6
75554.0333,0.0167,34.765,-0.0,34.565,-57,155,-1070,194,6
75554.2,0.0,34.78,-0.0333,34.58,-34,167,-1073,195,6
75554.3667,0.0333,34.735,-0.0,34.61,-47,159,-1074,196,6
75554.5333,0.0833,34.75,0.0333,34.61,-34,150,-1077,197,6
75554.7,0.0333,34.78,0.0167,34.58,-43,166,-1076,198,6
75554.8667,0.05,34.75,-0.0,34.625,-42,156,-1068,199,6
75555.0333,0.05,34.7,-0.0,34.61,-44,164,-1068,200,6
75555.2,0.05,34.75,-0.0,34.58,-43,153,-1071,201,6
75555.3667,0.05,34.735,-0.0,34.545,-44,162,-1068,202,6
75555.5333,0.0667,34.75,0.0167,34.565,-45,154,-1074,203,6
75555.7,0.0833,34.735,-0.0,34.58,-42,155,-1076,204,6
75555.8667,0.1167,34.75,0.05,34.58,-37,147,-1074,205,6
75556.0333,0.05,34.75,0.0167,34.595,-37,161,-1071,206,6
75556.2,0.0667,34.735,0.0167,34.595,-57,173,-1086,207,6
75556.3667,0.0667,34.8,0.0167,34.545,-63,159,-1077,208,6
75556.5333,0.0333,34.735,-0.0,34.58,-65,172,-1065,209,6
75556.7,0.05,34.75,0.0167,34.58,-66,165,-1074,210,6
75556.8667,0.05,34.765,-0.0,34.58,-65,169,-1058,211,6
75557.0333,0.0333,34.735,-0.0,34.565,-50,151,-1089,212,6
75557.2,0.0333,34.765,-0.0,34.565,-45,159,-1068,213,6
75557.3667,0.05,34.765,0.0167,34.565,-42,156,-1080,214,6
75557.5333,0.0333,34.72,-0.0167,34.61,-45,157,-1061,215,6
75557.7,0.0667,34.72,0.0167,34.58,-45,152,-1074,216,6
75557.8667,0.0667,34.7,0.0167,34.58,-48,155,-1071,217,6
75558.0333,0.05,34.75,-0.0,34.595,-44,161,-1067,218,6
75558.2,0.05,34.75,-0.0,34.565,-51,159,-1064,219,6
75558.3667,0.0333,34.765,-0.0,34.565,-43,156,-1071,220,6
75558.5333,0.05,34.735,-0.0,34.61,-43,151,-1071,221,6
75558.7,0.05,34.735,-0.0,34.58,-37,156,-1071,222,6
75558.8667,0.0833,34.72,0.0167,34.595,-33,157,-1080,223,6
75559.0333,0.05,34.765,0.0167,34.58,-44,159,-1074,224,6
75559.2,0.0667,34.75,0.0167,34.565,-50,150,-1068,225,6
75559.3667,0.0333,34.735,-0.0167,34.595,-69,158,-1068,226,6
75559.5333,0.0167,34.735,-0.0,34.58,-69,161,-1065,227,6
75559.7,-0.0333,34.735,-0.0,34.61,-66,163,-1059,228,6
75559.8667,0.2,34.735,0.1333,34.61,-21,168,-1053,229,6
75560.0333,0.05,34.765,-0.0,34.58,-47,168,-1068,230,6
75560.2,-0.15,34.78,-0.0167,34.58,-43,162,-1068,231,6
75560.3667,0.1167,34.75,0.1167,34.58,-47,156,-1082,232,6
75560.5333,0.0833,34.78,0.0833,34.58,-39,157,-1073,233,6
75560.7,-0.0333,34.75,-0.0,34.58,-41,159,-1064,234,6
75560.8667,0.05,34.735,0.1,34.595,-47,156,-1073,235,6
75561.0333,0.25,34.75,0.15,34.595,-44,156,-1065,236,6
75561.2,-0.1,34.75,-0.0,34.595,-51,162,-1071,237,6
75561.3667,0.15,34.735,0.15,34.565,-42,158,-1070,238,6
75561.5333,-0.0167,34.75,-0.0667,34.61,-41,153,-1071,239,6
75561.7,0.0167,34.735,0.05,34.58,-40,165,-1062,240,6
75561.8667,0.1167,34.735,0.1167,34.58,-35,164,-1079,241,6
75562.0333,0.35,34.75,0.1833,34.625,-41,160,-1073,242,6
75562.2,0.2333,34.75,0.2,34.58,-52,156,-1065,243,6
75562.3667,0.1667,34.765,0.2333,34.595,-72,160,-1076,244,6
75562.5333,0.2,34.765,0.1667,34.58,-66,171,-1073,245,6
75562.7,0.2,34.72,0.1667,34.61,-66,165,-1067,246,6
75562.8667,0.15,34.78,0.1,34.595,-82,169,-1067,247,6
75563.0333,0.0833,34.765,0.0167,34.595,-42,146,-1077,248,6
75563.2,0.0333,34.72,-0.0,34.595,-42,158,-1070,249,6
75563.3667,0.0333,34.75,-0.0,34.58,-48,152,-1083,250,6
75563.5333,0.0833,34.75,0.0167,34.61,-38,158,-1067,251,6
75563.7,0.1,34.75,0.05,34.58,-43,156,-1068,252,6
75563.8667,0.1,34.72,0.05,34.565,-45,158,-1076,253,6
75564.0333,0.1,34.72,0.0167,34.565,-47,162,-1073,254,6
75564.2,0.1,34.78,0.0167,34.595,-48,159,-1074,255,6
75564.3667,0.1,34.75,0.0333,34.565,-43,157,-1068,0,6
75564.5333,0.0833,34.735,0.0167,34.595,-45,154,-1074,1,6
75564.7,0.0667,34.735,0.0167,34.58,-36,160,-1068,2,6
75564.8667,0.0833,34.765,0.0333,34.58,-40,167,-1080,3,6
75565.0333,0.0667,34.75,0.0167,34.61,-42,158,-1074,4,6
75565.2,0.05,34.75,0.0167,34.58,-54,150,-1068,5,6
75565.3667,0.0833,34.75,0.0333,34.58,-72,161,-1065,6,6
75565.5333,0.0833,34.78,0.0333,34.58,-69,168,-1065,7,6
75565.7,0.1,34.72,0.05,34.58,-72,165,-1067,8,6
75565.8667,0.1333,34.72,0.0667,34.595,-46,159,-1082,9,6
75566.0333,0.0833,34.72,0.0167,34.58,-42,164,-1068,10,6
75566.2,0.0333,34.75,-0.0167,34.565,-45,162,-1077,11,6
75566.3667,0.0333,34.78,-0.0,34.595,-47,164,-1068,12,6
75566.5333,0.0667,34.75,0.0167,34.58,-45,152,-1070,13,6
75566.7,0.05,34.75,0.0167,34.565,-44,165,-1068,14,6
75566.8667,0.0833,34.735,0.0167,34.58,-45,159,-1071,15,6
75567.0333,0.1,34.735,0.0167,34.565,-35,164,-1074,16,6
75567.2,0.0833,34.765,0.0333,34.58,-45,144,-1074,17,6
75567.3667,0.05,34.75,-0.0,34.58,-45,155,-1071,18,6
75567.5333,0.05,34.735,0.0167,34.595,-47,161,-1068,19,6
75567.7,0.0667,34.72,0.0167,34.595,-45,155,-1071,20,6
75567.8667,0.0833,34.765,0.0333,34.595,-33,168,-1067,21,6
75568.0333,0.05,34.735,0.0167,34.58,-36,159,-1074,22,6
75568.2,0.0833,34.735,0.0333,34.565,-35,170,-1068,23,6
75568.3667,0.0333,34.765,0.0167,34.61,-65,156,-1074,24,6
75568.5333,0.0167,34.765,-0.0167,34.58,-71,162,-1068,25,6
75568.7,0.0167,34.735,-0.0,34.58,-75,160,-1068,26,6
75568.8667,0.0333,34.75,-0.0,34.58,-69,156,-1077,27,6
75569.0333,0.0167,34.735,-0.0167,34.565,-51,166,-1070,28,6
75569.2,0.05,34.72,0.0167,34.61,-47,160,-1071,29,6
75569.3667,0.0833,34.75,0.0167,34.595,-31,160,-1084,30,6
75569.5333,0.0667,34.735,0.0333,34.61,-47,144,-1074,31,6
75569.7,0.0667,34.72,-0.0,34.595,-42,161,-1065,32,6
75569.8667,0.0667,34.735,-0.0,34.595,-42,163,-1064,33,6
75570.0333,0.05,34.765,0.0167,34.595,-33,154,-1070,34,6
75570.2,0.05,34.735,-0.0,34.565,-32,168,-1071,35,6
75570.3667,0.1,34.765,0.0333,34.595,-33,163,-1061,36,6
75570.5333,0.1,34.765,0.0333,34.58,-30,171,-1074,37,6
75570.7,0.05,34.765,0.0167,34.595,-37,163,-1079,38,6
75570.8667,0.05,34.735,0.0167,34.565,-36,159,-1080,39,6
75571.0333,0.0667,34.735,0.0167,34.58,-36,157,-1062,40,6
75571.2,0.0833,34.735,0.0333,34.595,-37,154,-1074,41,6
75571.3667,0.0833,34.75,-0.0,34.565,-34,168,-1064,42,6
75571.5333,0.0667,34.765,0.0167,34.565,-39,159,-1080,43,6
75571.7,0.0167,34.75,0.0167,34.58,-33,160,-1071,44,6
75571.8667,0.0667,34.75,0.0333,34.61,-44,159,-1074,45,6
75572.0333,0.1333,34.765,0.05,34.58,-40,160,-1061,46,6
75572.2,0.0,34.765,0.0167,34.595,-37,173,-1076,47,6
75572.3667,0.1833,34.72,0.1833,34.58,-53,153,-1074,48,6
75572.5333,0.0,34.72,-0.0167,34.58,-60,169,-1070,49,6
75572.7,0.0667,34.75,0.0667,34.625,-63,162,-1068,50,6
75572.8667,0.15,34.72,0.1,34.565,-54,157,-1074,51,6
75573.0333,-0.1,34.75,-0.0,34.58,-42,162,-1079,52,6
75573.2,0.15,34.735,0.1833,34.595,-36,162,-1076,53,6
75573.3667,0.1167,34.75,-0.0,34.58,-24,160,-1065,54,6
75573.5333,0.1167,34.72,0.1,34.595,-30,158,-1071,55,6
75573.7,0.0333,34.765,-0.1,34.58,-27,169,-1070,56,6
75573.8667,-0.1333,34.75,-0.1,34.545,-27,159,-1073,57,6
75574.0333,-0.0167,34.72,-0.0167,34.58,-18,162,-1071,58,6
75574.2,0.0833,34.765,0.05,34.545,-38,165,-1076,59,6
75574.3667,0.1667,34.765,0.1667,34.595,-35,159,-1074,60,6
75574.5333,0.25,34.735,0.2167,34.565,-38,148,-1067,61,6
75574.7,0.15,34.765,0.0333,34.58,-37,153,-1071,62,6
75574.8667,0.1333,34.735,0.0333,34.595,-34,162,-1070,63,6
75575.0333,0.0,34.735,-0.0,34.58,-34,156,-1070,64,6
75575.2,0.0833,34.735,0.0167,34.58,-27,170,-1068,65,6
75575.3667,0.1,34.75,0.05,34.595,-33,161,-1074,66,6
75575.5333,0.1,34.72,0.05,34.565,-42,154,-1080,67,6
75575.7,0.1,34.765,0.0667,34.58,-46,146,-1065,68,6
75575.8667,0.1,34.7,0.0333,34.595,-54,154,-1076,69,6
75576.0333,0.0667,34.75,0.0333,34.58,-58,164,-1073,70,6
75576.2,0.05,34.765,0.0333,34.565,-54,159,-1068,71,6
75576.3667,0.05,34.72,0.0167,34.58,-37,171,-1074,72,6
75576.5333,0.0333,34.78,-0.0167,34.61,-46,163,-1076,73,6
75576.7,0.0333,34.735,-0.0167,34.565,-42,160,-1073,74,6
75576.8667,0.0167,34.765,-0.0167,34.61,-36,139,-1059,75,6
75577.0333,0.0167,34.735,-0.0167,34.58,-44,156,-1077,76,6
75577.2,0.05,34.765,-0.0333,34.58,-37,157,-1071,77,6
75577.3667,0.05,34.75,-0.0167,34.595,-39,156,-1076,78,6
75577.5333,0.05,34.75,-0.0,34.595,-38,163,-1068,79,6
75577.7,0.05,34.735,0.0167,34.58,-48,160,-1071,80,6
75577.8667,0.0167,34.735,0.0333,34.565,-38,156,-1074,81,6
75578.0333,-0.0167,34.735,-0.0167,34.595,-40,149,-1056,82,6
75578.2,0.0167,34.75,-0.0,34.595,-41,153,-1074,83,6
75578.3667,0.0,34.75,-0.0333,34.58,-33,162,-1074,84,6
75578.5333,0.0333,34.735,-0.0,34.595,-40,158,-1077,85,6
75578.7,0.0833,34.72,0.0333,34.595,-42,159,-1068,86,6
75578.8667,0.0333,34.75,-0.0,34.595,-58,172,-1068,87,6
75579.0333,0.0333,34.72,-0.0,34.595,-50,156,-1082,88,6
75579.2,0.0333,34.735,-0.0,34.58,-47,162,-1062,89,6
75579.3667,0.05,34.7,0.0167,34.58,-38,153,-1071,90,6
75579.5333,0.0167,34.735,-0.0,34.61,-36,162,-1071,91,6
75579.7,0.05,34.735,-0.0,34.595,-41,155,-1071,92,6
75579.8667,0.0667,34.7,-0.0,34.58,-36,168,-1070,93,6
75580.0333,0.05,34.75,-0.0,34.565,-39,143,-1074,94,6
75580.2,0.0333,34.765,-0.0,34.58,-41,154,-1074,95,6
75580.3667,0.05,34.72,-0.0,34.595,-61,168,-1074,96,6
75580.5333,0.05,34.765,-0.0,34.625,-40,154,-1065,97,6
75580.7,0.0833,34.72,0.0333,34.58,-33,168,-1076,98,6
75580.8667,0.05,34.75,-0.0,34.595,-28,160,-1073,99,6
75581.0333,0.0667,34.78,-0.0,34.595,-36,173,-1064,100,6
75581.2,0.0833,34.735,0.0167,34.595,-36,144,-1089,101,6
75581.3667,0.05,34.735,0.0333,34.58,-61,162,-1071,102,6
75581.5333,0.0333,34.765,0.0167,34.595,-69,171,-1056,103,6
75581.7,0.0333,34.735,0.0167,34.58,-66,153,-1059,104,6
75581.8667,0.05,34.765,0.0167,34.58,-55,164,-1067,105,6
75582.0333,0.0833,34.75,0.05,34.58,-36,161,-1070,106,6
75582.2,0.0833,34.735,0.0333,34.58,-23,168,-1071,107,6
75582.3667,0.1,34.75,0.0333,34.565,-21,149,-1084,108,6
75582.5333,0.0667,34.735,0.0167,34.595,-36,156,-1074,109,6
75582.7,0.05,34.75,0.0167,34.595,-32,168,-1059,110,6
75582.8667,0.0667,34.72,0.0167,34.565,-30,156,-1074,111,6
75583.0333,0.05,34.72,-0.0,34.61,-31,162,-1071,112,6
75583.2,0.0667,34.78,-0.0,34.595,-33,157,-1062,113,6
75583.3667,0.1,34.75,0.05,34.58,-31,160,-1074,114,6
75583.5333,0.0833,34.765,0.0333,34.565,-37,159,-1080,115,6
75583.7,0.0667,34.75,0.0167,34.58,-36,153,-1074,116,6
75583.8667,0.05,34.75,-0.0,34.595,-35,150,-1070,117,6
75584.0333,0.05,34.735,-0.0,34.595,-42,155,-1053,118,6
75584.2,0.1,34.72,0.0333,34.565,-24,159,-1080,119,6
75584.3667,0.0,34.75,0.0167,34.565,-32,149,-1067,120,6
75584.5333,0.0667,34.75,0.05,34.565,-50,148,-1068,121,6
75584.7,0.0833,34.75,0.15,34.61,-46,155,-1082,122,6
75584.8667,-0.05,34.75,0.05,34.565,-61,158,-1070,123,6
75585.0333,0.1667,34.735,0.25,34.545,-59,174,-1064,124,6
75585.2,0.6167,34.735,0.6667,34.58,-54,149,-1087,125,6
75585.3667,0.55,34.75,0.15,34.58,-33,156,-1077,126,6
75585.5333,0.1667,34.735,0.25,34.61,-44,167,-1067,127,6
75585.7,0.3167,34.72,0.2333,34.58,-36,155,-1068,128,6
75585.8667,0.0833,34.75,0.0833,34.565,-36,165,-1074,129,6
75586.0333,-0.3833,34.765,-0.3167,34.595,-37,156,-1070,130,6
75586.2,0.35,34.735,0.2333,34.595,-30,154,-1074,131,6
75586.3667,0.0667,34.735,0.0667,34.545,-39,160,-1076,132,6
75586.5333,0.15,34.7,0.2167,34.595,-41,153,-1076,133,6
75586.7,0.0833,34.75,0.15,34.61,-37,154,-1068,134,6
75586.8667,0.05,34.7,0.1167,34.595,-44,149,-1070,135,6
75587.0333,0.1333,34.75,0.1167,34.595,-28,162,-1084,136,6
75587.2,0.1167,34.735,0.1,34.595,-30,157,-1070,137,6
75587.3667,0.1833,34.735,0.1167,34.61,-30,171,-1071,138,6
75587.5333,0.1333,34.75,0.1333,34.58,-35,138,-1080,139,6
75587.7,0.2167,34.75,0.2,34.565,-75,151,-1068,140,6
75587.8667,0.2167,34.75,0.1167,34.565,-55,159,-1077,141,6
75588.0333,0.1667,34.735,0.0833,34.58,-54,153,-1065,142,6
75588.2,0.1667,34.72,0.1167,34.595,-37,158,-1070,143,6
75588.3667,0.1667,34.735,0.1167,34.595,-40,156,-1068,144,6
75588.5333,0.1333,34.735,0.0833,34.58,-35,145,-1083,145,6
75588.7,0.1167,34.735,0.0667,34.595,-42,156,-1074,146,6
75588.8667,0.1167,34.765,0.0667,34.565,-40,156,-1071,147,6
75589.0333,0.1167,34.735,0.05,34.565,-43,155,-1068,148,6
75589.2,0.1167,34.75,0.05,34.58,-33,164,-1071,149,6
75589.3667,0.1,34.765,0.05,34.58,-43,158,-1074,150,6
75589.5333,0.1,34.735,0.05,34.58,-41,156,-1077,151,6
75589.7,0.0667,34.7,0.0167,34.61,-43,161,-1062,152,6
75589.8667,0.1167,34.765,0.05,34.595,-37,155,-1068,153,6
75590.0333,0.0667,34.72,0.0333,34.565,-31,165,-1076,154,6
75590.2,0.0833,34.735,0.0333,34.595,-34,154,-1070,155,6
75590.3667,0.0833,34.72,0.0333,34.565,-37,162,-1068,156,6
75590.5333,0.0667,34.75,0.0167,34.61,-56,163,-1068,157,6
75590.7,0.0667,34.75,0.0333,34.58,-52,156,-1068,158,6
75590.8667,0.05,34.72,0.0167,34.58,-51,159,-1070,159,6
75591.0333,0.0167,34.75,-0.0,34.58,-46,165,-1071,160,6
75591.2,0.0167,34.735,-0.0167,34.61,-41,163,-1077,161,6
75591.3667,-0.0333,34.72,-0.0333,34.595,-38,158,-1068,162,6
75591.5333,-0.0167,34.75,-0.0167,34.565,-36,159,-1064,163,6
75591.7,0.0167,34.75,-0.0,34.595,-37,152,-1071,164,6
75591.8667,0.0167,34.735,-0.0,34.595,-30,170,-1068,165,6
75592.0333,0.0167,34.72,-0.0,34.595,-30,165,-1070,166,6
75592.2,0.05,34.735,0.0167,34.58,-16,159,-1071,167,6
75592.3667,0.05,34.7,0.0167,34.53,-18,147,-1083,168,6
75592.5333,0.0167,34.72,-0.0167,34.565,-33,159,-1073,169,6
75592.7,0.0333,34.72,-0.0,34.58,-27,166,-1070,170,6
75592.8667,0.0167,34.735,-0.0,34.58,-33,156,-1071,171,6
75593.0333,0.0,34.75,-0.0,34.545,-33,165,-1076,172,6
75593.2,0.0333,34.735,0.0167,34.595,-37,159,-1073,173,6
75593.3667,0.0667,34.7,0.0167,34.595,-27,153,-1071,174,6
75593.5333,0.0667,34.72,0.0333,34.595,-35,164,-1067,175,6
75593.7,0.05,34.735,-0.0,34.565,-25,160,-1079,176,6
75593.8667,0.05,34.735,-0.0,34.58,-37,163,-1064,177,6
75594.0333,0.0667,34.72,0.0167,34.595,-40,154,-1074,178,6
75594.2,0.05,34.765,-0.0,34.58,-48,169,-1083,179,6
75594.3667,0.0667,34.72,0.0167,34.565,-53,160,-1071,180,6
75594.5333,0.1,34.735,0.0333,34.545,-45,159,-1056,181,6
75594.7,0.0833,34.72,0.0333,34.595,-47,164,-1083,182,6
75594.8667,0.0667,34.735,0.0167,34.58,-45,158,-1071,183,6
75595.0333,0.0667,34.7,0.0167,34.58,-36,168,-1068,184,6
75595.2,0.05,34.765,0.0167,34.595,-78,156,-1065,185,6
75595.3667,0.05,34.75,-0.0,34.565,-35,165,-1067,186,6
75595.5333,0.0833,34.765,0.0167,34.61,-40,154,-1077,187,6
75595.7,0.0833,34.735,0.0333,34.58,-31,159,-1070,188,6
75595.8667,0.0667,34.735,0.0167,34.58,-45,160,-1068,189,6
75596.0333,0.05,34.765,-0.0,34.565,-43,156,-1071,190,6
75596.2,0.1,34.75,0.05,34.595,-44,153,-1065,191,6
75596.3667,0.1333,34.72,0.0667,34.58,-44,150,-1070,192,6
75596.5333,0.0667,34.78,-0.0,34.61,-27,165,-1080,193,6
75596.7,0.05,34.75,0.0333,34.565,-37,153,-1068,194,6
75596.8667,-0.1167,34.75,-0.0833,34.58,-36,162,-1065,195,6
75597.0333,-0.1333,34.765,-0.1167,34.565,-41,153,-1076,196,6
75597.2,0.15,34.7,0.1833,34.595,-50,151,-1071,197,6
75597.3667,0.4833,34.735,0.2667,34.565,-60,166,-1061,198,6
75597.5333,0.05,34.75,0.05,34.565,-49,156,-1073,199,6
75597.7,0.1333,34.75,0.1167,34.58,-38,159,-1074,200,6
75597.8667,0.0167,34.72,-0.0667,34.595,-42,162,-1065,201,6
75598.0333,0.1,34.75,0.1,34.595,-15,161,-1068,202,6
75598.2,0.2667,34.735,0.1667,34.565,-36,159,-1068,203,6
75598.3667,-0.0167,34.72,-0.0333,34.58,-39,156,-1062,204,6
75598.5333,-0.0667,34.735,-0.0333,34.61,-36,167,-1068,205,6
75598.7,0.0833,34.72,0.1,34.565,-46,164,-1076,206,6
75598.8667,0.1167,34.735,0.1,34.565,-41,156,-1068,207,6
75599.0333,0.1,34.735,0.1167,34.58,-42,144,-1073,208,6
75599.2,0.1,34.75,0.0667,34.565,-42,158,-1061,209,6
75599.3667,0.0667,34.72,0.0167,34.565,-27,163,-1084,210,6
75599.5333,0.0667,34.735,0.0167,34.61,-36,147,-1073,211,6
75599.7,0.15,34.72,0.1333,34.545,-33,155,-1070,212,6
75599.8667,0.1167,34.735,0.0667,34.595,-41,156,-1076,213,6
75600.0333,0.1,34.75,0.0333,34.58,-49,156,-1074,214,6
75600.2,0.1167,34.75,0.0667,34.595,-61,162,-1061,215,6
75600.3667,0.1,34.72,0.0333,34.61,-47,165,-1058,216,6
75600.5333,0.1,34.7,0.0667,34.58,-39,158,-1071,217,6
75600.7,0.1333,34.75,0.1,34.565,-33,158,-1077,218,6
75600.8667,0.1333,34.72,0.05,34.53,-40,162,-1065,219,6
75601.0333,0.1167,34.72,0.05,34.595,-30,162,-1076,220,6
75601.2,0.0833,34.765,0.0333,34.565,-27,161,-1077,221,6
75601.3667,0.05,34.765,-0.0,34.565,-24,170,-1073,222,6
75601.5333,0.0333,34.765,-0.0,34.58,-22,156,-1086,223,6
75601.7,0.0167,34.72,-0.0167,34.61,-33,159,-1068,224,6
75601.8667,0.0333,34.75,-0.0,34.58,-40,165,-1068,225,6
75602.0333,0.0667,34.75,0.0167,34.565,-36,156,-1068,226,6
75602.2,0.0667,34.7,0.05,34.58,-83,165,-1064,227,6
75602.3667,0.05,34.7,0.0167,34.58,-37,162,-1074,228,6
75602.5333,0.0833,34.75,0.0167,34.565,-26,155,-1074,229,6
75602.7,0.0667,34.735,0.0333,34.565,-37,141,-1062,230,6
75602.8667,0.0333,34.72,0.0167,34.595,-34,158,-1071,231,6
75603.0333,0.05,34.735,0.0167,34.61,-51,159,-1073,232,6
75603.2,0.05,34.735,-0.0,34.565,-51,153,-1077,233,6
75603.3667,0.0167,34.75,-0.0167,34.58,-64,164,-1070,234,6
75603.5333,0.0333,34.685,-0.0,34.565,-66,159,-1068,235,6
75603.7,0.0667,34.75,0.0167,34.545,-53,168,-1065,236,6
75603.8667,0.0333,34.7,-0.0,34.58,-58,157,-1068,237,6
75604.0333,0.0,34.735,0.05,34.61,-37,164,-1077,238,6
75604.2,0.0333,34.72,-0.0167,34.58,-37,165,-1059,239,6
75604.3667,0.0333,34.735,0.0167,34.565,-35,150,-1070,240,6
75604.5333,0.0333,34.72,0.0167,34.58,-37,163,-1071,241,6
75604.7,0.0667,34.735,-0.0,34.565,-41,156,-1071,242,6
75604.8667,0.0833,34.7,0.0167,34.58,-28,159,-1080,243,6
75605.0333,0.0167,34.7,-0.0167,34.565,-27,168,-1073,244,6
75605.2,0.0167,34.72,-0.0167,34.595,-30,155,-1076,245,6
75605.3667,0.0333,34.72,-0.0333,34.565,-16,171,-1053,246,6
75605.5333,0.0167,34.7,-0.0167,34.595,-25,156,-1068,247,6
75605.7,0.0333,34.7,-0.0333,34.58,-25,168,-1065,248,6
75605.8667,0.05,34.7,-0.0167,34.545,-25,165,-1068,249,6
75606.0333,0.0833,34.7,0.0167,34.61,-18,162,-1071,250,6
75606.2,0.0667,34.7,0.0167,34.595,-30,167,-1071,251,6
75606.3667,0.05,34.7,-0.0167,34.61,-30,159,-1073,252,6
75606.5333,0.0333,34.7,-0.0167,34.545,-30,164,-1059,253,6
75606.7,0.0333,34.72,-0.0,34.58,-33,155,-1071,254,6
75606.8667,0.0333,34.72,-0.0,34.565,-31,162,-1068,255,6
75607.0333,0.05,34.735,-0.0,34.545,-33,157,-1070,0,6
75607.2,0.0667,34.72,-0.0,34.565,-40,168,-1071,1,6
75607.3667,0.0667,34.735,-0.0,34.545,-36,145,-1061,2,6
75607.5333,0.0167,34.72,-0.0167,34.595,-26,157,-1079,3,6
75607.7,0.0667,34.72,-0.0,34.595,-32,154,-1077,4,6
75607.8667,0.05,34.75,-0.0,34.565,-35,156,-1073,5,6
75608.0333,0.05,34.72,0.0167,34.565,-43,153,-1073,6,6
75608.2,0.0667,34.75,0.0167,34.58,-59,156,-1068,7,6
75608.3667,0.0167,34.75,-0.0,34.565,-54,155,-1077,8,6
75608.5333,0.0167,34.72,-0.0167,34.565,-53,156,-1062,9,6
75608.7,0.0833,34.735,0.0333,34.545,-40,157,-1067,10,6
75608.8667,0.0333,34.75,0.0167,34.565,-40,156,-1070,11,6
75609.0333,0.0,34.735,-0.0167,34.565,3,170,-1079,12,6
75609.2,-0.1167,34.7,-0.0833,34.565,-43,160,-1077,13,6
75609.3667,0.1333,34.75,0.1667,34.58,-38,156,-1077,14,6
75609.5333,0.2,34.765,0.15,34.595,-38,157,-1071,15,6
75609.7,0.25,34.735,0.3333,34.595,-45,147,-1074,16,6
75609.8667,0.4,34.72,0.3167,34.58,-41,163,-1065,17,6
75610.0333,0.0833,34.72,0.0333,34.58,-42,154,-1076,18,6
75610.2,-0.1167,34.7,-0.1667,34.58,-32,156,-1070,19,6
75610.3667,-0.1,34.735,-0.0167,34.58,-38,162,-1064,20,6
75610.5333,0.1333,34.685,0.0167,34.58,-33,161,-1083,21,6
75610.7,0.2333,34.735,0.1,34.58,-35,159,-1068,22,6
75610.8667,0.0,34.72,0.0667,34.61,-54,156,-1077,23,6
75611.0333,0.0167,34.735,0.0667,34.58,-47,161,-1077,24,6
75611.2,0.3833,34.735,0.2167,34.595,-47,156,-1073,25,6
75611.3667,0.0,34.735,0.0167,34.58,-48,162,-1068,26,6
75611.5333,0.0667,34.735,0.0667,34.565,-36,150,-1080,27,6
75611.7,0.3,34.72,0.2,34.545,-36,156,-1068,28,6
75611.8667,0.25,34.75,0.1,34.58,-39,150,-1087,29,6
75612.0333,-0.0333,34.735,-0.0167,34.58,-62,153,-1065,30,6
75612.2,0.2,34.75,0.1167,34.595,-40,154,-1073,31,6
75612.3667,0.2,34.72,0.1333,34.61,-42,156,-1076,32,6
75612.5333,0.1833,34.735,0.1333,34.565,-38,157,-1062,33,6
75612.7,0.1333,34.75,0.05,34.58,-42,156,-1070,34,6
75612.8667,0.15,34.72,0.0833,34.61,-30,159,-1076,35,6
75613.0333,0.0833,34.735,0.0333,34.565,-30,160,-1068,36,6
75613.2,0.0833,34.7,0.0167,34.58,-45,160,-1077,37,6
75613.3667,0.1167,34.72,0.0667,34.595,-56,165,-1077,38,6
75613.5333,0.1167,34.7,0.05,34.53,-69,159,-1064,39,6
75613.7,0.0667,34.75,0.0333,34.58,-66,162,-1068,40,6
75613.8667,0.0667,34.685,-0.0,34.58,-64,158,-1056,41,6
75614.0333,0.1,34.735,-0.0,34.595,-45,159,-1065,42,6
75614.2,0.1167,34.735,0.0333,34.595,-40,150,-1070,43,6
75614.3667,0.0833,34.735,0.0167,34.595,-36,162,-1083,44,6
75614.5333,0.0833,34.735,0.0167,34.58,-42,163,-1068,45,6
75614.7,0.0833,34.735,0.0333,34.61,-42,156,-1068,46,6
75614.8667,0.05,34.75,0.0167,34.565,-41,157,-1074,47,6
75615.0333,0.05,34.7,-0.0,34.545,-50,157,-1062,48,6
75615.2,0.0667,34.685,-0.0,34.565,-28,156,-1077,49,6
75615.3667,0.0833,34.7,0.0167,34.565,-37,150,-1071,50,6
75615.5333,0.0833,34.735,0.0167,34.595,-36,156,-1065,51,6
75615.7,0.1167,34.72,0.05,34.565,-36,162,-1077,52,6
75615.8667,0.0833,34.67,0.0333,34.595,-33,158,-1074,53,6
75616.0333,0.0667,34.72,0.0167,34.595,-42,154,-1074,54,6
75616.2,0.0667,34.72,-0.0,34.595,-66,165,-1065,55,6
75616.3667,0.0667,34.72,0.0167,34.545,-66,162,-1068,56,6
75616.5333,0.0667,34.7,0.0167,34.565,-66,161,-1065,57,6
75616.7,0.0667,34.735,0.0167,34.595,-66,156,-1073,58,6
75616.8667,0.1,34.72,0.0333,34.565,-48,156,-1067,59,6
75617.0333,0.1167,34.72,0.0333,34.58,-44,157,-1077,60,6
75617.2,0.0833,34.72,0.0167,34.565,-44,156,-1074,61,6
75617.3667,0.05,34.7,-0.0167,34.58,-51,163,-1071,62,6
75617.5333,0.0833,34.72,0.0167,34.61,-40,150,-1065,63,6
75617.7,0.0667,34.735,0.0167,34.595,-42,148,-1071,64,6
75617.8667,0.05,34.7,-0.0,34.58,-40,161,-1068,65,6
75618.0333,0.05,34.72,-0.0,34.625,-44,154,-1074,66,6
75618.2,0.05,34.72,-0.0,34.61,-45,156,-1071,67,6
75618.3667,0.0333,34.735,-0.0,34.61,-45,147,-1077,68,6
75618.5333,0.0167,34.735,-0.0167,34.565,-45,157,-1071,69,6
75618.7,0.05,34.72,-0.0,34.625,-30,159,-1074,70,6
75618.8667,0.0667,34.735,-0.0,34.58,-41,157,-1065,71,6
75619.0333,0.0833,34.75,0.0167,34.58,-37,165,-1074,72,6
75619.2,0.05,34.72,0.0167,34.565,-69,162,-1073,73,6
75619.3667,0.0667,34.72,0.0167,34.58,-72,162,-1065,74,6
75619.5333,0.05,34.72,-0.0,34.58,-69,171,-1050,75,6
75619.7,0.0667,34.72,-0.0,34.61,-60,152,-1073,76,6
75619.8667,0.05,34.75,-0.0,34.565,-43,162,-1073,77,6
75620.0333,0.0833,34.72,0.0333,34.58,-45,155,-1077,78,6
75620.2,0.0667,34.72,0.0167,34.61,-38,163,-1084,79,6
75620.3667,0.0333,34.735,-0.0,34.58,-46,162,-1071,80,6
75620.5333,0.0667,34.75,0.0167,34.58,-40,162,-1068,81,6
75620.7,0.0833,34.75,0.0167,34.595,-42,156,-1074,82,6
75620.8667,0.0833,34.735,0.0333,34.61,-44,166,-1074,83,6
75621.0333,0.1,34.72,0.0333,34.565,-46,160,-1071,84,6
75621.2,0.1,34.735,0.0333,34.58,-45,156,-1074,85,6
75621.3667,0.0,34.735,-0.05,34.58,-45,161,-1068,86,6
75621.5333,-0.05,34.735,-0.0167,34.61,-42,156,-1070,87,6
75621.7,0.0667,34.72,0.0333,34.58,-24,162,-1080,88,6
75621.8667,0.1833,34.72,0.3167,34.565,-42,159,-1071,89,6
75622.0333,0.3333,34.7,0.2667,34.595,-63,162,-1067,90,6
75622.2,0.4167,34.7,0.2833,34.595,-69,165,-1067,91,6
75622.3667,0.2833,34.67,0.3167,34.595,-50,165,-1071,92,6
75622.5333,0.5,34.7,0.3667,34.61,-68,160,-1067,93,6
75622.7,0.0667,34.735,-0.05,34.58,-59,159,-1071,94,6
75622.8667,0.0333,34.735,-0.05,34.58,-47,162,-1079,95,6
75623.0333,0.1333,34.72,0.0667,34.58,-45,159,-1073,96,6
75623.2,0.1667,34.72,0.1833,34.545,-27,147,-1082,97,6
75623.3667,0.3,34.72,0.1833,34.565,-33,152,-1077,98,6
75623.5333,0.25,34.7,0.25,34.565,-24,162,-1074,99,6
75623.7,0.2833,34.685,0.1167,34.565,-27,158,-1071,100,6
75623.8667,0.25,34.72,0.15,34.58,-24,168,-1064,101,6
75624.0333,0.2167,34.685,0.0833,34.565,-33,160,-1076,102,6
75624.2,0.1833,34.75,0.1,34.565,-35,159,-1077,103,6
75624.3667,0.05,34.7,-0.0,34.58,-34,159,-1077,104,6
75624.5333,-0.0333,34.7,-0.0,34.545,-39,156,-1071,105,6
75624.7,0.15,34.72,0.05,34.58,-34,159,-1074,106,6
75624.8667,0.2,34.75,0.1333,34.61,-34,153,-1077,107,6
75625.0333,0.15,34.7,0.1,34.595,-31,162,-1065,108,6
75625.2,0.15,34.72,0.0833,34.58,-31,156,-1071,109,6
75625.3667,0.1667,34.72,0.1,34.61,-42,152,-1074,110,6
75625.5333,0.1667,34.72,0.1167,34.565,-48,148,-1086,111,6
75625.7,0.15,34.685,0.0833,34.545,-53,160,-1056,112,6
75625.8667,0.1167,34.72,0.05,34.545,-49,157,-1068,113,6
75626.0333,0.0833,34.735,0.0333,34.61,-42,154,-1080,114,6
75626.2,0.1,34.7,0.0333,34.595,-36,161,-1068,115,6
75626.3667,0.0833,34.72,0.0333,34.58,-35,154,-1077,116,6
75626.5333,0.0833,34.735,0.0167,34.565,-40,156,-1071,117,6
75626.7,0.0667,34.7,0.0167,34.58,-40,139,-1086,118,6
75626.8667,0.0667,34.75,-0.0,34.58,-45,156,-1065,119,6
75627.0333,0.1,34.72,0.0333,34.595,-37,157,-1073,120,6
75627.2,0.1167,34.72,0.0333,34.58,-39,151,-1074,121,6
75627.3667,0.1167,34.7,0.05,34.58,-36,158,-1070,122,6
75627.5333,0.1333,34.735,0.0167,34.565,-35,156,-1065,123,6
75627.7,0.0333,34.7,-0.0,34.58,-30,158,-1080,124,6
75627.8667,0.05,34.735,-0.0167,34.58,-31,146,-1080,125,6
75628.0333,0.0167,34.7,-0.0333,34.595,-42,148,-1071,126,6
75628.2,0.0667,34.75,-0.0,34.595,-33,156,-1070,127,6
75628.3667,0.0333,34.7,-0.0,34.565,-54,156,-1068,128,6
75628.5333,0.0167,34.735,-0.0167,34.545,-47,165,-1071,129,6
75628.7,0.05,34.7,-0.0,34.595,-53,157,-1062,130,6
75628.8667,0.05,34.685,0.0167,34.58,-41,156,-1073,131,6
75629.0333,0.0333,34.735,-0.0,34.565,-37,143,-1065,132,6
75629.2,0.0,34.735,-0.0167,34.565,-39,146,-1071,133,6
75629.3667,0.0333,34.72,-0.0167,34.545,-37,161,-1074,134,6
75629.5333,0.0333,34.735,-0.0,34.565,-35,153,-1067,135,6
75629.7,0.0167,34.72,-0.0,34.565,-37,165,-1070,136,6
75629.8667,0.05,34.735,-0.0,34.61,-47,160,-1071,137,6
75630.0333,0.05,34.72,0.0167,34.595,-42,153,-1076,138,6
75630.2,0.05,34.735,-0.0,34.58,-42,159,-1082,139,6
75630.3667,0.0667,34.7,0.0167,34.595,-45,153,-1070,140,6
75630.5333,0.0667,34.67,-0.0,34.595,-27,160,-1077,141,6
75630.7,0.0833,34.75,0.0333,34.58,-32,157,-1074,142,6
75630.8667,0.05,34.72,-0.0,34.565,-33,160,-1067,143,6
75631.0333,0.0833,34.72,0.05,34.58,-48,150,-1074,144,6
75631.2,0.0667,34.735,0.0167,34.58,-52,156,-1076,145,6
75631.3667,0.05,34.7,-0.0,34.58,-70,168,-1061,146,6
75631.5333,0.05,34.7,-0.0,34.595,-60,141,-1062,147,6
75631.7,0.05,34.72,-0.0,34.565,-53,156,-1074,148,6
75631.8667,0.0167,34.735,-0.0,34.565,-39,166,-1070,149,6
75632.0333,0.05,34.72,-0.0,34.545,-36,153,-1071,150,6
75632.2,0.1,34.735,-0.0333,34.58,-30,165,-1065,151,6
75632.3667,0.1,34.735,-0.0,34.595,-33,156,-1073,152,6
75632.5333,0.0667,34.72,0.0167,34.595,-15,166,-1076,153,6
75632.7,0.1,34.735,-0.0,34.58,-40,168,-1071,154,6
75632.8667,0.0333,34.735,-0.0,34.595,-31,157,-1080,155,6
75633.0333,0.0667,34.72,0.0167,34.565,-6,143,-1080,156,6
75633.2,0.0333,34.67,-0.0167,34.565,-25,165,-1062,157,6
75633.3667,0.0667,34.75,0.0167,34.565,-14,164,-1070,158,6
75633.5333,0.1,34.735,0.0333,34.565,-24,171,-1082,159,6
75633.7,0.1167,34.735,0.05,34.565,-17,159,-1068,160,6
75633.8667,0.1,34.7,0.0167,34.565,-15,163,-1068,161,6
75634.0333,0.0,34.72,-0.0,34.58,-18,164,-1073,162,6
75634.2,0.05,34.7,0.05,34.565,-12,153,-1073,163,6
75634.3667,0.15,34.72,0.1167,34.595,-27,162,-1071,164,6
75634.5333,0.15,34.735,0.0333,34.58,-30,156,-1070,165,6
75634.7,0.1,34.7,0.05,34.58,-36,143,-1073,166,6
75634.8667,0.0667,34.7,0.0333,34.565,-37,156,-1074,167,6
75635.0333,-0.2333,34.735,-0.2,34.58,-33,159,-1065,168,6
75635.2,-0.1333,34.735,-0.0,34.565,-33,152,-1082,169,6
75635.3667,0.1167,34.7,-0.0,34.58,-24,164,-1065,170,6
75635.5333,0.2333,34.735,0.2167,34.565,-32,159,-1080,171,6
75635.7,-0.1,34.72,-0.0167,34.545,-36,157,-1071,172,6
75635.8667,0.0667,34.735,0.1167,34.58,-33,154,-1059,173,6
75636.0333,0.0,34.75,0.0167,34.58,-44,144,-1071,174,6
75636.2,-0.1167,34.72,-0.1,34.58,-49,159,-1073,175,6
75636.3667,0.0,34.735,-0.0167,34.565,-54,154,-1080,176,6
75636.5333,-0.0333,34.735,-0.0,34.58,-58,163,-1061,177,6
75636.7,-0.05,34.735,0.0167,34.565,-47,140,-1082,178,6
75636.8667,0.0833,34.72,0.0167,34.58,-33,155,-1079,179,6
75637.0333,0.0,34.72,-0.0167,34.61,-30,151,-1068,180,6
75637.2,0.0833,34.7,-0.0,34.595,-31,149,-1068,181,6
75637.3667,0.1833,34.72,0.1167,34.58,-43,148,-1071,182,6
75637.5333,0.1,34.72,0.0333,34.58,-35,148,-1070,183,6
75637.7,0.0833,34.7,0.0333,34.565,-36,141,-1083,184,6
75637.8667,0.0333,34.72,-0.0,34.53,-44,153,-1077,185,6
75638.0333,0.1,34.735,0.0333,34.58,-36,153,-1074,186,6
75638.2,0.0833,34.7,0.0333,34.58,-39,153,-1071,187,6
75638.3667,0.1,34.7,0.0667,34.61,-35,159,-1070,188,6
75638.5333,0.1167,34.7,0.05,34.565,-36,156,-1080,189,6
75638.7,0.0333,34.72,-0.0,34.595,-26,151,-1074,190,6
75638.8667,0.0,34.72,-0.0167,34.58,-31,142,-1071,191,6
75639.0333,-0.0167,34.7,-0.0167,34.545,-42,144,-1071,192,6
75639.2,-0.0167,34.735,-0.0333,34.58,-44,159,-1074,193,6
75639.3667,0.0,34.72,-0.0167,34.565,-57,155,-1077,194,6
75639.5333,0.0,34.72,-0.0167,34.595,-49,165,-1074,195,6
75639.7,-0.0167,34.685,-0.0667,34.565,-68,159,-1070,196,6
75639.8667,-0.05,34.72,-0.0333,34.565,-51,154,-1076,197,6
75640.0333,-0.05,34.685,-0.0333,34.61,-47,144,-1068,198,6
75640.2,-0.0333,34.685,-0.0333,34.565,-31,146,-1068,199,6
75640.3667,0.05,34.735,-0.0,34.565,-26,159,-1074,200,6
75640.5333,0.0333,34.72,-0.0,34.58,-25,156,-1065,201,6
75640.7,0.0167,34.735,-0.0,34.595,-27,163,-1073,202,6
75640.8667,0.05,34.685,-0.0,34.58,-33,157,-1068,203,6
75641.0333,0.0667,34.7,0.0333,34.58,-31,157,-1071,204,6
75641.2,0.05,34.72,0.0167,34.565,-33,154,-1082,205,6
75641.3667,0.05,34.72,-0.0,34.61,-36,156,-1059,206,6
75641.5333,0.05,34.7,-0.0,34.58,-32,162,-1065,207,6
75641.7,0.05,34.735,0.0167,34.565,-33,161,-1067,208,6
75641.8667,0.0667,34.72,-0.0,34.545,-33,156,-1073,209,6
75642.0333,0.0667,34.7,0.0167,34.595,-32,158,-1074,210,6
75642.2,0.0667,34.72,0.0167,34.58,-33,150,-1079,211,6
75642.3667,0.0833,34.735,-0.0,34.565,-36,159,-1068,212,6
75642.5333,0.1,34.685,0.0333,34.58,-33,143,-1068,213,6
75642.7,0.0333,34.72,-0.0,34.565,-24,157,-1074,214,6
75642.8667,0.05,34.72,-0.0167,34.58,-30,154,-1068,215,6
75643.0333,0.05,34.685,0.0167,34.595,-43,147,-1071,216,6
75643.2,0.0167,34.7,-0.0167,34.565,-28,162,-1062,217,6
75643.3667,0.0667,34.7,0.0167,34.595,-54,159,-1073,218,6
75643.5333,0.1,34.72,0.0333,34.595,-49,165,-1055,219,6
75643.7,0.0667,34.7,0.0333,34.565,-50,139,-1077,220,6
75643.8667,0.0667,34.72,0.0167,34.565,-34,156,-1080,221,6
75644.0333,0.05,34.685,0.0167,34.545,-37,160,-1076,222,6
75644.2,0.0667,34.735,-0.0,34.53,-33,152,-1064,223,6
75644.3667,0.0667,34.72,0.0333,34.61,-35,156,-1076,224,6
75644.5333,0.0833,34.685,0.0333,34.61,-43,153,-1074,225,6
75644.7,0.0667,34.685,-0.0,34.545,-36,150,-1062,226,6
75644.8667,0.0667,34.655,0.0167,34.545,-34,137,-1082,227,6
75645.0333,0.0667,34.72,-0.0,34.565,-33,150,-1083,228,6
75645.2,0.0333,34.7,-0.0167,34.565,-42,155,-1067,229,6
75645.3667,0.1,34.685,0.05,34.58,-33,156,-1074,230,6
75645.5333,0.0333,34.72,-0.0,34.565,-28,164,-1071,231,6
75645.7,0.05,34.7,0.0167,34.565,-45,154,-1074,232,6
75645.8667,0.0333,34.7,-0.0167,34.595,-49,166,-1068,233,6
75646.0333,0.0333,34.735,-0.0,34.595,-73,170,-1065,234,6
75646.2,0.05,34.765,0.0167,34.58,-63,157,-1064,235,6
75646.3667,0.05,34.72,-0.0,34.58,-53,147,-1083,236,6
75646.5333,0.0833,34.7,0.0167,34.565,-45,158,-1061,237,6
75646.7,0.0333,34.7,-0.0167,34.58,-38,156,-1083,238,6
75646.8667,0.0167,34.685,-0.0,34.565,-36,156,-1086,239,6
75647.0333,0.1167,34.7,0.0667,34.595,-38,153,-1064,240,6
75647.2,0.0833,34.72,0.0333,34.595,-40,163,-1070,241,6
75647.3667,-0.0333,34.72,-0.0167,34.545,-43,158,-1071,242,6
75647.5333,-0.0333,34.7,-0.0167,34.565,-41,150,-1071,243,6
75647.7,0.1333,34.685,0.1167,34.58,-39,156,-1074,244,6
75647.8667,0.1,34.7,0.0833,34.545,-39,154,-1074,245,6
75648.0333,0.0667,34.7,0.0167,34.595,-43,141,-1068,246,6
75648.2,-0.0167,34.67,-0.0,34.565,-45,153,-1058,247,6
75648.3667,-0.0333,34.7,-0.0333,34.545,-28,164,-1076,248,6
75648.5333,0.2667,34.7,0.2667,34.565,-44,153,-1074,249,6
75648.7,0.1667,34.735,0.1833,34.58,-43,168,-1065,250,6
75648.8667,-0.05,34.685,-0.0,34.53,-80,162,-1068,251,6
75649.0333,-0.0333,34.7,-0.0167,34.58,-71,162,-1068,252,6
75649.2,-0.0667,34.7,-0.05,34.58,-55,148,-1089,253,6
75649.3667,-0.05,34.72,-0.05,34.595,-46,158,-1074,254,6
75649.5333,-0.0167,34.72,-0.0167,34.595,-37,165,-1076,255,6
75649.7,-0.05,34.7,-0.0167,34.58,-41,159,-1070,0,6
75649.8667,-0.0167,34.735,-0.0167,34.545,-35,154,-1067,1,6
75650.0333,0.0333,34.67,-0.0167,34.595,-45,164,-1077,2,6
75650.2,0.0333,34.72,-0.0,34.565,-57,152,-1079,3,6
75650.3667,-0.0167,34.685,-0.0333,34.565,-35,152,-1071,4,6
75650.5333,-0.0333,34.735,-0.0333,34.595,-42,153,-1071,5,6
75650.7,-0.0167,34.72,-0.0333,34.595,-36,159,-1071,6,6
75650.8667,-0.0333,34.735,-0.0333,34.58,-41,156,-1071,7,6
75651.0333,-0.0167,34.72,-0.0333,34.595,-33,164,-1067,8,6
75651.2,0.0333,34.7,-0.0,34.545,-33,150,-1077,9,6
75651.3667,0.0,34.735,-0.0167,34.58,-27,156,-1071,10,6
75651.5333,0.0,34.735,-0.0,34.565,-42,156,-1071,11,6
75651.7,-0.0167,34.72,-0.0333,34.58,-25,160,-1073,12,6
75651.8667,0.0,34.655,-0.0167,34.595,-64,160,-1068,13,6
75652.0333,0.0167,34.72,-0.0,34.58,-70,160,-1070,14,6
75652.2,-0.0167,34.72,-0.0333,34.58,-55,164,-1061,15,6
75652.3667,-0.0333,34.735,-0.0333,34.58,-51,153,-1070,16,6
75652.5333,-0.0333,34.685,-0.0667,34.53,-40,162,-1068,17,6
75652.7,0.0,34.7,-0.0167,34.58,-38,156,-1074,18,6
75652.8667,0.0167,34.72,-0.0167,34.61,-49,165,-1065,19,6
75653.0333,0.0167,34.72,-0.0333,34.595,-42,156,-1062,20,6
75653.2,0.0,34.735,-0.0333,34.595,-34,154,-1076,21,6
75653.3667,0.0167,34.685,-0.0167,34.545,-40,155,-1068,22,6
75653.5333,0.0167,34.685,-0.0,34.58,-40,162,-1071,23,6
75653.7,0.0333,34.7,-0.0167,34.545,-42,157,-1077,24,6
75653.8667,0.0333,34.685,-0.0,34.53,-42,155,-1073,25,6
75654.0333,0.0333,34.72,-0.0,34.58,-42,156,-1065,26,6
75654.2,0.05,34.7,-0.0,34.595,-43,153,-1064,27,6
75654.3667,0.0167,34.72,-0.0167,34.595,-27,165,-1077,28,6
75654.5333,0.0333,34.735,0.0333,34.565,-53,160,-1071,29,6
75654.7,0.0333,34.685,0.0167,34.565,-57,156,-1083,30,6
75654.8667,0.0333,34.72,-0.0,34.565,-71,162,-1065,31,6
75655.0333,0.0333,34.7,0.0167,34.58,-64,161,-1065,32,6
75655.2,0.0333,34.685,-0.0,34.565,-66,163,-1062,33,6
75655.3667,0.05,34.72,-0.0,34.545,-42,168,-1087,34,6
75655.5333,0.0333,34.72,-0.0167,34.595,-43,162,-1071,35,6
75655.7,0.05,34.685,-0.0,34.61,-36,159,-1076,36,6
75655.8667,0.0333,34.7,-0.0,34.61,-39,166,-1062,37,6
75656.0333,0.0333,34.75,-0.0,34.58,-40,150,-1076,38,6
75656.2,0.05,34.7,-0.0,34.58,-39,160,-1068,39,6
75656.3667,0.05,34.7,0.0167,34.625,-43,157,-1076,40,6
75656.5333,0.0833,34.685,0.0333,34.545,-30,156,-1071,41,6
75656.7,0.0667,34.67,0.0167,34.595,-42,164,-1071,42,6
75656.8667,0.05,34.67,-0.0,34.565,-33,151,-1068,43,6
75657.0333,0.0333,34.67,-0.0,34.545,-42,163,-1053,44,6
75657.2,0.1,34.72,0.0333,34.58,-31,156,-1074,45,6
75657.3667,0.0167,34.685,-0.0167,34.565,-34,167,-1077,46,6
75657.5333,0.0333,34.7,-0.0,34.565,-51,161,-1076,47,6
75657.7,0.0667,34.735,-0.0,34.58,-54,171,-1067,48,6
75657.8667,0.05,34.685,-0.0167,34.545,-75,162,-1059,49,6
75658.0333,0.05,34.685,-0.0,34.545,-64,165,-1062,50,6
75658.2,0.05,34.685,-0.0,34.565,-49,153,-1089,51,6
75658.3667,0.0333,34.7,-0.0167,34.595,-45,161,-1068,52,6
75658.5333,0.0667,34.7,0.0167,34.61,-34,163,-1071,53,6
75658.7,0.1167,34.67,0.0667,34.58,-33,159,-1082,54,6
75658.8667,0.1,34.7,0.0167,34.595,-33,164,-1073,55,6
75659.0333,-0.05,34.735,-0.0167,34.58,-36,162,-1080,56,6
75659.2,0.2167,34.735,0.1833,34.565,-33,162,-1079,57,6
75659.3667,0.3167,34.685,0.2667,34.58,-36,166,-1068,58,6
75659.5333,0.2,34.7,0.1833,34.565,-34,162,-1076,59,6
75659.7,-0.0167,34.72,0.0333,34.595,-40,159,-1071,60,6
75659.8667,-0.0667,34.72,-0.0167,34.595,-39,168,-1073,61,6
75660.0333,-0.2,34.72,-0.1333,34.595,-33,159,-1056,62,6
75660.2,0.2,34.735,0.2,34.565,-24,171,-1074,63,6
75660.3667,-0.1,34.72,0.0333,34.565,-45,163,-1074,64,6
75660.5333,0.25,34.735,0.25,34.58,-44,168,-1061,65,6
75660.7,-0.0667,34.72,-0.0167,34.545,-63,156,-1074,66,6
75660.8667,0.0333,34.685,-0.0167,34.58,-62,166,-1068,67,6
75661.0333,0.0333,34.67,0.1667,34.545,-52,165,-1062,68,6
75661.2,0.2167,34.7,0.2333,34.565,-42,161,-1071,69,6
75661.3667,-0.0333,34.685,-0.0667,34.545,-31,172,-1067,70,6
75661.5333,0.0333,34.7,-0.1,34.565,-31,163,-1077,71,6
75661.7,-0.1,34.7,-0.1167,34.565,-27,168,-1080,72,6
75661.8667,-0.0667,34.72,-0.05,34.58,-31,165,-1074,73,6
75662.0333,0.2167,34.685,0.1333,34.595,-24,168,-1073,74,6
75662.2,0.1833,34.72,0.0833,34.565,-22,156,-1086,75,6
75662.3667,0.0167,34.685,0.0167,34.545,-31,167,-1071,76,6
75662.5333,0.1167,34.7,0.0333,34.565,-22,169,-1065,77,6
75662.7,0.1333,34.67,0.1,34.58,-18,162,-1074,78,6
75662.8667,0.1167,34.7,0.05,34.565,-24,171,-1064,79,6
75663.0333,0.1167,34.72,0.0667,34.53,-15,165,-1074,80,6
75663.2,0.15,34.7,0.1167,34.565,21,161,-1073,81,6
75663.3667,0.1167,34.7,0.1,34.565,-24,173,-1062,82,6
75663.5333,0.1167,34.7,0.05,34.545,-18,176,-1071,83,6
75663.7,0.1167,34.7,0.05,34.565,-9,172,-1068,84,6
75663.8667,0.0333,34.7,0.05,34.58,-14,176,-1064,85,6
75664.0333,0.1,34.685,0.05,34.58,-7,171,-1070,86,6
75664.2,0.0833,34.7,0.0667,34.565,-7,175,-1076,87,6
75664.3667,0.0833,34.72,0.0333,34.565,-12,171,-1071,88,6
75664.5333,0.0833,34.72,0.05,34.58,-8,168,-1080,89,6
75664.7,0.05,34.685,0.0167,34.58,-15,169,-1071,90,6
75664.8667,0.0667,34.7,-0.0,34.565,-19,167,-1076,91,6
75665.0333,0.0667,34.685,-0.0,34.58,-21,156,-1074,92,6
75665.2,0.0667,34.735,0.0167,34.58,-24,162,-1071,93,6
75665.3667,0.0667,34.67,0.0167,34.58,-19,170,-1070,94,6
75665.5333,0.0833,34.7,0.0333,34.58,-19,173,-1071,95,6
75665.7,0.1,34.735,0.0333,34.58,-11,167,-1068,96,6
75665.8667,0.0667,34.67,0.0167,34.58,-33,169,-1076,97,6
75666.0333,0.0667,34.72,0.0167,34.595,-34,166,-1080,98,6
75666.2,0.0667,34.7,0.0333,34.565,-43,158,-1065,99,6
75666.3667,0.0833,34.735,0.0333,34.565,-55,161,-1070,100,6
75666.5333,0.0667,34.75,0.0167,34.545,-43,173,-1065,101,6
75666.7,0.0833,34.7,0.0167,34.58,-36,166,-1065,102,6
75666.8667,0.1167,34.67,0.05,34.61,-21,164,-1077,103,6
75667.0333,0.0667,34.7,0.0167,34.595,-33,173,-1068,104,6
75667.2,0.0833,34.72,0.0167,34.58,-26,165,-1071,105,6
75667.3667,0.0667,34.72,0.0167,34.565,-42,171,-1062,106,6
75667.5333,0.0667,34.685,0.0167,34.565,-30,159,-1068,107,6
75667.7,0.0667,34.685,0.0167,34.58,-30,163,-1070,108,6
75667.8667,0.0833,34.685,0.0167,34.595,-26,163,-1071,109,6
75668.0333,0.1,34.7,0.0333,34.545,-19,162,-1077,110,6
75668.2,0.0667,34.7,0.0167,34.595,-33,161,-1067,111,6
75668.3667,0.0667,34.685,0.0167,34.58,-28,164,-1070,112,6
75668.5333,0.05,34.7,-0.0,34.565,-24,177,-1059,113,6
75668.7,0.05,34.72,0.0167,34.58,-31,157,-1071,114,6
75668.8667,0.05,34.7,-0.0,34.565,-24,171,-1071,115,6
75669.0333,0.05,34.7,0.0167,34.595,-36,165,-1073,116,6
75669.2,0.1,34.72,0.0333,34.545,-30,166,-1074,117,6
75669.3667,0.05,34.7,-0.0,34.595,-62,180,-1070,118,6
75669.5333,0.0667,34.735,0.0167,34.565,-49,167,-1062,119,6
75669.7,0.05,34.735,-0.0,34.595,-41,162,-1056,120,6
75669.8667,0.05,34.72,-0.0,34.595,-33,156,-1067,121,6
75670.0333,0.0667,34.685,0.0167,34.61,-27,166,-1067,122,6
75670.2,0.0833,34.635,0.0333,34.565,-30,165,-1071,123,6
75670.3667,0.0833,34.7,0.0333,34.565,-21,162,-1067,124,6
75670.5333,0.05,34.72,0.0167,34.565,-34,174,-1074,125,6
75670.7,0.1,34.685,0.0333,34.58,-28,165,-1071,126,6
75670.8667,0.1,34.7,0.0167,34.58,-30,155,-1080,127,6
75671.0333,-0.0333,34.72,-0.05,34.545,-33,163,-1068,128,6
75671.2,0.0167,34.7,-0.0167,34.58,-30,168,-1065,129,6
75671.3667,0.0667,34.685,0.0167,34.58,-32,162,-1074,130,6
75671.5333,-0.05,34.72,-0.05,34.565,-32,172,-1077,131,6
75671.7,0.0667,34.75,0.0333,34.61,-31,168,-1065,132,6
75671.8667,0.0167,34.685,0.0167,34.565,-28,168,-1089,133,6
75672.0333,-0.1,34.685,0.05,34.595,-30,155,-1087,134,6
75672.2,0.0,34.685,0.1,34.58,-28,166,-1071,135,6
75672.3667,0.2,34.7,0.2,34.565,-23,176,-1065,136,6
75672.5333,0.2,34.7,0.2167,34.58,-24,159,-1068,137,6
75672.7,0.4667,34.72,0.4667,34.61,-15,178,-1068,138,6
75672.8667,0.35,34.7,0.2333,34.565,-13,169,-1065,139,6
75673.0333,0.1167,34.7,0.1,34.58,-18,168,-1073,140,6
75673.2,0.2167,34.735,0.1333,34.565,-17,166,-1074,141,6
75673.3667,0.0667,34.7,0.0667,34.58,-27,174,-1059,142,6
75673.5333,0.1167,34.735,0.2,34.545,-24,169,-1068,143,6
75673.7,-0.3,34.72,-0.2833,34.565,-19,165,-1077,144,6
75673.8667,-0.1167,34.7,-0.05,34.58,-21,165,-1067,145,6
75674.0333,-0.0833,34.685,-0.0667,34.595,-22,160,-1068,146,6
75674.2,0.0667,34.7,0.0667,34.595,-24,165,-1076,147,6
75674.3667,0.15,34.7,0.1333,34.565,-24,171,-1065,148,6
75674.5333,0.1,34.685,0.0167,34.58,-27,169,-1092,149,6
75674.7,0.05,34.735,0.0167,34.595,-22,162,-1071,150,6
75674.8667,0.1167,34.7,0.0667,34.565,-33,160,-1067,151,6
75675.0333,0.1833,34.7,0.1167,34.58,-39,158,-1071,152,6
75675.2,0.1167,34.735,0.1,34.565,-43,162,-1076,153,6
75675.3667,0.1167,34.72,0.05,34.565,-49,164,-1067,154,6
75675.5333,0.1,34.685,0.0333,34.565,-53,170,-1062,155,6
75675.7,0.1,34.7,0.0333,34.58,-38,171,-1067,156,6
75675.8667,0.1333,34.685,0.05,34.58,-27,163,-1080,157,6
75676.0333,0.1167,34.72,0.05,34.545,-31,170,-1083,158,6
75676.2,0.1167,34.72,0.0333,34.565,-28,162,-1065,159,6
75676.3667,0.0333,34.7,0.0333,34.58,-33,164,-1070,160,6
75676.5333,0.0333,34.735,-0.0167,34.53,-35,165,-1077,161,6
75676.7,0.0667,34.72,-0.0,34.545,-24,162,-1076,162,6
75676.8667,0.1,34.735,0.05,34.565,-33,150,-1071,163,6
75677.0333,0.0833,34.685,0.0333,34.58,-32,161,-1076,164,6
75677.2,0.0333,34.685,0.0167,34.58,-36,155,-1059,165,6
75677.3667,0.05,34.7,0.0333,34.58,-30,161,-1082,166,6
75677.5333,0.0167,34.72,-0.0,34.58,-30,166,-1071,167,6
75677.7,0.0,34.72,-0.0167,34.595,-40,157,-1065,168,6
75677.8667,0.0333,34.685,-0.0,34.595,-44,167,-1074,169,6
75678.0333,0.0667,34.7,0.0167,34.565,-52,160,-1071,170,6
75678.2,0.0667,34.7,0.05,34.595,-138,167,-1086,171,6
75678.3667,0.0,34.685,-0.0,34.58,-65,167,-1065,172,6
75678.5333,0.0167,34.685,-0.0167,34.565,-57,142,-1059,173,6
75678.7,0.05,34.72,-0.0,34.58,-39,163,-1077,174,6
75678.8667,0.0167,34.685,-0.0167,34.61,-31,173,-1059,175,6
75679.0333,0.05,34.685,-0.0,34.545,-30,162,-1065,176,6
75679.2,0.0333,34.685,-0.0,34.565,-27,171,-1071,177,6
75679.3667,0.05,34.72,-0.0,34.565,-23,163,-1061,178,6
75679.5333,0.0667,34.7,0.0167,34.58,-26,169,-1067,179,6
75679.7,0.0667,34.72,0.0167,34.595,-25,160,-1077,180,6
75679.8667,0.05,34.72,-0.0,34.565,-30,166,-1074,181,6
75680.0333,0.05,34.7,-0.0,34.58,-38,165,-1068,182,6
75680.2,0.0667,34.7,0.0167,34.58,-36,159,-1079,183,6
75680.3667,0.05,34.7,0.0167,34.595,-32,158,-1070,184,6
75680.5333,0.0667,34.685,0.0167,34.545,-36,165,-1068,185,6
75680.7,0.0667,34.7,0.0333,34.53,-35,155,-1068,186,6
75680.8667,0.0833,34.685,0.0333,34.595,-30,171,-1059,187,6
75681.0333,0.05,34.685,-0.0,34.595,-27,162,-1074,188,6
75681.2,0.0833,34.72,0.0167,34.565,-38,170,-1064,189,6
75681.3667,0.0833,34.685,0.0167,34.565,-36,150,-1086,190,6
75681.5333,0.05,34.72,0.0333,34.565,-52,162,-1076,191,6
75681.7,0.0667,34.7,0.0167,34.565,-57,159,-1083,192,6
75681.8667,0.0833,34.685,0.0333,34.58,-57,156,-1068,193,6
75682.0333,0.0833,34.7,0.0167,34.565,-47,161,-1068,194,6
75682.2,0.0833,34.7,0.0167,34.58,-42,159,-1070,195,6
75682.3667,0.0667,34.7,0.0167,34.58,-36,153,-1080,196,6
75682.5333,0.0667,34.685,-0.0,34.595,-42,163,-1071,197,6
75682.7,0.0667,34.685,0.0167,34.58,-34,159,-1062,198,6
75682.8667,0.0333,34.72,-0.0,34.545,-38,156,-1068,199,6
75683.0333,0.0667,34.7,-0.0,34.595,-30,165,-1068,200,6
75683.2,0.1167,34.685,0.0333,34.545,-36,156,-1077,201,6
75683.3667,0.1,34.67,0.0167,34.58,-42,156,-1071,202,6
75683.5333,-0.0167,34.72,-0.05,34.595,-41,146,-1062,203,6
75683.7,0.0,34.72,-0.0167,34.58,-44,149,-1074,204,6
75683.8667,0.05,34.7,0.0333,34.595,-38,161,-1067,205,6
75684.0333,0.1667,34.72,0.0833,34.565,-33,162,-1080,206,6
75684.2,0.1,34.7,-0.0,34.58,-33,156,-1079,207,6
75684.3667,0.0167,34.735,0.0333,34.595,-30,163,-1059,208,6
75684.5333,0.0,34.685,-0.0167,34.565,-60,156,-1064,209,6
75684.7,-0.15,34.67,-0.0333,34.595,-63,167,-1098,210,6
75684.8667,0.1833,34.735,0.3333,34.565,-66,159,-1068,211,6
75685.0333,-0.1,34.72,0.0167,34.565,-58,165,-1061,212,6
75685.2,0.4167,34.685,0.3333,34.58,-45,158,-1073,213,6
75685.3667,0.0833,34.7,0.0167,34.595,-46,168,-1061,214,6
75685.5333,0.1,34.72,0.1333,34.545,-44,159,-1080,215,6
75685.7,0.1167,34.685,0.0667,34.565,-51,159,-1073,216,6
75685.8667,0.3,34.7,0.15,34.61,-33,152,-1073,217,6
75686.0333,0.3,34.685,0.2667,34.58,-36,168,-1065,218,6
75686.2,-0.2833,34.7,-0.1333,34.595,-75,151,-1076,219,6
75686.3667,0.1333,34.685,0.0667,34.545,-42,160,-1074,220,6
75686.5333,0.25,34.72,0.1,34.595,-53,163,-1067,221,6
75686.7,0.2167,34.67,0.2,34.58,-44,157,-1068,222,6
75686.8667,-0.05,34.7,-0.05,34.565,-33,158,-1077,223,6
75687.0333,0.0,34.7,-0.0333,34.595,-49,162,-1070,224,6
75687.2,0.2333,34.72,0.0833,34.53,-45,152,-1071,225,6
75687.3667,0.1667,34.7,0.1333,34.595,-30,164,-1077,226,6
75687.5333,0.1333,34.735,0.0333,34.595,-44,158,-1073,227,6
75687.7,0.2,34.735,0.1333,34.565,-51,164,-1074,228,6
75687.8667,0.15,34.7,0.1167,34.595,-59,170,-1071,229,6
75688.0333,0.1167,34.685,0.0667,34.58,-51,157,-1071,230,6
75688.2,0.1167,34.7,0.05,34.58,-46,144,-1073,231,6
75688.3667,0.1167,34.685,0.05,34.565,-49,153,-1068,232,6
75688.5333,0.1167,34.72,0.05,34.565,-38,159,-1074,233,6
75688.7,0.1167,34.7,0.05,34.58,-35,149,-1080,234,6
75688.8667,0.0833,34.735,-0.0,34.58,-37,162,-1065,235,6
75689.0333,0.0667,34.7,0.0167,34.58,-42,150,-1073,236,6
75689.2,0.0833,34.72,-0.0,34.565,-47,155,-1077,237,6
75689.3667,0.0833,34.735,0.0333,34.565,-45,162,-1070,238,6
75689.5333,0.0833,34.685,-0.0167,34.565,-42,159,-1070,239,6
75689.7,0.0833,34.685,0.0167,34.565,-35,158,-1079,240,6
75689.8667,0.0333,34.685,-0.0167,34.545,-48,161,-1082,241,6
75690.0333,0.0167,34.685,-0.0,34.595,-60,152,-1071,242,6
75690.2,0.0167,34.72,-0.0167,34.565,-61,165,-1064,243,6
75690.3667,0.0333,34.7,-0.0,34.58,-72,156,-1070,244,6
75690.5333,0.0667,34.685,0.0167,34.61,-59,163,-1070,245,6
75690.7,0.0333,34.685,-0.0,34.595,-62,168,-1065,246,6
75690.8667,0.05,34.72,0.0167,34.565,-45,157,-1070,247,6
75691.0333,0.0333,34.7,-0.0,34.595,-54,147,-1071,248,6
75691.2,0.0333,34.7,0.0167,34.565,-45,140,-1074,249,6
75691.3667,0.0333,34.735,-0.0,34.565,-37,158,-1068,250,6
75691.5333,0.05,34.72,0.0167,34.565,-34,158,-1076,251,6
75691.7,0.0833,34.685,0.0667,34.58,-42,169,-1068,252,6
75691.8667,0.05,34.72,0.0167,34.565,-36,159,-1071,253,6
75692.0333,0.0667,34.655,0.0167,34.565,-33,159,-1074,254,6
75692.2,0.05,34.72,0.0167,34.595,-41,162,-1071,255,6
75692.3667,0.05,34.685,-0.0,34.58,-38,163,-1068,0,6
75692.5333,0.0333,34.72,0.0167,34.565,-31,156,-1073,1,6
75692.7,0.0167,34.7,-0.0167,34.58,-37,164,-1082,2,6
75692.8667,0.0333,34.72,-0.0167,34.565,-37,157,-1070,3,6
75693.0333,0.05,34.72,-0.0,34.565,-37,156,-1073,4,6
75693.2,0.05,34.685,-0.0,34.565,-42,156,-1071,5,6
75693.3667,0.0833,34.685,-0.0,34.53,-31,153,-1073,6,6
75693.5333,0.0833,34.655,0.0333,34.565,-40,158,-1070,7,6
75693.7,0.05,34.685,-0.0,34.58,-37,159,-1074,8,6
75693.8667,0.05,34.685,-0.0,34.545,-51,145,-1062,9,6
75694.0333,0.0333,34.72,0.0167,34.595,-51,147,-1067,10,6
75694.2,0.05,34.7,-0.0,34.545,-60,161,-1062,11,6
75694.3667,0.0667,34.7,0.0167,34.595,-63,153,-1067,12,6
75694.5333,0.05,34.7,-0.0,34.565,-63,163,-1071,13,6
75694.7,0.1,34.7,0.0333,34.58,-60,153,-1074,14,6
75694.8667,0.0667,34.685,0.0167,34.565,-50,156,-1074,15,6
75695.0333,0.05,34.72,0.0167,34.545,-47,160,-1070,16,6
75695.2,0.05,34.685,-0.0,34.58,-51,158,-1062,17,6
75695.3667,0.0667,34.685,-0.0,34.595,-49,156,-1067,18,6
75695.5333,0.0667,34.67,0.0167,34.58,-35,149,-1080,19,6
75695.7,0.0667,34.685,-0.0,34.565,-48,149,-1068,20,6
75695.8667,0.0833,34.72,0.0333,34.565,-47,156,-1070,21,6
75696.0333,0.1,34.685,0.0167,34.53,-51,151,-1074,22,6
75696.2,-0.0333,34.685,-0.05,34.565,-45,153,-1079,23,6
75696.3667,0.0167,34.7,0.05,34.545,-48,148,-1071,24,6
75696.5333,0.2833,34.7,0.3,34.565,-39,152,-1070,25,6
75696.7,0.4833,34.655,0.4667,34.565,-46,166,-1068,26,6
75696.8667,0.3,34.685,0.35,34.595,-60,148,-1076,27,6
75697.0333,0.1,34.7,0.0667,34.545,-61,163,-1070,28,6
75697.2,0.0833,34.7,0.15,34.545,-66,149,-1062,29,6
75697.3667,-0.1,34.7,-0.0333,34.595,-56,155,-1073,30,6
75697.5333,-0.25,34.7,-0.2167,34.58,-47,149,-1074,31,6
75697.7,0.1667,34.7,0.15,34.565,-43,154,-1073,32,6
75697.8667,-0.0167,34.7,-0.0,34.595,-45,159,-1068,33,6
75698.0333,0.1167,34.7,0.1167,34.545,-33,165,-1064,34,6
75698.2,0.25,34.685,0.1667,34.545,-36,153,-1071,35,6
75698.3667,-0.3667,34.7,-0.0333,34.58,-49,156,-1067,36,6
75698.5333,-0.2167,34.72,-0.15,34.61,-44,155,-1068,37,6
75698.7,0.0333,34.67,-0.0,34.58,-45,159,-1071,38,6
75698.8667,-0.1667,34.72,-0.0833,34.58,-47,151,-1073,39,6
75699.0333,0.0333,34.7,0.0833,34.545,-40,156,-1071,40,6
75699.2,-0.1667,34.7,-0.0667,34.565,-48,154,-1077,41,6
75699.3667,0.0167,34.72,0.0833,34.565,-45,150,-1070,42,6
75699.5333,0.0333,34.7,-0.0167,34.53,-51,155,-1062,43,6
75699.7,0.1167,34.72,0.0667,34.595,-45,164,-1076,44,6
75699.8667,0.1,34.72,0.0167,34.545,3,149,-1077,45,6
75700.0333,-0.1333,34.72,-0.0833,34.58,-54,153,-1087,46,6
75700.2,0.0167,34.7,0.0167,34.58,-60,150,-1071,47,6
75700.3667,0.1167,34.685,0.05,34.565,-65,151,-1068,48,6
75700.5333,0.0833,34.7,0.0333,34.61,-66,153,-1076,49,6
75700.7,0.1,34.685,0.0167,34.595,-59,156,-1071,50,6
75700.8667,0.0833,34.72,0.0333,34.565,-45,152,-1086,51,6
75701.0333,0.0833,34.67,0.0167,34.545,-46,153,-1077,52,6
75701.2,0.0833,34.72,0.0333,34.58,-43,148,-1058,53,6
75701.3667,0.1,34.67,0.05,34.565,-49,144,-1070,54,6
75701.5333,0.0833,34.735,0.0333,34.565,-45,156,-1067,55,6
75701.7,0.1,34.7,0.0333,34.545,-52,153,-1074,56,6
75701.8667,0.1333,34.685,0.0667,34.61,-43,155,-1073,57,6
75702.0333,0.1167,34.685,0.0667,34.565,-55,151,-1067,58,6
75702.2,0.1,34.735,0.0333,34.545,-51,147,-1073,59,6
75702.3667,0.1,34.67,0.0333,34.595,-48,152,-1071,60,6
75702.5333,0.1,34.685,0.05,34.565,-53,141,-1071,61,6
75702.7,0.1,34.7,0.05,34.58,-37,157,-1082,62,6
75702.8667,0.1333,34.685,0.0667,34.58,-44,154,-1074,63,6
75703.0333,0.1333,34.72,0.0667,34.565,-37,151,-1074,64,6
75703.2,0.1167,34.72,0.0667,34.545,-59,168,-1070,65,6
75703.3667,0.1,34.685,0.0333,34.545,-65,150,-1076,66,6
75703.5333,0.0833,34.685,0.0333,34.565,-83,162,-1053,67,6
75703.7,0.0667,34.685,0.0167,34.595,-81,150,-1071,68,6
75703.8667,0.0333,34.735,-0.0,34.565,-70,156,-1065,69,6
75704.0333,0.05,34.67,0.0167,34.565,-54,152,-1070,70,6
75704.2,0.0667,34.72,0.0333,34.545,-62,159,-1071,71,6
75704.3667,0.0667,34.685,-0.0,34.545,-51,138,-1061,72,6
75704.5333,0.0333,34.685,-0.0,34.545,-51,149,-1074,73,6
75704.7,0.0333,34.685,-0.0,34.545,-48,146,-1083,74,6
75704.8667,0.0333,34.7,-0.0167,34.565,-52,150,-1074,75,6
75705.0333,0.0333,34.685,-0.0,34.545,-51,151,-1068,76,6
75705.2,0.0333,34.72,-0.0,34.53,-51,151,-1076,77,6
75705.3667,0.0167,34.72,-0.0,34.58,-55,156,-1065,78,6
75705.5333,0.05,34.7,-0.05,34.545,-59,130,-1062,79,6
75705.7,0.1,34.7,-0.0167,34.545,-50,154,-1071,80,6
75705.8667,0.0333,34.7,-0.0,34.545,-49,144,-1095,81,6
75706.0333,0.05,34.685,-0.0,34.58,-63,141,-1071,82,6
75706.2,0.0333,34.7,-0.0,34.565,-63,150,-1067,83,6
75706.3667,0.0333,34.72,-0.0,34.545,-78,150,-1071,84,6
75706.5333,0.05,34.7,-0.0,34.565,-84,162,-1059,85,6
75706.7,0.0333,34.72,-0.0,34.565,-72,138,-1074,86,6
75706.8667,0.0333,34.7,-0.0167,34.545,-60,154,-1073,87,6
75707.0333,0.0333,34.67,-0.0,34.545,-60,153,-1062,88,6
75707.2,0.0333,34.685,-0.0,34.565,-51,149,-1068,89,6
75707.3667,0.0167,34.72,-0.0,34.58,-45,156,-1077,90,6
75707.5333,0.05,34.685,-0.0,34.58,-49,152,-1071,91,6
75707.7,0.0667,34.685,-0.0,34.565,-42,150,-1080,92,6
75707.8667,0.0667,34.685,0.0167,34.565,-58,156,-1077,93,6
75708.0333,0.05,34.685,-0.0,34.565,-53,147,-1076,94,6
75708.2,0.0833,34.67,0.0333,34.545,-51,147,-1065,95,6
75708.3667,0.0333,34.7,0.0167,34.565,-46,135,-1074,96,6
75708.5333,0.0,34.685,-0.0333,34.545,-21,156,-1074,97,6
75708.7,-0.0833,34.72,-0.0833,34.58,-33,151,-1064,98,6
75708.8667,-0.0167,34.72,0.0333,34.58,-30,156,-1067,99,6
75709.0333,0.1667,34.685,0.15,34.58,-42,144,-1080,100,6
75709.2,0.1167,34.685,0.0667,34.545,-39,150,-1073,101,6
75709.3667,0.1333,34.685,0.0333,34.545,-50,153,-1074,102,6
75709.5333,-0.0333,34.7,-0.0,34.58,-45,156,-1062,103,6
75709.7,-0.0667,34.7,-0.0167,34.565,-51,151,-1073,104,6
75709.8667,-0.0333,34.685,-0.0333,34.545,-49,152,-1074,105,6
75710.0333,-0.0833,34.685,-0.1167,34.565,-50,152,-1070,106,6
75710.2,-0.1833,34.685,-0.0,34.565,-52,153,-1077,107,6
75710.3667,-0.25,34.685,-0.3833,34.53,-51,145,-1077,108,6
75710.5333,0.45,34.7,0.45,34.58,-44,155,-1062,109,6
75710.7,0.3833,34.655,0.2833,34.565,-46,132,-1083,110,6
75710.8667,-0.05,34.67,-0.0667,34.58,-57,147,-1070,111,6
75711.0333,0.0667,34.685,0.0333,34.53,-64,156,-1059,112,6
75711.2,0.0667,34.7,0.1333,34.58,-75,136,-1067,113,6
75711.3667,-0.0167,34.685,-0.0,34.595,-79,159,-1068,114,6
75711.5333,-0.0667,34.72,-0.1333,34.545,-79,149,-1074,115,6
75711.7,0.15,34.67,0.1833,34.545,-73,158,-1059,116,6
75711.8667,0.0833,34.735,0.1833,34.565,-68,136,-1080,117,6
75712.0333,0.0833,34.67,-0.1167,34.595,-56,146,-1071,118,6
75712.2,0.1667,34.685,0.0833,34.565,-53,145,-1070,119,6
75712.3667,0.1167,34.685,0.05,34.565,-51,135,-1071,120,6
75712.5333,0.0667,34.67,0.0833,34.545,-51,148,-1084,121,6
75712.7,0.1167,34.7,0.0667,34.565,-59,147,-1074,122,6
75712.8667,0.1333,34.685,0.0833,34.58,-64,153,-1068,123,6
75713.0333,0.0833,34.685,0.0167,34.61,-61,148,-1068,124,6
75713.2,0.1,34.685,0.05,34.595,-53,146,-1071,125,6
75713.3667,0.1,34.685,0.05,34.565,-57,138,-1087,126,6
75713.5333,0.0667,34.7,0.0333,34.545,-52,141,-1065,127,6
75713.7,0.0833,34.67,0.0333,34.595,-47,146,-1086,128,6
75713.8667,0.0667,34.685,0.0333,34.58,-56,148,-1073,129,6
75714.0333,0.0833,34.72,0.0167,34.565,-57,132,-1083,130,6
75714.2,0.0833,34.7,0.0333,34.545,-83,146,-1077,131,6
75714.3667,0.1,34.685,0.0333,34.58,-76,153,-1073,132,6
75714.5333,0.1167,34.7,0.0333,34.565,-78,145,-1073,133,6
75714.7,0.1333,34.7,0.0333,34.545,-54,156,-1077,134,6
75714.8667,0.1167,34.7,0.05,34.565,-62,150,-1074,135,6
75715.0333,0.1,34.72,0.05,34.565,-63,148,-1068,136,6
75715.2,0.1,34.67,0.0667,34.565,-56,156,-1076,137,6
75715.3667,0.1167,34.7,0.0667,34.58,-58,141,-1073,138,6
75715.5333,0.1,34.685,0.0333,34.595,-57,147,-1071,139,6
75715.7,0.1,34.7,0.05,34.58,-60,144,-1077,140,6
75715.8667,0.1,34.7,0.05,34.545,-65,148,-1071,141,6
75716.0333,0.0667,34.7,0.0167,34.545,-63,138,-1068,142,6
75716.2,0.0667,34.685,0.0167,34.58,-63,141,-1074,143,6
75716.3667,0.0667,34.735,-0.0,34.565,-54,144,-1074,144,6
75716.5333,0.0833,34.685,0.0333,34.565,-58,156,-1074,145,6
75716.7,0.0667,34.685,-0.0,34.545,-54,141,-1071,146,6
75716.8667,0.05,34.7,0.0167,34.545,-69,141,-1079,147,6
75717.0333,0.05,34.7,0.0167,34.565,-85,143,-1074,148,6
75717.2,0.0667,34.7,0.0167,34.58,-83,142,-1065,149,6
75717.3667,0.0667,34.7,-0.0,34.545,-75,150,-1073,150,6
75717.5333,0.0833,34.655,0.0333,34.565,-64,147,-1071,151,6
75717.7,0.0667,34.7,0.0333,34.58,-54,149,-1068,152,6
75717.8667,0.0667,34.67,0.0333,34.565,-63,152,-1077,153,6
75718.0333,0.0667,34.7,0.0167,34.545,-63,142,-1074,154,6
75718.2,0.05,34.67,-0.0167,34.595,-64,135,-1059,155,6
75718.3667,0.0667,34.72,0.0333,34.545,-66,138,-1074,156,6
75718.5333,0.0667,34.7,0.0167,34.565,-59,147,-1068,157,6
75718.7,0.0833,34.67,0.0167,34.61,-60,146,-1074,158,6
75718.8667,0.1,34.685,0.05,34.58,-52,153,-1071,159,6
75719.0333,0.1,34.685,0.0333,34.545,-63,152,-1074,160,6
75719.2,0.05,34.67,-0.0,34.565,-53,145,-1079,161,6
75719.3667,0.0667,34.72,0.0167,34.565,-51,141,-1083,162,6
75719.5333,0.05,34.7,-0.0,34.595,-70,140,-1071,163,6
75719.7,0.0667,34.685,0.0167,34.565,-75,151,-1065,164,6
75719.8667,0.05,34.655,0.0167,34.545,-90,147,-1080,165,6
75720.0333,0.0833,34.67,0.0333,34.565,-85,143,-1068,166,6
75720.2,0.0667,34.7,-0.0167,34.58,-74,141,-1070,167,6
75720.3667,0.0667,34.67,0.0167,34.565,-60,147,-1079,168,6
75720.5333,0.05,34.75,-0.0,34.58,-66,151,-1062,169,6
75720.7,0.0667,34.655,0.0167,34.545,-60,149,-1076,170,6
75720.8667,0.0833,34.685,0.0333,34.58,-63,146,-1070,171,6
75721.0333,0.1333,34.7,0.05,34.545,-65,149,-1062,172,6
75721.2,0.1,34.735,0.0333,34.545,-60,138,-1071,173,6
75721.3667,-0.05,34.685,-0.0333,34.565,-62,150,-1064,174,6
75721.5333,-0.1167,34.7,-0.0833,34.565,-66,141,-1074,175,6
75721.7,-0.0833,34.685,-0.0167,34.545,-60,153,-1073,176,6
75721.8667,0.1,34.7,0.1,34.565,-66,147,-1074,177,6
75722.0333,0.0667,34.7,-0.0167,34.545,-52,154,-1083,178,6
75722.2,0.0667,34.7,0.15,34.565,-63,131,-1076,179,6
75722.3667,0.35,34.685,0.1833,34.545,-81,150,-1077,180,6
75722.5333,0.1833,34.7,0.1167,34.565,-93,146,-1071,181,6
75722.7,0.2333,34.685,0.3833,34.58,-92,147,-1065,182,6
75722.8667,-0.0667,34.7,0.0667,34.565,-92,149,-1071,183,6
75723.0333,-0.1,34.685,-0.0,34.58,-56,137,-1062,184,6
75723.2,-0.1833,34.685,-0.0833,34.565,-64,149,-1074,185,6
75723.3667,0.1167,34.7,0.05,34.58,-66,149,-1080,186,6
75723.5333,0.0167,34.72,-0.1,34.595,-56,153,-1061,187,6
75723.7,0.1667,34.72,0.0667,34.545,-58,138,-1071,188,6
75723.8667,0.1,34.685,0.0667,34.595,-55,156,-1093,189,6
75724.0333,-0.0333,34.72,-0.0833,34.595,-53,138,-1068,190,6
75724.2,-0.05,34.685,-0.0,34.565,-51,141,-1074,191,6
75724.3667,-0.0167,34.67,-0.0167,34.58,-45,145,-1071,192,6
75724.5333,0.1167,34.7,0.0333,34.565,-19,147,-1070,193,6
75724.7,0.05,34.7,0.0167,34.58,-33,146,-1071,194,6
75724.8667,0.1167,34.67,0.05,34.545,-50,146,-1077,195,6
75725.0333,0.0333,34.67,-0.0,34.58,-50,138,-1068,196,6
75725.2,0.0,34.685,0.0167,34.565,-51,147,-1076,197,6
75725.3667,0.0333,34.72,0.0333,34.58,-48,153,-1073,198,6
75725.5333,0.0333,34.72,0.0333,34.58,-48,136,-1087,199,6
75725.7,0.0167,34.7,0.0167,34.53,-53,144,-1071,200,6
75725.8667,0.0333,34.72,-0.0,34.595,-54,141,-1071,201,6
75726.0333,0.0333,34.67,0.0167,34.565,-59,145,-1065,202,6
75726.2,0.0,34.685,0.0167,34.565,-54,139,-1070,203,6
75726.3667,-0.0167,34.7,-0.0,34.53,-59,146,-1071,204,6
75726.5333,-0.0167,34.685,-0.0167,34.58,-53,145,-1084,205,6
75726.7,-0.0167,34.7,-0.0333,34.595,-54,144,-1059,206,6
75726.8667,-0.0167,34.685,-0.0167,34.53,-63,130,-1073,207,6
75727.0333,-0.0333,34.67,-0.0167,34.58,-70,141,-1074,208,6
75727.2,0.0,34.72,-0.0,34.58,-75,141,-1077,209,6
75727.3667,0.0167,34.7,-0.0,34.565,-71,149,-1073,210,6
75727.5333,0.0167,34.685,-0.0,34.545,-74,146,-1070,211,6
75727.7,0.0167,34.7,-0.0333,34.58,-64,144,-1076,212,6
75727.8667,0.0167,34.685,-0.0167,34.545,-60,144,-1064,213,6
75728.0333,-0.0167,34.685,-0.0167,34.545,-63,131,-1074,214,6
75728.2,0.0167,34.67,-0.0333,34.595,-60,147,-1073,215,6
75728.3667,0.0333,34.7,-0.0,34.545,-63,139,-1074,216,6
75728.5333,0.05,34.72,0.0167,34.565,-59,149,-1079,217,6
75728.7,0.0333,34.685,-0.0,34.58,-69,142,-1077,218,6
75728.8667,0.05,34.685,0.0167,34.58,-63,135,-1077,219,6
75729.0333,0.0333,34.685,-0.0,34.565,-68,140,-1059,220,6
75729.2,0.0667,34.685,0.0167,34.58,-66,131,-1074,221,6
75729.3667,0.0667,34.7,0.0167,34.545,-52,147,-1077,222,6
75729.5333,0.05,34.67,0.0167,34.58,-58,141,-1065,223,6
75729.7,0.1,34.685,0.05,34.545,-54,144,-1074,224,6
75729.8667,0.0667,34.655,0.0333,34.565,-74,157,-1083,225,6
75730.0333,0.0667,34.67,0.0167,34.545,-65,141,-1079,226,6
75730.2,0.05,34.685,-0.0,34.545,-89,153,-1062,227,6
75730.3667,0.05,34.72,0.0167,34.565,-87,131,-1071,228,6
75730.5333,0.0333,34.67,-0.0,34.565,-75,145,-1065,229,6
75730.7,0.0667,34.655,0.0167,34.58,-60,138,-1076,230,6
75730.8667,0.0667,34.685,0.0167,34.565,-70,148,-1071,231,6
75731.0333,0.0667,34.7,-0.0,34.53,-64,129,-1067,232,6
75731.2,0.05,34.72,-0.0,34.565,-62,138,-1071,233,6
75731.3667,0.0667,34.685,0.0167,34.545,-61,135,-1083,234,6
75731.5333,0.05,34.7,-0.0,34.58,-71,138,-1071,235,6
75731.7,0.0833,34.685,0.0167,34.58,-66,138,-1068,236,6
75731.8667,0.0833,34.635,0.0167,34.595,-66,140,-1077,237,6
75732.0333,0.0667,34.7,0.0167,34.545,-66,137,-1073,238,6
75732.2,0.05,34.7,-0.0167,34.565,-71,147,-1058,239,6
75732.3667,0.0333,34.685,-0.0167,34.545,-54,144,-1077,240,6
75732.5333,0.0333,34.685,-0.0,34.595,-66,140,-1068,241,6
75732.7,0.0167,34.685,-0.0167,34.565,-79,147,-1073,242,6
75732.8667,0.05,34.685,0.0167,34.565,-81,135,-1071,243,6
75733.0333,0.05,34.7,0.0167,34.58,-78,145,-1068,244,6
75733.2,0.0833,34.7,0.0333,34.545,-84,141,-1073,245,6
75733.3667,0.0333,34.72,-0.0167,34.595,-78,145,-1068,246,6
75733.5333,0.0167,34.7,-0.0167,34.58,-65,139,-1080,247,6
75733.7,0.0167,34.685,-0.0,34.595,-61,132,-1077,248,6
75733.8667,0.0167,34.655,-0.0167,34.545,-60,146,-1065,249,6
75734.0333,-0.0333,34.735,-0.05,34.565,-62,142,-1082,250,6
75734.2,0.1167,34.7,0.1,34.545,-69,137,-1071,251,6
75734.3667,0.1833,34.685,0.1667,34.565,-66,144,-1065,252,6
75734.5333,0.0833,34.685,0.05,34.53,-72,140,-1080,253,6
75734.7,-0.0833,34.72,-0.05,34.58,-60,137,-1077,254,6
75734.8667,0.25,34.685,0.2833,34.545,-60,129,-1073,255,6
75735.0333,0.1833,34.655,0.2167,34.545,-62,145,-1071,0,6
75735.2,0.2,34.7,0.15,34.58,-54,147,-1089,1,6
75735.3667,0.1667,34.67,0.1,34.545,-68,144,-1080,2,6
75735.5333,0.0167,34.7,0.0833,34.565,-69,134,-1079,3,6
75735.7,-0.0833,34.685,0.05,34.545,-74,144,-1064,4,6
75735.8667,-0.05,34.67,-0.0,34.58,-69,140,-1071,5,6
75736.0333,0.05,34.72,-0.0,34.565,-84,132,-1067,6,6
75736.2,0.0333,34.67,0.0333,34.565,-75,145,-1071,7,6
75736.3667,0.05,34.7,-0.0,34.58,-64,141,-1079,8,6
75736.5333,-0.0333,34.67,-0.0167,34.565,-66,141,-1073,9,6
75736.7,0.0833,34.685,0.0333,34.545,-63,147,-1070,10,6
75736.8667,0.0833,34.67,-0.0,34.545,-66,143,-1061,11,6
75737.0333,-0.0167,34.7,-0.05,34.58,-59,141,-1073,12,6
75737.2,0.0,34.685,-0.0167,34.545,-62,147,-1086,13,6
75737.3667,0.0333,34.685,-0.0167,34.545,-63,143,-1064,14,6
75737.5333,0.0667,34.685,0.0167,34.595,-63,138,-1077,15,6
75737.7,0.05,34.67,-0.0,34.565,-66,141,-1082,16,6
75737.8667,0.0333,34.685,-0.0,34.565,-70,150,-1064,17,6
75738.0333,0.0333,34.635,-0.0,34.565,-68,134,-1062,18,6
75738.2,0.0167,34.7,-0.0167,34.545,-60,146,-1077,19,6
75738.3667,0.0333,34.67,-0.0,34.545,-68,138,-1083,20,6
75738.5333,0.0333,34.7,-0.0167,34.58,-93,153,-1068,21,6
75738.7,-0.05,34.67,-0.0333,34.58,-69,134,-1070,22,6
75738.8667,-0.05,34.655,-0.0167,34.58,-71,141,-1077,23,6
75739.0333,-0.05,34.655,-0.05,34.545,-55,148,-1067,24,6
75739.2,-0.0833,34.685,-0.0833,34.565,-61,154,-1074,25,6
75739.3667,-0.05,34.72,-0.0833,34.565,-51,145,-1074,26,6
75739.5333,-0.0167,34.7,-0.05,34.625,-47,145,-1068,27,6
75739.7,-0.0167,34.67,-0.05,34.565,-51,147,-1071,28,6
75739.8667,-0.0167,34.685,-0.0333,34.565,-50,142,-1082,29,6
75740.0333,0.0,34.7,-0.0167,34.58,-58,143,-1071,30,6
75740.2,0.0167,34.67,-0.0,34.545,-60,147,-1077,31,6
75740.3667,0.0167,34.67,-0.0167,34.545,-65,143,-1062,32,6
75740.5333,0.0333,34.685,-0.0167,34.595,-60,143,-1073,33,6
75740.7,0.0667,34.7,0.0167,34.58,-58,141,-1079,34,6
75740.8667,0.0667,34.67,-0.0,34.545,-58,141,-1068,35,6
75741.0333,0.1167,34.7,0.05,34.545,-54,145,-1083,36,6
75741.2,0.0833,34.685,0.0333,34.58,-55,140,-1062,37,6
75741.3667,0.0667,34.7,0.0167,34.58,-56,144,-1077,38,6
75741.5333,0.05,34.685,-0.0,34.58,-71,150,-1061,39,6
75741.7,0.05,34.67,0.0167,34.545,-75,142,-1074,40,6
75741.8667,0.05,34.655,0.0167,34.565,-81,138,-1071,41,6
75742.0333,0.05,34.67,-0.0,34.565,-73,137,-1068,42,6
75742.2,0.0667,34.685,0.0167,34.565,-68,141,-1074,43,6
75742.3667,0.0667,34.685,0.0167,34.58,-60,142,-1077,44,6
75742.5333,0.0833,34.685,0.0333,34.58,-64,146,-1074,45,6
75742.7,0.05,34.7,-0.0,34.545,-66,145,-1062,46,6
75742.8667,0.0667,34.685,0.0167,34.53,-60,144,-1071,47,6
75743.0333,0.0667,34.685,0.0167,34.545,-64,146,-1092,48,6
75743.2,0.0667,34.67,-0.0,34.58,-59,144,-1068,49,6
75743.3667,0.0833,34.685,0.0333,34.58,-61,144,-1071,50,6
75743.5333,0.1,34.7,0.0333,34.595,-65,140,-1071,51,6
75743.7,0.0833,34.72,0.0167,34.565,-58,154,-1071,52,6
75743.8667,0.1167,34.7,0.0667,34.595,-60,132,-1093,53,6
75744.0333,0.05,34.67,0.0167,34.565,-53,147,-1074,54,6
75744.2,0.0833,34.655,0.0167,34.565,-66,146,-1062,55,6
75744.3667,0.0833,34.735,0.0333,34.545,-70,141,-1071,56,6
75744.5333,0.0667,34.685,0.0167,34.58,-72,151,-1074,57,6
75744.7,0.1,34.7,0.0333,34.545,-87,149,-1064,58,6
75744.8667,0.0833,34.7,0.0333,34.595,-75,153,-1065,59,6
75745.0333,0.0667,34.67,0.0167,34.58,-75,152,-1065,60,6
75745.2,0.05,34.685,0.0167,34.595,-64,149,-1074,61,6
75745.3667,0.0333,34.72,-0.0,34.58,-62,136,-1087,62,6
75745.5333,0.0333,34.67,-0.0,34.595,-62,142,-1074,63,6
75745.7,0.1,34.72,0.0333,34.565,-70,151,-1071,64,6
75745.8667,0.1,34.72,0.0333,34.58,-59,145,-1070,65,6
75746.0333,0.0667,34.72,0.0167,34.565,-57,156,-1062,66,6
75746.2,0.0667,34.685,0.0167,34.545,-62,147,-1071,67,6
75746.3667,0.1167,34.72,0.05,34.565,-60,146,-1071,68,6
75746.5333,0.0333,34.735,0.0167,34.565,-61,149,-1077,69,6
75746.7,0.0,34.67,0.0167,34.58,-68,152,-1061,70,6
75746.8667,0.0333,34.685,0.0333,34.625,-58,148,-1074,71,6
75747.0333,0.0667,34.72,0.0833,34.53,-52,150,-1077,72,6
75747.2,0.2833,34.67,0.1167,34.58,-58,155,-1074,73,6
75747.3667,0.1333,34.67,0.0667,34.565,-66,144,-1080,74,6
75747.5333,-0.1667,34.685,-0.0833,34.58,-89,151,-1070,75,6
75747.7,-0.0667,34.72,-0.0167,34.565,-82,160,-1056,76,6
75747.8667,0.0,34.7,-0.1167,34.58,-81,144,-1089,77,6
75748.0333,0.0333,34.67,0.0333,34.53,-75,145,-1074,78,6
75748.2,0.15,34.685,0.1167,34.565,-71,157,-1089,79,6
75748.3667,-0.1667,34.67,-0.0667,34.595,-58,142,-1065,80,6
75748.5333,0.0,34.685,-0.0,34.595,-42,145,-1077,81,6
75748.7,-0.1,34.7,-0.1,34.58,-46,152,-1074,82,6
75748.8667,0.1667,34.685,0.1,34.53,-51,152,-1080,83,6
75749.0333,-0.0167,34.72,-0.0167,34.61,-42,141,-1073,84,6
75749.2,0.1333,34.7,0.05,34.58,-46,152,-1073,85,6
75749.3667,0.05,34.67,-0.0167,34.565,-52,137,-1065,86,6
75749.5333,0.0167,34.685,-0.0,34.565,-49,148,-1071,87,6
75749.7,0.0667,34.685,0.0167,34.515,-49,156,-1068,88,6
75749.8667,0.0667,34.685,0.0167,34.545,-54,147,-1070,89,6
75750.0333,0.0667,34.685,-0.0,34.58,-51,156,-1070,90,6
75750.2,0.1333,34.685,0.0333,34.545,-51,147,-1077,91,6
75750.3667,0.1167,34.7,0.0333,34.61,-54,154,-1073,92,6
75750.5333,0.0333,34.685,-0.0,34.565,-69,167,-1056,93,6
75750.7,0.05,34.7,-0.0,34.58,-60,138,-1080,94,6
75750.8667,0.0333,34.72,-0.0,34.58,-64,150,-1076,95,6
75751.0333,0.0333,34.7,-0.0,34.58,-72,150,-1073,96,6
75751.2,0.0333,34.67,0.0167,34.545,-83,147,-1077,97,6
75751.3667,0.0,34.72,-0.0167,34.565,-73,154,-1071,98,6
75751.5333,0.0667,34.7,0.0167,34.58,-57,149,-1070,99,6
75751.7,0.0667,34.735,0.0167,34.58,-47,159,-1077,100,6
75751.8667,0.0833,34.67,0.0167,34.545,-53,150,-1080,101,6
75752.0333,0.05,34.7,-0.0,34.545,-55,155,-1070,102,6
75752.2,0.05,34.7,0.0167,34.565,-60,160,-1076,103,6
75752.3667,0.05,34.685,-0.0,34.565,-60,155,-1071,104,6
75752.5333,0.05,34.685,-0.0,34.545,-56,150,-1062,105,6
75752.7,0.05,34.685,0.0167,34.565,-59,161,-1070,106,6
75752.8667,0.0833,34.685,0.0167,34.565,-52,151,-1074,107,6
75753.0333,0.1,34.67,0.05,34.565,-51,157,-1071,108,6
75753.2,0.0833,34.7,0.0333,34.545,-50,157,-1086,109,6
75753.3667,0.1167,34.67,0.0333,34.58,-40,161,-1071,110,6
75753.5333,0.0833,34.655,0.05,34.595,-59,131,-1062,111,6
75753.7,0.0667,34.7,0.0167,34.545,-64,152,-1076,112,6
75753.8667,0.0667,34.67,0.0167,34.58,-79,150,-1080,113,6
75754.0333,0.0833,34.685,0.0333,34.545,-84,155,-1071,114,6
75754.2,0.0333,34.685,-0.0,34.545,-74,158,-1065,115,6
75754.3667,0.0667,34.72,0.0167,34.565,-65,158,-1071,116,6
75754.5333,0.1167,34.7,0.05,34.545,-45,150,-1079,117,6
75754.7,0.0667,34.67,0.0167,34.565,-59,159,-1071,118,6
75754.8667,0.05,34.685,-0.0,34.565,-56,155,-1068,119,6
75755.0333,0.05,34.685,-0.0167,34.565,-54,144,-1076,120,6
75755.2,0.05,34.7,0.0167,34.565,-57,148,-1074,121,6
75755.3667,0.05,34.655,-0.0,34.545,-54,159,-1067,122,6
75755.5333,0.0667,34.67,0.0167,34.565,-55,152,-1074,123,6
75755.7,0.0667,34.67,0.0333,34.565,-52,156,-1071,124,6
75755.8667,0.05,34.7,0.0167,34.545,-57,156,-1074,125,6
75756.0333,0.05,34.67,-0.0,34.565,-59,153,-1071,126,6
75756.2,0.05,34.685,-0.0,34.565,-56,147,-1082,127,6
75756.3667,0.0833,34.7,0.0333,34.545,-54,148,-1079,128,6
75756.5333,0.0333,34.67,-0.0,34.595,-51,157,-1074,129,6
75756.7,0.0667,34.67,0.0167,34.595,-53,156,-1068,130,6
75756.8667,0.0667,34.67,0.0167,34.58,-61,164,-1071,131,6
75757.0333,0.05,34.685,-0.0,34.565,-79,156,-1079,132,6
75757.2,0.05,34.685,0.0167,34.53,-78,157,-1073,133,6
75757.3667,0.0333,34.67,-0.0167,34.565,-68,149,-1079,134,6
75757.5333,0.0333,34.7,-0.0,34.545,-62,150,-1065,135,6
75757.7,0.05,34.685,-0.0,34.58,-51,160,-1077,136,6
75757.8667,0.05,34.67,-0.0,34.565,-50,155,-1073,137,6
75758.0333,0.0333,34.67,-0.0,34.545,-49,162,-1068,138,6
75758.2,0.05,34.72,0.0167,34.58,-51,158,-1073,139,6
75758.3667,0.0667,34.7,0.0167,34.58,-56,154,-1074,140,6
75758.5333,0.1,34.685,0.05,34.58,-55,158,-1074,141,6
75758.7,0.0333,34.685,-0.0167,34.595,-60,157,-1068,142,6
75758.8667,0.0,34.635,-0.0167,34.565,-52,159,-1077,143,6
75759.0333,-0.0833,34.7,-0.1,34.565,-51,151,-1071,144,6
75759.2,-0.05,34.67,-0.0333,34.58,-51,155,-1071,145,6
75759.3667,0.1833,34.7,0.1167,34.595,-45,153,-1068,146,6
75759.5333,0.1667,34.72,0.1167,34.53,-45,157,-1071,147,6
75759.7,0.0333,34.685,0.0667,34.545,-90,157,-1061,148,6
75759.8667,0.0333,34.7,0.05,34.58,-70,144,-1090,149,6
75760.0333,-0.1333,34.7,-0.1,34.565,-63,154,-1071,150,6
75760.2,-0.05,34.72,-0.0,34.565,-60,167,-1098,151,6
75760.3667,0.0,34.685,0.05,34.545,-53,154,-1061,152,6
75760.5333,-0.0833,34.67,0.0167,34.58,-50,156,-1071,153,6
75760.7,-0.0333,34.685,-0.0,34.53,-49,156,-1077,154,6
75760.8667,-0.0333,34.685,0.0167,34.58,-45,167,-1061,155,6
75761.0333,-0.1667,34.685,-0.15,34.545,-52,145,-1080,156,6
75761.2,0.05,34.67,0.05,34.565,-51,155,-1074,157,6
75761.3667,-0.1333,34.67,-0.1167,34.545,-61,160,-1074,158,6
75761.5333,-0.2,34.7,-0.1333,34.545,-53,147,-1064,159,6
75761.7,-0.1833,34.67,-0.1,34.565,-50,162,-1059,160,6
75761.8667,0.0,34.685,-0.0167,34.565,-48,163,-1074,161,6
75762.0333,0.1167,34.72,0.0167,34.565,-48,165,-1071,162,6
75762.2,0.1167,34.67,0.1,34.545,-62,150,-1068,163,6
75762.3667,0.05,34.67,0.0167,34.545,-75,157,-1076,164,6
75762.5333,-0.0333,34.685,-0.0667,34.58,-69,147,-1053,165,6
75762.7,-0.0167,34.72,-0.05,34.565,-64,151,-1071,166,6
75762.8667,0.0,34.685,-0.0167,34.58,-49,163,-1074,167,6
75763.0333,0.0,34.685,-0.0,34.58,-50,159,-1070,168,6
75763.2,0.0667,34.685,0.0167,34.565,-45,160,-1071,169,6
75763.3667,0.05,34.685,0.0167,34.545,-56,163,-1079,170,6
75763.5333,0.0333,34.685,-0.0,34.545,-46,162,-1067,171,6
75763.7,0.0333,34.685,-0.0167,34.58,-54,150,-1071,172,6
75763.8667,0.0167,34.685,0.0167,34.58,-51,157,-1071,173,6
75764.0333,0.0333,34.7,0.0167,34.58,-34,165,-1071,174,6
75764.2,0.0333,34.72,-0.0,34.58,-39,156,-1076,175,6
75764.3667,0.0167,34.685,-0.0167,34.595,-36,164,-1067,176,6
75764.5333,0.0167,34.67,-0.0167,34.565,-38,153,-1071,177,6
75764.7,0.0,34.72,-0.0167,34.58,-45,159,-1076,178,6
75764.8667,0.0167,34.7,-0.0333,34.53,-47,163,-1071,179,6
75765.0333,0.0333,34.72,-0.0,34.595,-42,150,-1077,180,6
75765.2,0.0333,34.7,-0.0,34.545,-45,156,-1071,181,6
75765.3667,0.0167,34.655,-0.0333,34.595,-49,163,-1067,182,6
75765.5333,0.0,34.7,-0.0167,34.58,-48,144,-1074,183,6
75765.7,-0.0167,34.7,-0.0167,34.595,-36,159,-1067,184,6
75765.8667,0.05,34.7,0.0167,34.565,-32,156,-1073,185,6
75766.0333,0.0333,34.7,-0.0,34.565,-21,168,-1068,186,6
75766.2,0.0667,34.67,0.0167,34.58,-27,161,-1071,187,6
75766.3667,0.0667,34.685,0.0167,34.58,-28,165,-1077,188,6
75766.5333,0.0667,34.67,0.0167,34.565,-37,165,-1070,189,6
75766.7,0.0833,34.72,0.0333,34.545,-30,144,-1092,190,6
75766.8667,0.0167,34.685,-0.0,34.545,-39,158,-1068,191,6
75767.0333,0.0333,34.7,-0.0167,34.58,-41,153,-1079,192,6
75767.2,0.0333,34.7,-0.0,34.58,-45,157,-1071,193,6
75767.3667,0.0333,34.7,-0.0,34.58,-37,161,-1068,194,6
75767.5333,0.05,34.685,-0.0,34.565,-36,153,-1064,195,6
75767.7,0.05,34.735,-0.0,34.545,-33,156,-1071,196,6
75767.8667,0.0833,34.7,0.0167,34.58,-36,158,-1068,197,6
75768.0333,0.05,34.685,-0.0,34.595,-34,156,-1071,198,6
75768.2,0.05,34.685,-0.0,34.565,-54,164,-1068,199,6
75768.3667,0.0333,34.7,-0.0167,34.545,-50,156,-1095,200,6
75768.5333,0.0333,34.72,-0.0,34.545,-53,156,-1071,201,6
75768.7,0.0333,34.685,-0.0,34.58,-71,169,-1092,202,6
75768.8667,0.0333,34.72,-0.0,34.545,-63,156,-1073,203,6
75769.0333,0.0333,34.685,-0.0167,34.58,-51,165,-1068,204,6
75769.2,0.05,34.685,0.0167,34.565,-41,163,-1065,205,6
75769.3667,0.0833,34.655,0.0167,34.565,-33,158,-1080,206,6
75769.5333,0.05,34.7,-0.0,34.595,-36,159,-1071,207,6
75769.7,0.0333,34.72,-0.0,34.565,-45,162,-1071,208,6
75769.8667,0.0333,34.67,-0.0167,34.545,-51,148,-1077,209,6
75770.0333,0.0333,34.685,-0.0,34.595,-52,156,-1071,210,6
75770.2,0.0333,34.7,-0.0167,34.595,-43,161,-1068,211,6
75770.3667,0.0667,34.67,0.0167,34.565,-45,158,-1074,212,6
75770.5333,0.0833,34.67,0.0333,34.545,-42,165,-1067,213,6
75770.7,0.1,34.72,0.0333,34.58,-44,165,-1065,214,6
75770.8667,0.0,34.7,-0.0333,34.58,-36,165,-1083,215,6
75771.0333,0.0667,34.7,0.0167,34.565,-36,156,-1070,216,6
75771.2,0.0333,34.67,0.0167,34.58,-46,151,-1068,217,6
75771.3667,0.0333,34.72,-0.0,34.565,-53,165,-1074,218,6
75771.5333,0.1333,34.67,0.0833,34.58,-60,159,-1073,219,6
75771.7,0.1167,34.67,0.0333,34.545,-57,165,-1068,220,6
75771.8667,0.0667,34.7,0.05,34.565,-75,153,-1071,221,6
75772.0333,0.2,34.67,0.2167,34.565,-60,163,-1071,222,6
75772.2,0.1667,34.685,0.1667,34.58,-50,168,-1065,223,6
75772.3667,0.2667,34.685,0.2333,34.545,-37,162,-1065,224,6
75772.5333,0.4,34.67,0.3667,34.595,-28,169,-1077,225,6
75772.7,0.15,34.685,0.1333,34.58,-28,169,-1074,226,6
75772.8667,0.2,34.7,0.3333,34.58,-23,175,-1065,227,6
75773.0333,0.2833,34.7,0.15,34.58,-27,162,-1077,228,6
75773.2,0.1333,34.7,0.1167,34.565,-34,159,-1077,229,6
75773.3667,0.1,34.67,0.0167,34.58,-42,170,-1074,230,6
75773.5333,0.1167,34.685,0.0333,34.565,-35,160,-1068,231,6
75773.7,0.2667,34.685,0.2167,34.58,-37,162,-1070,232,6
75773.8667,0.2333,34.655,0.2333,34.53,-39,159,-1070,233,6
75774.0333,-0.1167,34.735,0.0167,34.58,-39,171,-1067,234,6
75774.2,0.5833,34.67,0.3833,34.595,-33,156,-1080,235,6
75774.3667,0.2333,34.685,0.4333,34.545,-33,163,-1065,236,6
75774.5333,0.1333,34.685,0.1167,34.58,-43,159,-1080,237,6
75774.7,0.05,34.685,0.05,34.58,-26,152,-1071,238,6
75774.8667,0.1167,34.7,0.1167,34.595,-52,165,-1073,239,6
75775.0333,0.1,34.685,0.0833,34.545,-66,162,-1068,240,6
75775.2,0.1,34.685,0.05,34.58,-66,175,-1064,241,6
75775.3667,0.0667,34.655,0.0167,34.565,-54,166,-1068,242,6
75775.5333,0.05,34.72,0.0167,34.58,-42,162,-1071,243,6
75775.7,0.0167,34.72,-0.0,34.545,-41,159,-1086,244,6
75775.8667,0.0,34.72,-0.0167,34.58,-40,161,-1070,245,6
75776.0333,-0.0333,34.7,-0.0333,34.58,-43,162,-1082,246,6
75776.2,-0.0833,34.67,-0.0833,34.565,-44,162,-1068,247,6
75776.3667,-0.05,34.7,-0.05,34.545,-52,160,-1068,248,6
75776.5333,-0.0333,34.685,-0.0667,34.595,-41,160,-1068,249,6
75776.7,-0.0333,34.7,-0.0333,34.565,-43,160,-1073,250,6
75776.8667,-0.0333,34.685,-0.0333,34.565,-41,156,-1070,251,6
75777.0333,0.0167,34.7,-0.0333,34.58,-37,159,-1070,252,6
75777.2,0.0333,34.7,-0.0,34.545,-30,168,-1083,253,6
75777.3667,0.0333,34.7,0.0167,34.53,-37,158,-1073,254,6
75777.5333,0.0167,34.685,-0.0333,34.545,-91,161,-1053,255,6
75777.7,0.0333,34.72,-0.0,34.545,-56,171,-1059,0,6
75777.8667,0.0333,34.72,0.0167,34.565,-63,162,-1068,1,6
75778.0333,0.0333,34.72,0.0167,34.545,-61,158,-1089,2,6
75778.2,0.0333,34.685,0.0167,34.545,-59,159,-1062,3,6
75778.3667,0.05,34.7,0.0333,34.565,-41,165,-1065,4,6
75778.5333,0.05,34.7,0.0167,34.565,-39,162,-1068,5,6
75778.7,0.0167,34.735,-0.0,34.565,-43,168,-1071,6,6
75778.8667,0.0167,34.7,-0.0167,34.565,-45,167,-1068,7,6
75779.0333,0.0333,34.72,-0.0167,34.595,-40,159,-1067,8,6
75779.2,0.0333,34.67,-0.0,34.545,-43,156,-1086,9,6
75779.3667,0.0333,34.685,-0.0167,34.565,-41,160,-1065,10,6
75779.5333,0.05,34.685,0.0167,34.545,-45,162,-1074,11,6
75779.7,0.05,34.655,-0.0,34.565,-42,161,-1079,12,6
75779.8667,0.05,34.685,0.0167,34.58,-45,174,-1074,13,6
75780.0333,0.0833,34.67,0.0167,34.595,-41,168,-1058,14,6
75780.2,0.0333,34.72,-0.0,34.565,-34,167,-1076,15,6
75780.3667,0.05,34.67,-0.0,34.565,-45,161,-1092,16,6
75780.5333,0.05,34.685,-0.0,34.565,-60,163,-1070,17,6
75780.7,0.0667,34.7,0.0167,34.565,-65,174,-1074,18,6
75780.8667,0.05,34.72,0.0167,34.545,-84,167,-1061,19,6
75781.0333,0.05,34.72,-0.0,34.545,-73,184,-1059,20,6
75781.2,0.0333,34.7,-0.0,34.545,-56,156,-1077,21,6
75781.3667,0.05,34.7,0.0167,34.595,-40,167,-1076,22,6
75781.5333,0.0333,34.7,-0.0,34.545,-42,173,-1068,23,6
75781.7,0.05,34.7,-0.0,34.595,-36,164,-1068,24,6
75781.8667,0.0667,34.67,0.0167,34.565,-36,169,-1071,25,6
75782.0333,0.0667,34.67,0.0167,34.595,-36,165,-1068,26,6
75782.2,0.1,34.685,0.0333,34.545,-28,161,-1077,27,6
75782.3667,0.05,34.685,0.0167,34.58,-37,165,-1064,28,6
75782.5333,0.0667,34.685,0.0167,34.565,-26,169,-1068,29,6
75782.7,0.0667,34.7,0.0167,34.565,-27,164,-1077,30,6
75782.8667,0.05,34.7,0.0167,34.53,-23,171,-1068,31,6
75783.0333,0.1,34.7,0.0333,34.53,-27,182,-1071,32,6
75783.2,0.0833,34.685,0.0167,34.545,-35,172,-1067,33,6
75783.3667,0.0,34.72,-0.0167,34.545,-53,175,-1065,34,6
75783.5333,0.0667,34.685,-0.0,34.58,-64,177,-1089,35,6
75783.7,-0.0833,34.67,-0.0833,34.545,-75,186,-1080,36,6
75783.8667,-0.1,34.685,-0.0667,34.565,-75,182,-1062,37,6
75784.0333,0.1833,34.72,0.2333,34.545,-45,165,-1071,38,6
75784.2,0.4833,34.7,0.3167,34.53,-38,177,-1071,39,6
75784.3667,0.2667,34.67,0.15,34.565,-28,177,-1067,40,6
75784.5333,0.3333,34.7,0.25,34.565,-33,170,-1074,41,6
75784.7,0.15,34.685,0.0333,34.545,-28,177,-1064,42,6
75784.8667,-0.15,34.685,-0.0667,34.53,-33,171,-1068,43,6
75785.0333,0.1833,34.7,0.1833,34.565,-27,180,-1065,44,6
75785.2,0.4833,34.685,0.3167,34.53,-34,168,-1064,45,6
75785.3667,0.4167,34.72,0.2667,34.61,-27,173,-1074,46,6
75785.5333,0.1,34.735,0.25,34.565,-6,180,-1083,47,6
75785.7,0.05,34.685,0.0167,34.58,-26,169,-1071,48,6
75785.8667,0.2,34.7,0.3333,34.545,-9,192,-1068,49,6
75786.0333,-0.1333,34.72,-0.2667,34.58,-9,179,-1080,50,6
75786.2,0.0167,34.67,0.0333,34.595,-14,180,-1062,51,6
75786.3667,0.3167,34.685,0.2667,34.545,-14,184,-1070,52,6
75786.5333,0.3333,34.72,0.2833,34.58,-18,176,-1071,53,6
75786.7,0.2667,34.7,0.0667,34.565,-17,171,-1068,54,6
75786.8667,0.2167,34.685,0.15,34.545,-22,157,-1071,55,6
75787.0333,0.0833,34.7,-0.0,34.595,-24,171,-1070,56,6
75787.2,0.1,34.7,0.0333,34.58,-18,171,-1061,57,6
75787.3667,0.1333,34.735,0.0833,34.565,-24,169,-1068,58,6
75787.5333,0.2,34.67,0.15,34.545,-14,177,-1074,59,6
75787.7,0.1833,34.7,0.1,34.53,-27,168,-1067,60,6
75787.8667,0.15,34.685,0.0833,34.58,-21,168,-1065,61,6
75788.0333,0.1167,34.685,0.0833,34.58,-42,172,-1071,62,6
75788.2,0.0667,34.685,0.0167,34.595,-50,166,-1070,63,6
75788.3667,0.05,34.67,0.0167,34.595,-61,156,-1065,64,6
75788.5333,0.0167,34.7,0.0167,34.58,-65,163,-1065,65,6
75788.7,0.0333,34.685,-0.0333,34.545,-41,171,-1065,66,6
75788.8667,0.05,34.67,-0.0,34.545,-40,165,-1070,67,6
75789.0333,0.05,34.685,0.0167,34.565,-26,181,-1073,68,6
75789.2,0.05,34.72,-0.0167,34.58,-34,178,-1077,69,6
75789.3667,0.0333,34.67,-0.0167,34.545,-36,168,-1068,70,6
75789.5333,0.0333,34.67,-0.0,34.565,-8,150,-1065,71,6
75789.7,0.0,34.685,-0.0167,34.565,-41,165,-1074,72,6
75789.8667,0.05,34.685,-0.0167,34.58,-22,172,-1071,73,6
75790.0333,0.0333,34.67,-0.0,34.58,-30,165,-1074,74,6
75790.2,0.05,34.7,-0.0,34.545,-23,169,-1062,75,6
75790.3667,0.1,34.685,0.0333,34.58,-24,170,-1076,76,6
75790.5333,0.0667,34.7,0.0167,34.565,-35,168,-1073,77,6
75790.7,0.0667,34.7,0.0167,34.545,-42,180,-1064,78,6
75790.8667,0.05,34.685,-0.0,34.565,-56,154,-1093,79,6
75791.0333,0.0167,34.685,-0.0,34.565,-76,179,-1062,80,6
75791.2,0.0,34.685,-0.0167,34.58,-62,166,-1049,81,6
75791.3667,0.0333,34.7,-0.0,34.545,-58,166,-1071,82,6
75791.5333,0.05,34.67,-0.0,34.58,-35,174,-1077,83,6
75791.7,0.0667,34.72,0.0167,34.58,-33,171,-1070,84,6
75791.8667,0.0833,34.655,0.05,34.565,-16,171,-1062,85,6
75792.0333,0.05,34.685,-0.0,34.58,-36,172,-1070,86,6
75792.2,0.05,34.67,-0.0,34.565,-37,170,-1068,87,6
75792.3667,0.05,34.7,-0.0,34.565,-35,171,-1071,88,6
75792.5333,0.0667,34.655,-0.0,34.595,-37,171,-1071,89,6
75792.7,0.0667,34.685,0.0167,34.565,-33,168,-1067,90,6
75792.8667,0.05,34.685,-0.0,34.58,-18,181,-1089,91,6
75793.0333,0.0667,34.685,0.0167,34.565,-30,169,-1067,92,6
75793.2,0.0333,34.72,-0.0,34.565,-21,178,-1080,93,6
75793.3667,0.0667,34.685,0.0333,34.515,-43,170,-1071,94,6
75793.5333,0.0667,34.7,-0.0,34.565,-51,189,-1074,95,6
75793.7,0.05,34.685,0.0167,34.545,-84,167,-1080,96,6
75793.8667,0.05,34.685,-0.0,34.545,-72,174,-1062,97,6
75794.0333,0.05,34.7,-0.0,34.515,-57,165,-1061,98,6
75794.2,0.05,34.685,-0.0,34.565,-38,173,-1068,99,6
75794.3667,0.0667,34.685,-0.0,34.565,-30,174,-1068,100,6
75794.5333,0.0667,34.67,0.0167,34.565,-28,166,-1071,101,6
75794.7,0.0667,34.72,0.0167,34.565,-32,181,-1065,102,6
75794.8667,0.1,34.67,0.0333,34.565,-35,161,-1071,103,6
75795.0333,0.0667,34.655,0.0167,34.545,-37,165,-1068,104,6
75795.2,0.05,34.685,0.0167,34.565,-41,170,-1070,105,6
75795.3667,0.0333,34.685,-0.0,34.595,-36,172,-1059,106,6
75795.5333,0.1,34.7,0.0333,34.545,-32,167,-1073,107,6
75795.7,0.0667,34.67,0.0333,34.58,-33,174,-1065,108,6
75795.8667,0.0833,34.685,-0.0,34.53,-31,170,-1055,109,6
75796.0333,-0.0667,34.685,-0.0667,34.58,-25,176,-1077,110,6
75796.2,0.0333,34.655,0.0167,34.565,-51,167,-1068,111,6
75796.3667,0.1833,34.67,0.2,34.58,-60,180,-1067,112,6
75796.5333,-0.1667,34.7,-0.1833,34.545,-72,168,-1080,113,6
75796.7,0.0833,34.7,0.1333,34.565,-63,181,-1062,114,6
75796.8667,0.1833,34.7,0.1833,34.565,-45,192,-1062,115,6
75797.0333,-0.0667,34.655,0.0333,34.565,-34,174,-1071,116,6
75797.2,0.0167,34.67,0.0667,34.545,-23,188,-1073,117,6
75797.3667,-0.15,34.67,-0.1167,34.61,-23,181,-1073,118,6
75797.5333,0.25,34.685,0.2333,34.565,-24,184,-1070,119,6
75797.7,0.2,34.685,0.15,34.565,-27,172,-1077,120,6
75797.8667,0.1167,34.7,0.1833,34.61,-16,175,-1071,121,6
75798.0333,0.0333,34.7,-0.0167,34.53,-32,185,-1071,122,6
75798.2,0.2833,34.67,0.3167,34.565,-28,174,-1065,123,6
75798.3667,0.2,34.685,0.2167,34.58,-25,177,-1067,124,6
75798.5333,0.1167,34.685,0.05,34.545,-24,178,-1076,125,6
75798.7,-0.0333,34.685,0.0667,34.565,-43,183,-1064,126,6
75798.8667,-0.0333,34.7,-0.0,34.565,-49,175,-1087,127,6
75799.0333,0.1667,34.685,0.1333,34.545,-65,177,-1083,128,6
75799.2,0.1667,34.7,0.1,34.58,-64,187,-1056,129,6
75799.3667,0.0667,34.685,0.0333,34.565,-58,172,-1062,130,6
75799.5333,0.0333,34.7,0.1333,34.58,-36,177,-1070,131,6
75799.7,-0.1,34.67,-0.0333,34.58,-33,174,-1068,132,6
75799.8667,0.05,34.7,-0.0,34.58,-27,174,-1068,133,6
75800.0333,0.0833,34.72,0.0333,34.565,-32,162,-1079,134,6
75800.2,0.1333,34.655,0.0167,34.545,-36,171,-1071,135,6
75800.3667,0.05,34.655,0.0167,34.565,-33,180,-1059,136,6
75800.5333,0.0667,34.685,0.0333,34.58,-33,161,-1068,137,6
75800.7,0.0667,34.7,-0.0,34.595,-24,178,-1062,138,6
75800.8667,0.1,34.67,0.05,34.595,-27,170,-1070,139,6
75801.0333,0.1333,34.67,0.0667,34.58,-25,182,-1070,140,6
75801.2,0.1167,34.635,0.0667,34.565,-40,186,-1080,141,6
75801.3667,0.0667,34.7,0.0167,34.595,-43,169,-1065,142,6
75801.5333,0.05,34.685,0.0333,34.545,-58,162,-1092,143,6
75801.7,0.0333,34.67,0.0167,34.58,-72,177,-1044,144,6
75801.8667,0.0167,34.685,-0.0,34.565,-69,178,-1061,145,6
75802.0333,0.05,34.655,0.0167,34.58,-57,175,-1070,146,6
75802.2,0.0667,34.67,0.0167,34.53,-36,177,-1062,147,6
75802.3667,0.0833,34.655,0.0333,34.545,-26,173,-1071,148,6
75802.5333,0.1,34.685,0.0167,34.58,-27,174,-1067,149,6
75802.7,0.1,34.685,0.0167,34.545,-17,184,-1071,150,6
75802.8667,0.0833,34.655,0.0167,34.565,-22,159,-1071,151,6
75803.0333,0.05,34.7,0.0167,34.565,-26,176,-1064,152,6
75803.2,0.0833,34.685,0.0167,34.58,-18,164,-1049,153,6
75803.3667,0.0667,34.685,0.0333,34.565,-25,171,-1068,154,6
75803.5333,0.0667,34.655,0.0167,34.545,-15,179,-1068,155,6
75803.7,0.1,34.7,0.0333,34.545,-21,169,-1068,156,6
75803.8667,0.0833,34.685,0.0333,34.565,-18,175,-1062,157,6
75804.0333,0.1,34.685,0.0333,34.565,-24,168,-1068,158,6
75804.2,0.1167,34.67,0.0667,34.58,-26,177,-1068,159,6
75804.3667,0.0667,34.67,0.0167,34.545,-47,175,-1065,160,6
75804.5333,0.05,34.67,0.0167,34.58,-47,163,-1079,161,6
75804.7,0.0333,34.67,-0.0,34.565,-69,165,-1077,162,6
75804.8667,0.0333,34.67,-0.0,34.53,-78,170,-1071,163,6
75805.0333,0.0333,34.655,-0.0,34.58,-62,169,-1068,164,6
75805.2,0.05,34.685,-0.0,34.545,-36,183,-1067,165,6
75805.3667,0.0667,34.7,0.0167,34.565,-35,169,-1074,166,6
75805.5333,0.0833,34.67,0.0333,34.545,-30,183,-1061,167,6
75805.7,0.0833,34.67,0.0167,34.565,-31,171,-1071,168,6
75805.8667,0.0833,34.655,0.0167,34.545,-31,173,-1076,169,6
75806.0333,0.0667,34.67,0.0333,34.565,-37,179,-1071,170,6
75806.2,0.0667,34.635,-0.0,34.545,-27,176,-1067,171,6
75806.3667,0.0833,34.67,0.0333,34.5,-30,172,-1065,172,6
75806.5333,0.0833,34.7,0.0167,34.58,-36,174,-1061,173,6
75806.7,0.0667,34.635,0.0167,34.545,-31,166,-1068,174,6
75806.8667,0.0667,34.655,0.0167,34.515,-26,179,-1068,175,6
75807.0333,0.0833,34.685,0.0333,34.545,-33,169,-1062,176,6
75807.2,0.1,34.67,0.05,34.565,-22,181,-1073,177,6
75807.3667,0.05,34.635,0.0167,34.545,-54,168,-1087,178,6
75807.5333,0.05,34.67,0.05,34.545,-48,167,-1055,179,6
75807.7,0.0,34.685,-0.0167,34.545,-58,156,-1083,180,6
75807.8667,0.0333,34.67,0.0333,34.58,-42,159,-1056,181,6
75808.0333,0.05,34.655,-0.0,34.545,-31,173,-1071,182,6
75808.2,0.0,34.655,-0.0167,34.545,-21,169,-1074,183,6
75808.3667,0.0333,34.67,-0.0,34.58,-22,173,-1068,184,6
75808.5333,0.1167,34.7,0.0667,34.565,-22,166,-1074,185,6
75808.7,0.2,34.7,0.1667,34.61,-18,171,-1070,186,6
75808.8667,-0.05,34.655,-0.05,34.545,-25,178,-1061,187,6
75809.0333,-0.0333,34.67,0.0333,34.58,-28,174,-1076,188,6
75809.2,0.1667,34.7,0.1,34.565,-27,171,-1065,189,6
75809.3667,0.2667,34.685,0.2,34.565,-31,179,-1082,190,6
75809.5333,0.3,34.67,0.2667,34.53,-25,173,-1068,191,6
75809.7,0.0333,34.685,0.1833,34.58,-19,174,-1068,192,6
75809.8667,0.1833,34.655,0.2833,34.53,-22,170,-1070,193,6
75810.0333,0.05,34.635,0.05,34.545,-25,177,-1062,194,6
75810.2,-0.05,34.67,-0.0333,34.53,-27,160,-1089,195,6
75810.3667,-0.0667,34.685,-0.0333,34.565,-33,168,-1065,196,6
75810.5333,-0.0333,34.655,0.0167,34.565,-39,171,-1074,197,6
75810.7,0.15,34.655,0.1333,34.58,-39,156,-1071,198,6
75810.8667,-0.1333,34.685,-0.1167,34.53,-32,168,-1071,199,6
75811.0333,-0.15,34.67,-0.0833,34.545,-37,163,-1067,200,6
75811.2,0.0167,34.67,0.0167,34.58,-45,176,-1067,201,6
75811.3667,0.1833,34.635,0.15,34.565,-27,171,-1076,202,6
75811.5333,0.0833,34.67,0.0167,34.53,-32,169,-1074,203,6
75811.7,0.0,34.7,-0.0167,34.565,-34,157,-1080,204,6
75811.8667,-0.1,34.7,-0.1167,34.58,-24,163,-1065,205,6
75812.0333,0.0,34.655,-0.0333,34.565,-28,164,-1074,206,6
75812.2,0.05,34.655,0.0333,34.565,-32,168,-1065,207,6
75812.3667,0.0,34.635,-0.0,34.58,-23,164,-1071,208,6
75812.5333,0.0333,34.685,-0.0167,34.565,-43,165,-1065,209,6
75812.7,0.1,34.655,0.05,34.545,-43,168,-1070,210,6
75812.8667,0.1,34.67,0.0333,34.565,-54,168,-1064,211,6
75813.0333,0.0667,34.655,0.0167,34.545,-72,169,-1083,212,6
75813.2,0.0833,34.67,0.0333,34.545,-63,167,-1070,213,6
75813.3667,0.0333,34.655,-0.0,34.565,-55,169,-1071,214,6
75813.5333,0.0167,34.67,-0.0167,34.515,-38,166,-1086,215,6
75813.7,0.0,34.67,-0.0333,34.545,-45,168,-1071,216,6
75813.8667,0.0333,34.635,-0.0,34.545,-36,175,-1068,217,6
75814.0333,0.0333,34.67,-0.0,34.565,-38,167,-1065,218,6
75814.2,0.05,34.67,-0.0,34.565,-33,177,-1067,219,6
75814.3667,0.05,34.67,-0.0,34.545,-35,169,-1073,220,6
75814.5333,0.05,34.67,0.0167,34.565,-36,165,-1067,221,6
75814.7,0.05,34.67,0.0167,34.58,-36,174,-1073,222,6
75814.8667,0.0333,34.635,-0.0167,34.545,-36,171,-1053,223,6
75815.0333,0.05,34.62,-0.0,34.545,-24,177,-1080,224,6
75815.2,0.05,34.635,0.0167,34.545,-38,162,-1083,225,6
75815.3667,0.05,34.67,-0.0,34.595,-39,170,-1061,226,6
75815.5333,0.0667,34.7,0.0333,34.53,-78,156,-1070,227,6
75815.7,0.05,34.655,0.0167,34.595,-61,168,-1073,228,6
75815.8667,0.0167,34.655,-0.0167,34.58,-70,185,-1059,229,6
75816.0333,0.0167,34.685,-0.0167,34.595,-61,160,-1050,230,6
75816.2,0.0333,34.67,-0.0,34.545,-42,169,-1074,231,6
75816.3667,0.0333,34.655,-0.0167,34.61,-45,177,-1086,232,6
75816.5333,0.0333,34.685,-0.0,34.53,-34,171,-1068,233,6
75816.7,0.0333,34.67,0.0167,34.565,-36,168,-1077,234,6
75816.8667,0.0333,34.67,-0.0,34.565,-40,173,-1068,235,6
75817.0333,0.0667,34.67,-0.0,34.565,-37,168,-1068,236,6
75817.2,0.05,34.655,-0.0,34.58,-36,159,-1080,237,6
75817.3667,0.0333,34.67,-0.0,34.53,-34,168,-1065,238,6
75817.5333,0.0333,34.67,-0.0167,34.53,-27,186,-1050,239,6
75817.7,0.05,34.67,-0.0,34.565,-42,167,-1056,240,6
75817.8667,0.0333,34.67,-0.0,34.565,-27,181,-1068,241,6
75818.0333,0.0667,34.67,0.0333,34.545,-51,165,-1071,242,6
75818.2,0.05,34.67,-0.0,34.53,-48,189,-1071,243,6
75818.3667,0.0333,34.67,-0.0,34.58,-60,171,-1068,244,6
75818.5333,0.05,34.655,-0.0,34.58,-66,170,-1070,245,6
75818.7,0.0,34.7,-0.0167,34.545,-60,159,-1080,246,6
75818.8667,0.0333,34.67,-0.0167,34.53,-47,173,-1068,247,6
75819.0333,0.0333,34.67,-0.0,34.565,-39,182,-1062,248,6
75819.2,0.05,34.655,-0.0,34.545,-33,178,-1067,249,6
75819.3667,0.0333,34.62,-0.0,34.58,-33,171,-1065,250,6
75819.5333,0.05,34.655,0.0167,34.58,-33,176,-1071,251,6
75819.7,0.0667,34.635,0.0167,34.565,-41,175,-1076,252,6
75819.8667,0.0833,34.685,0.0167,34.565,-27,173,-1073,253,6
75820.0333,0.0333,34.655,-0.0,34.545,-45,162,-1071,254,6
75820.2,0.05,34.655,0.0167,34.545,-34,168,-1074,255,6
75820.3667,0.0833,34.7,0.0167,34.565,-34,158,-1077,0,6
75820.5333,0.0667,34.655,0.0333,34.58,-41,166,-1077,1,6
75820.7,0.0167,34.67,-0.0167,34.58,-27,176,-1068,2,6
75820.8667,0.0667,34.685,0.0167,34.545,-43,166,-1077,3,6
75821.0333,0.0,34.62,-0.0167,34.545,-51,177,-1062,4,6
75821.2,0.15,34.67,0.2,34.515,-62,170,-1079,5,6
75821.3667,-0.0833,34.67,-0.0,34.53,-72,172,-1074,6,6
75821.5333,0.25,34.67,0.3667,34.545,-64,165,-1080,7,6
75821.7,0.4167,34.685,0.3667,34.565,-66,170,-1068,8,6
75821.8667,0.2,34.685,0.1167,34.565,-50,171,-1065,9,6
75822.0333,0.15,34.655,0.2,34.53,-36,171,-1068,10,6
75822.2,0.2333,34.67,0.2167,34.545,-23,185,-1082,11,6
75822.3667,0.0333,34.655,0.0333,34.545,-34,172,-1071,12,6
75822.5333,0.0667,34.67,-0.0,34.58,-27,173,-1065,13,6
75822.7,0.0,34.67,0.0333,34.545,-15,175,-1071,14,6
75822.8667,0.4,34.685,0.4,34.58,-27,180,-1065,15,6
75823.0333,0.1,34.67,0.1,34.545,-26,171,-1076,16,6
75823.2,-0.05,34.685,-0.0,34.58,-28,174,-1080,17,6
75823.3667,0.2167,34.635,0.1833,34.565,-24,171,-1065,18,6
75823.5333,0.2833,34.685,0.15,34.545,-27,169,-1071,19,6
75823.7,-0.0333,34.655,-0.0333,34.545,-27,167,-1071,20,6
75823.8667,0.0,34.635,-0.0167,34.565,-24,182,-1070,21,6
75824.0333,-0.0333,34.7,-0.0167,34.58,-27,160,-1077,22,6
75824.2,-0.05,34.67,-0.05,34.58,-30,170,-1074,23,6
75824.3667,0.1167,34.685,0.0667,34.565,-38,175,-1092,24,6
75824.5333,0.0833,34.655,0.05,34.565,-52,165,-1068,25,6
75824.7,0.1333,34.685,0.0667,34.58,-55,166,-1065,26,6
75824.8667,0.1167,34.67,0.1,34.545,-63,169,-1068,27,6
75825.0333,0.05,34.655,0.0167,34.545,-55,182,-1059,28,6
75825.2,0.0333,34.67,-0.0167,34.545,-51,161,-1074,29,6
75825.3667,0.0333,34.655,-0.0,34.545,-38,172,-1074,30,6
75825.5333,0.0333,34.635,-0.0,34.58,-36,172,-1080,31,6
75825.7,0.0667,34.67,0.0167,34.565,-32,168,-1067,32,6
75825.8667,0.05,34.7,0.0167,34.565,-31,162,-1067,33,6
75826.0333,0.05,34.67,0.0167,34.565,-36,163,-1071,34,6
75826.2,0.05,34.655,0.0167,34.565,-32,178,-1074,35,6
75826.3667,0.0333,34.655,-0.0167,34.53,-36,156,-1079,36,6
75826.5333,0.05,34.635,-0.0,34.545,-36,164,-1067,37,6
75826.7,0.05,34.67,-0.0,34.58,-42,173,-1070,38,6
75826.8667,0.0833,34.67,0.0167,34.53,-33,165,-1059,39,6
75827.0333,0.0333,34.67,-0.0,34.53,-21,171,-1077,40,6
75827.2,0.1,34.655,0.05,34.545,-36,168,-1077,41,6
75827.3667,0.0833,34.685,0.0167,34.53,-30,183,-1061,42,6
75827.5333,0.0833,34.655,0.0333,34.565,-56,149,-1083,43,6
75827.7,0.05,34.655,0.0167,34.565,-61,171,-1077,44,6
75827.8667,0.0667,34.655,0.0167,34.58,-72,177,-1073,45,6
75828.0333,0.0833,34.655,0.0333,34.565,-65,168,-1074,46,6
75828.2,0.0667,34.635,0.0167,34.58,-42,175,-1068,47,6
75828.3667,0.0667,34.67,0.0167,34.58,-37,167,-1071,48,6
75828.5333,0.0833,34.67,-0.0,34.53,-30,170,-1074,49,6
75828.7,0.0833,34.655,0.0167,34.565,-36,155,-1068,50,6
75828.8667,0.05,34.67,-0.0,34.545,-36,166,-1073,51,6
75829.0333,0.05,34.685,-0.0,34.565,-35,170,-1062,52,6
75829.2,0.0667,34.67,0.0167,34.545,-40,162,-1071,53,6
75829.3667,0.05,34.685,-0.0,34.53,-33,171,-1074,54,6
75829.5333,0.05,34.685,-0.0,34.515,-34,169,-1073,55,6
75829.7,0.0833,34.655,0.0333,34.545,-31,177,-1065,56,6
75829.8667,0.0333,34.635,-0.0,34.565,-34,174,-1077,57,6
75830.0333,0.0667,34.655,0.0167,34.545,-42,168,-1070,58,6
75830.2,0.0167,34.67,-0.0,34.565,-46,170,-1074,59,6
75830.3667,0.0333,34.685,-0.0,34.565,-80,185,-1080,60,6
75830.5333,0.0333,34.635,-0.0,34.545,-74,176,-1071,61,6
75830.7,0.05,34.655,-0.0167,34.565,-66,174,-1095,62,6
75830.8667,0.0333,34.655,-0.0167,34.545,-47,174,-1068,63,6
75831.0333,0.0667,34.655,0.0167,34.545,-39,174,-1077,64,6
75831.2,0.05,34.635,0.0167,34.58,-33,172,-1068,65,6
75831.3667,0.0833,34.67,-0.0,34.58,-21,173,-1080,66,6
75831.5333,0.0667,34.655,0.0167,34.565,-36,178,-1077,67,6
75831.7,0.05,34.635,0.0167,34.545,-35,172,-1077,68,6
75831.8667,0.0333,34.67,-0.0167,34.58,-36,159,-1070,69,6
75832.0333,0.05,34.635,0.0167,34.545,-36,172,-1071,70,6
75832.2,0.05,34.62,-0.0,34.565,-27,174,-1071,71,6
75832.3667,0.1,34.67,0.05,34.565,-32,164,-1087,72,6
75832.5333,0.0333,34.655,-0.0,34.565,-63,163,-1065,73,6
75832.7,0.05,34.635,-0.0,34.565,-45,170,-1080,74,6
75832.8667,0.0667,34.685,0.0167,34.58,-68,177,-1068,75,6
75833.0333,0.1,34.685,0.0333,34.515,-72,181,-1062,76,6
75833.2,0.05,34.67,0.0167,34.53,-79,168,-1073,77,6
75833.3667,-0.0167,34.655,-0.0333,34.565,-56,174,-1076,78,6
75833.5333,0.0,34.635,-0.0167,34.545,-36,166,-1082,79,6
75833.7,0.2,34.605,0.1,34.565,-45,174,-1065,80,6
75833.8667,-0.0667,34.635,-0.1333,34.545,-31,177,-1068,81,6
75834.0333,0.0667,34.67,0.0667,34.545,-34,171,-1068,82,6
75834.2,0.0,34.685,-0.0,34.595,-35,174,-1056,83,6
75834.3667,0.5,34.635,0.4833,34.53,-33,169,-1074,84,6
75834.5333,0.0,34.67,0.1,34.565,-37,175,-1070,85,6
75834.7,0.05,34.655,0.1167,34.565,-31,171,-1074,86,6
75834.8667,0.2,34.67,0.15,34.565,-33,168,-1056,87,6
75835.0333,-0.0333,34.655,-0.0,34.545,-31,177,-1073,88,6
75835.2,-0.0833,34.655,-0.05,34.545,-37,156,-1064,89,6
75835.3667,0.1833,34.635,0.2833,34.53,-61,175,-1068,90,6
75835.5333,0.1667,34.685,0.1333,34.545,-63,182,-1073,91,6
75835.7,-0.05,34.635,0.1,34.58,-71,180,-1065,92,6
75835.8667,-0.2667,34.67,-0.1,34.53,-63,179,-1065,93,6
75836.0333,0.1333,34.67,0.1833,34.53,-53,171,-1070,94,6
75836.2,0.1,34.655,0.1333,34.595,-45,170,-1071,95,6
75836.3667,-0.0333,34.67,0.0333,34.58,-33,178,-1083,96,6
75836.5333,0.25,34.67,0.0667,34.53,-43,171,-1074,97,6
75836.7,-0.0333,34.635,-0.0167,34.595,-38,174,-1065,98,6
75836.8667,0.2333,34.62,0.0667,34.565,-33,174,-1087,99,6
75837.0333,0.1333,34.67,0.05,34.58,-27,172,-1062,100,6
75837.2,0.0833,34.685,0.05,34.545,-18,174,-1074,101,6
75837.3667,0.1333,34.685,0.05,34.545,-11,189,-1087,102,6
75837.5333,0.1333,34.67,0.0833,34.58,-18,183,-1065,103,6
75837.7,0.1167,34.67,0.05,34.53,-12,165,-1076,104,6
75837.8667,0.05,34.655,0.0333,34.545,-15,177,-1068,105,6
75838.0333,0.0167,34.655,-0.0,34.565,-18,187,-1068,106,6
75838.2,0.0,34.62,-0.0167,34.58,-26,176,-1067,107,6
75838.3667,-0.0333,34.655,-0.0167,34.58,-23,180,-1065,108,6
75838.5333,-0.0167,34.655,-0.0333,34.515,-28,173,-1071,109,6
75838.7,0.0167,34.655,-0.0167,34.545,-23,178,-1068,110,6
75838.8667,0.0,34.67,-0.0333,34.58,-30,178,-1077,111,6
75839.0333,0.05,34.62,0.0167,34.53,-28,176,-1074,112,6
75839.2,0.0333,34.67,-0.0,34.565,-27,159,-1083,113,6
75839.3667,0.0167,34.655,-0.0,34.545,-35,166,-1062,114,6
75839.5333,0.05,34.685,-0.0,34.545,3,173,-1071,115,6
75839.7,0.0333,34.67,-0.0,34.545,-50,166,-1087,116,6
75839.8667,0.0333,34.655,-0.0,34.565,-52,171,-1071,117,6
75840.0333,0.05,34.635,0.0167,34.565,-57,174,-1071,118,6
75840.2,0.05,34.655,-0.0,34.53,-51,177,-1067,119,6
75840.3667,0.0667,34.62,0.0167,34.565,-36,173,-1070,120,6
75840.5333,0.0333,34.67,0.0167,34.53,-35,158,-1079,121,6
75840.7,0.0167,34.635,-0.0167,34.545,-33,180,-1068,122,6
75840.8667,0.0167,34.67,-0.0167,34.53,-16,186,-1059,123,6
75841.0333,-0.0167,34.655,-0.0167,34.53,-33,163,-1068,124,6
75841.2,-0.0167,34.635,-0.0333,34.53,-32,178,-1065,125,6
75841.3667,0.0,34.685,-0.0167,34.565,10,173,-1047,126,6
75841.5333,0.0167,34.655,-0.0,34.61,-30,183,-1065,127,6
75841.7,0.0167,34.635,-0.0167,34.565,-28,173,-1068,128,6
75841.8667,0.0667,34.67,0.0167,34.565,-30,173,-1079,129,6
75842.0333,0.0167,34.655,-0.0167,34.58,-35,173,-1071,130,6
75842.2,0.0167,34.655,-0.0333,34.565,-54,182,-1053,131,6
75842.3667,0.0333,34.67,-0.0,34.58,-62,176,-1068,132,6
75842.5333,0.0333,34.635,-0.0,34.565,-69,179,-1080,133,6
75842.7,0.0167,34.7,-0.0167,34.53,-62,172,-1062,134,6
75842.8667,0.0333,34.655,-0.0,34.545,-41,180,-1074,135,6
75843.0333,0.0667,34.635,0.0167,34.545,-34,175,-1073,136,6
75843.2,0.0667,34.655,-0.0,34.58,-26,186,-1071,137,6
75843.3667,0.0833,34.67,0.0167,34.53,-35,161,-1076,138,6
75843.5333,0.0333,34.67,-0.0,34.58,-35,177,-1071,139,6
75843.7,0.05,34.67,-0.0,34.545,-38,179,-1056,140,6
75843.8667,0.05,34.655,0.0167,34.565,-35,168,-1068,141,6
75844.0333,0.0333,34.685,-0.0,34.565,-30,178,-1073,142,6
75844.2,0.05,34.655,-0.0,34.545,-31,177,-1073,143,6
75844.3667,0.0833,34.67,0.0333,34.515,-23,177,-1076,144,6
75844.5333,0.0667,34.635,0.0333,34.545,-31,185,-1092,145,6
75844.7,0.0667,34.655,0.0167,34.595,-48,177,-1067,146,6
75844.8667,0.0167,34.655,-0.0,34.565,-60,177,-1070,147,6
75845.0333,0.0,34.67,-0.0167,34.565,-75,183,-1061,148,6
75845.2,0.0333,34.67,-0.0167,34.545,-75,183,-1070,149,6
75845.3667,0.0167,34.685,-0.0167,34.545,-69,191,-1089,150,6
75845.5333,0.05,34.635,0.0167,34.58,-49,183,-1065,151,6
75845.7,0.1167,34.635,0.05,34.53,-40,177,-1071,152,6
75845.8667,0.0167,34.655,-0.0333,34.545,-34,183,-1062,153,6
75846.0333,0.0167,34.635,-0.0,34.565,-27,176,-1071,154,6
75846.2,0.0167,34.635,0.05,34.545,-42,186,-1077,155,6
75846.3667,0.2,34.67,0.2333,34.58,-32,176,-1062,156,6
75846.5333,-0.0667,34.685,-0.0,34.595,-34,181,-1071,157,6
75846.7,0.1167,34.635,0.1167,34.565,-35,176,-1062,158,6
75846.8667,0.05,34.635,0.05,34.58,-30,175,-1068,159,6
75847.0333,0.15,34.635,-0.0,34.53,-36,186,-1065,160,6
75847.2,0.2,34.67,0.35,34.53,-47,171,-1079,161,6
75847.3667,0.5,34.635,0.3167,34.53,-49,185,-1065,162,6
75847.5333,0.0167,34.62,0.1333,34.545,-63,180,-1070,163,6
75847.7,0.0833,34.655,0.25,34.58,-78,180,-1073,164,6
75847.8667,0.0667,34.655,0.1167,34.545,-66,183,-1074,165,6
75848.0333,0.4667,34.655,0.3833,34.58,-53,174,-1074,166,6
75848.2,0.25,34.62,0.2667,34.565,-43,186,-1062,167,6
75848.3667,-0.0833,34.67,0.1667,34.565,-43,180,-1077,168,6
75848.5333,0.2833,34.655,0.1333,34.58,-26,179,-1065,169,6
75848.7,-0.0167,34.655,0.0667,34.565,-38,187,-1068,170,6
75848.8667,-0.1,34.635,-0.1333,34.5,-38,168,-1070,171,6
75849.0333,0.2,34.62,0.1,34.515,-36,183,-1055,172,6
75849.2,0.0667,34.655,-0.0167,34.53,-32,177,-1065,173,6
75849.3667,-0.0167,34.635,-0.0333,34.545,-30,183,-1065,174,6
75849.5333,-0.0167,34.67,-0.0167,34.595,-38,182,-1056,175,6
75849.7,-0.0333,34.635,-0.0,34.565,-37,177,-1074,176,6
75849.8667,0.0333,34.655,0.0333,34.58,-66,180,-1071,177,6
75850.0333,0.05,34.605,0.0167,34.545,-62,159,-1056,178,6
75850.2,0.05,34.655,0.0167,34.545,-75,178,-1064,179,6
75850.3667,0.0167,34.655,-0.0,34.53,-55,181,-1059,180,6
75850.5333,0.0,34.635,0.0167,34.53,-51,172,-1065,181,6
75850.7,-0.0167,34.655,-0.0333,34.545,-34,180,-1071,182,6
75850.8667,-0.05,34.655,-0.0167,34.545,-40,173,-1071,183,6
75851.0333,-0.0167,34.635,-0.0,34.545,-33,185,-1071,184,6
75851.2,-0.05,34.635,-0.0167,34.565,-39,178,-1070,185,6
75851.3667,-0.0333,34.655,-0.0333,34.53,-37,174,-1064,186,6
75851.5333,-0.0333,34.635,-0.0167,34.515,-37,179,-1074,187,6
75851.7,-0.0333,34.655,-0.05,34.545,-34,176,-1062,188,6
75851.8667,0.0,34.635,-0.0,34.545,-32,174,-1067,189,6
75852.0333,0.0,34.635,-0.0167,34.53,-35,182,-1071,190,6
75852.2,0.0333,34.655,0.0167,34.545,-28,177,-1080,191,6
75852.3667,0.0,34.655,0.0167,34.53,-60,173,-1059,192,6
75852.5333,0.0333,34.655,0.0167,34.5,-51,173,-1070,193,6
75852.7,0.0333,34.635,-0.0,34.565,-60,186,-1071,194,6
75852.8667,0.0,34.635,-0.0,34.53,-72,187,-1068,195,6
75853.0333,0.0,34.635,0.0167,34.545,-70,180,-1067,196,6
75853.2,0.0167,34.635,-0.0,34.565,-46,162,-1074,197,6
75853.3667,0.0333,34.655,-0.0,34.53,-45,178,-1056,198,6
75853.5333,0.05,34.635,-0.0,34.545,-24,171,-1070,199,6
75853.7,0.0333,34.62,0.0167,34.545,-37,180,-1090,200,6
75853.8667,0.0333,34.655,0.0167,34.545,-32,183,-1074,201,6
75854.0333,0.05,34.635,0.0167,34.58,-34,176,-1071,202,6
75854.2,0.05,34.67,0.0167,34.53,-35,174,-1076,203,6
75854.3667,0.0667,34.635,0.0167,34.53,-28,170,-1071,204,6
75854.5333,0.0333,34.635,-0.0,34.53,-38,183,-1080,205,6
75854.7,0.0333,34.635,-0.0,34.565,-33,172,-1071,206,6
75854.8667,0.05,34.635,-0.0,34.545,-34,165,-1079,207,6
75855.0333,0.0833,34.62,0.0333,34.565,-35,170,-1080,208,6
75855.2,0.0667,34.635,0.0333,34.565,-40,177,-1061,209,6
75855.3667,0.0333,34.655,-0.0,34.565,-52,174,-1067,210,6
75855.5333,0.0333,34.635,-0.0,34.53,-35,184,-1073,211,6
75855.7,0.0667,34.62,0.0333,34.53,-69,179,-1061,212,6
75855.8667,0.0167,34.655,-0.0,34.565,-69,177,-1068,213,6
75856.0333,0.0167,34.655,-0.0,34.545,-49,177,-1073,214,6
75856.2,0.0333,34.67,-0.0167,34.545,-50,181,-1071,215,6
75856.3667,0.0667,34.635,0.0167,34.53,-34,180,-1068,216,6
75856.5333,0.05,34.635,0.0167,34.595,-34,178,-1071,217,6
75856.7,0.0667,34.62,-0.0,34.595,-18,181,-1079,218,6
75856.8667,0.0833,34.655,0.0333,34.58,-33,173,-1062,219,6
75857.0333,0.0667,34.605,0.0167,34.545,-36,175,-1074,220,6
75857.2,0.0833,34.635,-0.0,34.545,-41,181,-1071,221,6
75857.3667,0.0833,34.635,0.0333,34.53,-33,158,-1073,222,6
75857.5333,0.0833,34.635,0.0167,34.565,-31,172,-1073,223,6
75857.7,0.1,34.635,0.05,34.565,-43,187,-1065,224,6
75857.8667,0.1,34.605,0.0333,34.545,-81,179,-1087,225,6
75858.0333,0.1333,34.67,0.0833,34.53,-54,179,-1068,226,6
75858.2,0.0833,34.655,0.0167,34.53,-65,180,-1065,227,6
75858.3667,-0.05,34.635,-0.0,34.545,-70,182,-1067,228,6
75858.5333,0.4833,34.635,0.4667,34.53,-78,188,-1068,229,6
75858.7,0.0167,34.635,0.0167,34.545,-50,177,-1071,230,6
75858.8667,0.05,34.655,0.05,34.53,-40,157,-1056,231,6
75859.0333,0.1167,34.685,0.0333,34.545,-42,168,-1080,232,6
75859.2,0.1667,34.67,0.1667,34.545,-34,183,-1071,233,6
75859.3667,0.1667,34.655,0.1667,34.565,-36,174,-1058,234,6
75859.5333,0.1167,34.635,0.1333,34.595,-34,184,-1059,235,6
75859.7,0.2,34.635,0.0333,34.565,-38,174,-1071,236,6
75859.8667,0.05,34.655,0.0667,34.53,-40,175,-1080,237,6
75860.0333,-0.15,34.635,-0.0667,34.53,-36,177,-1067,238,6
75860.2,0.0,34.655,0.0167,34.565,-30,170,-1046,239,6
75860.3667,0.0667,34.62,0.0833,34.565,-36,180,-1068,240,6
75860.5333,0.0167,34.635,0.0167,34.53,-22,182,-1059,241,6
75860.7,0.0333,34.635,0.15,34.58,-14,183,-1061,242,6
75860.8667,0.1667,34.59,0.1167,34.595,-7,189,-1068,243,6
75861.0333,0.0667,34.635,0.0667,34.545,-15,180,-1068,244,6
75861.2,0.0833,34.635,0.1167,34.545,-12,194,-1068,245,6
75861.3667,0.1333,34.655,0.1333,34.545,-15,179,-1070,246,6
75861.5333,0.1333,34.67,0.0833,34.58,-17,177,-1067,247,6
75861.7,-0.0833,34.62,-0.0167,34.545,-26,183,-1065,248,6
75861.8667,-0.0333,34.67,-0.0333,34.565,-22,183,-1079,249,6
75862.0333,0.1167,34.635,0.0667,34.545,-19,177,-1068,250,6
75862.2,-0.0333,34.635,-0.0167,34.545,-24,183,-1059,251,6
75862.3667,0.0333,34.655,-0.0,34.545,-24,171,-1062,252,6
75862.5333,0.0,34.635,-0.0,34.53,-18,183,-1074,253,6
75862.7,0.0167,34.655,-0.0,34.565,-34,163,-1062,254,6
75862.8667,0.0667,34.635,0.0167,34.545,-30,178,-1068,255,6
75863.0333,0.1167,34.635,0.05,34.53,-36,162,-1071,0,6
75863.2,0.1,34.62,0.0333,34.545,-45,186,-1101,1,6
75863.3667,0.1167,34.62,0.05,34.58,-49,178,-1070,2,6
75863.5333,0.0667,34.655,0.0333,34.545,-59,184,-1065,3,6
75863.7,0.0667,34.655,-0.0,34.53,-48,172,-1067,4,6
75863.8667,0.0833,34.67,0.0167,34.565,-33,163,-1077,5,6
75864.0333,0.05,34.67,-0.0,34.53,-37,170,-1070,6,6
75864.2,0.1,34.635,-0.0,34.565,-30,179,-1074,7,6
75864.3667,0.0667,34.59,-0.0,34.565,-42,177,-1056,8,6
75864.5333,0.0667,34.62,0.0167,34.545,-28,177,-1064,9,6
75864.7,0.0833,34.635,0.0333,34.53,-30,177,-1068,10,6
75864.8667,0.0833,34.635,0.0333,34.565,-32,169,-1074,11,6
75865.0333,0.0667,34.655,0.0333,34.545,-25,182,-1064,12,6
75865.2,0.0667,34.67,0.0333,34.565,-34,174,-1071,13,6
75865.3667,0.0333,34.62,-0.0,34.545,-30,174,-1070,14,6
75865.5333,0.0333,34.62,-0.0167,34.515,-45,183,-1068,15,6
75865.7,0.05,34.635,-0.0,34.53,-59,168,-1080,16,6
75865.8667,0.05,34.635,0.0167,34.545,-71,179,-1068,17,6
75866.0333,0.0333,34.62,-0.0,34.53,-64,171,-1065,18,6
75866.2,0.0333,34.655,-0.0,34.53,-52,177,-1064,19,6
75866.3667,0.05,34.655,-0.0,34.545,-37,179,-1068,20,6
75866.5333,0.05,34.655,0.0167,34.53,-33,175,-1074,21,6
75866.7,0.0333,34.655,-0.0167,34.53,-30,180,-1061,22,6
75866.8667,0.0667,34.655,0.0167,34.545,-32,171,-1062,23,6
75867.0333,0.0667,34.655,0.0167,34.545,-38,177,-1071,24,6
75867.2,0.0833,34.62,0.0167,34.545,-27,174,-1070,25,6
75867.3667,0.0667,34.655,0.0167,34.53,-33,181,-1071,26,6
75867.5333,0.05,34.635,-0.0,34.53,-31,170,-1070,27,6
75867.7,0.05,34.62,-0.0,34.565,-33,159,-1068,28,6
75867.8667,0.0833,34.635,0.0333,34.545,-34,171,-1077,29,6
75868.0333,0.0667,34.62,0.0167,34.565,-27,183,-1074,30,6
75868.2,0.05,34.62,0.0167,34.545,-45,177,-1061,31,6
75868.3667,0.0667,34.62,0.0167,34.565,-60,180,-1074,32,6
75868.5333,0.0833,34.635,0.0333,34.53,-73,175,-1070,33,6
75868.7,0.0333,34.635,-0.0,34.565,-66,177,-1061,34,6
75868.8667,0.0333,34.62,-0.0,34.545,-52,184,-1074,35,6
75869.0333,0.0333,34.655,-0.0167,34.565,-43,181,-1056,36,6
75869.2,0.0333,34.655,-0.0,34.53,-34,175,-1067,37,6
75869.3667,0.0667,34.635,0.0167,34.565,-45,173,-1071,38,6
75869.5333,0.05,34.62,-0.0167,34.595,-30,177,-1065,39,6
75869.7,0.0833,34.62,0.0333,34.545,-33,182,-1068,40,6
75869.8667,0.0667,34.635,0.0167,34.58,-34,175,-1074,41,6
75870.0333,0.0833,34.62,-0.0,34.545,-25,175,-1077,42,6
75870.2,0.0833,34.62,0.0333,34.565,-30,185,-1073,43,6
75870.3667,0.0667,34.635,-0.0,34.515,-30,173,-1056,44,6
75870.5333,0.0167,34.62,-0.0,34.565,-33,186,-1065,45,6
75870.7,-0.0333,34.655,-0.0333,34.565,-50,166,-1071,46,6
75870.8667,0.05,34.685,0.0333,34.58,-56,185,-1064,47,6
75871.0333,0.0667,34.635,0.05,34.58,-70,177,-1064,48,6
75871.2,0.0333,34.62,0.0833,34.58,-64,183,-1070,49,6
75871.3667,0.1667,34.635,0.1333,34.565,-51,175,-1071,50,6
75871.5333,0.2667,34.635,0.2,34.53,-40,176,-1074,51,6
75871.7,0.25,34.605,0.1833,34.58,-35,156,-1089,52,6
75871.8667,0.0833,34.62,0.1167,34.565,-42,173,-1062,53,6
75872.0333,0.1333,34.605,0.1333,34.53,-32,176,-1071,54,6
75872.2,0.1667,34.62,0.1167,34.53,-36,172,-1065,55,6
75872.3667,0.0833,34.62,0.0333,34.545,-32,186,-1067,56,6
75872.5333,0.1667,34.655,0.1333,34.565,-33,177,-1065,57,6
75872.7,0.1333,34.62,0.1,34.53,-33,175,-1074,58,6
75872.8667,0.1833,34.62,0.2333,34.545,-30,167,-1079,59,6
75873.0333,-0.0333,34.635,0.0333,34.565,-39,174,-1056,60,6
75873.2,0.3333,34.62,0.3167,34.53,-31,182,-1080,61,6
75873.3667,0.2167,34.685,0.1667,34.565,-43,177,-1065,62,6
75873.5333,-0.05,34.605,0.05,34.545,-59,177,-1071,63,6
75873.7,0.1,34.62,0.1667,34.545,-69,175,-1068,64,6
75873.8667,0.0333,34.62,0.05,34.565,-73,180,-1068,65,6
75874.0333,0.1167,34.605,0.0667,34.515,-60,187,-1084,66,6
75874.2,0.1167,34.635,0.0667,34.53,-58,174,-1065,67,6
75874.3667,0.05,34.635,0.0167,34.58,-37,177,-1074,68,6
75874.5333,0.1167,34.635,0.05,34.565,-36,168,-1074,69,6
75874.7,0.0833,34.655,0.0333,34.53,-33,177,-1065,70,6
75874.8667,0.0833,34.655,0.0333,34.545,-37,171,-1071,71,6
75875.0333,0.0333,34.62,-0.0,34.53,-37,177,-1065,72,6
75875.2,0.0333,34.635,0.0167,34.545,-41,182,-1062,73,6
75875.3667,0.0667,34.62,0.0167,34.545,-36,182,-1074,74,6
75875.5333,0.0333,34.605,0.0167,34.565,-32,174,-1065,75,6
75875.7,0.0,34.655,0.0167,34.53,-30,182,-1065,76,6
75875.8667,0.0,34.62,0.0333,34.53,-42,174,-1071,77,6
75876.0333,-0.0167,34.635,-0.0333,34.545,-37,182,-1067,78,6
75876.2,0.0333,34.655,0.0167,34.565,-56,175,-1070,79,6
75876.3667,0.0333,34.62,-0.0,34.515,-63,185,-1068,80,6
75876.5333,0.0667,34.605,0.0333,34.58,-75,175,-1070,81,6
75876.7,0.0167,34.655,-0.0,34.53,-69,178,-1062,82,6
75876.8667,0.0,34.635,-0.0167,34.53,-59,186,-1064,83,6
75877.0333,0.0167,34.62,-0.0167,34.595,-42,177,-1082,84,6
75877.2,0.0167,34.635,-0.0,34.53,-27,158,-1058,85,6
75877.3667,0.0167,34.635,-0.0167,34.58,-27,186,-1059,86,6
75877.5333,0.05,34.67,-0.0167,34.565,-26,173,-1064,87,6
75877.7,0.05,34.605,0.0167,34.53,-25,184,-1070,88,6
75877.8667,0.05,34.62,0.0167,34.545,-19,179,-1070,89,6
75878.0333,0.0333,34.635,-0.0,34.545,-21,187,-1056,90,6
75878.2,0.0667,34.635,0.0167,34.565,-21,174,-1071,91,6
75878.3667,0.05,34.635,0.0167,34.545,-23,182,-1065,92,6
75878.5333,0.05,34.635,-0.0,34.515,-13,177,-1071,93,6
75878.7,0.0167,34.655,-0.0333,34.53,-30,181,-1071,94,6
75878.8667,0.0167,34.605,-0.0333,34.515,-26,178,-1067,95,6
75879.0333,0.0,34.635,-0.05,34.565,-18,190,-1082,96,6
75879.2,-0.0333,34.655,-0.05,34.53,-19,185,-1058,97,6
75879.3667,0.0167,34.605,-0.0167,34.565,-12,186,-1065,98,6
75879.5333,0.0167,34.635,-0.0167,34.58,-3,189,-1062,99,6
75879.7,0.0333,34.635,-0.0,34.58,-16,180,-1068,100,6
75879.8667,0.05,34.62,-0.0,34.545,-6,187,-1067,101,6
75880.0333,0.0333,34.635,-0.0,34.53,-11,188,-1068,102,6
75880.2,0.0333,34.655,-0.0167,34.5,-12,182,-1058,103,6
75880.3667,0.0667,34.62,0.0167,34.53,-18,176,-1068,104,6
75880.5333,0.05,34.62,-0.0,34.53,-18,176,-1070,105,6
75880.7,0.0667,34.635,0.0167,34.545,-16,187,-1067,106,6
75880.8667,0.0667,34.635,-0.0,34.545,-23,178,-1073,107,6
75881.0333,0.0333,34.62,-0.0167,34.565,-21,173,-1077,108,6
75881.2,0.0833,34.635,0.0167,34.545,-34,177,-1059,109,6
75881.3667,0.0333,34.635,-0.0,34.545,-50,188,-1084,110,6
75881.5333,0.0667,34.62,0.0167,34.515,-69,179,-1068,111,6
75881.7,0.05,34.62,0.0167,34.545,-71,169,-1082,112,6
75881.8667,0.0333,34.62,-0.0167,34.53,-61,175,-1055,113,6
75882.0333,0.0667,34.635,0.0167,34.53,-39,178,-1070,114,6
75882.2,0.05,34.62,-0.0,34.565,-42,186,-1053,115,6
75882.3667,0.05,34.635,0.0167,34.53,-36,170,-1064,116,6
75882.5333,0.05,34.62,0.0167,34.58,-6,189,-1059,117,6
75882.7,0.1,34.635,0.0333,34.58,-27,171,-1062,118,6
75882.8667,0.15,34.635,0.0667,34.545,-30,184,-1064,119,6
75883.0333,0.0833,34.635,0.05,34.53,-34,171,-1074,120,6
75883.2,0.1167,34.605,0.05,34.565,-31,180,-1071,121,6
75883.3667,0.15,34.635,0.0667,34.53,-27,172,-1077,122,6
75883.5333,0.1667,34.62,0.1167,34.545,-31,177,-1064,123,6
75883.7,0.15,34.62,0.0833,34.565,37,174,-1070,124,6
75883.8667,0.1167,34.62,0.15,34.545,-52,163,-1061,125,6
75884.0333,0.0167,34.62,0.05,34.565,-72,180,-1061,126,6
75884.2,0.0833,34.62,0.1833,34.545,-74,183,-1059,127,6
75884.3667,0.2333,34.635,0.3167,34.565,-105,180,-1056,128,6
75884.5333,0.2667,34.62,0.0333,34.545,-47,184,-1073,129,6
75884.7,0.15,34.655,0.1333,34.545,-34,180,-1065,130,6
75884.8667,0.1333,34.635,0.0667,34.565,-33,174,-1065,131,6
75885.0333,0.1167,34.655,0.1,34.5,-33,186,-1080,132,6
75885.2,-0.1,34.635,-0.0333,34.53,-36,180,-1067,133,6
75885.3667,0.0833,34.62,0.0333,34.53,-31,179,-1070,134,6
75885.5333,0.0833,34.62,0.1333,34.545,-31,174,-1077,135,6
75885.7,0.1,34.635,0.0333,34.565,-33,180,-1059,136,6
75885.8667,0.1167,34.635,0.05,34.565,-28,171,-1071,137,6
75886.0333,0.0167,34.605,0.0333,34.545,-30,177,-1071,138,6
75886.2,0.15,34.605,0.1333,34.565,-45,187,-1065,139,6
75886.3667,0.1333,34.67,0.05,34.565,-55,165,-1059,140,6
75886.5333,0.0,34.655,-0.0,34.53,-63,182,-1070,141,6
75886.7,0.0,34.635,0.0167,34.58,-84,179,-1077,142,6
75886.8667,0.0667,34.635,0.0167,34.565,-73,182,-1059,143,6
75887.0333,0.0333,34.605,-0.0,34.515,-51,181,-1062,144,6
75887.2,0.05,34.62,-0.0,34.565,-38,182,-1074,145,6
75887.3667,0.05,34.635,-0.0,34.565,-30,176,-1073,146,6
75887.5333,0.05,34.605,0.0167,34.545,-34,183,-1073,147,6
75887.7,0.0,34.635,-0.0167,34.58,-36,179,-1071,148,6
75887.8667,-0.0333,34.635,-0.05,34.545,-39,183,-1058,149,6
75888.0333,-0.05,34.605,-0.0333,34.53,-38,171,-1070,150,6
75888.2,-0.05,34.62,-0.05,34.565,-27,179,-1070,151,6
75888.3667,-0.0333,34.62,-0.0333,34.515,-30,173,-1070,152,6
75888.5333,0.0,34.59,-0.0333,34.545,-25,179,-1055,153,6
75888.7,0.0167,34.62,-0.0167,34.565,-33,181,-1073,154,6
75888.8667,0.0167,34.635,-0.0,34.545,-49,179,-1073,155,6
75889.0333,0.0167,34.635,-0.0,34.53,-53,184,-1065,156,6
75889.2,-0.0167,34.635,-0.0167,34.53,-81,161,-1082,157,6
75889.3667,-0.0167,34.635,-0.0167,34.58,-73,186,-1068,158,6
75889.5333,-0.0333,34.655,-0.0333,34.545,-54,170,-1073,159,6
75889.7,-0.0167,34.605,-0.0333,34.53,-46,180,-1076,160,6
75889.8667,0.0167,34.62,-0.0167,34.545,-34,177,-1068,161,6
75890.0333,0.0,34.605,-0.0167,34.58,-34,187,-1082,162,6
75890.2,0.0,34.62,-0.0167,34.53,-30,174,-1068,163,6
75890.3667,0.0333,34.62,-0.0,34.565,-33,177,-1070,164,6
75890.5333,0.0333,34.62,-0.0,34.515,-40,180,-1073,165,6
75890.7,0.0667,34.655,0.0333,34.515,-32,185,-1070,166,6
75890.8667,0.0167,34.62,-0.0,34.53,-37,180,-1071,167,6
75891.0333,0.0333,34.635,-0.0,34.565,-31,176,-1068,168,6
75891.2,0.0667,34.655,0.0333,34.545,-32,184,-1074,169,6
75891.3667,0.0333,34.655,0.0167,34.545,-48,183,-1041,170,6
75891.5333,0.0333,34.62,-0.0,34.545,-52,180,-1062,171,6
75891.7,0.0167,34.62,-0.0,34.545,-61,186,-1064,172,6
75891.8667,0.0333,34.62,0.0167,34.53,-85,179,-1065,173,6
75892.0333,0.0,34.635,-0.0167,34.53,-69,187,-1061,174,6
75892.2,0.0167,34.62,-0.0167,34.58,-49,181,-1059,175,6
75892.3667,0.0667,34.635,0.0167,34.53,-40,185,-1068,176,6
75892.5333,0.05,34.62,-0.0,34.545,-42,175,-1071,177,6
75892.7,0.05,34.605,0.0167,34.545,-36,181,-1064,178,6
75892.8667,0.05,34.62,0.0167,34.545,-39,177,-1064,179,6
75893.0333,0.05,34.67,0.0167,34.545,-32,181,-1071,180,6
75893.2,0.05,34.635,0.0167,34.515,-34,179,-1065,181,6
75893.3667,0.05,34.605,0.0167,34.565,-39,184,-1058,182,6
75893.5333,0.05,34.62,-0.0,34.545,9,178,-1071,183,6
75893.7,0.05,34.59,-0.0167,34.53,-33,183,-1053,184,6
75893.8667,0.05,34.605,0.0167,34.565,-27,183,-1080,185,6
75894.0333,0.0667,34.635,0.0167,34.53,-46,183,-1071,186,6
75894.2,0.05,34.62,-0.0,34.515,-58,174,-1065,187,6
75894.3667,0.05,34.67,-0.0,34.53,-75,180,-1071,188,6
75894.5333,0.0167,34.635,-0.0167,34.58,-72,197,-1058,189,6
75894.7,0.0,34.635,-0.0167,34.595,-69,178,-1076,190,6
75894.8667,0.05,34.635,-0.0,34.53,-43,181,-1073,191,6
75895.0333,0.0333,34.59,-0.0,34.565,-45,186,-1062,192,6
75895.2,0.0167,34.655,-0.0167,34.53,-36,174,-1070,193,6
75895.3667,0.05,34.62,0.0167,34.53,-38,184,-1071,194,6
75895.5333,0.0833,34.59,0.0333,34.565,-38,180,-1068,195,6
75895.7,0.1667,34.62,0.15,34.53,-31,180,-1070,196,6
75895.8667,0.15,34.62,0.0833,34.515,-35,181,-1077,197,6
75896.0333,0.0,34.605,-0.0167,34.53,-34,175,-1068,198,6
75896.2,0.0,34.62,-0.0,34.53,-35,180,-1073,199,6
75896.3667,-0.2167,34.59,-0.1833,34.515,-38,177,-1056,200,6
75896.5333,-0.1333,34.67,-0.05,34.565,-34,185,-1077,201,6
75896.7,-0.0833,34.62,0.0667,34.545,-60,190,-1093,202,6
75896.8667,0.3,34.62,0.3,34.565,-66,176,-1062,203,6
75897.0333,0.0,34.62,0.0833,34.545,-72,192,-1065,204,6
75897.2,-0.0667,34.62,0.1,34.545,-72,186,-1064,205,6
75897.3667,-0.1333,34.59,-0.0833,34.545,-52,187,-1073,206,6
75897.5333,-0.2167,34.62,-0.1167,34.545,-53,176,-1070,207,6
75897.7,-0.1333,34.62,-0.0667,34.53,-39,178,-1070,208,6
75897.8667,-0.0333,34.605,-0.0167,34.565,-33,187,-1065,209,6
75898.0333,-0.1,34.605,0.0167,34.545,-47,171,-1064,210,6
75898.2,-0.1833,34.62,-0.1333,34.53,-21,177,-1068,211,6
75898.3667,-0.0167,34.635,0.0167,34.53,-25,192,-1064,212,6
75898.5333,0.0,34.635,-0.0833,34.53,-18,181,-1070,213,6
75898.7,-0.1,34.635,-0.0833,34.53,-15,190,-1065,214,6
75898.8667,-0.1333,34.605,-0.0833,34.565,-17,184,-1065,215,6
75899.0333,-0.0667,34.605,-0.0333,34.53,-12,191,-1070,216,6
75899.2,-0.0667,34.605,-0.0667,34.53,-16,179,-1073,217,6
75899.3667,-0.0333,34.62,-0.0333,34.545,-21,183,-1070,218,6
75899.5333,-0.0167,34.605,-0.0,34.53,-23,180,-1067,219,6
75899.7,0.0333,34.635,-0.0,34.53,-22,164,-1077,220,6
75899.8667,0.0167,34.605,-0.0,34.53,-21,178,-1068,221,6
75900.0333,-0.0167,34.62,-0.0167,34.545,-23,177,-1065,222,6
75900.2,-0.0333,34.62,-0.0333,34.545,-27,172,-1074,223,6
75900.3667,-0.0167,34.655,-0.0333,34.53,-22,186,-1058,224,6
75900.5333,0.0167,34.605,-0.0,34.565,-27,180,-1074,225,6
75900.7,0.0333,34.605,-0.0,34.565,-36,186,-1071,226,6
75900.8667,0.0,34.62,-0.0,34.545,-48,173,-1062,227,6
75901.0333,0.0,34.62,-0.0167,34.545,-49,174,-1070,228,6
75901.2,-0.0167,34.605,-0.0167,34.565,-41,187,-1083,229,6
75901.3667,0.0167,34.635,-0.0,34.53,-38,168,-1062,230,6
75901.5333,0.0,34.62,-0.0167,34.565,-31,180,-1068,231,6
75901.7,0.0333,34.62,-0.0,34.53,-36,175,-1092,232,6
75901.8667,0.05,34.605,-0.0167,34.53,-30,173,-1065,233,6
75902.0333,0.0333,34.62,-0.0,34.545,-27,178,-1068,234,6
75902.2,0.0333,34.605,-0.0167,34.53,-30,176,-1073,235,6
75902.3667,0.0833,34.59,-0.0,34.545,-18,171,-1074,236,6
75902.5333,0.0833,34.605,0.0333,34.515,-36,183,-1059,237,6
75902.7,0.0333,34.62,-0.0,34.515,-32,177,-1071,238,6
75902.8667,0.05,34.62,0.0167,34.53,-37,153,-1077,239,6
75903.0333,0.0333,34.62,-0.0,34.58,-56,171,-1065,240,6
75903.2,0.0333,34.635,-0.0,34.53,-56,181,-1068,241,6
75903.3667,0.05,34.635,0.0167,34.515,-65,176,-1077,242,6
75903.5333,0.05,34.62,0.0167,34.565,-62,169,-1071,243,6
75903.7,0.0333,34.605,-0.0,34.545,-38,179,-1074,244,6
75903.8667,0.05,34.635,-0.0,34.58,-36,177,-1071,245,6
75904.0333,0.0667,34.635,0.0167,34.565,-28,188,-1074,246,6
75904.2,0.0333,34.635,0.0167,34.545,-35,182,-1079,247,6
75904.3667,0.0333,34.575,-0.0,34.53,-30,178,-1074,248,6
75904.5333,0.05,34.605,0.0167,34.565,-37,187,-1062,249,6
75904.7,0.0667,34.655,0.0167,34.545,-32,178,-1068,250,6
75904.8667,0.0667,34.62,0.0167,34.515,-30,180,-1071,251,6
75905.0333,0.05,34.635,0.0167,34.545,-26,172,-1064,252,6
75905.2,0.0667,34.605,0.0167,34.545,-42,176,-1058,253,6
75905.3667,0.05,34.62,-0.0,34.53,-36,185,-1067,254,6
75905.5333,0.0667,34.605,0.0167,34.545,-35,182,-1086,255,6
75905.7,0.0,34.655,-0.0,34.565,-45,171,-1067,0,6
75905.8667,0.0167,34.62,-0.0167,34.545,-44,172,-1065,1,6
75906.0333,0.0667,34.59,0.0167,34.545,-42,179,-1068,2,6
75906.2,0.0833,34.62,0.0167,34.58,-23,187,-1080,3,6
75906.3667,0.05,34.635,-0.0,34.565,-28,195,-1071,4,6
75906.5333,0.05,34.62,0.0167,34.545,-21,181,-1067,5,6
75906.7,0.0667,34.605,0.0167,34.565,-19,187,-1065,6,6
75906.8667,0.05,34.605,-0.0,34.565,-18,168,-1079,7,6
75907.0333,0.05,34.635,-0.0,34.53,-22,180,-1071,8,6
75907.2,0.05,34.635,-0.0,34.58,-27,173,-1065,9,6
75907.3667,0.0333,34.635,-0.0,34.53,-30,185,-1068,10,6
75907.5333,0.1,34.635,0.0333,34.545,-23,182,-1071,11,6
75907.7,0.1,34.635,0.0333,34.545,-28,186,-1059,12,6
75907.8667,0.0667,34.605,0.0167,34.53,-27,179,-1058,13,6
75908.0333,0.0333,34.62,-0.0,34.545,-31,189,-1077,14,6
75908.2,0.0333,34.62,0.0167,34.565,-42,173,-1059,15,6
75908.3667,0.1333,34.635,0.0833,34.545,-46,181,-1073,16,6
75908.5333,0.1333,34.59,0.0833,34.545,-64,170,-1062,17,6
75908.7,-0.0833,34.635,-0.05,34.53,-69,177,-1071,18,6
75908.8667,-0.0667,34.635,-0.0333,34.53,-42,182,-1064,19,6
75909.0333,0.1,34.62,0.0833,34.53,-42,174,-1059,20,6
75909.2,0.2833,34.605,0.2667,34.545,-31,181,-1071,21,6
75909.3667,0.1,34.605,0.1833,34.565,-30,175,-1073,22,6
75909.5333,0.1,34.635,0.1833,34.58,-39,180,-1064,23,6
75909.7,0.3167,34.62,0.1833,34.545,-33,181,-1071,24,6
75909.8667,0.2167,34.62,0.1667,34.53,-34,181,-1073,25,6
75910.0333,0.35,34.59,0.2833,34.53,-33,165,-1067,26,6
75910.2,-0.0833,34.635,0.05,34.565,-27,181,-1068,27,6
75910.3667,0.2833,34.635,0.3333,34.53,-27,179,-1059,28,6
75910.5333,0.3,34.59,0.3833,34.545,-30,185,-1067,29,6
75910.7,0.15,34.605,0.2,34.565,-59,173,-1074,30,6
75910.8667,0.35,34.655,0.3167,34.565,-50,177,-1068,31,6
75911.0333,0.1667,34.655,0.1,34.565,-55,180,-1071,32,6
75911.2,0.1833,34.605,0.1333,34.565,-70,190,-1086,33,6
75911.3667,0.0333,34.605,0.05,34.565,-65,180,-1071,34,6
75911.5333,-0.0167,34.62,-0.0333,34.58,-47,171,-1084,35,6
75911.7,0.1167,34.605,0.05,34.53,-42,186,-1067,36,6
75911.8667,0.1333,34.605,0.0667,34.565,-28,186,-1065,37,6
75912.0333,0.1333,34.605,0.0667,34.515,-36,192,-1068,38,6
75912.2,0.1333,34.59,0.05,34.545,-30,177,-1073,39,6
75912.3667,0.1167,34.635,0.05,34.53,-27,186,-1074,40,6
75912.5333,0.1167,34.605,0.05,34.515,-27,178,-1071,41,6
75912.7,0.0833,34.62,0.05,34.53,-30,189,-1071,42,6
75912.8667,0.0833,34.635,0.0333,34.565,-28,177,-1068,43,6
75913.0333,0.0833,34.62,0.0333,34.545,-33,177,-1070,44,6
75913.2,0.0667,34.635,0.0333,34.565,-28,176,-1059,45,6
75913.3667,0.0,34.605,-0.0,34.565,-36,190,-1074,46,6
75913.5333,0.0333,34.605,-0.0,34.545,-45,177,-1070,47,6
75913.7,0.05,34.605,-0.0,34.565,-61,182,-1055,48,6
75913.8667,0.0833,34.605,0.0333,34.545,-66,174,-1065,49,6
75914.0333,0.05,34.635,0.0167,34.545,-65,181,-1067,50,6
75914.2,0.05,34.62,-0.0,34.545,-59,182,-1071,51,6
75914.3667,0.1,34.62,0.0333,34.53,-35,194,-1064,52,6
75914.5333,0.0833,34.62,0.0167,34.53,-38,181,-1074,53,6
75914.7,0.0667,34.635,0.0167,34.545,-32,180,-1068,54,6
75914.8667,0.0667,34.635,0.0167,34.515,-36,187,-1082,55,6
75915.0333,0.05,34.62,-0.0,34.515,-34,180,-1068,56,6
75915.2,0.05,34.62,0.0167,34.545,-31,181,-1073,57,6
75915.3667,0.0167,34.635,-0.0167,34.545,-36,180,-1074,58,6
75915.5333,0.0333,34.59,-0.05,34.53,-31,186,-1070,59,6
75915.7,0.05,34.575,-0.0,34.565,-25,180,-1067,60,6
75915.8667,0.05,34.635,-0.0,34.565,-25,186,-1065,61,6
75916.0333,0.1167,34.635,0.0333,34.545,-31,181,-1071,62,6
75916.2,0.05,34.605,0.0333,34.545,-45,189,-1058,63,6
75916.3667,0.0167,34.62,-0.0167,34.565,-46,178,-1071,64,6
75916.5333,0.0333,34.605,-0.0,34.545,-61,177,-1076,65,6
75916.7,0.0333,34.62,-0.0,34.565,-73,176,-1065,66,6
75916.8667,0.0333,34.635,-0.0,34.545,-63,186,-1067,67,6
75917.0333,0.0333,34.62,-0.0,34.565,-51,179,-1068,68,6
75917.2,0.0667,34.59,-0.0,34.515,-32,188,-1071,69,6
75917.3667,0.05,34.605,-0.0,34.565,-41,181,-1077,70,6
75917.5333,0.05,34.605,0.0167,34.565,-32,180,-1071,71,6
75917.7,0.0333,34.605,-0.0,34.545,-35,189,-1080,72,6
75917.8667,0.0333,34.62,-0.0,34.53,-34,176,-1068,73,6
75918.0333,0.05,34.62,-0.0,34.53,-30,180,-1065,74,6
75918.2,0.05,34.59,-0.0,34.565,-30,182,-1080,75,6
75918.3667,0.0333,34.59,-0.0167,34.565,-30,174,-1065,76,6
75918.5333,0.0667,34.59,0.0167,34.565,-30,184,-1059,77,6
75918.7,0.0667,34.605,0.0167,34.53,-32,183,-1073,78,6
75918.8667,0.1,34.635,0.0333,34.545,-30,180,-1067,79,6
75919.0333,0.0667,34.605,0.0333,34.565,-51,161,-1074,80,6
75919.2,0.05,34.635,0.0167,34.595,-46,180,-1065,81,6
75919.3667,0.05,34.59,-0.0,34.545,-30,167,-1067,82,6
75919.5333,0.05,34.59,0.0167,34.515,-40,170,-1076,83,6
75919.7,0.0667,34.605,0.0167,34.545,-25,184,-1065,84,6
75919.8667,0.0333,34.62,-0.0,34.565,-26,173,-1062,85,6
75920.0333,0.05,34.605,0.0167,34.53,-23,182,-1067,86,6
75920.2,0.0833,34.62,0.0167,34.515,-26,177,-1080,87,6
75920.3667,0.0833,34.62,0.0333,34.565,-21,168,-1059,88,6
75920.5333,0.1167,34.59,0.05,34.545,-30,185,-1058,89,6
75920.7,0.1167,34.605,0.1,34.545,-42,168,-1098,90,6
75920.8667,0.0167,34.635,-0.0,34.545,-44,175,-1079,91,6
75921.0333,-0.0333,34.635,-0.0,34.565,-51,160,-1059,92,6
75921.2,0.1333,34.635,0.15,34.53,-66,173,-1070,93,6
75921.3667,0.1333,34.59,0.2,34.565,-59,181,-1067,94,6
75921.5333,0.0167,34.635,0.05,34.515,-51,183,-1071,95,6
75921.7,0.3167,34.635,0.1833,34.53,-46,179,-1062,96,6
75921.8667,0.4167,34.635,0.3833,34.565,-36,180,-1067,97,6
75922.0333,0.0167,34.605,-0.0,34.545,-28,180,-1070,98,6
75922.2,-0.1333,34.635,-0.0333,34.53,-15,180,-1074,99,6
75922.3667,0.15,34.605,0.2,34.545,-33,192,-1068,100,6
75922.5333,0.15,34.59,0.2167,34.545,-21,182,-1067,101,6
75922.7,-0.1,34.575,-0.0333,34.545,-21,188,-1071,102,6
75922.8667,0.2333,34.635,0.2167,34.58,-19,187,-1059,103,6
75923.0333,0.1,34.59,0.15,34.515,-22,182,-1070,104,6
75923.2,0.1167,34.62,0.1,34.565,-23,163,-1073,105,6
75923.3667,0.1167,34.605,-0.0,34.565,-22,180,-1065,106,6
75923.5333,0.0667,34.635,-0.0167,34.53,-21,187,-1068,107,6
75923.7,0.0333,34.62,0.0167,34.58,-42,176,-1062,108,6
75923.8667,0.1167,34.62,0.0667,34.565,-24,171,-1071,109,6
75924.0333,0.0833,34.62,0.0333,34.53,-9,189,-1059,110,6
75924.2,0.1,34.575,0.05,34.545,-8,181,-1074,111,6
75924.3667,0.05,34.62,0.0167,34.58,-12,183,-1062,112,6
75924.5333,0.0,34.605,-0.0167,34.545,-5,183,-1076,113,6
75924.7,0.1,34.635,0.05,34.545,-21,182,-1070,114,6
75924.8667,0.1167,34.605,0.0667,34.53,-12,190,-1073,115,6
75925.0333,0.1,34.605,0.0167,34.565,-24,179,-1079,116,6
75925.2,0.0667,34.605,0.0167,34.515,-24,177,-1076,117,6
75925.3667,0.0667,34.59,0.0167,34.58,-15,188,-1068,118,6
75925.5333,0.1,34.62,0.0667,34.53,-19,168,-1068,119,6
75925.7,0.0333,34.635,0.0167,34.53,-18,174,-1071,120,6
75925.8667,0.05,34.62,0.0333,34.565,-19,167,-1071,121,6
75926.0333,0.0167,34.605,-0.0333,34.565,-28,183,-1077,122,6
75926.2,0.05,34.605,-0.0,34.545,-37,179,-1065,123,6
75926.3667,0.05,34.635,0.0167,34.53,-49,182,-1095,124,6
75926.5333,0.0667,34.62,-0.0,34.545,-60,166,-1073,125,6
75926.7,0.0667,34.59,-0.0,34.545,-65,181,-1064,126,6
75926.8667,0.0667,34.605,0.0167,34.545,-58,177,-1065,127,6
75927.0333,0.1,34.605,0.0333,34.565,-54,179,-1077,128,6
75927.2,0.0833,34.605,0.0333,34.545,-41,187,-1077,129,6
75927.3667,0.0667,34.62,0.0167,34.565,-34,176,-1070,130,6
75927.5333,0.05,34.59,-0.0,34.565,-28,162,-1058,131,6
75927.7,0.05,34.59,0.0167,34.545,-35,174,-1071,132,6
75927.8667,0.0667,34.62,0.0167,34.53,-27,182,-1073,133,6
75928.0333,0.0333,34.655,-0.0,34.545,-28,177,-1064,134,6
75928.2,0.0833,34.59,0.0333,34.565,-30,187,-1065,135,6
75928.3667,0.0333,34.635,-0.0,34.565,-27,175,-1073,136,6
75928.5333,0.05,34.62,-0.0,34.58,-32,180,-1056,137,6
75928.7,0.05,34.605,-0.0,34.565,-28,169,-1070,138,6
75928.8667,0.0333,34.635,-0.0,34.545,-53,169,-1071,139,6
75929.0333,0.0167,34.575,-0.0167,34.545,-57,187,-1065,140,6
75929.2,0.05,34.635,-0.0,34.545,-69,178,-1065,141,6
75929.3667,0.1,34.62,0.0333,34.565,-57,183,-1065,142,6
75929.5333,0.0333,34.605,0.0167,34.545,-54,182,-1068,143,6
75929.7,0.05,34.655,-0.0,34.53,-41,174,-1074,144,6
75929.8667,0.05,34.635,-0.0,34.545,-41,180,-1070,145,6
75930.0333,0.0667,34.59,0.0167,34.53,-33,174,-1062,146,6
75930.2,0.0667,34.62,0.0167,34.545,-31,183,-1071,147,6
75930.3667,0.05,34.62,0.0167,34.545,-31,177,-1070,148,6
75930.5333,0.05,34.62,-0.0,34.53,-33,183,-1068,149,6
75930.7,0.0667,34.62,0.0167,34.58,-36,174,-1082,150,6
75930.8667,0.05,34.635,-0.0,34.545,-31,175,-1062,151,6
75931.0333,0.0667,34.59,0.0167,34.565,-30,184,-1082,152,6
75931.2,0.0833,34.605,0.0167,34.515,-27,175,-1079,153,6
75931.3667,0.0667,34.605,0.0333,34.565,-30,174,-1065,154,6
75931.5333,0.05,34.605,0.0167,34.545,-42,168,-1074,155,6
75931.7,0.0833,34.635,0.0333,34.545,-47,184,-1067,156,6
75931.8667,0.05,34.62,0.0167,34.545,-68,157,-1086,157,6
75932.0333,0.05,34.605,-0.0,34.53,-62,174,-1070,158,6
75932.2,0.05,34.635,0.0167,34.53,-57,186,-1059,159,6
75932.3667,0.0667,34.62,0.0167,34.545,-36,172,-1062,160,6
75932.5333,0.0833,34.59,0.0333,34.53,-24,181,-1074,161,6
75932.7,0.0833,34.635,0.0333,34.545,-32,180,-1067,162,6
75932.8667,0.05,34.605,-0.0,34.545,-30,177,-1071,163,6
75933.0333,-0.05,34.605,-0.0333,34.53,-36,184,-1080,164,6
75933.2,-0.0167,34.59,-0.0,34.515,-34,174,-1073,165,6
75933.3667,0.2,34.605,0.1333,34.545,-27,179,-1064,166,6
75933.5333,0.2333,34.605,0.1833,34.58,-33,176,-1065,167,6
75933.7,-0.15,34.605,-0.1667,34.53,-24,179,-1073,168,6
75933.8667,-0.2,34.62,-0.0833,34.545,-27,186,-1080,169,6
75934.0333,-0.15,34.62,-0.0333,34.53,-54,173,-1052,170,6
75934.2,0.0167,34.59,0.0167,34.53,-52,171,-1065,171,6
75934.3667,0.15,34.605,0.2667,34.58,-64,177,-1070,172,6
75934.5333,0.1667,34.635,0.2667,34.53,-60,180,-1064,173,6
75934.7,-0.15,34.62,0.0167,34.545,-68,182,-1059,174,6
75934.8667,-0.1167,34.62,-0.05,34.565,-45,181,-1074,175,6
75935.0333,-0.2,34.62,-0.2333,34.53,-36,168,-1058,176,6
75935.2,0.2667,34.575,0.2333,34.565,-36,174,-1068,177,6
75935.3667,0.1333,34.655,-0.0,34.53,-24,181,-1071,178,6
75935.5333,0.0333,34.605,0.05,34.53,-30,171,-1077,179,6
75935.7,0.0833,34.555,-0.05,34.545,-9,184,-1074,180,6
75935.8667,-0.0167,34.62,0.0333,34.58,-32,179,-1070,181,6
75936.0333,-0.05,34.62,-0.0,34.58,-33,179,-1068,182,6
75936.2,0.2167,34.605,0.1333,34.545,-25,175,-1077,183,6
75936.3667,0.3167,34.575,0.2167,34.545,-40,186,-1062,184,6
75936.5333,0.1,34.62,0.1833,34.565,-31,178,-1068,185,6
75936.7,0.0833,34.635,0.0167,34.53,-46,169,-1089,186,6
75936.8667,0.0,34.605,-0.0167,34.515,-60,180,-1059,187,6
75937.0333,0.0833,34.605,0.0333,34.545,-61,177,-1062,188,6
75937.2,0.1667,34.605,0.1167,34.5,-63,192,-1053,189,6
75937.3667,0.15,34.62,0.0833,34.53,-52,177,-1062,190,6
75937.5333,0.0667,34.605,0.0167,34.565,-36,187,-1074,191,6
75937.7,0.0667,34.59,0.0167,34.565,-33,178,-1064,192,6
75937.8667,0.0667,34.62,0.0167,34.545,-30,185,-1071,193,6
75938.0333,0.0667,34.62,0.0167,34.545,-35,185,-1080,194,6
75938.2,0.0667,34.62,0.0167,34.545,-28,177,-1074,195,6
75938.3667,0.0667,34.605,0.0167,34.565,-85,187,-1074,196,6
75938.5333,0.0333,34.62,-0.0,34.53,-38,178,-1058,197,6
75938.7,0.0167,34.59,-0.0,34.545,-31,177,-1071,198,6
75938.8667,-0.0167,34.605,-0.0333,34.545,-38,184,-1056,199,6
75939.0333,0.0333,34.605,-0.0167,34.53,-33,177,-1062,200,6
75939.2,0.0167,34.655,-0.0,34.565,-30,187,-1070,201,6
75939.3667,0.0333,34.62,-0.0,34.565,-43,175,-1070,202,6
75939.5333,0.0833,34.635,0.0167,34.58,-42,180,-1071,203,6
75939.7,0.0167,34.62,-0.0,34.565,-75,189,-1070,204,6
75939.8667,0.05,34.59,0.0167,34.545,-68,180,-1071,205,6
75940.0333,0.0167,34.62,-0.0167,34.565,-59,168,-1064,206,6
75940.2,0.0167,34.575,-0.0,34.545,-47,185,-1074,207,6
75940.3667,0.05,34.62,0.0333,34.53,-31,184,-1073,208,6
75940.5333,0.0333,34.62,-0.0,34.53,-27,178,-1059,209,6
75940.7,0.0333,34.605,-0.0333,34.565,-22,180,-1056,210,6
75940.8667,0.05,34.605,-0.0,34.565,-33,176,-1076,211,6
75941.0333,0.05,34.59,0.0167,34.565,-28,177,-1067,212,6
75941.2,0.05,34.59,-0.0,34.53,-33,183,-1065,213,6
75941.3667,0.05,34.59,-0.0,34.58,-28,165,-1059,214,6
75941.5333,0.0667,34.62,0.0167,34.545,-28,180,-1058,215,6
75941.7,0.05,34.605,-0.0,34.515,-22,186,-1073,216,6
75941.8667,0.05,34.62,-0.0,34.545,-54,174,-1068,217,6
75942.0333,0.05,34.62,-0.0,34.565,-60,191,-1065,218,6
75942.2,0.0667,34.605,0.0167,34.53,-79,183,-1062,219,6
75942.3667,0.0333,34.59,-0.0167,34.565,-65,190,-1059,220,6
75942.5333,0.0833,34.575,0.0167,34.545,-53,180,-1074,221,6
75942.7,0.0667,34.605,0.0167,34.58,-38,184,-1068,222,6
75942.8667,0.05,34.605,0.0167,34.58,-43,189,-1056,223,6
75943.0333,0.0833,34.62,0.0167,34.5,-40,181,-1062,224,6
75943.2,0.0667,34.67,-0.0,34.545,-24,181,-1070,225,6
75943.3667,0.0667,34.62,0.0167,34.545,-36,189,-1062,226,6
75943.5333,0.0667,34.635,-0.0,34.515,-21,176,-1084,227,6
75943.7,0.0833,34.62,0.0333,34.565,-31,186,-1068,228,6
75943.8667,0.0833,34.635,0.0333,34.58,-23,180,-1074,229,6
75944.0333,0.1,34.62,0.05,34.53,-24,186,-1068,230,6
75944.2,0.0667,34.605,0.0333,34.53,-36,188,-1077,231,6
75944.3667,0.05,34.605,0.0167,34.595,-38,182,-1068,232,6
75944.5333,0.0333,34.62,-0.0,34.58,-60,195,-1061,233,6
75944.7,0.0667,34.59,0.0167,34.53,-81,184,-1058,234,6
75944.8667,0.0833,34.605,0.0167,34.53,-76,189,-1059,235,6
75945.0333,0.1,34.605,0.0167,34.565,-54,193,-1052,236,6
75945.2,0.0833,34.62,0.0333,34.565,-48,178,-1068,237,6
75945.3667,0.0833,34.635,0.0167,34.545,-35,186,-1065,238,6
75945.5333,0.0667,34.605,0.0167,34.58,-32,181,-1062,239,6
75945.7,0.0,34.62,-0.0167,34.53,-34,184,-1068,240,6
75945.8667,0.0,34.59,-0.0,34.545,-35,173,-1065,241,6
75946.0333,0.1167,34.635,0.0833,34.58,-35,180,-1070,242,6
75946.2,0.2,34.605,0.1,34.565,-26,186,-1059,243,6
75946.3667,0.1,34.62,-0.0,34.545,-31,169,-1089,244,6
75946.5333,0.3333,34.62,0.4167,34.53,-25,180,-1071,245,6
75946.7,0.3833,34.62,0.25,34.565,-36,169,-1059,246,6
75946.8667,0.1,34.62,0.1,34.53,-80,162,-1065,247,6
75947.0333,0.2333,34.59,0.3,34.545,-54,186,-1064,248,6
75947.2,0.2,34.62,0.1333,34.565,-65,180,-1056,249,6
75947.3667,-0.1,34.605,0.0167,34.565,-78,179,-1076,250,6
75947.5333,0.1333,34.62,0.1167,34.565,-56,181,-1068,251,6
75947.7,0.2167,34.62,0.2667,34.53,-43,186,-1071,252,6
75947.8667,0.25,34.605,-0.0,34.545,-47,189,-1070,253,6
75948.0333,-0.0167,34.59,0.0167,34.565,-33,162,-1080,254,6
75948.2,-0.15,34.62,-0.15,34.545,-31,183,-1068,255,6
75948.3667,-0.1167,34.62,-0.0833,34.565,-31,187,-1071,0,6
75948.5333,-0.1,34.59,-0.0333,34.545,-15,177,-1056,1,6
75948.7,-0.0167,34.605,-0.0167,34.545,-27,187,-1065,2,6
75948.8667,0.0833,34.605,0.0333,34.545,-28,182,-1068,3,6
75949.0333,0.1333,34.605,0.1,34.545,-24,188,-1065,4,6
75949.2,0.1167,34.59,0.05,34.565,-36,182,-1059,5,6
75949.3667,0.1167,34.635,0.05,34.545,-33,181,-1074,6,6
75949.5333,0.1,34.655,0.05,34.565,-51,167,-1065,7,6
75949.7,0.0833,34.605,0.0333,34.565,-64,184,-1070,8,6
75949.8667,0.0833,34.62,0.0333,34.545,-69,184,-1067,9,6
75950.0333,0.0667,34.62,0.0167,34.545,-69,183,-1059,10,6
75950.2,0.1,34.62,0.05,34.53,-46,188,-1071,11,6
75950.3667,0.05,34.655,-0.0,34.58,-37,180,-1073,12,6
75950.5333,0.05,34.62,-0.0,34.53,-36,178,-1065,13,6
75950.7,0.05,34.605,-0.0,34.565,-33,181,-1082,14,6
75950.8667,0.05,34.605,-0.0,34.53,-35,183,-1067,15,6
75951.0333,0.0667,34.605,0.0167,34.545,-27,182,-1068,16,6
75951.2,0.1,34.635,0.0333,34.545,-33,175,-1068,17,6
75951.3667,0.1,34.62,0.0333,34.545,-26,187,-1062,18,6
75951.5333,0.1167,34.62,0.0167,34.53,-30,177,-1071,19,6
75951.7,0.1,34.59,0.0333,34.565,-34,176,-1061,20,6
75951.8667,0.0833,34.62,0.0333,34.565,-38,189,-1080,21,6
75952.0333,0.0667,34.635,0.0167,34.58,-66,183,-1064,22,6
75952.2,0.05,34.655,0.0167,34.565,-61,180,-1061,23,6
75952.3667,0.0667,34.605,0.0333,34.53,-84,181,-1071,24,6
75952.5333,0.0333,34.62,-0.0,34.565,-69,176,-1071,25,6
75952.7,0.0167,34.59,-0.0167,34.545,-45,183,-1065,26,6
75952.8667,0.05,34.62,-0.0,34.545,-36,182,-1064,27,6
75953.0333,0.0667,34.605,-0.0,34.53,-21,178,-1071,28,6
75953.2,0.0667,34.605,0.0167,34.545,-36,188,-1067,29,6
75953.3667,0.0333,34.655,-0.0167,34.565,-30,180,-1065,30,6
75953.5333,0.05,34.575,-0.0,34.545,-33,173,-1068,31,6
75953.7,0.05,34.59,0.0167,34.58,-34,173,-1070,32,6
75953.8667,0.0333,34.605,-0.0,34.53,-27,185,-1067,33,6
75954.0333,0.0333,34.605,-0.0,34.545,-31,174,-1079,34,6
75954.2,0.0167,34.605,-0.0167,34.58,-24,180,-1062,35,6
75954.3667,0.0667,34.62,0.0167,34.545,-28,181,-1074,36,6
75954.5333,0.05,34.575,0.0167,34.545,-46,177,-1077,37,6
75954.7,0.0667,34.59,-0.0,34.545,-52,191,-1062,38,6
75954.8667,0.05,34.59,0.0167,34.565,-72,171,-1077,39,6
75955.0333,0.0167,34.605,-0.0,34.53,-70,185,-1061,40,6
75955.2,0.0333,34.575,-0.0167,34.58,-59,170,-1083,41,6
75955.3667,0.05,34.605,-0.0,34.545,-44,187,-1068,42,6
75955.5333,0.0667,34.635,0.0167,34.545,-33,177,-1068,43,6
75955.7,0.0667,34.605,0.0167,34.515,-33,177,-1084,44,6
75955.8667,0.0667,34.635,-0.0,34.545,-32,184,-1056,45,6
75956.0333,0.0833,34.59,0.0333,34.545,-32,182,-1064,46,6
75956.2,0.0667,34.605,0.0167,34.53,-32,180,-1068,47,6
75956.3667,0.0833,34.59,0.0333,34.565,-26,186,-1065,48,6
75956.5333,0.0333,34.62,-0.0,34.58,-35,180,-1073,49,6
75956.7,0.05,34.59,0.0167,34.53,-27,178,-1068,50,6
75956.8667,0.05,34.59,0.0167,34.545,-42,185,-1071,51,6
75957.0333,0.05,34.59,-0.0,34.545,-44,183,-1065,52,6
75957.2,0.05,34.59,-0.0,34.545,-57,180,-1065,53,6
75957.3667,0.0833,34.59,0.0333,34.565,-69,171,-1061,54,6
75957.5333,0.05,34.59,-0.0,34.545,-81,180,-1065,55,6
75957.7,0.0167,34.605,-0.0167,34.545,-63,187,-1068,56,6
75957.8667,0.0333,34.605,-0.0,34.58,-42,192,-1086,57,6
75958.0333,0.05,34.605,0.0167,34.545,-36,183,-1059,58,6
75958.2,0.1167,34.605,0.0667,34.5,-30,179,-1071,59,6
75958.3667,0.0667,34.59,0.0167,34.565,-28,179,-1068,60,6
75958.5333,0.0333,34.555,0.0167,34.545,-27,189,-1070,61,6
75958.7,0.1,34.62,0.05,34.53,-33,185,-1068,62,6
75958.8667,0.0333,34.635,-0.0,34.545,-24,178,-1070,63,6
75959.0333,0.2667,34.59,0.2833,34.545,-42,183,-1059,64,6
75959.2,-0.0167,34.635,-0.0167,34.545,-21,161,-1080,65,6
75959.3667,0.0333,34.59,0.0333,34.545,-15,187,-1059,66,6
75959.5333,-0.15,34.605,-0.1167,34.545,0,174,-1064,67,6
75959.7,0.1833,34.605,0.2667,34.53,-15,192,-1067,68,6
75959.8667,0.3333,34.59,0.2833,34.565,-11,193,-1061,69,6
75960.0333,-0.3667,34.605,-0.2333,34.53,-9,189,-1089,70,6
75960.2,-0.1,34.605,0.0167,34.545,-12,190,-1059,71,6
75960.3667,0.0833,34.62,0.15,34.53,-13,189,-1074,72,6
75960.5333,0.1167,34.59,0.1167,34.565,-18,184,-1070,73,6
75960.7,0.1667,34.605,0.15,34.515,-12,184,-1068,74,6
75960.8667,0.0,34.62,0.0167,34.58,-18,186,-1074,75,6
75961.0333,-0.1167,34.605,-0.05,34.58,-19,181,-1065,76,6
75961.2,0.1667,34.62,0.0833,34.545,-21,189,-1062,77,6
75961.3667,0.1167,34.59,0.0167,34.545,-27,187,-1070,78,6
75961.5333,0.0,34.59,-0.0167,34.545,-35,180,-1070,79,6
75961.7,-0.0333,34.575,-0.0167,34.565,-60,188,-1061,80,6
75961.8667,0.0667,34.59,0.0167,34.53,-65,179,-1065,81,6
75962.0333,-0.0833,34.62,-0.05,34.565,-60,187,-1071,82,6
75962.2,-0.0333,34.62,-0.0333,34.545,-34,183,-1068,83,6
75962.3667,0.0667,34.605,0.0333,34.545,-31,192,-1070,84,6
75962.5333,0.0833,34.62,0.0333,34.565,-34,186,-1073,85,6
75962.7,0.0833,34.555,0.0333,34.565,-24,183,-1068,86,6
75962.8667,0.05,34.605,0.0167,34.545,-25,190,-1065,87,6
75963.0333,0.05,34.62,0.0167,34.565,-26,184,-1068,88,6
75963.2,0.05,34.605,0.0167,34.565,-24,182,-1067,89,6
75963.3667,0.0167,34.59,-0.0,34.545,-27,200,-1073,90,6
75963.5333,0.0,34.59,-0.0167,34.545,-21,181,-1065,91,6
75963.7,-0.0167,34.605,-0.0333,34.565,-16,189,-1061,92,6
75963.8667,0.0167,34.635,-0.0,34.545,-31,182,-1074,93,6
75964.0333,0.0333,34.605,-0.0333,34.58,-36,198,-1068,94,6
75964.2,-0.0167,34.575,-0.05,34.545,-63,179,-1071,95,6
75964.3667,0.0333,34.635,-0.0167,34.565,-66,185,-1061,96,6
75964.5333,0.0,34.635,-0.0167,34.545,-66,176,-1080,97,6
75964.7,0.0167,34.575,-0.0167,34.565,-55,189,-1059,98,6
75964.8667,0.05,34.605,-0.0,34.545,-27,189,-1070,99,6
75965.0333,0.0333,34.605,0.0167,34.545,-24,185,-1086,100,6
75965.2,0.0333,34.62,0.0167,34.545,-21,184,-1062,101,6
75965.3667,0.05,34.605,0.0167,34.515,-24,190,-1068,102,6
75965.5333,0.05,34.59,-0.0,34.53,-24,186,-1067,103,6
75965.7,0.0833,34.575,0.0333,34.58,-14,181,-1071,104,6
75965.8667,0.0833,34.605,0.0333,34.565,-27,168,-1070,105,6
75966.0333,0.05,34.59,0.0167,34.545,-24,181,-1071,106,6
75966.2,0.0833,34.62,0.0167,34.565,-11,174,-1062,107,6
75966.3667,0.0333,34.575,0.0167,34.545,-30,185,-1074,108,6
75966.5333,0.0333,34.62,-0.0,34.545,-32,220,-1068,109,6
75966.7,0.0333,34.62,-0.0,34.58,-47,182,-1071,110,6
75966.8667,0.0167,34.575,-0.0167,34.545,-66,196,-1059,111,6
75967.0333,0.05,34.59,-0.0,34.53,-60,179,-1064,112,6
75967.2,0.0167,34.635,-0.0333,34.545,-30,198,-1071,113,6
75967.3667,0.0,34.62,-0.0167,34.565,-45,187,-1071,114,6
75967.5333,0.0167,34.59,-0.0167,34.53,-27,170,-1071,115,6
75967.7,0.0,34.62,-0.0333,34.565,-25,189,-1067,116,6
75967.8667,0.0333,34.605,-0.0,34.565,-21,173,-1058,117,6
75968.0333,0.0167,34.605,-0.0,34.565,-17,179,-1070,118,6
75968.2,0.0333,34.605,-0.0,34.565,-21,195,-1071,119,6
75968.3667,0.05,34.59,0.0167,34.545,-18,180,-1073,120,6
75968.5333,0.0333,34.605,-0.0167,34.545,-18,187,-1062,121,6
75968.7,0.0833,34.59,0.0167,34.515,-22,185,-1067,122,6
75968.8667,0.0833,34.62,0.0167,34.515,-24,184,-1068,123,6
75969.0333,0.1,34.59,0.0333,34.545,-13,189,-1073,124,6
75969.2,0.05,34.575,0.0167,34.53,-49,190,-1074,125,6
75969.3667,0.0167,34.605,-0.0,34.545,-51,185,-1068,126,6
75969.5333,0.0333,34.54,-0.0,34.545,-64,179,-1083,127,6
75969.7,0.0,34.59,-0.0333,34.545,-63,195,-1056,128,6
75969.8667,0.0333,34.605,-0.0167,34.565,-41,183,-1071,129,6
75970.0333,0.0667,34.62,0.0167,34.545,-36,198,-1062,130,6
75970.2,0.05,34.62,0.0167,34.53,-25,183,-1061,131,6
75970.3667,0.0167,34.59,-0.0,34.545,6,201,-1050,132,6
75970.5333,0.0333,34.605,-0.0,34.565,-22,186,-1071,133,6
75970.7,0.1,34.655,0.05,34.545,-18,194,-1071,134,6
75970.8667,0.0333,34.59,0.0167,34.545,-23,187,-1061,135,6
75971.0333,0.1333,34.575,0.1,34.53,-18,188,-1065,136,6
75971.2,-0.2,34.59,-0.0333,34.53,-24,190,-1065,137,6
75971.3667,-0.05,34.605,-0.0,34.565,-24,188,-1070,138,6
75971.5333,0.15,34.575,0.1333,34.53,-27,187,-1065,139,6
75971.7,0.15,34.575,0.15,34.565,-34,193,-1095,140,6
75971.8667,0.0333,34.62,0.15,34.545,-46,174,-1068,141,6
75972.0333,0.2333,34.605,0.2333,34.545,-53,187,-1064,142,6
75972.2,0.0667,34.62,0.2833,34.515,-56,187,-1064,143,6
75972.3667,0.05,34.59,0.2,34.545,-46,190,-1065,144,6
75972.5333,0.0667,34.62,0.0167,34.58,-53,193,-1067,145,6
75972.7,-0.1,34.62,-0.0167,34.545,-24,189,-1074,146,6
75972.8667,-0.25,34.59,-0.1667,34.53,-26,175,-1058,147,6
75973.0333,-0.0333,34.575,0.0167,34.595,-27,186,-1068,148,6
75973.2,0.1333,34.605,0.15,34.53,-18,188,-1068,149,6
75973.3667,0.25,34.59,0.2333,34.53,-21,186,-1065,150,6
75973.5333,0.1333,34.59,0.1167,34.545,-19,192,-1065,151,6
75973.7,-0.0167,34.555,-0.0167,34.53,-23,180,-1071,152,6
75973.8667,0.0667,34.605,0.0333,34.565,-19,186,-1065,153,6
75974.0333,-0.0667,34.605,-0.0333,34.565,-24,192,-1065,154,6
75974.2,0.0167,34.62,0.0167,34.53,-33,186,-1059,155,6
75974.3667,0.05,34.62,0.0333,34.545,-28,186,-1071,156,6
75974.5333,0.1,34.59,0.05,34.53,-52,184,-1055,157,6
75974.7,0.05,34.62,0.0167,34.515,-56,179,-1065,158,6
75974.8667,0.0167,34.575,-0.0,34.545,-60,191,-1064,159,6
75975.0333,0.0833,34.62,0.0333,34.515,-54,187,-1059,160,6
75975.2,0.0667,34.575,-0.0,34.58,-33,193,-1074,161,6
75975.3667,0.05,34.59,-0.0,34.53,-33,186,-1074,162,6
75975.5333,0.0667,34.655,0.0167,34.5,-25,183,-1076,163,6
75975.7,0.1,34.605,0.0333,34.58,-26,177,-1073,164,6
75975.8667,0.0833,34.59,0.0333,34.565,-24,186,-1070,165,6
75976.0333,0.0667,34.59,-0.0,34.565,-17,186,-1064,166,6
75976.2,0.0333,34.605,-0.0167,34.53,-24,187,-1062,167,6
75976.3667,0.0333,34.605,-0.0167,34.515,-21,183,-1070,168,6
75976.5333,0.0667,34.605,0.0167,34.545,-18,186,-1065,169,6
75976.7,0.0667,34.59,0.0167,34.53,-27,185,-1065,170,6
75976.8667,0.1167,34.62,0.0333,34.545,-19,180,-1068,171,6
75977.0333,0.0667,34.605,0.0333,34.545,-36,192,-1074,172,6
75977.2,0.0667,34.575,0.0167,34.515,-47,186,-1068,173,6
75977.3667,0.0667,34.575,0.0333,34.565,-57,178,-1077,174,6
75977.5333,0.05,34.59,0.0167,34.565,-66,191,-1053,175,6
75977.7,0.0333,34.605,0.0167,34.565,-66,188,-1070,176,6
75977.8667,0.0,34.59,-0.0167,34.565,-54,201,-1093,177,6
75978.0333,0.0,34.575,-0.0333,34.515,-33,185,-1062,178,6
75978.2,0.0167,34.605,-0.0,34.565,-4,186,-1053,179,6
75978.3667,0.0333,34.59,-0.0,34.545,-22,189,-1065,180,6
75978.5333,0.05,34.605,0.0167,34.515,-15,195,-1073,181,6
75978.7,0.0167,34.575,-0.0,34.545,-27,186,-1073,182,6
75978.8667,0.0333,34.605,-0.0,34.545,-25,183,-1068,183,6
75979.0333,0.0333,34.605,-0.0,34.565,-24,184,-1068,184,6
75979.2,0.05,34.59,-0.0,34.545,-24,185,-1068,185,6
75979.3667,0.05,34.605,-0.0,34.545,-22,180,-1059,186,6
75979.5333,0.05,34.62,-0.0,34.53,-25,195,-1073,187,6
75979.7,0.0333,34.62,-0.0,34.545,-51,176,-1064,188,6
75979.8667,0.0167,34.605,-0.0,34.5,-59,192,-1064,189,6
75980.0333,0.0167,34.605,-0.0,34.545,-69,180,-1059,190,6
75980.2,0.0,34.62,-0.0167,34.515,-66,183,-1061,191,6
75980.3667,0.0333,34.605,-0.0,34.565,-40,181,-1076,192,6
75980.5333,0.0333,34.635,-0.0,34.565,-35,186,-1070,193,6
75980.7,0.0833,34.575,-0.0,34.58,-23,184,-1080,194,6
75980.8667,0.05,34.59,0.0167,34.565,-36,171,-1061,195,6
75981.0333,0.0167,34.62,-0.0167,34.545,-27,186,-1065,196,6
75981.2,0.0333,34.59,-0.0,34.565,-27,179,-1073,197,6
75981.3667,0.0167,34.575,-0.0167,34.545,-32,183,-1065,198,6
75981.5333,0.0167,34.605,-0.0167,34.515,-22,183,-1056,199,6
75981.7,0.0333,34.59,-0.0,34.53,-33,189,-1077,200,6
75981.8667,0.05,34.59,0.0167,34.565,-28,183,-1067,201,6
75982.0333,0.0833,34.605,0.0333,34.53,-27,187,-1068,202,6
75982.2,0.05,34.605,-0.0,34.53,-40,180,-1065,203,6
75982.3667,0.0167,34.605,-0.0167,34.515,-51,190,-1071,204,6
75982.5333,0.0333,34.59,-0.0,34.545,-66,179,-1056,205,6
75982.7,0.05,34.605,-0.0,34.58,-68,187,-1068,206,6
75982.8667,0.05,34.59,0.0167,34.545,-60,186,-1058,207,6
75983.0333,0.05,34.605,-0.0,34.545,-39,182,-1082,208,6
75983.2,0.0833,34.575,0.05,34.545,-33,183,-1068,209,6
75983.3667,0.15,34.605,0.0833,34.545,-27,185,-1059,210,6
75983.5333,-0.0167,34.59,-0.0167,34.58,-34,176,-1067,211,6
75983.7,-0.15,34.555,-0.1,34.545,-27,186,-1064,212,6
75983.8667,0.1833,34.575,0.25,34.53,-24,178,-1064,213,6
75984.0333,0.0333,34.605,0.1167,34.53,-36,178,-1059,214,6
75984.2,0.2667,34.635,0.3667,34.565,-28,179,-1073,215,6
75984.3667,0.1167,34.575,0.0833,34.545,-27,181,-1071,216,6
75984.5333,0.0667,34.605,0.1,34.53,-14,176,-1074,217,6
75984.7,0.1833,34.605,0.3167,34.565,-69,192,-1080,218,6
75984.8667,0.0333,34.575,0.0167,34.565,-30,169,-1073,219,6
75985.0333,-0.0333,34.62,0.0333,34.545,-22,171,-1059,220,6
75985.2,0.2,34.59,0.15,34.53,-24,180,-1068,221,6
75985.3667,0.1167,34.575,0.0833,34.53,-12,180,-1068,222,6
75985.5333,0.3833,34.59,0.3667,34.53,-17,185,-1087,223,6
75985.7,0.3167,34.575,0.1667,34.545,-18,182,-1064,224,6
75985.8667,0.2667,34.59,0.15,34.545,-4,184,-1067,225,6
75986.0333,0.3167,34.62,0.2667,34.545,-15,183,-1068,226,6
75986.2,-0.3,34.575,-0.15,34.53,-9,187,-1071,227,6
75986.3667,0.1167,34.59,0.0167,34.545,-21,182,-1074,228,6
75986.5333,0.1667,34.59,0.15,34.53,-17,177,-1071,229,6
75986.7,0.1167,34.605,0.0833,34.485,-21,186,-1065,230,6
75986.8667,0.1,34.59,0.0333,34.58,-17,182,-1068,231,6
75987.0333,0.1,34.59,0.0333,34.545,-21,176,-1080,232,6
75987.2,0.0667,34.555,0.0333,34.53,-39,178,-1068,233,6
75987.3667,0.0333,34.555,0.0167,34.565,-50,164,-1073,234,6
75987.5333,0.0167,34.575,-0.0,34.565,-57,176,-1065,235,6
75987.7,0.0667,34.605,0.0333,34.565,-57,177,-1068,236,6
75987.8667,0.0833,34.59,0.0333,34.53,-50,187,-1059,237,6
75988.0333,0.0667,34.605,0.0167,34.515,-33,174,-1071,238,6
75988.2,-0.0167,34.555,-0.0333,34.565,-30,174,-1076,239,6
75988.3667,0.0167,34.605,-0.0167,34.545,-37,185,-1070,240,6
75988.5333,0.0,34.59,-0.0333,34.565,-28,157,-1077,241,6
75988.7,0.0,34.555,-0.0333,34.545,-28,176,-1065,242,6
75988.8667,0.0167,34.59,-0.0167,34.545,-26,165,-1056,243,6
75989.0333,0.0,34.62,-0.0167,34.545,-34,165,-1070,244,6
75989.2,0.0167,34.59,-0.0167,34.565,-30,176,-1068,245,6
75989.3667,0.0333,34.59,-0.0,34.53,-26,174,-1065,246,6
75989.5333,0.1,34.59,0.0333,34.53,-36,180,-1077,247,6
75989.7,0.0833,34.605,0.0333,34.53,-36,172,-1065,248,6
75989.8667,0.05,34.59,0.0167,34.58,-57,175,-1074,249,6
75990.0333,0.0667,34.54,0.0333,34.53,-63,185,-1062,250,6
75990.2,0.0167,34.59,0.0167,34.545,-73,190,-1093,251,6
75990.3667,0.0,34.59,-0.05,34.53,-66,180,-1073,252,6
75990.5333,0.0167,34.605,-0.0167,34.545,-43,173,-1062,253,6
75990.7,0.0167,34.62,-0.0,34.545,-40,168,-1074,254,6
75990.8667,0.0333,34.575,-0.0167,34.515,-32,179,-1070,255,6
75991.0333,0.05,34.575,-0.0,34.595,-33,171,-1076,0,6
75991.2,0.0333,34.59,-0.0,34.545,-30,178,-1059,1,6
75991.3667,0.05,34.575,-0.0,34.565,-35,174,-1074,2,6
75991.5333,0.0333,34.575,-0.0167,34.53,-36,174,-1068,3,6
75991.7,0.0667,34.59,-0.0,34.545,-26,180,-1071,4,6
75991.8667,0.0667,34.605,0.0167,34.565,-33,156,-1077,5,6
75992.0333,0.0333,34.555,-0.0167,34.53,-33,171,-1064,6,6
75992.2,0.05,34.575,-0.0,34.53,-32,159,-1076,7,6
75992.3667,0.0333,34.575,0.0167,34.53,-61,171,-1071,8,6
75992.5333,0.05,34.605,-0.0,34.565,-70,181,-1064,9,6
75992.7,0.0333,34.605,-0.0,34.53,-84,174,-1064,10,6
75992.8667,0.0167,34.59,-0.0,34.595,-64,168,-1061,11,6
75993.0333,0.05,34.59,-0.0,34.545,-45,174,-1074,12,6
75993.2,0.05,34.54,-0.0,34.545,-42,182,-1067,13,6
75993.3667,0.0667,34.575,-0.0,34.515,-40,180,-1076,14,6
75993.5333,0.0667,34.605,0.0167,34.545,-36,156,-1068,15,6
75993.7,0.0333,34.605,-0.0,34.545,-32,176,-1065,16,6
75993.8667,0.05,34.605,-0.0,34.565,-33,153,-1062,17,6
75994.0333,0.0333,34.605,-0.0,34.53,-42,166,-1068,18,6
75994.2,0.05,34.575,-0.0,34.58,-33,176,-1062,19,6
75994.3667,0.05,34.59,0.0167,34.53,-36,166,-1073,20,6
75994.5333,0.05,34.59,-0.0,34.545,-30,180,-1062,21,6
75994.7,0.05,34.605,-0.0,34.545,-36,171,-1074,22,6
75994.8667,0.05,34.59,-0.0,34.565,-55,173,-1074,23,6
75995.0333,0.05,34.59,0.0167,34.545,-63,181,-1061,24,6
75995.2,0.0833,34.635,0.0333,34.565,-82,161,-1083,25,6
75995.3667,0.0833,34.605,0.0167,34.565,-81,174,-1065,26,6
75995.5333,0.0667,34.59,0.0167,34.545,-60,168,-1065,27,6
75995.7,0.0667,34.605,0.05,34.545,-51,168,-1068,28,6
75995.8667,0.1667,34.59,0.1167,34.515,-39,176,-1068,29,6
75996.0333,-0.05,34.555,-0.0333,34.545,-35,168,-1070,30,6
75996.2,0.2667,34.605,0.2,34.53,-37,176,-1062,31,6
75996.3667,0.1167,34.59,0.15,34.545,-36,176,-1076,32,6
75996.5333,0.2167,34.59,0.0667,34.58,-37,170,-1068,33,6
75996.7,-0.0167,34.59,0.0333,34.545,-41,173,-1080,34,6
75996.8667,0.1167,34.575,0.0667,34.53,-36,153,-1073,35,6
75997.0333,0.2667,34.59,0.15,34.53,-37,168,-1076,36,6
75997.2,-0.1167,34.59,0.0833,34.565,-48,154,-1056,37,6
75997.3667,0.2,34.575,0.15,34.565,-46,171,-1087,38,6
75997.5333,0.2667,34.605,0.3,34.545,-59,172,-1077,39,6
75997.7,0.25,34.575,0.1,34.545,-73,169,-1084,40,6
75997.8667,0.0,34.62,0.0667,34.515,-83,165,-1067,41,6
75998.0333,-0.05,34.605,0.0333,34.545,-75,183,-1056,42,6
75998.2,-0.0167,34.605,-0.0333,34.53,-60,173,-1080,43,6
75998.3667,0.2833,34.555,0.2167,34.5,-61,180,-1080,44,6
75998.5333,0.1,34.605,0.1167,34.545,-45,176,-1077,45,6
75998.7,-0.1167,34.575,-0.05,34.53,-40,173,-1071,46,6
75998.8667,-0.1333,34.575,-0.0333,34.545,-45,176,-1068,47,6
75999.0333,-0.0167,34.62,-0.0333,34.545,-43,174,-1058,48,6
75999.2,0.1167,34.62,0.0333,34.58,-37,173,-1068,49,6
75999.3667,0.1,34.575,0.0333,34.565,-34,168,-1074,50,6
75999.5333,0.1167,34.575,0.0667,34.58,-38,164,-1068,51,6
75999.7,-0.0333,34.605,-0.0167,34.545,-33,174,-1062,52,6
75999.8667,0.05,34.59,0.0167,34.565,-38,161,-1058,53,6
76000.0333,0.0667,34.59,0.0333,34.545,-42,182,-1071,54,6
76000.2,0.1,34.62,0.0333,34.545,-60,156,-1084,55,6
76000.3667,0.1,34.605,0.05,34.515,-66,171,-1070,56,6
76000.5333,0.1167,34.59,0.0667,34.565,-85,181,-1058,57,6
76000.7,0.0667,34.605,0.05,34.545,-78,166,-1071,58,6
76000.8667,0.0333,34.59,-0.0,34.53,-66,170,-1065,59,6
76001.0333,0.0,34.59,-0.0167,34.53,-45,175,-1064,60,6
76001.2,-0.0167,34.575,-0.0333,34.565,-46,161,-1071,61,6
76001.3667,0.05,34.605,-0.0,34.565,-40,178,-1068,62,6
76001.5333,0.0833,34.605,0.0333,34.53,-42,166,-1070,63,6
76001.7,0.0833,34.59,0.05,34.565,-38,177,-1071,64,6
76001.8667,0.0833,34.605,0.0167,34.53,-40,167,-1067,65,6
76002.0333,0.1,34.59,0.0333,34.53,-40,171,-1070,66,6
76002.2,0.05,34.575,0.0167,34.565,-45,172,-1065,67,6
76002.3667,0.0667,34.59,-0.0167,34.53,-40,172,-1062,68,6
76002.5333,0.0667,34.59,-0.0,34.58,-36,171,-1080,69,6
76002.7,0.0667,34.605,-0.0,34.53,-51,165,-1064,70,6
76002.8667,0.0333,34.555,-0.0,34.58,-65,158,-1068,71,6
76003.0333,0.0333,34.62,-0.0167,34.565,-75,176,-1067,72,6
76003.2,0.05,34.62,-0.0,34.545,-81,168,-1067,73,6
76003.3667,0.1,34.605,-0.0167,34.53,-55,174,-1076,74,6
76003.5333,0.0667,34.575,-0.0,34.53,-53,171,-1062,75,6
76003.7,0.0667,34.575,-0.0,34.565,-46,166,-1074,76,6
76003.8667,0.0667,34.62,-0.0,34.515,-42,168,-1065,77,6
76004.0333,0.05,34.59,0.0167,34.545,-45,160,-1071,78,6
76004.2,0.0667,34.575,-0.0,34.53,-43,171,-1065,79,6
76004.3667,0.0667,34.59,0.0167,34.545,-40,165,-1077,80,6
76004.5333,0.0667,34.555,0.0167,34.53,-41,175,-1068,81,6
76004.7,0.05,34.605,-0.0,34.545,-42,167,-1067,82,6
76004.8667,0.05,34.62,-0.0,34.545,-45,165,-1071,83,6
76005.0333,0.0333,34.605,-0.0,34.515,-51,169,-1059,84,6
76005.2,0.0167,34.59,-0.0167,34.545,-61,176,-1065,85,6
76005.3667,0.05,34.525,-0.0,34.53,-64,168,-1074,86,6
76005.5333,0.0333,34.575,-0.0,34.545,-93,176,-1059,87,6
76005.7,0.05,34.59,-0.0,34.545,-90,165,-1064,88,6
76005.8667,0.0167,34.575,-0.0167,34.53,-79,177,-1067,89,6
76006.0333,0.0667,34.605,-0.0,34.565,-60,163,-1080,90,6
76006.2,0.0833,34.62,0.0333,34.545,-48,176,-1074,91,6
76006.3667,0.05,34.59,-0.0,34.53,-52,170,-1070,92,6
76006.5333,0.0667,34.605,0.0167,34.545,-50,164,-1071,93,6
76006.7,0.0667,34.575,0.0167,34.545,-53,169,-1077,94,6
76006.8667,0.05,34.59,-0.0,34.515,-54,171,-1064,95,6
76007.0333,0.05,34.59,-0.0,34.545,-47,164,-1070,96,6
76007.2,0.05,34.605,0.0167,34.545,-51,171,-1080,97,6
76007.3667,0.05,34.59,-0.0,34.545,-48,164,-1065,98,6
76007.5333,0.0833,34.54,0.0333,34.545,-51,174,-1065,99,6
76007.7,0.05,34.605,0.0167,34.545,-54,164,-1070,100,6
76007.8667,0.05,34.59,-0.0,34.53,-66,176,-1070,101,6
76008.0333,0.05,34.59,0.0167,34.565,-89,168,-1071,102,6
76008.2,0.0333,34.575,0.0167,34.53,-87,168,-1071,103,6
76008.3667,0.0833,34.605,0.0167,34.515,-78,175,-1068,104,6
76008.5333,0.0667,34.575,0.0167,34.545,-71,161,-1068,105,6
76008.7,0.1167,34.59,0.0667,34.545,-63,160,-1070,106,6
76008.8667,0.0833,34.635,0.0833,34.53,-58,177,-1068,107,6
76009.0333,-0.0833,34.605,-0.0167,34.515,-60,159,-1062,108,6
76009.2,0.05,34.59,0.1333,34.545,-53,173,-1062,109,6
76009.3667,0.05,34.59,0.05,34.515,-46,165,-1073,110,6
76009.5333,0.1667,34.62,0.0167,34.515,-37,178,-1062,111,6
76009.7,0.05,34.575,0.0167,34.515,-37,165,-1071,112,6
76009.8667,0.05,34.605,0.05,34.58,-42,165,-1071,113,6
76010.0333,0.4667,34.605,0.3667,34.565,-44,163,-1080,114,6
76010.2,0.0833,34.59,0.05,34.565,-40,154,-1086,115,6
76010.3667,-0.1333,34.575,-0.05,34.565,-41,158,-1073,116,6
76010.5333,0.1667,34.605,0.1667,34.53,-48,162,-1083,117,6
76010.7,0.1167,34.575,0.15,34.545,-45,159,-1070,118,6
76010.8667,0.5667,34.59,0.3667,34.565,-46,160,-1068,119,6
76011.0333,0.15,34.59,0.1167,34.565,-54,171,-1070,120,6
76011.2,0.15,34.59,0.0833,34.565,-75,150,-1074,121,6
76011.3667,-0.0167,34.59,-0.0,34.545,-75,165,-1065,122,6
76011.5333,-0.0167,34.555,0.0167,34.515,-84,156,-1068,123,6
76011.7,0.0833,34.575,0.05,34.53,-83,164,-1068,124,6
76011.8667,0.15,34.59,0.0833,34.565,-61,157,-1073,125,6
76012.0333,0.2,34.605,0.15,34.545,-55,156,-1077,126,6
76012.2,0.15,34.54,0.0667,34.545,-52,154,-1083,127,6
76012.3667,0.1167,34.59,0.05,34.565,-51,153,-1065,128,6
76012.5333,0.0667,34.605,0.0167,34.545,-54,156,-1073,129,6
76012.7,0.0833,34.605,0.0333,34.53,-54,155,-1076,130,6
76012.8667,0.0667,34.59,0.0333,34.545,-53,161,-1073,131,6
76013.0333,0.05,34.605,0.0167,34.545,-51,158,-1065,132,6
76013.2,0.05,34.575,-0.0,34.545,-55,162,-1065,133,6
76013.3667,0.0833,34.605,0.0167,34.515,-53,156,-1062,134,6
76013.5333,0.0667,34.575,0.0333,34.545,-49,167,-1080,135,6
76013.7,0.0833,34.605,0.0167,34.545,-3,150,-1071,136,6
76013.8667,0.0167,34.605,-0.0333,34.53,-54,169,-1074,137,6
76014.0333,0.0,34.605,-0.0167,34.565,-93,153,-1067,138,6
76014.2,-0.0167,34.575,-0.0333,34.515,-87,159,-1068,139,6
76014.3667,0.0,34.605,-0.0167,34.545,-78,159,-1065,140,6
76014.5333,0.0,34.62,-0.0167,34.565,-63,153,-1086,141,6
76014.7,0.0,34.575,-0.0167,34.53,-55,157,-1071,142,6
76014.8667,0.0167,34.59,-0.0167,34.565,-56,165,-1071,143,6
76015.0333,0.0,34.555,-0.0,34.545,-60,151,-1073,144,6
76015.2,0.0333,34.575,-0.0167,34.545,-52,163,-1064,145,6
76015.3667,0.05,34.59,-0.0,34.53,-57,156,-1074,146,6
76015.5333,0.05,34.575,0.0167,34.565,-51,166,-1068,147,6
76015.7,0.0333,34.59,-0.0,34.565,-54,159,-1074,148,6
76015.8667,0.05,34.59,0.0167,34.58,-61,159,-1083,149,6
76016.0333,0.0,34.605,-0.0,34.545,-72,162,-1087,150,6
76016.2,0.0,34.605,-0.0167,34.53,-83,159,-1068,151,6
76016.3667,0.0333,34.59,-0.0,34.53,-90,153,-1065,152,6
76016.5333,0.0167,34.59,-0.0167,34.53,-102,157,-1062,153,6
76016.7,0.0167,34.575,-0.0167,34.545,-80,156,-1071,154,6
76016.8667,0.0333,34.62,-0.0,34.515,-64,165,-1074,155,6
76017.0333,0.0667,34.59,0.0167,34.595,-64,156,-1068,156,6
76017.2,0.0667,34.62,0.0333,34.515,-54,170,-1076,157,6
76017.3667,0.05,34.575,-0.0,34.545,-60,159,-1074,158,6
76017.5333,0.0667,34.555,0.0167,34.515,-56,156,-1071,159,6
76017.7,0.0333,34.605,-0.0,34.545,-56,156,-1065,160,6
76017.8667,0.0333,34.575,-0.0,34.545,-59,158,-1068,161,6
76018.0333,0.05,34.605,-0.0,34.565,-51,159,-1065,162,6
76018.2,0.0333,34.575,-0.0,34.58,-69,161,-1065,163,6
76018.3667,0.0333,34.575,-0.0,34.53,-69,153,-1073,164,6
76018.5333,0.05,34.575,-0.0,34.545,-76,165,-1068,165,6
76018.7,0.05,34.555,-0.0,34.545,-93,159,-1067,166,6
76018.8667,0.05,34.575,-0.0,34.515,-100,167,-1065,167,6
76019.0333,0.05,34.59,-0.0,34.515,-92,160,-1068,168,6
76019.2,0.0667,34.59,0.0167,34.545,-78,156,-1083,169,6
76019.3667,0.0833,34.605,0.0167,34.545,-66,156,-1077,170,6
76019.5333,0.0667,34.575,0.0167,34.595,-62,149,-1065,171,6
76019.7,0.0667,34.575,-0.0,34.545,-60,156,-1077,172,6
76019.8667,0.05,34.555,-0.0,34.515,-60,157,-1073,173,6
76020.0333,0.05,34.575,0.0167,34.515,-63,157,-1071,174,6
76020.2,0.0667,34.555,0.0167,34.545,-57,158,-1071,175,6
76020.3667,0.1333,34.605,0.0667,34.565,-59,164,-1065,176,6
76020.5333,0.0667,34.575,0.0167,34.53,-59,152,-1068,177,6
76020.7,-0.1,34.59,-0.1,34.5,-51,160,-1068,178,6
76020.8667,-0.15,34.59,-0.1,34.53,-61,159,-1077,179,6
76021.0333,-0.0667,34.59,-0.0167,34.58,-81,164,-1052,180,6
76021.2,0.1167,34.605,0.1,34.565,-90,153,-1067,181,6
76021.3667,0.1333,34.59,0.0167,34.565,-97,158,-1074,182,6
76021.5333,-0.1,34.54,-0.15,34.58,-85,168,-1062,183,6
76021.7,-0.0167,34.575,-0.0333,34.545,-75,137,-1083,184,6
76021.8667,-0.1333,34.59,-0.0333,34.515,-70,156,-1079,185,6
76022.0333,-0.15,34.575,-0.1167,34.515,-60,159,-1077,186,6
76022.2,0.1333,34.575,0.1667,34.565,-66,150,-1068,187,6
76022.3667,0.1333,34.575,-0.05,34.58,-52,164,-1071,188,6
76022.5333,0.0167,34.59,-0.0,34.545,-54,150,-1068,189,6
76022.7,-0.1,34.59,-0.0,34.545,-53,162,-1064,190,6
76022.8667,-0.05,34.59,-0.05,34.565,-62,156,-1086,191,6
76023.0333,-0.05,34.605,0.0333,34.515,-57,154,-1071,192,6
76023.2,-0.15,34.575,-0.0833,34.545,-60,159,-1064,193,6
76023.3667,0.1833,34.605,0.2,34.545,-64,154,-1070,194,6
76023.5333,0.0,34.555,0.05,34.515,-69,158,-1071,195,6
76023.7,0.1,34.62,0.1167,34.565,-90,155,-1068,196,6
76023.8667,0.15,34.575,0.05,34.545,-95,156,-1071,197,6
76024.0333,0.05,34.62,0.0333,34.53,-97,161,-1071,198,6
76024.2,0.1,34.62,0.0333,34.565,-89,155,-1071,199,6
76024.3667,0.1667,34.575,0.0667,34.565,-63,168,-1077,200,6
76024.5333,0.1667,34.605,0.1,34.53,-72,159,-1071,201,6
76024.7,0.1333,34.575,0.05,34.545,-65,157,-1079,202,6
76024.8667,0.1,34.59,0.0333,34.53,-63,141,-1077,203,6
76025.0333,0.0833,34.59,0.05,34.565,-66,150,-1080,204,6
76025.2,0.1333,34.59,0.0667,34.565,-58,158,-1068,205,6
76025.3667,0.1,34.575,0.05,34.53,-58,150,-1090,206,6
76025.5333,0.1167,34.575,0.0333,34.545,-60,151,-1065,207,6
76025.7,0.0833,34.575,0.05,34.565,-60,156,-1077,208,6
76025.8667,0.05,34.605,-0.0,34.565,-63,158,-1074,209,6
76026.0333,0.0667,34.59,-0.0,34.565,-58,165,-1080,210,6
76026.2,0.0333,34.605,0.0167,34.53,-76,143,-1084,211,6
76026.3667,0.0167,34.575,-0.0,34.53,-91,157,-1071,212,6
76026.5333,0.0333,34.575,-0.0,34.53,-104,141,-1062,213,6
76026.7,0.0,34.54,-0.0167,34.565,-105,155,-1065,214,6
76026.8667,0.0,34.59,-0.0333,34.565,-82,159,-1065,215,6
76027.0333,0.0,34.555,-0.0167,34.565,-70,153,-1056,216,6
76027.2,0.0333,34.575,-0.0,34.565,-66,156,-1061,217,6
76027.3667,0.05,34.575,-0.0,34.545,-64,150,-1071,218,6
76027.5333,0.05,34.555,-0.0,34.545,-66,156,-1073,219,6
76027.7,0.0833,34.575,0.0167,34.565,-58,149,-1083,220,6
76027.8667,0.05,34.59,-0.0,34.53,-63,152,-1071,221,6
76028.0333,0.0333,34.62,-0.0,34.545,-68,152,-1071,222,6
76028.2,0.05,34.59,-0.0,34.545,-70,153,-1079,223,6
76028.3667,0.0333,34.525,-0.0,34.565,-66,155,-1070,224,6
76028.5333,0.05,34.555,0.0167,34.565,-70,160,-1082,225,6
76028.7,0.0167,34.59,-0.0167,34.565,-111,161,-1038,226,6
76028.8667,0.0167,34.59,-0.0,34.565,-100,154,-1061,227,6
76029.0333,0.05,34.59,-0.0,34.545,-105,161,-1067,228,6
76029.2,0.0333,34.59,-0.0,34.545,-102,157,-1064,229,6
76029.3667,0.0333,34.575,-0.0,34.58,-106,157,-1071,230,6
76029.5333,0.0667,34.605,-0.0,34.545,-87,151,-1079,231,6
76029.7,0.0667,34.575,0.0167,34.545,-72,155,-1074,232,6
76029.8667,0.0833,34.59,0.0167,34.545,-60,155,-1080,233,6
76030.0333,0.0667,34.605,0.0167,34.58,-69,140,-1077,234,6
76030.2,0.0333,34.555,-0.0,34.545,-59,150,-1068,235,6
76030.3667,0.05,34.59,-0.0,34.53,-60,160,-1073,236,6
76030.5333,0.0333,34.555,-0.0,34.515,-61,157,-1074,237,6
76030.7,0.05,34.62,-0.0,34.515,-52,156,-1070,238,6
76030.8667,0.05,34.555,0.0167,34.565,-51,155,-1068,239,6
76031.0333,0.0333,34.575,-0.0,34.545,-61,150,-1068,240,6
76031.2,0.05,34.605,0.0167,34.545,-55,155,-1071,241,6
76031.3667,0.0667,34.575,0.0167,34.565,-59,144,-1092,242,6
76031.5333,0.05,34.605,-0.0,34.565,-58,152,-1067,243,6
76031.7,0.1,34.575,0.0333,34.565,-68,151,-1067,244,6
76031.8667,0.0833,34.605,0.0333,34.545,-76,163,-1068,245,6
76032.0333,0.1,34.555,0.0333,34.53,-83,157,-1070,246,6
76032.2,0.0333,34.605,-0.0,34.565,-112,171,-1073,247,6
76032.3667,0.05,34.59,0.0167,34.545,-106,156,-1065,248,6
76032.5333,0.0333,34.605,-0.0,34.595,-99,161,-1068,249,6
76032.7,0.05,34.605,-0.0,34.545,-88,156,-1068,250,6
76032.8667,0.0667,34.575,0.0167,34.53,-69,159,-1077,251,6
76033.0333,0.0667,34.605,0.0167,34.53,-73,160,-1064,252,6
76033.2,0.0667,34.59,0.0167,34.485,-74,153,-1071,253,6
76033.3667,0.0833,34.605,0.0333,34.545,-66,156,-1070,254,6
76033.5333,0.05,34.59,0.0333,34.565,-71,150,-1074,255,6
76033.7,0.2333,34.59,0.2167,34.53,-65,160,-1061,0,6
76033.8667,0.6,34.575,0.4,34.545,-69,150,-1083,1,6
76034.0333,0.0,34.575,-0.0167,34.58,-78,149,-1062,2,6
76034.2,0.0833,34.605,0.1833,34.545,-130,156,-1067,3,6
76034.3667,-0.0333,34.605,0.05,34.545,-98,157,-1059,4,6
76034.5333,0.1167,34.575,0.1167,34.58,-112,159,-1058,5,6
76034.7,0.3167,34.575,0.3833,34.545,-115,153,-1070,6,6
76034.8667,-0.2333,34.575,-0.1833,34.545,-99,150,-1062,7,6
76035.0333,-0.1667,34.575,-0.1833,34.53,-81,160,-1070,8,6
76035.2,-0.0833,34.575,-0.2667,34.545,-75,156,-1068,9,6
76035.3667,-0.4,34.575,-0.2667,34.565,-74,165,-1071,10,6
76035.5333,-0.2667,34.575,-0.1833,34.565,-75,156,-1074,11,6
76035.7,-0.0167,34.62,-0.0,34.565,-72,155,-1068,12,6
76035.8667,0.05,34.59,0.0167,34.53,-75,159,-1071,13,6
76036.0333,0.3667,34.605,0.1333,34.565,-78,152,-1062,14,6
76036.2,-0.0333,34.605,0.0167,34.53,-74,151,-1071,15,6
76036.3667,-0.0333,34.59,-0.05,34.545,-80,156,-1056,16,6
76036.5333,-0.0167,34.59,-0.0167,34.545,-81,152,-1080,17,6
76036.7,0.1,34.605,0.0333,34.58,-108,177,-1068,18,6
76036.8667,0.2,34.605,0.1167,34.53,-103,154,-1070,19,6
76037.0333,0.0833,34.605,0.0333,34.53,-117,157,-1068,20,6
76037.2,0.0667,34.575,0.0333,34.565,-112,162,-1059,21,6
76037.3667,0.1,34.59,0.0333,34.53,-98,155,-1067,22,6
76037.5333,0.0667,34.59,0.0167,34.545,-90,165,-1070,23,6
76037.7,0.0833,34.59,0.0333,34.58,-78,136,-1065,24,6
76037.8667,0.0667,34.555,0.0167,34.545,-75,156,-1068,25,6
76038.0333,0.0667,34.555,-0.0,34.545,-78,162,-1055,26,6
76038.2,0.1,34.605,0.0333,34.565,-78,144,-1074,27,6
76038.3667,0.1,34.62,0.0167,34.565,-72,156,-1067,28,6
76038.5333,0.1,34.62,0.0333,34.565,-75,144,-1086,29,6
76038.7,0.0667,34.59,0.0167,34.545,-72,152,-1068,30,6
76038.8667,0.0833,34.59,0.0333,34.515,-81,158,-1074,31,6
76039.0333,0.1,34.605,0.0667,34.565,-97,154,-1067,32,6
76039.2,0.1167,34.605,0.05,34.545,-99,159,-1068,33,6
76039.3667,0.0833,34.575,0.0333,34.53,-120,168,-1062,34,6
76039.5333,0.1,34.555,0.0333,34.53,-114,162,-1073,35,6
76039.7,0.0833,34.59,0.0333,34.545,-99,162,-1071,36,6
76039.8667,0.0833,34.575,0.0167,34.545,-88,141,-1065,37,6
76040.0333,0.0667,34.575,-0.0,34.545,-78,156,-1076,38,6
76040.2,0.05,34.59,-0.0167,34.565,-81,139,-1058,39,6
76040.3667,0.05,34.605,0.0167,34.53,-78,147,-1071,40,6
76040.5333,0.05,34.59,-0.0,34.53,-71,156,-1070,41,6
76040.7,0.0667,34.555,0.0167,34.53,-74,153,-1062,42,6
76040.8667,0.05,34.59,-0.0,34.515,-72,150,-1071,43,6
76041.0333,0.0667,34.605,-0.0,34.58,-70,154,-1074,44,6
76041.2,0.05,34.555,-0.0,34.545,-70,154,-1074,45,6
76041.3667,0.0667,34.575,0.0333,34.545,-75,157,-1062,46,6
76041.5333,0.05,34.59,-0.0,34.53,-85,156,-1067,47,6
76041.7,0.05,34.575,0.0167,34.515,-97,153,-1068,48,6
76041.8667,0.1,34.605,0.0333,34.53,-102,162,-1067,49,6
76042.0333,0.0167,34.575,-0.0,34.545,-116,171,-1065,50,6
76042.2,0.0333,34.575,-0.0167,34.53,-107,156,-1068,51,6
76042.3667,0.0333,34.575,-0.0,34.565,-87,159,-1074,52,6
76042.5333,0.0333,34.59,-0.0167,34.545,-81,162,-1065,53,6
76042.7,0.0333,34.59,-0.0,34.53,-74,159,-1068,54,6
76042.8667,0.05,34.62,-0.0167,34.565,-78,159,-1058,55,6
76043.0333,0.0333,34.575,-0.0,34.53,-78,150,-1074,56,6
76043.2,0.05,34.575,-0.0,34.485,-69,160,-1061,57,6
76043.3667,0.05,34.555,0.0167,34.515,-73,157,-1083,58,6
76043.5333,0.05,34.59,0.0167,34.565,-72,153,-1068,59,6
76043.7,0.0667,34.575,0.0167,34.545,-68,156,-1073,60,6
76043.8667,0.1,34.575,0.0333,34.5,-78,160,-1084,61,6
76044.0333,0.0833,34.59,0.0333,34.53,-91,167,-1070,62,6
76044.2,0.0667,34.605,0.0167,34.515,-109,152,-1070,63,6
76044.3667,0.0667,34.575,0.0167,34.565,-113,159,-1065,64,6
76044.5333,0.0833,34.555,0.0167,34.58,-102,161,-1053,65,6
76044.7,0.0667,34.575,0.0167,34.53,-92,163,-1086,66,6
76044.8667,0.05,34.62,-0.0,34.545,-75,161,-1068,67,6
76045.0333,0.05,34.59,-0.0,34.53,-78,147,-1086,68,6
76045.2,0.0667,34.59,0.0167,34.53,-78,159,-1074,69,6
76045.3667,0.0667,34.575,-0.0,34.5,-66,162,-1062,70,6
76045.5333,0.0833,34.54,0.0333,34.53,-76,167,-1077,71,6
76045.7,0.0833,34.605,0.0333,34.515,-73,156,-1064,72,6
76045.8667,0.0,34.575,-0.0167,34.565,-66,166,-1070,73,6
76046.0333,0.0333,34.59,0.0167,34.5,-76,161,-1080,74,6
76046.2,0.1167,34.59,0.1,34.515,-94,162,-1067,75,6
76046.3667,0.0167,34.59,0.0167,34.565,-99,159,-1070,76,6
76046.5333,0.0833,34.555,0.1,34.515,-112,170,-1067,77,6
76046.7,0.6833,34.575,0.4667,34.515,-99,171,-1076,78,6
76046.8667,-0.05,34.59,0.1,34.5,-87,172,-1070,79,6
76047.0333,-0.0333,34.59,-0.1,34.545,-72,166,-1079,80,6
76047.2,0.0333,34.555,0.0167,34.545,-71,165,-1080,81,6
76047.3667,0.2833,34.555,0.1167,34.53,-75,162,-1073,82,6
76047.5333,-0.2833,34.59,-0.1667,34.53,-49,138,-1053,83,6
76047.7,-0.0167,34.59,0.0167,34.53,-63,164,-1071,84,6
76047.8667,-0.1,34.555,-0.0,34.565,-75,153,-1065,85,6
76048.0333,-0.1,34.59,-0.0667,34.53,-68,165,-1071,86,6
76048.2,0.2333,34.605,0.15,34.565,-62,153,-1067,87,6
76048.3667,-0.1833,34.575,-0.15,34.565,-63,159,-1071,88,6
76048.5333,-0.1333,34.575,-0.1167,34.53,-71,160,-1083,89,6
76048.7,-0.0167,34.555,-0.05,34.565,-130,160,-1061,90,6
76048.8667,0.1333,34.59,0.0333,34.565,-84,164,-1070,91,6
76049.0333,0.05,34.575,0.0167,34.53,-107,170,-1065,92,6
76049.2,-0.1333,34.605,-0.1333,34.53,-104,164,-1061,93,6
76049.3667,-0.1667,34.575,-0.1167,34.515,-89,150,-1068,94,6
76049.5333,0.05,34.59,0.0167,34.545,-78,162,-1080,95,6
76049.7,0.1667,34.62,0.0833,34.58,-69,168,-1079,96,6
76049.8667,0.15,34.555,0.05,34.53,-76,160,-1083,97,6
76050.0333,0.05,34.59,-0.0,34.515,-69,159,-1067,98,6
76050.2,0.0833,34.575,0.0333,34.545,-66,165,-1068,99,6
76050.3667,0.0833,34.575,0.0333,34.565,-63,159,-1076,100,6
76050.5333,0.0667,34.575,0.0333,34.545,-60,166,-1070,101,6
76050.7,0.0333,34.555,-0.0,34.5,-66,165,-1076,102,6
76050.8667,0.1,34.575,0.0333,34.53,-63,156,-1068,103,6
76051.0333,0.0667,34.575,0.0333,34.53,-75,168,-1077,104,6
76051.2,0.1,34.575,0.0333,34.515,-94,171,-1050,105,6
76051.3667,0.0833,34.54,0.0333,34.58,-101,168,-1062,106,6
76051.5333,0.1,34.575,0.0333,34.545,-108,156,-1061,107,6
76051.7,0.0833,34.54,0.0333,34.5,-106,160,-1073,108,6
76051.8667,0.0667,34.59,0.0167,34.53,-78,165,-1074,109,6
76052.0333,0.05,34.575,0.0167,34.565,-69,162,-1068,110,6
76052.2,0.0667,34.575,0.0167,34.545,-66,168,-1070,111,6
76052.3667,0.0333,34.575,-0.0,34.545,-65,159,-1076,112,6
76052.5333,0.0333,34.59,-0.0,34.53,-65,165,-1074,113,6
76052.7,0.05,34.59,-0.0,34.545,-60,156,-1086,114,6
76052.8667,0.0167,34.59,-0.0,34.515,-64,168,-1067,115,6
76053.0333,0.0,34.555,-0.0167,34.565,-63,162,-1068,116,6
76053.2,0.0167,34.555,-0.0,34.545,-63,168,-1074,117,6
76053.3667,0.0167,34.555,-0.0,34.515,-76,165,-1071,118,6
76053.5333,0.0,34.59,-0.0333,34.53,-119,186,-1084,119,6
76053.7,0.0167,34.59,-0.0167,34.53,-97,182,-1053,120,6
76053.8667,0.0167,34.575,-0.0,34.515,-117,162,-1062,121,6
76054.0333,0.0,34.575,-0.0333,34.515,-104,176,-1053,122,6
76054.2,0.05,34.555,-0.0167,34.545,-89,162,-1070,123,6
76054.3667,0.0667,34.605,-0.0,34.565,-71,171,-1074,124,6
76054.5333,0.05,34.575,-0.0,34.515,-70,161,-1071,125,6
76054.7,0.05,34.575,-0.0,34.58,-65,166,-1070,126,6
76054.8667,0.0833,34.575,-0.0,34.515,-56,155,-1089,127,6
76055.0333,0.05,34.59,-0.0,34.565,-63,155,-1068,128,6
76055.2,0.0333,34.575,-0.0,34.5,-64,164,-1070,129,6
76055.3667,0.05,34.575,0.0167,34.565,-63,162,-1083,130,6
76055.5333,0.05,34.555,-0.0,34.565,-66,170,-1077,131,6
76055.7,0.0833,34.54,0.0333,34.515,-65,162,-1071,132,6
76055.8667,0.0333,34.575,-0.0,34.515,-80,179,-1062,133,6
76056.0333,0.0333,34.555,0.0167,34.545,-93,162,-1071,134,6
76056.2,0.05,34.555,-0.0,34.53,-99,174,-1056,135,6
76056.3667,0.05,34.59,0.0167,34.565,-97,169,-1053,136,6
76056.5333,0.0833,34.575,0.0167,34.515,-80,169,-1067,137,6
76056.7,0.0833,34.575,0.0167,34.515,-69,160,-1071,138,6
76056.8667,0.0833,34.575,0.0333,34.515,-65,168,-1076,139,6
76057.0333,0.1,34.54,0.0167,34.53,-54,166,-1077,140,6
76057.2,0.0667,34.555,0.0167,34.5,-68,152,-1071,141,6
76057.3667,0.05,34.555,-0.0333,34.545,-69,164,-1080,142,6
76057.5333,0.0667,34.555,0.0167,34.53,-66,159,-1074,143,6
76057.7,0.05,34.555,-0.0,34.545,-62,171,-1067,144,6
76057.8667,0.0833,34.59,0.0167,34.515,-58,165,-1070,145,6
76058.0333,0.0333,34.575,-0.0,34.485,-61,171,-1059,146,6
76058.2,0.0333,34.575,-0.0,34.515,-70,162,-1073,147,6
76058.3667,0.0167,34.575,-0.0,34.515,-78,167,-1068,148,6
76058.5333,-0.05,34.54,-0.05,34.515,-88,165,-1056,149,6
76058.7,0.0167,34.555,0.05,34.545,-98,168,-1070,150,6
76058.8667,0.2167,34.575,0.2,34.515,-93,166,-1062,151,6
76059.0333,0.3667,34.59,0.15,34.53,-79,168,-1065,152,6
76059.2,0.0333,34.605,0.0167,34.545,-55,163,-1077,153,6
76059.3667,0.2,34.575,0.05,34.53,-66,178,-1074,154,6
76059.5333,0.0833,34.575,0.0167,34.53,-59,169,-1070,155,6
76059.7,0.0333,34.555,0.05,34.53,-61,151,-1074,156,6
76059.8667,-0.1333,34.575,-0.1167,34.545,-64,170,-1073,157,6
76060.0333,0.1167,34.575,0.0333,34.515,-56,168,-1064,158,6
76060.2,-0.15,34.555,-0.0667,34.515,-63,176,-1077,159,6
76060.3667,0.0,34.575,-0.0833,34.53,-62,165,-1067,160,6
76060.5333,-0.0667,34.605,-0.15,34.53,-57,167,-1070,161,6
76060.7,-0.1667,34.575,-0.1,34.545,-45,171,-1071,162,6
76060.8667,0.2833,34.575,0.1167,34.565,-35,181,-1074,163,6
76061.0333,0.0833,34.54,0.0833,34.53,-41,178,-1050,164,6
76061.2,0.2,34.575,0.2833,34.5,-30,169,-1073,165,6
76061.3667,-0.05,34.575,0.0167,34.53,-33,178,-1064,166,6
76061.5333,0.3667,34.575,0.3,34.515,-32,156,-1062,167,6
76061.7,0.3,34.59,0.1167,34.53,-27,166,-1071,168,6
76061.8667,0.2833,34.575,0.2167,34.515,-30,165,-1071,169,6
76062.0333,0.1833,34.54,0.0333,34.545,-38,165,-1065,170,6
76062.2,0.15,34.54,0.0833,34.58,-33,166,-1068,171,6
76062.3667,0.0833,34.59,0.0167,34.515,-35,159,-1074,172,6
76062.5333,0.0833,34.62,0.05,34.515,-32,165,-1062,173,6
76062.7,0.1333,34.555,0.0833,34.53,-37,160,-1076,174,6
76062.8667,0.1,34.555,0.05,34.53,-46,175,-1071,175,6
76063.0333,0.1667,34.555,0.0833,34.515,-50,171,-1074,176,6
76063.2,0.0333,34.575,0.0167,34.545,-88,169,-1065,177,6
76063.3667,0.0667,34.59,0.0167,34.53,-78,171,-1065,178,6
76063.5333,0.0333,34.575,-0.0,34.53,-75,160,-1073,179,6
76063.7,0.0333,34.555,-0.0167,34.53,-61,168,-1059,180,6
76063.8667,0.05,34.54,-0.0,34.515,-51,165,-1074,181,6
76064.0333,0.0333,34.575,-0.0333,34.53,-51,170,-1053,182,6
76064.2,0.0167,34.54,-0.0167,34.53,-52,160,-1062,183,6
76064.3667,0.0333,34.575,-0.0,34.515,-50,168,-1070,184,6
76064.5333,0.05,34.54,-0.0,34.53,-43,164,-1061,185,6
76064.7,0.05,34.575,-0.0167,34.515,-47,171,-1062,186,6
76064.8667,0.05,34.555,-0.0167,34.515,-51,159,-1071,187,6
76065.0333,0.05,34.555,-0.0,34.545,-58,174,-1080,188,6
76065.2,0.0833,34.59,-0.0,34.53,-61,170,-1071,189,6
76065.3667,0.0167,34.54,-0.0167,34.53,-90,173,-1065,190,6
76065.5333,0.0167,34.555,-0.0333,34.515,-88,168,-1065,191,6
76065.7,-0.0167,34.575,-0.05,34.545,-110,165,-1067,192,6
76065.8667,0.0,34.575,-0.0333,34.53,-62,166,-1065,193,6
76066.0333,0.0167,34.555,-0.0,34.53,-55,168,-1067,194,6
76066.2,0.0333,34.575,-0.0,34.53,-57,169,-1050,195,6
76066.3667,0.0167,34.605,-0.0,34.545,-57,159,-1067,196,6
76066.5333,0.0333,34.54,0.0167,34.515,-132,166,-1071,197,6
76066.7,0.0333,34.575,-0.0,34.515,-47,165,-1067,198,6
76066.8667,0.0333,34.555,-0.0,34.53,-51,166,-1068,199,6
76067.0333,0.05,34.54,0.0167,34.58,-47,161,-1070,200,6
76067.2,0.0667,34.575,0.0333,34.53,-60,170,-1077,201,6
76067.3667,0.0667,34.575,0.0167,34.515,-54,171,-1076,202,6
76067.5333,0.0167,34.54,-0.0,34.515,-93,168,-1065,203,6
76067.7,0.0333,34.555,-0.0,34.53,-89,168,-1071,204,6
76067.8667,0.0167,34.575,-0.0167,34.53,-94,177,-1067,205,6
76068.0333,0.0167,34.555,-0.0167,34.5,-79,165,-1071,206,6
76068.2,0.0167,34.555,-0.0167,34.515,-66,164,-1068,207,6
76068.3667,0.0333,34.555,-0.0167,34.53,-52,157,-1067,208,6
76068.5333,0.05,34.59,-0.0,34.5,-61,160,-1073,209,6
76068.7,0.05,34.575,-0.0,34.53,-26,177,-1071,210,6
76068.8667,0.05,34.555,-0.0,34.53,-57,175,-1086,211,6
76069.0333,0.05,34.54,0.0167,34.53,-53,159,-1062,212,6
76069.2,0.0667,34.575,0.0167,34.53,-48,165,-1071,213,6
76069.3667,0.0667,34.555,0.0167,34.5,-53,161,-1062,214,6
76069.5333,0.0833,34.555,0.0333,34.515,-46,172,-1068,215,6
76069.7,0.1167,34.555,0.05,34.545,-54,158,-1074,216,6
76069.8667,0.0667,34.525,0.0167,34.53,-54,160,-1062,217,6
76070.0333,0.0833,34.555,0.0167,34.515,-61,159,-1071,218,6
76070.2,0.05,34.54,0.0167,34.53,-78,180,-1079,219,6
76070.3667,0.05,34.605,-0.0,34.53,-84,160,-1074,220,6
76070.5333,0.0,34.555,-0.0167,34.53,-75,155,-1080,221,6
76070.7,0.0167,34.555,-0.0167,34.5,-63,170,-1064,222,6
76070.8667,0.1,34.54,0.05,34.545,-48,164,-1068,223,6
76071.0333,0.2333,34.54,0.2,34.515,-51,176,-1065,224,6
76071.2,0.3167,34.555,0.2667,34.515,-47,162,-1064,225,6
76071.3667,0.0,34.59,0.05,34.515,-45,167,-1076,226,6
76071.5333,-0.3667,34.575,-0.3167,34.5,-47,163,-1070,227,6
76071.7,-0.1667,34.555,-0.0333,34.5,-47,168,-1068,228,6
76071.8667,-0.0667,34.555,0.0667,34.53,-53,166,-1071,229,6
76072.0333,0.1333,34.54,0.0333,34.545,-51,159,-1065,230,6
76072.2,0.1333,34.54,0.1,34.5,-51,163,-1080,231,6
76072.3667,-0.0333,34.575,0.0167,34.515,-75,163,-1079,232,6
76072.5333,0.0,34.575,-0.2167,34.515,-74,168,-1074,233,6
76072.7,-0.0333,34.555,-0.0,34.53,-87,156,-1098,234,6
76072.8667,-0.05,34.575,-0.0167,34.545,-78,165,-1067,235,6
76073.0333,0.0833,34.555,0.2333,34.515,-60,163,-1068,236,6
76073.2,-0.1667,34.575,-0.15,34.515,-53,162,-1074,237,6
76073.3667,0.0167,34.555,0.1,34.5,-35,156,-1071,238,6
76073.5333,0.1333,34.575,0.1833,34.515,-54,173,-1073,239,6
76073.7,0.2167,34.555,0.2,34.515,-38,162,-1080,240,6
76073.8667,0.0167,34.54,-0.0,34.515,-45,161,-1061,241,6
76074.0333,0.0333,34.54,-0.0333,34.53,-51,159,-1076,242,6
76074.2,0.05,34.54,-0.0,34.515,-42,167,-1076,243,6
76074.3667,-0.0167,34.555,-0.0167,34.53,-66,161,-1074,244,6
76074.5333,0.0667,34.54,0.0167,34.53,-41,169,-1065,245,6
76074.7,0.1167,34.54,0.05,34.545,-50,159,-1067,246,6
76074.8667,0.1333,34.54,0.0667,34.485,-54,164,-1071,247,6
76075.0333,0.1,34.59,0.05,34.515,-78,171,-1061,248,6
76075.2,0.1,34.525,0.0333,34.545,-81,167,-1062,249,6
76075.3667,0.1,34.525,0.05,34.545,-83,160,-1068,250,6
76075.5333,-0.05,34.54,0.05,34.53,-87,177,-1056,251,6
76075.7,-0.0167,34.54,-0.0167,34.53,-68,156,-1068,252,6
76075.8667,0.0,34.555,-0.0333,34.485,-55,165,-1071,253,6
76076.0333,0.0167,34.59,-0.0167,34.515,-58,161,-1064,254,6
76076.2,0.0333,34.555,-0.0167,34.53,-51,170,-1074,255,6
76076.3667,0.0167,34.525,-0.0333,34.515,-54,170,-1068,0,6
76076.5333,0.0333,34.555,-0.0,34.53,-49,162,-1071,1,6
76076.7,0.0167,34.575,-0.0167,34.5,-52,166,-1071,2,6
76076.8667,0.0333,34.525,-0.0,34.5,-51,171,-1073,3,6
76077.0333,0.0333,34.555,0.0167,34.565,-52,170,-1079,4,6
76077.2,0.0667,34.525,0.0333,34.515,-60,150,-1079,5,6
76077.3667,0.05,34.575,0.0333,34.53,-83,162,-1065,6,6
76077.5333,0.0333,34.54,-0.0,34.5,-89,168,-1062,7,6
76077.7,0.0167,34.555,-0.0167,34.485,-83,165,-1082,8,6
76077.8667,0.0333,34.555,-0.0,34.545,-68,169,-1067,9,6
76078.0333,0.05,34.555,0.0167,34.515,-51,163,-1071,10,6
76078.2,0.05,34.605,0.0167,34.5,-52,169,-1068,11,6
76078.3667,0.05,34.605,0.0167,34.515,-46,171,-1073,12,6
76078.5333,0.0,34.525,-0.0167,34.515,-51,171,-1077,13,6
76078.7,0.0333,34.54,-0.0,34.545,-50,163,-1070,14,6
76078.8667,0.0333,34.54,-0.0167,34.515,-48,168,-1068,15,6
76079.0333,0.0333,34.555,-0.0167,34.53,-46,162,-1083,16,6
76079.2,0.05,34.59,-0.0,34.515,-56,166,-1080,17,6
76079.3667,0.0167,34.525,-0.0167,34.515,-66,153,-1084,18,6
76079.5333,0.0167,34.54,-0.0167,34.53,-84,164,-1068,19,6
76079.7,0.0333,34.54,-0.0,34.515,-84,166,-1064,20,6
76079.8667,0.0167,34.54,-0.0167,34.565,-85,177,-1046,21,6
76080.0333,0.0167,34.54,-0.0333,34.545,-82,159,-1065,22,6
76080.2,0.0333,34.575,-0.0,34.53,-57,162,-1077,23,6
76080.3667,0.05,34.555,-0.0,34.53,-56,153,-1079,24,6
76080.5333,0.05,34.575,-0.0,34.53,-54,162,-1065,25,6
76080.7,0.05,34.555,-0.0,34.545,-55,161,-1077,26,6
76080.8667,0.0667,34.575,0.0167,34.53,-54,161,-1068,27,6
76081.0333,0.0833,34.555,0.0333,34.515,-45,159,-1080,28,6
76081.2,0.0333,34.555,0.0167,34.545,-50,168,-1080,29,6
76081.3667,0.0667,34.59,0.0167,34.53,-46,159,-1071,30,6
76081.5333,0.0833,34.555,0.0167,34.5,-48,171,-1077,31,6
76081.7,0.0667,34.59,0.0167,34.545,-44,147,-1086,32,6
76081.8667,0.0667,34.555,0.0167,34.5,-55,158,-1077,33,6
76082.0333,0.05,34.575,0.0167,34.515,-73,152,-1071,34,6
76082.2,0.05,34.575,-0.0,34.565,-84,163,-1067,35,6
76082.3667,0.05,34.525,-0.0,34.53,-81,168,-1065,36,6
76082.5333,0.0667,34.54,-0.0,34.515,-71,166,-1058,37,6
76082.7,0.0167,34.54,-0.0167,34.5,-65,156,-1067,38,6
76082.8667,0.0167,34.575,-0.0167,34.53,-51,164,-1067,39,6
76083.0333,0.0667,34.555,0.0167,34.515,-50,154,-1074,40,6
76083.2,0.0833,34.59,0.0333,34.53,-51,176,-1074,41,6
76083.3667,0.05,34.575,0.0167,34.545,-51,172,-1077,42,6
76083.5333,0.0667,34.575,0.0167,34.5,-45,159,-1073,43,6
76083.7,0.0333,34.575,0.0167,34.53,-51,159,-1071,44,6
76083.8667,0.2,34.555,0.1167,34.515,-50,165,-1073,45,6
76084.0333,0.15,34.555,0.1333,34.53,-43,161,-1074,46,6
76084.2,-0.0167,34.575,-0.0167,34.5,-49,165,-1058,47,6
76084.3667,0.25,34.54,0.3833,34.545,-60,158,-1068,48,6
76084.5333,0.0167,34.59,-0.0,34.5,-60,166,-1073,49,6
76084.7,0.15,34.555,0.1167,34.53,-75,159,-1065,50,6
76084.8667,-0.0167,34.59,-0.0,34.515,-84,175,-1061,51,6
76085.0333,-0.1333,34.555,-0.0667,34.5,-91,163,-1062,52,6
76085.2,0.1167,34.54,0.0833,34.5,-74,164,-1077,53,6
76085.3667,-0.15,34.575,-0.15,34.5,-75,156,-1077,54,6
76085.5333,-0.15,34.54,-0.0833,34.5,-66,162,-1059,55,6
76085.7,-0.0667,34.54,-0.0333,34.53,-51,160,-1071,56,6
76085.8667,-0.15,34.59,-0.1167,34.53,-53,172,-1059,57,6
76086.0333,0.0833,34.525,0.0667,34.515,-52,157,-1074,58,6
76086.2,-0.15,34.525,-0.1333,34.515,-46,162,-1073,59,6
76086.3667,0.0167,34.54,-0.0167,34.53,-43,159,-1076,60,6
76086.5333,-0.1,34.555,-0.05,34.545,-40,171,-1065,61,6
76086.7,-0.0333,34.555,-0.0333,34.515,-45,166,-1079,62,6
76086.8667,-0.0667,34.575,-0.0167,34.515,-42,155,-1074,63,6
76087.0333,0.0,34.54,0.0167,34.515,-47,162,-1067,64,6
76087.2,0.1167,34.54,0.0333,34.545,-42,161,-1068,65,6
76087.3667,0.05,34.555,0.0167,34.5,-42,156,-1071,66,6
76087.5333,0.05,34.555,0.0167,34.515,-47,163,-1071,67,6
76087.7,0.05,34.59,0.0167,34.53,-45,150,-1071,68,6
76087.8667,0.05,34.555,0.0167,34.515,-50,167,-1082,69,6
76088.0333,0.0667,34.54,0.0333,34.545,-76,156,-1073,70,6
76088.2,0.0,34.575,-0.0,34.53,-82,165,-1065,71,6
76088.3667,0.0167,34.54,-0.0,34.53,-89,159,-1065,72,6
76088.5333,0.0167,34.555,-0.0167,34.53,-81,164,-1067,73,6
76088.7,0.0,34.555,-0.0167,34.53,-68,170,-1065,74,6
76088.8667,0.0167,34.575,-0.0167,34.545,-61,154,-1082,75,6
76089.0333,0.0,34.54,-0.0333,34.545,-54,159,-1068,76,6
76089.2,0.0333,34.51,-0.0167,34.53,-54,163,-1076,77,6
76089.3667,0.05,34.555,-0.0,34.545,-48,153,-1068,78,6
76089.5333,0.05,34.54,-0.0,34.53,-50,164,-1068,79,6
76089.7,0.05,34.59,-0.0,34.53,-50,158,-1064,80,6
76089.8667,0.0667,34.555,-0.0,34.515,-51,167,-1061,81,6
76090.0333,0.0833,34.555,0.0167,34.515,-55,149,-1070,82,6
76090.2,0.0833,34.54,0.05,34.565,-89,157,-1080,83,6
76090.3667,0.1333,34.575,0.05,34.515,-70,160,-1068,84,6
76090.5333,0.05,34.555,0.0167,34.5,-90,182,-1082,85,6
76090.7,0.05,34.54,0.0167,34.515,-98,168,-1068,86,6
76090.8667,0.0167,34.51,-0.0167,34.53,-82,152,-1082,87,6
76091.0333,0.05,34.54,-0.0,34.515,-69,158,-1068,88,6
76091.2,0.0667,34.555,0.0167,34.565,-58,165,-1070,89,6
76091.3667,0.05,34.555,0.0167,34.53,-54,172,-1053,90,6
76091.5333,0.0333,34.575,-0.0,34.545,-55,162,-1067,91,6
76091.7,0.0333,34.575,0.0167,34.58,-54,167,-1079,92,6
76091.8667,0.05,34.575,0.0167,34.53,-54,165,-1070,93,6
76092.0333,0.0667,34.555,0.0333,34.515,-50,164,-1076,94,6
76092.2,0.0333,34.555,-0.0,34.5,-52,164,-1068,95,6
76092.3667,0.0667,34.555,0.0167,34.545,-51,162,-1071,96,6
76092.5333,0.0833,34.575,0.0333,34.545,-66,180,-1064,97,6
76092.7,0.05,34.575,-0.0,34.515,-72,159,-1083,98,6
76092.8667,0.05,34.54,-0.0,34.515,-93,173,-1068,99,6
76093.0333,0.0667,34.59,0.0167,34.515,-105,165,-1059,100,6
76093.2,0.0333,34.54,-0.0,34.53,-111,174,-1053,101,6
76093.3667,0.0333,34.555,-0.0,34.53,-91,175,-1065,102,6
76093.5333,0.05,34.54,-0.0,34.545,-81,173,-1058,103,6
76093.7,0.05,34.59,-0.0,34.545,-66,168,-1065,104,6
76093.8667,0.05,34.555,-0.0,34.53,-48,179,-1071,105,6
76094.0333,0.0667,34.525,0.0167,34.5,-58,163,-1071,106,6
76094.2,0.0667,34.525,0.0167,34.515,-60,175,-1062,107,6
76094.3667,0.0667,34.54,-0.0,34.515,-63,164,-1074,108,6
76094.5333,0.05,34.525,-0.0,34.53,-60,167,-1071,109,6
76094.7,0.0667,34.59,0.0167,34.545,-51,166,-1068,110,6
76094.8667,0.0167,34.555,-0.0,34.545,-63,176,-1074,111,6
76095.0333,0.05,34.54,-0.0,34.53,-64,168,-1086,112,6
76095.2,0.0667,34.575,0.0167,34.515,-91,179,-1059,113,6
76095.3667,0.0333,34.555,0.0167,34.515,-88,152,-1061,114,6
76095.5333,0.1,34.555,0.05,34.515,-101,177,-1065,115,6
76095.7,0.1,34.575,0.0167,34.545,-89,162,-1079,116,6
76095.8667,-0.0167,34.575,-0.0333,34.565,-72,174,-1062,117,6
76096.0333,-0.0333,34.555,-0.0167,34.515,-60,174,-1068,118,6
76096.2,0.0833,34.54,0.05,34.515,-62,170,-1059,119,6
76096.3667,0.2833,34.54,0.2167,34.515,-60,157,-1070,120,6
76096.5333,0.05,34.555,0.0333,34.545,-58,171,-1062,121,6
76096.7,0.2167,34.54,0.2667,34.515,-56,168,-1096,122,6
76096.8667,-0.0167,34.555,-0.0333,34.5,-54,161,-1067,123,6
76097.0333,-0.1167,34.525,-0.1167,34.53,-56,164,-1065,124,6
76097.2,-0.1167,34.575,-0.0333,34.515,-53,164,-1067,125,6
76097.3667,-0.0833,34.525,-0.0833,34.515,-53,182,-1070,126,6
76097.5333,0.0,34.575,-0.0,34.515,-81,158,-1074,127,6
76097.7,-0.0167,34.555,-0.0,34.545,-87,170,-1068,128,6
76097.8667,-0.1333,34.54,-0.0333,34.515,-92,173,-1053,129,6
76098.0333,0.05,34.555,0.05,34.515,-93,151,-1082,130,6
76098.2,-0.1,34.555,-0.05,34.545,-75,163,-1071,131,6
76098.3667,0.0333,34.555,0.0333,34.5,-63,143,-1092,132,6
76098.5333,0.0,34.575,-0.0167,34.53,-62,161,-1071,133,6
76098.7,-0.0167,34.555,-0.0,34.515,-69,162,-1071,134,6
76098.8667,0.0,34.575,-0.0,34.53,-57,156,-1079,135,6
76099.0333,-0.1,34.575,-0.05,34.53,-53,156,-1065,136,6
76099.2,-0.0333,34.555,-0.0333,34.5,-51,159,-1068,137,6
76099.3667,-0.0167,34.54,-0.0167,34.53,-51,160,-1071,138,6
76099.5333,0.05,34.555,0.0167,34.545,-45,157,-1071,139,6
76099.7,0.05,34.555,0.0333,34.53,-64,164,-1079,140,6
76099.8667,0.1333,34.555,0.0833,34.515,-59,162,-1084,141,6
76100.0333,0.1333,34.555,0.0833,34.515,-75,157,-1092,142,6
76100.2,0.05,34.555,-0.0,34.515,-90,175,-1065,143,6
76100.3667,0.0667,34.555,-0.0,34.53,-93,173,-1067,144,6
76100.5333,0.0833,34.59,-0.0,34.515,-82,168,-1096,145,6
76100.7,0.05,34.54,0.0167,34.53,-69,163,-1068,146,6
76100.8667,0.05,34.555,0.0167,34.515,-55,165,-1071,147,6
76101.0333,0.0833,34.525,0.0333,34.515,-57,165,-1073,148,6
76101.2,0.05,34.575,-0.0,34.545,-45,159,-1080,149,6
76101.3667,-0.0167,34.575,-0.0333,34.515,-54,170,-1077,150,6
76101.5333,-0.0333,34.555,-0.0333,34.515,-54,159,-1076,151,6
76101.7,-0.0167,34.575,-0.0667,34.5,-49,147,-1070,152,6
76101.8667,-0.0333,34.555,-0.0167,34.515,-56,156,-1074,153,6
76102.0333,-0.0167,34.54,-0.0333,34.515,-49,166,-1064,154,6
76102.2,0.0167,34.525,-0.0,34.53,-58,165,-1101,155,6
76102.3667,0.0,34.555,-0.0,34.485,-78,160,-1065,156,6
76102.5333,0.0167,34.54,-0.0,34.515,-84,175,-1074,157,6
76102.7,0.05,34.555,0.0167,34.515,-101,165,-1068,158,6
76102.8667,0.0833,34.54,0.0167,34.53,-113,174,-1065,159,6
76103.0333,0.05,34.54,0.0167,34.5,-76,156,-1068,160,6
76103.2,0.0333,34.555,-0.0,34.53,-63,168,-1071,161,6
76103.3667,0.0333,34.54,-0.0,34.53,-52,156,-1061,162,6
76103.5333,0.0333,34.575,-0.0,34.515,-63,159,-1074,163,6
76103.7,0.0667,34.555,0.0167,34.53,-57,168,-1074,164,6
76103.8667,0.05,34.575,0.0167,34.515,-54,156,-1062,165,6
76104.0333,0.05,34.59,-0.0,34.53,-53,171,-1065,166,6
76104.2,0.0667,34.54,0.0167,34.515,-57,159,-1074,167,6
76104.3667,0.0833,34.59,0.0333,34.53,-57,162,-1071,168,6
76104.5333,0.1,34.54,0.0167,34.53,-57,158,-1080,169,6
76104.7,0.0333,34.575,0.0167,34.515,-62,166,-1089,170,6
76104.8667,0.05,34.54,0.0167,34.545,-79,165,-1074,171,6
76105.0333,0.0167,34.555,-0.0,34.485,-95,172,-1083,172,6
76105.2,0.0167,34.575,-0.0167,34.545,-99,173,-1065,173,6
76105.3667,0.0333,34.555,-0.0167,34.53,-84,175,-1068,174,6
76105.5333,0.05,34.59,-0.0,34.58,-71,177,-1053,175,6
76105.7,0.0333,34.525,-0.0,34.485,-69,159,-1071,176,6
76105.8667,0.05,34.575,0.0167,34.53,-60,170,-1067,177,6
76106.0333,0.05,34.555,0.0167,34.5,-54,160,-1080,178,6
76106.2,0.0333,34.555,-0.0,34.53,-53,174,-1068,179,6
76106.3667,0.0333,34.525,-0.0167,34.5,-60,165,-1077,180,6
76106.5333,0.0333,34.555,-0.0,34.53,-60,160,-1071,181,6
76106.7,0.05,34.555,-0.0,34.485,-55,161,-1070,182,6
76106.8667,0.05,34.54,-0.0,34.515,-51,146,-1068,183,6
76107.0333,0.0167,34.54,-0.0167,34.515,-60,169,-1080,184,6
76107.2,0.0333,34.575,-0.0,34.53,-82,156,-1073,185,6
76107.3667,0.0167,34.54,-0.0167,34.565,-90,168,-1062,186,6
76107.5333,0.05,34.555,0.0167,34.5,-97,170,-1068,187,6
76107.7,0.05,34.555,-0.0,34.545,-117,171,-1062,188,6
76107.8667,0.0167,34.59,-0.0167,34.5,-72,165,-1065,189,6
76108.0333,0.05,34.54,-0.0,34.565,-62,173,-1074,190,6
76108.2,0.0833,34.575,0.0333,34.5,-60,164,-1071,191,6
76108.3667,0.0333,34.54,-0.0,34.515,-58,176,-1074,192,6
76108.5333,0.0167,34.575,-0.0,34.53,-60,168,-1074,193,6
76108.7,0.05,34.555,-0.0,34.53,-54,161,-1071,194,6
76108.8667,0.0167,34.51,-0.0,34.545,-62,171,-1068,195,6
76109.0333,0.1167,34.575,0.0667,34.545,-57,155,-1080,196,6
76109.2,0.1667,34.575,0.1667,34.515,-50,161,-1061,197,6
76109.3667,0.0333,34.575,0.05,34.53,-64,161,-1064,198,6
76109.5333,0.2,34.555,0.2167,34.515,-87,170,-1073,199,6
76109.7,-0.15,34.54,-0.0167,34.515,-90,175,-1068,200,6
76109.8667,-0.3333,34.54,-0.1833,34.53,-106,168,-1089,201,6
76110.0333,0.2167,34.54,0.2667,34.515,-95,174,-1071,202,6
76110.2,-0.2,34.59,-0.0833,34.5,-69,167,-1065,203,6
76110.3667,0.4167,34.575,0.25,34.5,-69,158,-1080,204,6
76110.5333,0.1,34.525,0.1667,34.5,-54,174,-1074,205,6
76110.7,0.05,34.575,0.05,34.53,-62,166,-1074,206,6
76110.8667,0.1167,34.54,-0.0,34.515,-53,162,-1071,207,6
76111.0333,-0.1333,34.555,-0.05,34.515,-63,169,-1065,208,6
76111.2,0.1167,34.555,0.1833,34.515,-60,165,-1065,209,6
76111.3667,0.0,34.525,-0.1,34.545,-58,162,-1068,210,6
76111.5333,0.1,34.555,0.0833,34.5,-46,155,-1074,211,6
76111.7,-0.0667,34.59,-0.0333,34.515,-59,157,-1062,212,6
76111.8667,-0.0167,34.525,-0.0167,34.53,-58,176,-1074,213,6
76112.0333,0.0,34.575,-0.0,34.565,-75,164,-1061,214,6
76112.2,0.1,34.575,0.05,34.5,-88,167,-1071,215,6
76112.3667,0.0333,34.555,-0.0,34.545,-96,166,-1059,216,6
76112.5333,0.0167,34.555,-0.0333,34.545,-82,178,-1073,217,6
76112.7,0.0833,34.575,0.0167,34.545,-57,168,-1080,218,6
76112.8667,0.0167,34.525,-0.0,34.515,-63,176,-1067,219,6
76113.0333,0.0667,34.54,-0.0,34.53,-56,165,-1067,220,6
76113.2,0.0167,34.555,-0.0167,34.545,-55,171,-1083,221,6
76113.3667,0.0333,34.575,-0.0167,34.53,-61,166,-1071,222,6
76113.5333,0.0833,34.555,0.05,34.515,-9,165,-1061,223,6
76113.7,0.0667,34.575,0.0167,34.515,-61,171,-1082,224,6
76113.8667,0.05,34.525,0.0167,34.515,-54,161,-1071,225,6
76114.0333,0.05,34.555,-0.0,34.53,-53,168,-1068,226,6
76114.2,0.05,34.555,-0.0,34.515,-51,160,-1070,227,6
76114.3667,0.0667,34.555,0.0333,34.5,-59,174,-1067,228,6
76114.5333,0.05,34.575,-0.0,34.515,27,163,-1070,229,6
76114.7,0.05,34.575,0.0167,34.565,-84,167,-1077,230,6
76114.8667,0.0833,34.555,0.0167,34.515,-87,178,-1067,231,6
76115.0333,0.0333,34.575,-0.0,34.545,-96,171,-1065,232,6
76115.2,0.0167,34.54,-0.0,34.5,-85,165,-1068,233,6
76115.3667,0.0167,34.525,-0.0167,34.485,-65,157,-1076,234,6
76115.5333,0.0167,34.59,-0.0167,34.515,-70,171,-1070,235,6
76115.7,0.0167,34.575,-0.0167,34.5,-54,168,-1073,236,6
76115.8667,0.0333,34.555,-0.0167,34.53,-62,169,-1058,237,6
76116.0333,0.0167,34.555,-0.0167,34.545,-60,162,-1073,238,6
76116.2,0.0333,34.525,-0.0,34.485,-56,169,-1059,239,6
76116.3667,0.05,34.555,-0.0,34.53,-57,162,-1065,240,6
76116.5333,0.05,34.555,0.0167,34.515,-54,172,-1068,241,6
76116.7,0.0333,34.575,-0.0,34.515,-54,168,-1083,242,6
76116.8667,0.05,34.575,0.0167,34.545,-64,166,-1077,243,6
76117.0333,0.0333,34.54,0.0167,34.5,-87,180,-1059,244,6
76117.2,0.05,34.575,-0.0,34.53,-88,174,-1058,245,6
76117.3667,0.05,34.51,0.0167,34.53,-102,168,-1068,246,6
76117.5333,0.0167,34.575,-0.0167,34.5,-97,168,-1068,247,6
76117.7,0.0167,34.555,-0.0,34.545,-78,165,-1070,248,6
76117.8667,0.0333,34.59,-0.0,34.515,-60,168,-1070,249,6
76118.0333,0.05,34.555,0.0167,34.53,-58,164,-1076,250,6
76118.2,0.0667,34.575,0.0167,34.53,-55,180,-1068,251,6
76118.3667,0.05,34.525,-0.0,34.565,-60,174,-1067,252,6
76118.5333,0.05,34.555,0.0167,34.565,-58,165,-1071,253,6
76118.7,0.0667,34.525,0.0167,34.545,-54,177,-1070,254,6
76118.8667,0.0667,34.54,-0.0,34.53,-57,158,-1089,255,6
76119.0333,0.05,34.525,-0.0,34.515,-57,166,-1079,0,6
76119.2,0.0667,34.59,0.0167,34.515,-64,161,-1071,1,6
76119.3667,0.0667,34.575,0.0333,34.515,-83,172,-1076,2,6
76119.5333,0.0667,34.575,-0.0,34.5,-93,179,-1067,3,6
76119.7,0.05,34.54,0.0167,34.53,-111,171,-1089,4,6
76119.8667,0.0333,34.575,-0.0,34.53,-102,171,-1065,5,6
76120.0333,0.0667,34.555,0.0167,34.515,-84,168,-1065,6,6
76120.2,0.1167,34.51,0.0333,34.53,-75,165,-1077,7,6
76120.3667,0.1167,34.54,0.0667,34.53,-66,174,-1068,8,6
76120.5333,0.05,34.54,-0.0,34.5,-69,172,-1073,9,6
76120.7,0.0,34.555,-0.0333,34.565,-63,171,-1074,10,6
76120.8667,0.05,34.555,0.0167,34.465,-57,169,-1068,11,6
76121.0333,0.1,34.525,0.05,34.545,-53,160,-1077,12,6
76121.2,0.0167,34.525,-0.0,34.53,-46,181,-1073,13,6
76121.3667,0.0167,34.555,0.0333,34.515,-34,186,-1065,14,6
76121.5333,0.0667,34.555,0.0333,34.515,-52,179,-1065,15,6
76121.7,0.0667,34.525,0.15,34.565,-45,183,-1061,16,6
76121.8667,0.0,34.555,0.0167,34.515,-47,163,-1065,17,6
76122.0333,0.1333,34.525,0.0667,34.53,-44,174,-1070,18,6
76122.2,-0.0833,34.59,-0.1,34.545,-41,178,-1071,19,6
76122.3667,-0.15,34.575,-0.15,34.53,-40,182,-1056,20,6
76122.5333,0.15,34.555,0.0667,34.545,-39,170,-1064,21,6
76122.7,-0.35,34.555,-0.2333,34.53,-37,177,-1056,22,6
76122.8667,0.0833,34.555,-0.0333,34.5,-40,167,-1098,23,6
76123.0333,0.2333,34.54,0.1,34.515,-43,171,-1065,24,6
76123.2,-0.1333,34.555,-0.0833,34.545,-55,174,-1082,25,6
76123.3667,-0.1,34.575,-0.0333,34.515,-72,168,-1071,26,6
76123.5333,-0.0833,34.555,-0.0333,34.53,-89,179,-1062,27,6
76123.7,0.1,34.555,0.0167,34.515,-94,171,-1059,28,6
76123.8667,0.0,34.575,-0.0,34.5,-93,164,-1068,29,6
76124.0333,0.1,34.555,0.0333,34.53,-64,164,-1080,30,6
76124.2,-0.0167,34.54,-0.0333,34.5,-63,176,-1077,31,6
76124.3667,0.05,34.555,0.05,34.5,-60,168,-1071,32,6
76124.5333,0.05,34.525,0.0333,34.53,-68,175,-1074,33,6
76124.7,0.1167,34.555,0.0167,34.515,-56,168,-1065,34,6
76124.8667,0.1167,34.555,0.05,34.53,-56,171,-1065,35,6
76125.0333,0.0833,34.525,0.0167,34.515,-49,158,-1071,36,6
76125.2,0.0667,34.555,0.0167,34.545,-56,162,-1079,37,6
76125.3667,0.0667,34.51,-0.0,34.53,-48,170,-1068,38,6
76125.5333,0.1,34.54,0.0167,34.53,-47,175,-1077,39,6
76125.7,0.0833,34.575,0.0333,34.5,-55,162,-1074,40,6
76125.8667,0.0667,34.555,0.0167,34.515,-65,164,-1077,41,6
76126.0333,0.0833,34.555,0.0333,34.515,-83,171,-1073,42,6
76126.2,0.0833,34.525,0.0333,34.515,-92,172,-1062,43,6
76126.3667,0.0,34.555,-0.0167,34.5,-98,183,-1061,44,6
76126.5333,0.0333,34.54,-0.0167,34.515,-83,166,-1068,45,6
76126.7,0.0167,34.51,-0.0167,34.515,-66,157,-1070,46,6
76126.8667,0.0167,34.555,-0.0167,34.53,-68,172,-1074,47,6
76127.0333,0.0333,34.54,-0.0333,34.53,-41,171,-1077,48,6
76127.2,0.0167,34.555,-0.0167,34.515,-58,162,-1076,49,6
76127.3667,0.0333,34.555,-0.0167,34.515,-56,168,-1068,50,6
76127.5333,0.05,34.555,-0.0,34.53,-58,166,-1071,51,6
76127.7,0.05,34.555,-0.0,34.5,-57,168,-1071,52,6
76127.8667,0.0667,34.555,-0.0167,34.515,-49,162,-1071,53,6
76128.0333,0.0333,34.555,-0.0,34.515,-60,167,-1068,54,6
76128.2,0.05,34.54,-0.0,34.53,-63,165,-1083,55,6
76128.3667,0.05,34.555,0.0167,34.5,-90,156,-1065,56,6
76128.5333,0.0167,34.525,-0.0,34.485,-97,171,-1062,57,6
76128.7,0.05,34.555,-0.0,34.565,-96,180,-1067,58,6
76128.8667,0.0333,34.555,-0.0,34.5,-89,166,-1080,59,6
76129.0333,0.0333,34.54,-0.0167,34.515,-74,173,-1071,60,6
76129.2,0.05,34.54,-0.0,34.515,-59,166,-1068,61,6
76129.3667,0.0333,34.51,-0.0,34.53,-62,168,-1071,62,6
76129.5333,0.05,34.54,-0.0167,34.5,-53,177,-1067,63,6
76129.7,0.0333,34.54,-0.0167,34.5,-62,157,-1079,64,6
76129.8667,0.0167,34.525,-0.0167,34.5,-58,168,-1074,65,6
76130.0333,0.0,34.525,-0.0333,34.53,-58,156,-1083,66,6
76130.2,0.0,34.54,-0.0167,34.515,-61,165,-1070,67,6
76130.3667,0.0333,34.555,-0.0,34.515,-58,168,-1077,68,6
76130.5333,0.0333,34.555,-0.0,34.515,-66,174,-1067,69,6
76130.7,0.0333,34.54,-0.0,34.53,-84,168,-1074,70,6
76130.8667,0.05,34.555,0.0167,34.5,-95,174,-1052,71,6
76131.0333,0.05,34.525,0.0167,34.515,-95,171,-1059,72,6
76131.2,0.1,34.555,0.0333,34.515,-69,175,-1083,73,6
76131.3667,0.0333,34.555,-0.0,34.485,-70,175,-1067,74,6
76131.5333,0.0667,34.525,0.0167,34.515,-65,168,-1068,75,6
76131.7,0.05,34.555,0.0167,34.53,-59,175,-1079,76,6
76131.8667,0.05,34.54,-0.0,34.53,-63,174,-1065,77,6
76132.0333,0.0833,34.51,0.0333,34.53,-55,172,-1077,78,6
76132.2,0.0833,34.555,0.0333,34.485,-63,179,-1076,79,6
76132.3667,0.05,34.555,-0.0,34.485,-55,168,-1070,80,6
76132.5333,0.0833,34.555,0.0167,34.545,-54,169,-1074,81,6
76132.7,0.0667,34.54,0.0167,34.53,-54,165,-1071,82,6
76132.8667,0.1,34.54,0.05,34.485,-61,174,-1065,83,6
76133.0333,0.0833,34.575,0.0167,34.515,-68,173,-1077,84,6
76133.2,0.0833,34.555,0.05,34.465,-87,166,-1067,85,6
76133.3667,0.1,34.54,0.0667,34.515,-95,183,-1059,86,6
76133.5333,0.15,34.525,0.0833,34.5,-92,156,-1087,87,6
76133.7,0.0167,34.525,-0.0167,34.515,-84,174,-1067,88,6
76133.8667,0.15,34.525,0.0333,34.515,-60,164,-1068,89,6
76134.0333,0.0667,34.51,0.0167,34.53,-71,171,-1064,90,6
76134.2,-0.15,34.54,-0.1333,34.5,-46,166,-1080,91,6
76134.3667,0.0833,34.525,0.1333,34.5,-58,164,-1067,92,6
76134.5333,-0.1333,34.51,-0.05,34.515,-60,180,-1065,93,6
76134.7,0.1833,34.54,0.0667,34.5,-61,166,-1080,94,6
76134.8667,0.0167,34.49,-0.0333,34.485,-60,168,-1074,95,6
76135.0333,-0.3833,34.555,-0.3333,34.515,-63,180,-1068,96,6
76135.2,-0.1167,34.51,-0.0667,34.5,-57,158,-1065,97,6
76135.3667,0.2167,34.54,0.2,34.465,-62,174,-1073,98,6
76135.5333,0.15,34.49,0.0167,34.5,-72,180,-1073,99,6
76135.7,-0.0833,34.575,-0.2,34.5,-91,171,-1061,100,6
76135.8667,0.0833,34.54,0.0333,34.485,-95,178,-1064,101,6
76136.0333,-0.1167,34.525,-0.0167,34.485,-83,179,-1068,102,6
76136.2,0.0833,34.555,0.0333,34.53,-64,177,-1068,103,6
76136.3667,0.2167,34.525,0.1167,34.515,-68,165,-1071,104,6
76136.5333,-0.25,34.51,-0.2333,34.5,-59,169,-1068,105,6
76136.7,-0.1,34.54,0.0167,34.515,-59,169,-1068,106,6
76136.8667,0.1,34.575,-0.05,34.5,-64,172,-1073,107,6
76137.0333,0.15,34.51,0.0333,34.5,-4,186,-1064,108,6
76137.2,0.1833,34.54,0.15,34.485,-55,170,-1071,109,6
76137.3667,0.15,34.555,0.05,34.485,-57,168,-1059,110,6
76137.5333,0.1,34.575,0.05,34.5,-60,171,-1065,111,6
76137.7,0.1,34.525,0.0333,34.515,-63,176,-1074,112,6
76137.8667,0.15,34.575,0.0667,34.485,-70,174,-1065,113,6
76138.0333,0.1,34.54,0.05,34.5,-87,151,-1077,114,6
76138.2,0.1333,34.555,0.05,34.5,-90,175,-1061,115,6
76138.3667,0.1333,34.555,0.05,34.515,-69,169,-1053,116,6
76138.5333,0.1167,34.54,0.0333,34.485,-66,165,-1074,117,6
76138.7,0.0833,34.51,0.0333,34.485,-58,173,-1074,118,6
76138.8667,0.0833,34.525,0.0167,34.485,-59,172,-1068,119,6
76139.0333,0.1,34.525,0.05,34.5,-62,176,-1065,120,6
76139.2,0.0667,34.555,0.0167,34.53,-61,179,-1062,121,6
76139.3667,0.05,34.555,0.0167,34.515,-57,172,-1068,122,6
76139.5333,0.05,34.54,0.0167,34.5,-58,175,-1070,123,6
76139.7,0.0167,34.575,-0.0167,34.485,-58,177,-1067,124,6
76139.8667,0.0,34.525,-0.0167,34.5,-57,173,-1086,125,6
76140.0333,0.0,34.525,-0.0167,34.515,-76,170,-1093,126,6
76140.2,-0.0167,34.525,-0.0333,34.545,-92,174,-1077,127,6
76140.3667,-0.0167,34.51,-0.0167,34.5,-96,184,-1059,128,6
76140.5333,-0.0167,34.555,-0.0333,34.53,-95,177,-1059,129,6
76140.7,0.05,34.525,-0.0,34.5,-68,179,-1077,130,6
76140.8667,-0.0167,34.525,-0.0333,34.485,-69,188,-1062,131,6
76141.0333,0.0167,34.525,-0.0333,34.485,-60,171,-1071,132,6
76141.2,0.0,34.54,-0.0167,34.515,-60,153,-1089,133,6
76141.3667,0.0,34.525,-0.0333,34.53,-66,175,-1065,134,6
76141.5333,0.0,34.555,-0.05,34.515,-27,184,-1068,135,6
76141.7,0.0,34.54,-0.0333,34.485,-58,178,-1052,136,6
76141.8667,0.0167,34.525,-0.0167,34.53,-58,178,-1059,137,6
76142.0333,0.0667,34.54,0.0167,34.53,-63,171,-1065,138,6
76142.2,0.05,34.575,0.0167,34.485,-68,172,-1073,139,6
76142.3667,0.05,34.54,0.0167,34.5,-80,184,-1068,140,6
76142.5333,0.05,34.525,-0.0,34.515,-102,174,-1065,141,6
76142.7,0.05,34.54,-0.0,34.485,-96,180,-1068,142,6
76142.8667,0.0667,34.54,-0.0,34.515,-88,185,-1068,143,6
76143.0333,0.0333,34.51,-0.0167,34.5,-73,171,-1073,144,6
76143.2,0.0333,34.525,-0.0,34.5,-69,177,-1068,145,6
76143.3667,0.0167,34.555,-0.0167,34.5,-65,182,-1077,146,6
76143.5333,0.0333,34.49,-0.0,34.465,-69,175,-1079,147,6
76143.7,0.0333,34.54,-0.0,34.485,-61,180,-1068,148,6
76143.8667,0.05,34.525,-0.0,34.515,-69,189,-1073,149,6
76144.0333,0.0333,34.54,-0.0,34.53,-61,174,-1071,150,6
76144.2,0.0667,34.525,0.0167,34.465,-57,178,-1067,151,6
76144.3667,0.05,34.54,0.0167,34.53,-64,182,-1095,152,6
76144.5333,0.0667,34.555,0.0167,34.515,-76,176,-1073,153,6
76144.7,0.05,34.555,0.0167,34.485,-87,169,-1062,154,6
76144.8667,0.05,34.555,-0.0,34.485,-105,180,-1062,155,6
76145.0333,0.0333,34.555,-0.0167,34.515,-91,188,-1059,156,6
76145.2,0.0833,34.54,0.0167,34.485,-83,171,-1076,157,6
76145.3667,0.0833,34.54,0.0167,34.485,-69,179,-1068,158,6
76145.5333,0.1,34.525,0.0167,34.485,-61,173,-1068,159,6
76145.7,0.0167,34.54,-0.0,34.5,-69,184,-1079,160,6
76145.8667,-0.0667,34.525,-0.0833,34.515,-62,177,-1071,161,6
76146.0333,0.05,34.51,0.0333,34.485,-71,184,-1068,162,6
76146.2,0.1667,34.525,0.0833,34.5,-68,174,-1071,163,6
76146.3667,0.15,34.525,0.05,34.485,-60,177,-1067,164,6
76146.5333,0.0833,34.555,0.0667,34.515,-60,163,-1076,165,6
76146.7,0.2,34.54,0.1833,34.5,-72,183,-1077,166,6
76146.8667,-0.1,34.51,0.0167,34.465,-81,185,-1065,167,6
76147.0333,-0.0833,34.555,-0.0833,34.515,-100,180,-1059,168,6
76147.2,0.0833,34.54,0.0667,34.53,-109,183,-1064,169,6
76147.3667,-0.3667,34.525,-0.3,34.515,-88,188,-1071,170,6
76147.5333,-0.0333,34.54,-0.0,34.5,-74,172,-1064,171,6
76147.7,0.0667,34.525,0.0333,34.545,-63,180,-1061,172,6
76147.8667,0.1833,34.51,0.1833,34.5,-69,169,-1073,173,6
76148.0333,0.3667,34.525,0.3167,34.53,-62,183,-1076,174,6
76148.2,0.0667,34.555,0.0333,34.515,-56,178,-1082,175,6
76148.3667,-0.0167,34.51,-0.0167,34.5,-68,172,-1071,176,6
76148.5333,-0.05,34.54,-0.0,34.515,-63,176,-1065,177,6
76148.7,-0.1167,34.54,-0.1,34.5,-60,187,-1068,178,6
76148.8667,-0.0667,34.54,-0.0167,34.5,-73,174,-1058,179,6
76149.0333,0.0667,34.525,0.0167,34.485,-69,187,-1073,180,6
76149.2,0.0667,34.525,0.0333,34.515,-80,171,-1070,181,6
76149.3667,0.0833,34.525,0.05,34.5,-102,177,-1056,182,6
76149.5333,0.05,34.49,0.0333,34.45,-97,187,-1059,183,6
76149.7,0.0667,34.555,0.0167,34.515,-84,181,-1062,184,6
76149.8667,0.05,34.51,-0.0,34.485,-72,186,-1059,185,6
76150.0333,0.05,34.525,0.0167,34.485,-65,174,-1077,186,6
76150.2,-0.0167,34.525,-0.0333,34.485,-70,182,-1071,187,6
76150.3667,-0.0333,34.525,-0.0667,34.485,-53,183,-1083,188,6
76150.5333,-0.0667,34.555,-0.0833,34.53,-65,172,-1068,189,6
76150.7,-0.05,34.555,-0.0667,34.5,-62,180,-1068,190,6
76150.8667,-0.0167,34.51,-0.0333,34.515,-61,184,-1067,191,6
76151.0333,0.0,34.525,-0.0167,34.465,-65,178,-1068,192,6
76151.2,-0.0333,34.525,-0.0333,34.485,-66,186,-1077,193,6
76151.3667,-0.0333,34.525,-0.0667,34.5,18,173,-1050,194,6
76151.5333,-0.05,34.54,-0.0333,34.53,-94,174,-1071,195,6
76151.7,-0.0167,34.525,-0.0167,34.485,-95,181,-1062,196,6
76151.8667,-0.05,34.525,-0.05,34.485,-96,183,-1050,197,6
76152.0333,0.0,34.525,-0.05,34.5,-78,183,-1068,198,6
76152.2,0.0,34.525,-0.0333,34.5,-71,176,-1074,199,6
76152.3667,0.0167,34.49,-0.0167,34.485,-66,183,-1062,200,6
76152.5333,0.0333,34.54,-0.0,34.515,-54,186,-1086,201,6
76152.7,-0.0167,34.525,-0.0167,34.485,-72,188,-1074,202,6
76152.8667,0.0167,34.51,-0.0167,34.5,-63,179,-1073,203,6
76153.0333,0.0167,34.54,-0.0167,34.515,-68,187,-1059,204,6
76153.2,0.05,34.525,-0.0,34.485,-63,182,-1070,205,6
76153.3667,0.05,34.525,0.0167,34.5,-63,189,-1073,206,6
76153.5333,0.0667,34.525,0.0167,34.485,-74,181,-1055,207,6
76153.7,0.0667,34.525,0.0333,34.485,-96,180,-1068,208,6
76153.8667,0.05,34.555,-0.0,34.515,-99,192,-1059,209,6
76154.0333,0.0333,34.51,-0.0333,34.485,-85,186,-1065,210,6
76154.2,0.0167,34.525,-0.0167,34.5,-75,184,-1059,211,6
76154.3667,0.0167,34.525,-0.0167,34.45,-64,176,-1073,212,6
76154.5333,0.0333,34.525,-0.0167,34.465,-66,181,-1067,213,6
76154.7,0.0333,34.525,-0.0,34.515,-61,189,-1070,214,6
76154.8667,0.0333,34.51,-0.0167,34.5,-70,183,-1080,215,6
76155.0333,0.05,34.51,-0.0,34.485,-64,181,-1073,216,6
76155.2,0.0833,34.525,-0.0,34.5,-59,186,-1071,217,6
76155.3667,0.05,34.51,0.0167,34.485,-62,165,-1082,218,6
76155.5333,0.0333,34.49,-0.0,34.53,-69,187,-1070,219,6
76155.7,0.0167,34.54,-0.0,34.485,-78,182,-1068,220,6
76155.8667,0.0333,34.525,-0.0,34.485,-97,192,-1047,221,6
76156.0333,0.05,34.54,-0.0,34.53,-97,192,-1058,222,6
76156.2,0.05,34.525,-0.0,34.5,-79,180,-1067,223,6
76156.3667,0.0167,34.49,-0.0167,34.5,-76,181,-1065,224,6
76156.5333,0.0333,34.525,-0.0,34.5,-61,186,-1068,225,6
76156.7,0.05,34.54,0.0167,34.5,-41,185,-1098,226,6
76156.8667,0.0333,34.54,-0.0167,34.485,-60,188,-1065,227,6
76157.0333,0.05,34.54,0.0167,34.5,-60,188,-1062,228,6
76157.2,0.0667,34.525,0.0167,34.485,-63,183,-1068,229,6
76157.3667,0.05,34.54,0.0167,34.45,-59,189,-1065,230,6
76157.5333,0.05,34.49,-0.0167,34.5,-62,187,-1061,231,6
76157.7,0.05,34.51,0.0167,34.5,-72,185,-1074,232,6
76157.8667,0.0667,34.51,-0.0,34.5,-69,186,-1070,233,6
76158.0333,0.0167,34.525,-0.0,34.465,-88,193,-1062,234,6
76158.2,0.05,34.51,0.0167,34.465,-99,189,-1059,235,6
76158.3667,0.05,34.49,0.0333,34.485,-97,192,-1074,236,6
76158.5333,0.2667,34.54,0.2,34.515,-81,181,-1059,237,6
76158.7,-0.2,34.49,-0.1833,34.485,-68,187,-1067,238,6
76158.8667,0.2,34.525,0.0833,34.485,-68,189,-1062,239,6
76159.0333,0.0667,34.525,0.0333,34.5,-66,183,-1065,240,6
76159.2,-0.0167,34.475,0.0167,34.485,-60,187,-1065,241,6
76159.3667,0.0333,34.525,-0.05,34.485,-60,189,-1062,242,6
76159.5333,-0.0667,34.525,-0.05,34.5,-63,183,-1050,243,6
76159.7,-0.0333,34.525,-0.15,34.5,-42,199,-1070,244,6
76159.8667,-0.0167,34.555,-0.0,34.5,-38,194,-1068,245,6
76160.0333,-0.0167,34.51,0.05,34.5,-33,197,-1062,246,6
76160.2,0.0,34.51,-0.0333,34.485,-37,185,-1074,247,6
76160.3667,0.25,34.51,0.2,34.5,-34,189,-1062,248,6
76160.5333,0.1667,34.49,0.1,34.5,-23,180,-1080,249,6
76160.7,-0.1167,34.51,-0.05,34.465,-36,189,-1074,250,6
76160.8667,0.1,34.525,0.0333,34.465,-34,181,-1070,251,6
76161.0333,0.1833,34.525,0.0833,34.485,-41,180,-1068,252,6
76161.2,0.0167,34.525,-0.0,34.5,-36,180,-1061,253,6
76161.3667,-0.0167,34.51,-0.0333,34.465,-33,180,-1065,254,6
76161.5333,-0.0333,34.525,-0.0167,34.465,-46,163,-1062,255,6
76161.7,-0.1,34.49,-0.05,34.5,-60,179,-1068,0,6
76161.8667,-0.0667,34.525,-0.05,34.465,-66,183,-1071,1,6
76162.0333,-0.05,34.49,-0.0333,34.5,-92,189,-1089,2,6
76162.2,-0.0667,34.49,-0.05,34.465,-85,172,-1068,3,6
76162.3667,-0.0333,34.49,-0.0333,34.45,-64,176,-1076,4,6
76162.5333,0.0167,34.525,-0.0167,34.45,-58,177,-1068,5,6
76162.7,0.0333,34.51,-0.0,34.435,-54,185,-1067,6,6
76162.8667,0.0,34.51,-0.0333,34.5,-55,174,-1079,7,6
76163.0333,0.0,34.54,-0.0333,34.485,-52,177,-1067,8,6
76163.2,0.05,34.475,-0.0167,34.485,-51,171,-1059,9,6
76163.3667,0.0,34.51,-0.0167,34.5,-48,177,-1073,10,6
76163.5333,0.0,34.525,-0.0333,34.465,-51,174,-1068,11,6
76163.7,0.0,34.49,-0.0333,34.485,-122,169,-1074,12,6
76163.8667,0.0167,34.51,-0.0167,34.485,-61,173,-1055,13,6
76164.0333,0.0,34.525,-0.0167,34.485,-58,188,-1070,14,6
76164.2,0.05,34.54,-0.0,34.435,-73,177,-1065,15,6
76164.3667,0.0333,34.54,-0.0,34.465,-90,177,-1064,16,6
76164.5333,0.0167,34.51,-0.0,34.5,-93,187,-1062,17,6
76164.7,0.05,34.51,-0.0,34.465,-84,177,-1067,18,6
76164.8667,0.1,34.51,0.0167,34.485,-54,171,-1080,19,6
76165.0333,0.0333,34.49,0.0167,34.465,-63,180,-1068,20,6
76165.2,0.0333,34.525,-0.0,34.485,-59,182,-1067,21,6
76165.3667,0.0333,34.525,-0.0167,34.45,-59,161,-1050,22,6
76165.5333,0.0167,34.555,-0.0167,34.435,-61,180,-1074,23,6
76165.7,0.05,34.49,-0.0167,34.465,-21,187,-1049,24,6
76165.8667,0.05,34.51,-0.0,34.485,-54,177,-1071,25,6
76166.0333,0.0333,34.51,-0.0,34.435,-52,186,-1056,26,6
76166.2,0.0667,34.49,0.0167,34.465,-66,177,-1076,27,6
76166.3667,0.0667,34.49,0.0167,34.465,-64,180,-1068,28,6
76166.5333,0.1,34.49,0.0167,34.42,-72,177,-1071,29,6
76166.7,0.05,34.49,0.0167,34.485,-98,194,-1083,30,6
76166.8667,0.05,34.525,-0.0,34.485,-92,186,-1059,31,6
76167.0333,0.0333,34.49,-0.0167,34.515,-79,169,-1087,32,6
76167.2,0.05,34.525,-0.0,34.45,-69,183,-1071,33,6
76167.3667,0.05,34.51,-0.0,34.485,-60,183,-1071,34,6
76167.5333,0.05,34.51,-0.0,34.45,-63,197,-1052,35,6
76167.7,0.0333,34.475,-0.0,34.485,-59,181,-1071,36,6
76167.8667,0.05,34.51,0.0167,34.465,-66,179,-1067,37,6
76168.0333,0.05,34.51,-0.0,34.485,-56,181,-1065,38,6
76168.2,0.0667,34.525,0.0167,34.485,-54,185,-1065,39,6
76168.3667,0.0667,34.525,-0.0,34.45,-57,186,-1083,40,6
76168.5333,0.05,34.575,-0.0,34.5,-66,191,-1077,41,6
76168.7,0.1,34.475,0.0333,34.465,-69,192,-1064,42,6
76168.8667,0.0167,34.525,-0.0,34.465,-93,210,-1067,43,6
76169.0333,0.05,34.51,-0.0,34.465,-97,199,-1065,44,6
76169.2,0.0333,34.49,-0.0333,34.485,-91,205,-1061,45,6
76169.3667,0.05,34.49,-0.0,34.485,-72,177,-1064,46,6
76169.5333,0.05,34.525,-0.0,34.45,-66,195,-1064,47,6
76169.7,0.0667,34.475,0.0167,34.515,-62,177,-1082,48,6
76169.8667,0.05,34.475,-0.0,34.45,-96,188,-1071,49,6
76170.0333,0.0667,34.525,0.0167,34.485,-59,195,-1064,50,6
76170.2,0.1167,34.525,0.05,34.45,-63,194,-1046,51,6
76170.3667,0.1167,34.525,0.05,34.465,-65,187,-1064,52,6
76170.5333,-0.0167,34.525,-0.0333,34.485,-59,194,-1062,53,6
76170.7,0.05,34.49,-0.0,34.435,-64,198,-1084,54,6
76170.8667,-0.0333,34.49,-0.05,34.5,-66,193,-1080,55,6
76171.0333,0.1167,34.51,0.1167,34.45,-79,192,-1062,56,6
76171.2,0.0667,34.49,0.0333,34.45,-91,192,-1064,57,6
76171.3667,0.1333,34.475,0.1167,34.45,-103,186,-1065,58,6
76171.5333,-0.0833,34.525,-0.1,34.465,-96,184,-1064,59,6
76171.7,-0.2,34.51,-0.15,34.485,-75,186,-1068,60,6
76171.8667,0.05,34.475,0.0333,34.45,-61,196,-1079,61,6
76172.0333,-0.2167,34.525,-0.2,34.465,-75,198,-1064,62,6
76172.2,-0.15,34.475,-0.05,34.45,-66,189,-1068,63,6
76172.3667,0.0167,34.51,-0.1833,34.465,-59,194,-1065,64,6
76172.5333,-0.1167,34.51,-0.0667,34.465,-60,173,-1074,65,6
76172.7,-0.1833,34.54,-0.1667,34.465,-61,189,-1077,66,6
76172.8667,0.2333,34.49,0.25,34.465,-60,192,-1077,67,6
76173.0333,-0.0667,34.49,-0.05,34.485,-63,191,-1068,68,6
76173.2,0.1667,34.525,0.0667,34.485,-62,195,-1071,69,6
76173.3667,0.2,34.49,0.2667,34.485,-81,199,-1049,70,6
76173.5333,-0.2,34.525,-0.1,34.465,-90,182,-1070,71,6
76173.7,0.0667,34.49,0.0167,34.485,-98,184,-1065,72,6
76173.8667,-0.1833,34.525,-0.1833,34.45,-113,177,-1058,73,6
76174.0333,-0.1,34.51,-0.0667,34.435,-68,186,-1059,74,6
76174.2,-0.0167,34.49,-0.0333,34.5,-72,174,-1084,75,6
76174.3667,0.0667,34.49,0.05,34.465,-62,183,-1073,76,6
76174.5333,0.1333,34.51,0.0667,34.45,-52,187,-1074,77,6
76174.7,0.1167,34.49,0.05,34.515,-58,168,-1077,78,6
76174.8667,0.1167,34.49,0.05,34.485,-55,177,-1071,79,6
76175.0333,0.0833,34.51,0.05,34.465,-56,162,-1084,80,6
76175.2,0.0833,34.51,0.05,34.45,-58,183,-1071,81,6
76175.3667,0.0667,34.525,0.0333,34.465,-49,186,-1071,82,6
76175.5333,0.0667,34.525,0.0333,34.45,-64,176,-1067,83,6
76175.7,0.0333,34.51,0.0167,34.45,-78,176,-1062,84,6
76175.8667,0.0167,34.525,0.0333,34.465,-89,180,-1058,85,6
76176.0333,-0.0167,34.525,-0.0333,34.45,-85,179,-1058,86,6
76176.2,0.0667,34.49,0.0167,34.465,-65,177,-1074,87,6
76176.3667,0.0,34.51,-0.0167,34.5,-71,186,-1061,88,6
76176.5333,0.0167,34.46,-0.05,34.45,-64,175,-1067,89,6
76176.7,-0.0333,34.51,-0.0333,34.465,-56,183,-1083,90,6
76176.8667,0.0,34.51,-0.0333,34.45,-66,180,-1071,91,6
76177.0333,0.0167,34.51,-0.0333,34.465,-54,183,-1068,92,6
76177.2,0.0333,34.49,-0.0,34.465,-57,189,-1056,93,6
76177.3667,0.0167,34.49,-0.0167,34.465,-54,179,-1065,94,6
76177.5333,0.0333,34.51,-0.0167,34.465,-53,187,-1061,95,6
76177.7,0.0667,34.49,0.0167,34.465,-65,186,-1064,96,6
76177.8667,0.05,34.51,0.05,34.465,-82,200,-1058,97,6
76178.0333,0.0667,34.49,0.0167,34.465,-88,178,-1061,98,6
76178.2,0.0667,34.525,0.0333,34.465,-100,181,-1065,99,6
76178.3667,0.0833,34.51,0.0167,34.465,-87,199,-1052,100,6
76178.5333,0.0333,34.525,-0.0,34.45,-78,169,-1086,101,6
76178.7,0.0333,34.49,-0.0,34.485,-65,188,-1077,102,6
76178.8667,0.0333,34.51,-0.0,34.465,-61,174,-1064,103,6
76179.0333,0.0333,34.49,-0.0,34.45,-66,182,-1062,104,6
76179.2,0.05,34.525,-0.0,34.465,-57,186,-1068,105,6
76179.3667,0.0333,34.49,0.0167,34.5,-64,183,-1064,106,6
76179.5333,0.0333,34.525,-0.0167,34.45,-58,187,-1059,107,6
76179.7,0.05,34.49,0.0167,34.45,-54,180,-1067,108,6
76179.8667,0.05,34.54,-0.0,34.465,-59,184,-1071,109,6
76180.0333,0.0833,34.525,0.0167,34.42,-54,193,-1077,110,6
76180.2,0.0333,34.49,0.0167,34.465,-72,186,-1073,111,6
76180.3667,0.05,34.51,0.0167,34.45,-89,180,-1068,112,6
76180.5333,0.0,34.49,-0.0167,34.45,-107,195,-1059,113,6
76180.7,0.0333,34.54,-0.0167,34.435,-91,192,-1043,114,6
76180.8667,0.0667,34.525,-0.0,34.465,-81,185,-1062,115,6
76181.0333,0.05,34.475,-0.0,34.485,-72,176,-1061,116,6
76181.2,0.0333,34.51,-0.0,34.45,-69,177,-1068,117,6
76181.3667,0.0667,34.51,0.0167,34.5,-60,191,-1064,118,6
76181.5333,0.0667,34.49,0.0167,34.435,-61,183,-1079,119,6
76181.7,0.05,34.475,-0.0,34.5,-60,183,-1062,120,6
76181.8667,0.0667,34.49,0.0167,34.465,-55,189,-1062,121,6
76182.0333,0.0833,34.475,0.0167,34.485,-57,180,-1068,122,6
76182.2,0.0667,34.475,0.0333,34.435,-55,188,-1071,123,6
76182.3667,0.05,34.51,0.0333,34.45,-62,183,-1059,124,6
76182.5333,0.0833,34.51,0.0333,34.465,-60,183,-1079,125,6
76182.7,0.05,34.525,0.0167,34.465,-85,191,-1064,126,6
76182.8667,0.0167,34.49,-0.0167,34.45,-90,173,-1056,127,6
76183.0333,0.0333,34.51,-0.0167,34.485,-96,186,-1065,128,6
76183.2,0.0667,34.525,0.0167,34.435,-84,184,-1064,129,6
76183.3667,0.0667,34.525,0.0167,34.485,-72,178,-1074,130,6
76183.5333,0.1,34.51,0.0333,34.465,-57,187,-1065,131,6
76183.7,0.0167,34.49,-0.0333,34.485,-60,182,-1062,132,6
76183.8667,0.1333,34.525,0.0833,34.465,-57,189,-1074,133,6
76184.0333,0.15,34.51,0.0833,34.485,-64,182,-1059,134,6
76184.2,0.0333,34.49,0.0167,34.435,-58,185,-1062,135,6
76184.3667,0.2,34.475,0.15,34.45,-54,188,-1064,136,6
76184.5333,0.05,34.46,-0.0,34.435,-60,181,-1068,137,6
76184.7,-0.1667,34.51,-0.05,34.45,-64,193,-1071,138,6
76184.8667,-0.0833,34.49,-0.0167,34.435,-78,177,-1055,139,6
76185.0333,-0.0167,34.525,-0.0167,34.45,-95,187,-1062,140,6
76185.2,-0.05,34.49,-0.0667,34.465,-95,192,-1061,141,6
76185.3667,-0.0167,34.51,0.0333,34.45,-81,183,-1061,142,6
76185.5333,0.1,34.51,0.0667,34.485,-70,188,-1065,143,6
76185.7,0.1833,34.49,0.1667,34.45,-63,181,-1062,144,6
76185.8667,-0.05,34.51,-0.0167,34.45,-66,187,-1071,145,6
76186.0333,-0.1167,34.49,-0.0833,34.5,-59,176,-1090,146,6
76186.2,0.1167,34.49,-0.0167,34.435,-60,170,-1071,147,6
76186.3667,0.1333,34.49,0.0833,34.515,-60,183,-1065,148,6
76186.5333,0.0333,34.54,-0.0167,34.45,-69,179,-1068,149,6
76186.7,-0.0167,34.475,-0.0167,34.45,-59,181,-1067,150,6
76186.8667,0.05,34.49,0.0167,34.45,-59,193,-1074,151,6
76187.0333,0.05,34.475,0.0167,34.465,-72,183,-1089,152,6
76187.2,0.0333,34.555,-0.0,34.465,-88,179,-1068,153,6
76187.3667,-0.0333,34.49,-0.0167,34.485,-95,188,-1064,154,6
76187.5333,-0.0833,34.525,-0.1,34.435,-83,182,-1062,155,6
76187.7,-0.0167,34.51,-0.0333,34.465,-66,186,-1086,156,6
76187.8667,-0.05,34.51,-0.05,34.485,-74,193,-1071,157,6
76188.0333,0.0,34.525,-0.0167,34.465,-65,186,-1070,158,6
76188.2,-0.0167,34.49,-0.0167,34.465,-66,184,-1067,159,6
76188.3667,-0.0167,34.49,-0.0667,34.465,-44,192,-1059,160,6
76188.5333,-0.0167,34.54,-0.0333,34.5,-60,184,-1064,161,6
76188.7,-0.0167,34.525,-0.0333,34.45,-66,190,-1065,162,6
76188.8667,0.0,34.51,-0.0333,34.485,-64,179,-1071,163,6
76189.0333,0.0333,34.49,0.0167,34.465,-62,188,-1059,164,6
76189.2,0.0167,34.51,-0.0167,34.465,-69,187,-1065,165,6
76189.3667,0.0667,34.51,0.0167,34.45,-78,193,-1068,166,6
76189.5333,0.0667,34.525,-0.0,34.435,-105,183,-1056,167,6
76189.7,0.0333,34.51,-0.0,34.465,-95,185,-1062,168,6
76189.8667,0.0333,34.49,-0.0167,34.435,-76,189,-1064,169,6
76190.0333,0.05,34.51,-0.0,34.45,-63,184,-1068,170,6
76190.2,0.0167,34.525,-0.0,34.45,-63,184,-1074,171,6
76190.3667,0.0167,34.51,-0.0167,34.465,-70,185,-1047,172,6
76190.5333,-0.0167,34.51,-0.0333,34.465,-68,181,-1071,173,6
76190.7,-0.0333,34.54,-0.0333,34.435,-61,187,-1071,174,6
76190.8667,-0.05,34.525,-0.0333,34.435,-60,180,-1061,175,6
76191.0333,-0.0167,34.51,-0.0333,34.45,-57,181,-1058,176,6
76191.2,0.0333,34.51,-0.0,34.465,-55,179,-1071,177,6
76191.3667,0.0333,34.51,-0.0,34.45,-61,191,-1071,178,6
76191.5333,0.0833,34.54,0.0667,34.465,-65,186,-1084,179,6
76191.7,0.0,34.51,-0.0167,34.465,-84,197,-1071,180,6
76191.8667,0.0,34.49,-0.0,34.5,-98,185,-1071,181,6
76192.0333,-0.0167,34.525,-0.0333,34.5,-90,183,-1074,182,6
76192.2,0.0333,34.525,-0.0,34.485,-78,190,-1077,183,6
76192.3667,0.0333,34.51,-0.0,34.465,-68,186,-1074,184,6
76192.5333,0.0333,34.51,-0.0,34.465,-73,188,-1087,185,6
76192.7,0.0167,34.51,-0.0167,34.465,-62,187,-1062,186,6
76192.8667,0.0333,34.49,-0.0,34.45,-60,185,-1068,187,6
76193.0333,0.05,34.51,-0.0,34.465,-63,184,-1071,188,6
76193.2,0.0667,34.54,0.0167,34.465,-58,189,-1067,189,6
76193.3667,0.0333,34.51,-0.0,34.45,-65,186,-1073,190,6
76193.5333,0.05,34.49,0.0167,34.465,-70,189,-1065,191,6
76193.7,0.05,34.51,0.05,34.45,-81,179,-1068,192,6
76193.8667,0.05,34.49,-0.0,34.435,-90,189,-1056,193,6
76194.0333,0.05,34.525,-0.0,34.465,-102,183,-1059,194,6
76194.2,0.0333,34.51,-0.0,34.485,-97,176,-1059,195,6
76194.3667,0.05,34.49,-0.0,34.435,-85,182,-1071,196,6
76194.5333,0.0667,34.49,0.0167,34.485,-65,185,-1068,197,6
76194.7,0.05,34.51,0.0167,34.485,-72,187,-1086,198,6
76194.8667,0.0333,34.51,-0.0,34.465,-64,187,-1059,199,6
76195.0333,0.0667,34.49,0.0167,34.45,-57,187,-1071,200,6
76195.2,0.05,34.525,0.0167,34.45,-60,185,-1062,201,6
76195.3667,0.0333,34.51,-0.0,34.465,-55,189,-1059,202,6
76195.5333,0.0667,34.475,0.0167,34.45,-60,179,-1058,203,6
76195.7,0.1167,34.51,0.05,34.45,-59,185,-1073,204,6
76195.8667,0.1333,34.525,0.05,34.45,-52,182,-1077,205,6
76196.0333,0.1167,34.51,0.0667,34.42,-64,185,-1074,206,6
76196.2,0.15,34.475,0.1,34.485,-76,180,-1079,207,6
76196.3667,0.0667,34.49,0.0833,34.485,-90,192,-1070,208,6
76196.5333,-0.1,34.525,-0.0333,34.465,-102,192,-1043,209,6
76196.7,0.0167,34.49,-0.0167,34.465,-78,189,-1064,210,6
76196.8667,-0.1333,34.525,-0.05,34.45,-70,174,-1061,211,6
76197.0333,0.1167,34.54,-0.0,34.485,-70,180,-1068,212,6
76197.2,0.1167,34.49,0.1,34.465,-50,195,-1065,213,6
76197.3667,-0.0833,34.54,-0.0167,34.45,-60,175,-1067,214,6
76197.5333,-0.0333,34.54,-0.1,34.45,-60,189,-1062,215,6
76197.7,0.25,34.475,0.25,34.45,-64,186,-1062,216,6
76197.8667,0.1333,34.49,0.0667,34.435,-59,185,-1070,217,6
76198.0333,-0.1,34.49,-0.0,34.45,-54,187,-1071,218,6
76198.2,-0.1,34.49,0.0167,34.485,-61,195,-1076,219,6
76198.3667,-0.1,34.51,-0.0833,34.435,-63,182,-1080,220,6
76198.5333,-0.0333,34.475,0.0167,34.45,-75,195,-1064,221,6
76198.7,-0.0667,34.525,-0.05,34.4,-89,187,-1055,222,6
76198.8667,-0.0333,34.49,-0.0333,34.45,-93,181,-1067,223,6
76199.0333,0.0333,34.475,-0.0333,34.465,-87,174,-1052,224,6
76199.2,0.0167,34.49,-0.0167,34.465,-72,179,-1071,225,6
76199.3667,0.1,34.555,0.0333,34.465,-63,189,-1067,226,6
76199.5333,0.0667,34.475,0.0333,34.485,-63,177,-1064,227,6
76199.7,0.05,34.51,-0.0,34.45,-59,186,-1064,228,6
76199.8667,0.0667,34.475,0.0167,34.45,-60,181,-1071,229,6
76200.0333,0.0833,34.49,0.0167,34.45,-60,180,-1068,230,6
76200.2,0.1,34.525,0.0333,34.45,-48,181,-1076,231,6
76200.3667,0.0667,34.51,0.0167,34.45,-60,192,-1074,232,6
76200.5333,0.0667,34.51,0.0167,34.465,-53,177,-1067,233,6
76200.7,0.0667,34.49,0.0333,34.435,-71,173,-1059,234,6
76200.8667,0.0167,34.475,-0.0167,34.485,-72,187,-1064,235,6
76201.0333,0.05,34.525,-0.0,34.465,-78,183,-1071,236,6
76201.2,0.1,34.51,0.05,34.435,-93,180,-1059,237,6
76201.3667,0.0,34.51,-0.0,34.465,-100,179,-1058,238,6
76201.5333,0.0,34.54,-0.0667,34.45,-80,186,-1068,239,6
76201.7,0.05,34.54,-0.0,34.45,-66,181,-1059,240,6
76201.8667,0.0333,34.51,-0.0,34.485,-66,181,-1067,241,6
76202.0333,0.0,34.49,-0.0333,34.485,-63,177,-1074,242,6
76202.2,0.0167,34.49,-0.0167,34.465,-60,186,-1071,243,6
76202.3667,0.0667,34.51,-0.0,34.485,-52,175,-1074,244,6
76202.5333,0.0,34.49,-0.0167,34.45,-58,189,-1080,245,6
76202.7,0.0,34.49,-0.0167,34.435,-58,181,-1068,246,6
76202.8667,0.0,34.49,-0.0667,34.45,-60,177,-1062,247,6
76203.0333,0.0,34.51,-0.0167,34.465,-52,180,-1065,248,6
76203.2,0.0167,34.49,-0.0,34.45,-56,188,-1068,249,6
76203.3667,0.0333,34.51,-0.0167,34.45,-72,195,-1080,250,6
76203.5333,0.0167,34.49,-0.0,34.465,-80,177,-1064,251,6
76203.7,0.0167,34.49,-0.0,34.435,-84,187,-1049,252,6
76203.8667,0.0167,34.49,-0.0167,34.465,-87,180,-1053,253,6
76204.0333,0.05,34.49,-0.0,34.465,-75,187,-1068,254,6
76204.2,0.0333,34.51,-0.0,34.485,-61,179,-1071,255,6
76204.3667,0.0333,34.525,-0.0,34.435,-63,186,-1065,0,6
76204.5333,0.0833,34.49,0.0167,34.435,-51,179,-1079,1,6
76204.7,0.0167,34.54,-0.0167,34.45,-63,192,-1080,2,6
76204.8667,0.0167,34.49,-0.0167,34.435,-57,186,-1068,3,6
76205.0333,0.0167,34.49,-0.0167,34.465,-54,189,-1062,4,6
76205.2,-0.0167,34.525,-0.0167,34.45,-62,179,-1068,5,6
76205.3667,-0.0167,34.525,-0.0333,34.465,-42,196,-1061,6,6
76205.5333,0.05,34.525,-0.0,34.465,-33,202,-1062,7,6
76205.7,0.0333,34.51,-0.0167,34.465,-27,190,-1077,8,6
76205.8667,0.0167,34.51,-0.0167,34.465,-24,195,-1064,9,6
76206.0333,0.0333,34.54,-0.0,34.45,-27,189,-1062,10,6
76206.2,0.0333,34.49,-0.0167,34.5,-26,192,-1053,11,6
76206.3667,0.0333,34.49,-0.0,34.45,-27,183,-1073,12,6
76206.5333,0.0333,34.49,-0.0167,34.45,-30,186,-1065,13,6
76206.7,0.05,34.525,-0.0,34.45,-24,192,-1065,14,6
76206.8667,0.0333,34.51,-0.0167,34.45,-36,187,-1068,15,6
76207.0333,0.05,34.525,0.0167,34.45,-33,180,-1071,16,6
76207.2,0.0667,34.49,-0.0,34.45,-73,179,-1071,17,6
76207.3667,0.0667,34.49,0.0333,34.45,-44,176,-1089,18,6
76207.5333,0.1,34.525,0.0333,34.45,-56,175,-1068,19,6
76207.7,0.0333,34.49,-0.0,34.465,-66,168,-1077,20,6
76207.8667,0.05,34.51,-0.0,34.465,-81,186,-1055,21,6
76208.0333,0.0333,34.49,-0.0,34.465,-70,177,-1071,22,6
76208.2,0.05,34.49,-0.0,34.45,-60,177,-1046,23,6
76208.3667,0.05,34.51,-0.0,34.45,-54,175,-1065,24,6
76208.5333,0.0167,34.51,-0.0167,34.45,-51,184,-1067,25,6
76208.7,-0.0333,34.49,-0.0167,34.435,-51,173,-1071,26,6
76208.8667,0.1167,34.475,0.05,34.42,-44,185,-1062,27,6
76209.0333,0.15,34.525,0.1,34.465,-47,178,-1067,28,6
76209.2,0.1833,34.525,0.1167,34.45,-48,180,-1070,29,6
76209.3667,0.15,34.51,0.15,34.465,-38,187,-1077,30,6
76209.5333,0.0167,34.51,0.0167,34.45,-49,188,-1070,31,6
76209.7,0.2833,34.51,0.25,34.465,-45,175,-1077,32,6
76209.8667,0.25,34.51,0.2333,34.465,-70,188,-1065,33,6
76210.0333,0.1333,34.49,0.1,34.42,-70,180,-1073,34,6
76210.2,0.05,34.525,0.0167,34.465,-83,175,-1071,35,6
76210.3667,0.0167,34.555,-0.0167,34.45,-68,166,-1062,36,6
76210.5333,-0.15,34.54,-0.1333,34.45,-60,171,-1077,37,6
76210.7,-0.1,34.475,-0.0667,34.5,-53,181,-1061,38,6
76210.8667,0.0667,34.51,0.0167,34.485,-52,169,-1070,39,6
76211.0333,-0.05,34.525,-0.0333,34.42,-47,183,-1067,40,6
76211.2,0.0167,34.525,-0.0167,34.5,-48,173,-1071,41,6
76211.3667,-0.0167,34.49,-0.0333,34.45,-49,174,-1068,42,6
76211.5333,-0.0333,34.51,-0.0667,34.465,-53,180,-1071,43,6
76211.7,-0.0667,34.475,-0.05,34.465,-42,162,-1074,44,6
76211.8667,0.1333,34.525,0.0167,34.485,-51,174,-1077,45,6
76212.0333,0.1167,34.51,0.0333,34.465,-44,161,-1073,46,6
76212.2,0.0667,34.525,0.05,34.45,-70,168,-1059,47,6
76212.3667,0.0333,34.475,0.0167,34.45,-76,180,-1062,48,6
76212.5333,0.05,34.51,0.0167,34.45,-78,180,-1059,49,6
76212.7,0.0667,34.51,-0.0,34.465,-60,180,-1070,50,6
76212.8667,0.1167,34.525,0.0333,34.45,-53,177,-1065,51,6
76213.0333,0.1167,34.49,0.05,34.465,-52,176,-1074,52,6
76213.2,0.1333,34.525,0.05,34.465,-47,165,-1067,53,6
76213.3667,0.0667,34.525,0.0167,34.45,-51,174,-1077,54,6
76213.5333,0.0667,34.525,0.0167,34.485,-49,174,-1067,55,6
76213.7,0.0833,34.49,0.0167,34.465,-45,171,-1064,56,6
76213.8667,0.0667,34.51,0.0167,34.45,-49,170,-1068,57,6
76214.0333,0.05,34.51,-0.0,34.5,-45,180,-1071,58,6
76214.2,0.1,34.51,0.05,34.45,-54,176,-1067,59,6
76214.3667,0.05,34.54,-0.0,34.45,-54,178,-1065,60,6
76214.5333,0.0167,34.51,-0.0,34.465,-61,172,-1068,61,6
76214.7,0.0167,34.525,0.0167,34.465,-85,185,-1061,62,6
76214.8667,0.0333,34.525,-0.0167,34.435,-82,188,-1059,63,6
76215.0333,0.0,34.51,-0.05,34.45,-90,186,-1079,64,6
76215.2,0.05,34.49,-0.0167,34.45,-64,178,-1074,65,6
76215.3667,0.0333,34.51,0.0167,34.485,-68,189,-1071,66,6
76215.5333,0.05,34.49,-0.0167,34.485,-58,171,-1056,67,6
76215.7,0.0333,34.51,-0.0,34.485,-56,178,-1071,68,6
76215.8667,0.0333,34.525,-0.0167,34.465,-61,170,-1065,69,6
76216.0333,0.05,34.51,-0.0,34.515,-56,180,-1071,70,6
76216.2,0.05,34.49,-0.0,34.485,-51,183,-1061,71,6
76216.3667,0.05,34.525,-0.0,34.465,-55,189,-1071,72,6
76216.5333,0.0333,34.51,-0.0,34.435,-53,177,-1058,73,6
76216.7,0.05,34.49,0.0167,34.435,-51,188,-1080,74,6
76216.8667,0.0833,34.525,0.0333,34.485,-66,173,-1084,75,6
76217.0333,0.0667,34.51,0.0333,34.45,-79,186,-1065,76,6
76217.2,0.0667,34.525,0.0167,34.465,-93,177,-1067,77,6
76217.3667,0.05,34.525,0.0167,34.485,-90,179,-1059,78,6
76217.5333,0.1,34.54,0.0167,34.485,-70,174,-1071,79,6
76217.7,0.05,34.525,0.0167,34.485,-60,178,-1084,80,6
76217.8667,0.05,34.54,0.0167,34.485,-56,178,-1070,81,6
76218.0333,0.05,34.51,0.0167,34.485,-56,158,-1090,82,6
76218.2,0.0333,34.51,0.0167,34.485,-61,175,-1073,83,6
76218.3667,0.05,34.525,-0.0,34.5,-53,177,-1074,84,6
76218.5333,0.0833,34.51,0.0167,34.485,-87,184,-1074,85,6
76218.7,0.0667,34.54,0.0167,34.465,-56,168,-1070,86,6
76218.8667,0.05,34.525,0.0167,34.45,-46,184,-1067,87,6
76219.0333,0.0667,34.49,0.0167,34.45,-51,177,-1076,88,6
76219.2,0.1,34.475,0.0333,34.465,-63,184,-1059,89,6
76219.3667,0.0833,34.51,0.0333,34.465,-75,173,-1067,90,6
76219.5333,0.0833,34.555,0.0333,34.45,-90,177,-1064,91,6
76219.7,0.1,34.525,0.0167,34.485,-81,180,-1062,92,6
76219.8667,0.05,34.49,-0.0,34.465,-64,176,-1068,93,6
76220.0333,0.05,34.555,-0.0,34.465,-57,176,-1067,94,6
76220.2,0.0667,34.525,-0.0,34.5,-61,162,-1053,95,6
76220.3667,0.0833,34.525,0.0333,34.485,-55,172,-1077,96,6
76220.5333,-0.0167,34.49,-0.05,34.485,-36,187,-1068,97,6
76220.7,0.05,34.525,0.0167,34.465,-46,172,-1086,98,6
76220.8667,0.0833,34.51,0.0167,34.465,-48,174,-1071,99,6
76221.0333,0.0167,34.525,-0.0,34.485,-49,174,-1074,100,6
76221.2,-0.0667,34.51,-0.0667,34.465,-47,178,-1068,101,6
76221.3667,-0.0333,34.49,-0.0167,34.5,-45,186,-1086,102,6
76221.5333,-0.1,34.555,-0.0333,34.465,-78,183,-1074,103,6
76221.7,-0.1,34.525,-0.0167,34.485,-78,177,-1067,104,6
76221.8667,0.3,34.51,0.2667,34.485,-94,184,-1058,105,6
76222.0333,-0.05,34.51,-0.0,34.485,-90,184,-1058,106,6
76222.2,-0.15,34.525,-0.1667,34.45,-74,179,-1068,107,6
76222.3667,-0.1167,34.51,-0.1,34.465,-69,187,-1068,108,6
76222.5333,-0.25,34.51,-0.2333,34.485,-60,174,-1064,109,6
76222.7,-0.0167,34.54,-0.0,34.45,-60,181,-1062,110,6
76222.8667,-0.1333,34.49,-0.05,34.465,-55,177,-1062,111,6
76223.0333,-0.15,34.525,-0.0833,34.465,-57,185,-1068,112,6
76223.2,-0.1167,34.525,-0.0333,34.5,-62,182,-1071,113,6
76223.3667,0.2833,34.51,0.1333,34.45,-53,176,-1070,114,6
76223.5333,0.3,34.525,0.2167,34.465,-53,175,-1065,115,6
76223.7,0.0333,34.51,0.0167,34.465,-55,168,-1068,116,6
76223.8667,0.05,34.555,0.0333,34.465,-59,184,-1074,117,6
76224.0333,-0.0667,34.525,-0.0167,34.485,-80,162,-1073,118,6
76224.2,0.0667,34.54,0.0167,34.465,-92,182,-1064,119,6
76224.3667,0.1167,34.54,0.0167,34.485,-93,189,-1059,120,6
76224.5333,0.1333,34.54,0.0333,34.485,-84,191,-1050,121,6
76224.7,0.0667,34.54,0.0167,34.465,-69,173,-1064,122,6
76224.8667,0.0833,34.51,0.0167,34.515,-69,185,-1076,123,6
76225.0333,0.0333,34.54,-0.0,34.5,-60,177,-1067,124,6
76225.2,0.05,34.51,0.0167,34.45,-60,184,-1070,125,6
76225.3667,0.0667,34.555,0.0167,34.485,-63,180,-1074,126,6
76225.5333,0.0667,34.51,0.0167,34.485,-62,177,-1071,127,6
76225.7,0.1,34.51,0.0167,34.465,-53,168,-1080,128,6
76225.8667,0.0333,34.54,0.0167,34.465,-63,178,-1071,129,6
76226.0333,0.0333,34.525,-0.0,34.45,-91,177,-1089,130,6
76226.2,0.0333,34.51,0.0167,34.465,-92,180,-1070,131,6
76226.3667,0.0167,34.51,-0.0,34.5,-100,188,-1050,132,6
76226.5333,0.0,34.525,-0.0167,34.485,-99,188,-1062,133,6
76226.7,0.0167,34.525,-0.0333,34.42,-78,178,-1065,134,6
76226.8667,0.0,34.575,-0.0333,34.485,-74,184,-1071,135,6
76227.0333,0.0167,34.54,-0.0167,34.485,-62,187,-1068,136,6
76227.2,0.0167,34.51,-0.0167,34.465,-64,192,-1059,137,6
76227.3667,0.0,34.555,-0.0167,34.5,-66,181,-1071,138,6
76227.5333,0.0,34.525,-0.0167,34.45,-98,186,-1059,139,6
76227.7,0.0,34.525,-0.0333,34.435,-58,177,-1068,140,6
76227.8667,0.0333,34.49,-0.0167,34.465,-56,186,-1061,141,6
76228.0333,0.05,34.54,0.0167,34.5,-60,184,-1065,142,6
76228.2,0.0667,34.49,0.0167,34.5,-69,185,-1080,143,6
76228.3667,0.05,34.525,0.0167,34.485,-73,197,-1065,144,6
76228.5333,0.0333,34.555,0.0167,34.45,-95,185,-1065,145,6
76228.7,0.0667,34.54,0.0167,34.465,-106,187,-1064,146,6
76228.8667,0.0833,34.54,0.0333,34.485,-93,186,-1086,147,6
76229.0333,0.0333,34.54,-0.0,34.5,-87,193,-1073,148,6
76229.2,0.0333,34.525,-0.0,34.465,-66,186,-1071,149,6
76229.3667,0.0667,34.525,-0.0,34.485,-75,187,-1064,150,6
76229.5333,0.05,34.575,-0.0167,34.485,-64,166,-1059,151,6
76229.7,0.0167,34.51,-0.0167,34.45,-63,185,-1068,152,6
76229.8667,0.0333,34.54,-0.0,34.465,-63,171,-1073,153,6
76230.0333,0.0667,34.54,-0.0,34.485,-69,181,-1068,154,6
76230.2,0.05,34.54,-0.0,34.5,-60,185,-1070,155,6
76230.3667,0.0667,34.525,0.0167,34.485,-64,183,-1050,156,6
76230.5333,0.0333,34.525,-0.0,34.485,-72,180,-1082,157,6
76230.7,0.05,34.525,-0.0,34.465,-81,191,-1071,158,6
76230.8667,0.05,34.525,-0.0,34.465,-104,183,-1083,159,6
76231.0333,0.05,34.54,-0.0,34.465,-98,183,-1061,160,6
76231.2,0.0333,34.51,-0.0,34.515,-81,183,-1067,161,6
76231.3667,0.05,34.54,-0.0,34.485,-70,176,-1053,162,6
76231.5333,0.0833,34.51,-0.0,34.485,-63,189,-1059,163,6
76231.7,0.0667,34.555,-0.0,34.465,-70,180,-1074,164,6
76231.8667,0.0667,34.54,0.0167,34.485,-66,184,-1068,165,6
76232.0333,0.0833,34.525,0.0167,34.5,-59,177,-1080,166,6
76232.2,0.0333,34.51,-0.0,34.45,-72,183,-1062,167,6
76232.3667,0.0333,34.54,-0.0,34.485,-58,186,-1068,168,6
76232.5333,0.05,34.525,-0.0,34.5,-68,186,-1059,169,6
76232.7,0.0333,34.575,-0.0,34.485,-69,188,-1062,170,6
76232.8667,0.1,34.555,0.05,34.485,-101,189,-1083,171,6
76233.0333,0.1333,34.525,0.0667,34.485,-94,177,-1055,172,6
76233.2,0.0333,34.555,-0.0,34.465,-102,186,-1056,173,6
76233.3667,-0.1,34.54,-0.0667,34.5,-99,192,-1061,174,6
76233.5333,0.1,34.54,0.05,34.5,-85,184,-1071,175,6
76233.7,0.1333,34.54,0.0667,34.5,-74,183,-1065,176,6
76233.8667,0.0667,34.525,0.0167,34.485,-72,186,-1065,177,6
76234.0333,0.1333,34.525,0.05,34.5,-68,183,-1068,178,6
76234.2,0.1167,34.54,0.1167,34.485,-63,188,-1073,179,6
76234.3667,-0.0833,34.54,0.0167,34.465,-66,185,-1062,180,6
76234.5333,0.3833,34.54,0.25,34.5,-66,183,-1068,181,6
76234.7,0.0167,34.525,-0.05,34.45,-63,183,-1074,182,6
76234.8667,-0.2167,34.51,-0.1167,34.515,-56,168,-1076,183,6
76235.0333,-0.0667,34.555,-0.0,34.515,-59,187,-1077,184,6
76235.2,0.3833,34.54,0.2833,34.485,-75,180,-1083,185,6
76235.3667,0.0,34.525,-0.05,34.5,-92,189,-1059,186,6
76235.5333,0.1167,34.555,0.0667,34.5,-93,184,-1064,187,6
76235.7,-0.2667,34.54,-0.1667,34.435,-75,189,-1062,188,6
76235.8667,-0.25,34.525,-0.1833,34.45,-70,178,-1068,189,6
76236.0333,0.25,34.525,0.15,34.435,-61,186,-1070,190,6
76236.2,0.0667,34.555,-0.0167,34.485,-60,177,-1073,191,6
76236.3667,-0.0333,34.575,-0.0167,34.5,-58,187,-1064,192,6
76236.5333,0.0333,34.54,0.0167,34.5,-58,183,-1077,193,6
76236.7,-0.0833,34.525,-0.0667,34.515,-59,184,-1070,194,6
76236.8667,0.0167,34.525,-0.0167,34.465,-51,183,-1070,195,6
76237.0333,0.0667,34.51,0.0333,34.5,-62,189,-1080,196,6
76237.2,0.1,34.525,0.05,34.485,-62,188,-1074,197,6
76237.3667,0.05,34.525,0.05,34.485,-103,198,-1058,198,6
76237.5333,0.1,34.555,0.0333,34.5,-87,180,-1059,199,6
76237.7,0.05,34.54,0.0167,34.485,-96,177,-1059,200,6
76237.8667,0.0833,34.525,0.0167,34.5,-93,174,-1055,201,6
76238.0333,0.1,34.54,0.05,34.515,-78,177,-1074,202,6
76238.2,0.1,34.54,0.0333,34.5,-60,183,-1071,203,6
76238.3667,0.0667,34.54,-0.0,34.465,-59,184,-1062,204,6
76238.5333,0.0333,34.555,-0.0,34.45,-41,192,-1056,205,6
76238.7,0.1,34.525,0.0333,34.45,-60,185,-1071,206,6
76238.8667,0.0667,34.54,0.0167,34.45,-60,183,-1074,207,6
76239.0333,0.0833,34.555,0.0333,34.485,-54,188,-1065,208,6
76239.2,0.0667,34.54,0.0167,34.485,-56,184,-1065,209,6
76239.3667,0.0667,34.575,0.0333,34.485,-63,186,-1062,210,6
76239.5333,0.0833,34.525,0.0167,34.5,-60,181,-1074,211,6
76239.7,0.05,34.54,0.0167,34.465,-72,164,-1083,212,6
76239.8667,0.0167,34.54,-0.0,34.45,-90,182,-1062,213,6
76240.0333,0.0,34.54,-0.0167,34.485,-90,189,-1082,214,6
76240.2,0.05,34.54,-0.0167,34.465,-76,184,-1071,215,6
76240.3667,0.0333,34.54,-0.0,34.435,-63,183,-1077,216,6
76240.5333,0.0167,34.555,-0.0,34.465,-69,200,-1061,217,6
76240.7,-0.0333,34.555,-0.05,34.485,-63,182,-1071,218,6
76240.8667,0.0,34.525,-0.0167,34.485,-60,187,-1071,219,6
76241.0333,0.0,34.555,-0.0167,34.485,-56,182,-1071,220,6
76241.2,0.0167,34.555,-0.0167,34.5,-54,189,-1067,221,6
76241.3667,0.0167,34.525,-0.0333,34.485,-57,183,-1068,222,6
76241.5333,0.0333,34.51,-0.0167,34.465,-55,182,-1071,223,6
76241.7,0.0833,34.555,-0.0,34.45,-60,186,-1077,224,6
76241.8667,0.0333,34.575,0.0167,34.485,-65,168,-1068,225,6
76242.0333,0.0167,34.555,-0.0167,34.5,-82,185,-1065,226,6
76242.2,0.0,34.54,-0.0167,34.485,-94,180,-1068,227,6
76242.3667,0.0,34.555,-0.0333,34.465,-93,192,-1055,228,6
76242.5333,0.0333,34.555,-0.0167,34.45,-80,190,-1062,229,6
76242.7,0.0333,34.575,-0.0,34.435,-70,196,-1049,230,6
76242.8667,0.0167,34.525,-0.0167,34.485,-66,188,-1068,231,6
76243.0333,0.05,34.555,-0.0,34.485,-61,192,-1065,232,6
76243.2,0.0667,34.54,0.0167,34.5,-63,187,-1059,233,6
76243.3667,0.05,34.555,0.0167,34.465,-60,189,-1068,234,6
76243.5333,0.05,34.575,-0.0,34.485,-61,182,-1062,235,6
76243.7,0.0667,34.54,0.0167,34.5,-62,182,-1074,236,6
76243.8667,0.1167,34.54,0.0333,34.45,-54,186,-1077,237,6
76244.0333,0.0667,34.54,0.0333,34.465,-70,168,-1059,238,6
76244.2,0.05,34.525,-0.0,34.485,-66,189,-1074,239,6
76244.3667,0.0333,34.555,0.0167,34.485,-84,195,-1065,240,6
76244.5333,0.0667,34.555,0.0167,34.45,-101,190,-1058,241,6
76244.7,0.0333,34.575,-0.0,34.45,-100,193,-1053,242,6
76244.8667,0.0833,34.555,0.0167,34.5,-87,187,-1059,243,6
76245.0333,0.05,34.555,-0.0167,34.465,-78,190,-1073,244,6
76245.2,0.05,34.49,0.0167,34.485,-73,183,-1068,245,6
76245.3667,0.0667,34.54,0.0167,34.485,-64,186,-1092,246,6
76245.5333,0.05,34.54,0.0167,34.45,-62,197,-1065,247,6
76245.7,0.0167,34.54,-0.0167,34.465,-47,198,-1074,248,6
76245.8667,0.05,34.575,0.0167,34.5,-54,189,-1071,249,6
76246.0333,0.0833,34.555,0.0333,34.485,-51,192,-1062,250,6
76246.2,0.15,34.525,0.0667,34.465,-45,193,-1061,251,6
76246.3667,0.2333,34.525,0.1833,34.5,-41,191,-1068,252,6
76246.5333,0.1833,34.525,0.1333,34.5,-33,181,-1077,253,6
76246.7,0.0167,34.575,-0.0,34.515,-53,199,-1074,254,6
76246.8667,-0.0333,34.525,-0.0167,34.465,-44,183,-1064,255,6
76247.0333,-0.2333,34.54,-0.1333,34.465,-56,190,-1065,0,6
76247.2,-0.0667,34.525,-0.1,34.515,-36,185,-1061,1,6
76247.3667,-0.0667,34.51,0.0167,34.465,-52,172,-1068,2,6
76247.5333,-0.0167,34.54,0.0333,34.5,-72,172,-1074,3,6
76247.7,-0.2,34.555,-0.15,34.485,-84,189,-1061,4,6
76247.8667,-0.05,34.555,-0.05,34.465,-87,186,-1061,5,6
76248.0333,-0.2,34.54,-0.2,34.465,-79,180,-1047,6,6
76248.2,-0.1833,34.555,-0.1667,34.5,-72,184,-1071,7,6
76248.3667,-0.1167,34.555,-0.0833,34.5,-60,189,-1059,8,6
76248.5333,-0.0167,34.54,-0.0333,34.5,-59,183,-1095,9,6
76248.7,-0.1167,34.555,-0.0667,34.5,-58,189,-1056,10,6
76248.8667,-0.1,34.54,-0.0333,34.485,-56,186,-1071,11,6
76249.0333,-0.1333,34.54,-0.1,34.5,-61,183,-1071,12,6
76249.2,-0.0833,34.525,-0.05,34.485,-54,194,-1059,13,6
76249.3667,-0.0167,34.54,-0.0333,34.465,-57,187,-1058,14,6
76249.5333,-0.0333,34.555,-0.0333,34.435,-64,183,-1064,15,6
76249.7,0.0333,34.555,-0.0333,34.515,-78,188,-1064,16,6
76249.8667,0.0333,34.54,0.0167,34.5,-83,183,-1065,17,6
76250.0333,0.0333,34.555,-0.0,34.485,-98,189,-1055,18,6
76250.2,0.0333,34.59,0.0167,34.465,-95,196,-1062,19,6
76250.3667,0.05,34.54,-0.0,34.5,-82,184,-1062,20,6
76250.5333,0.0333,34.525,-0.0167,34.45,-72,186,-1071,21,6
76250.7,0.0333,34.525,-0.0,34.515,-61,195,-1074,22,6
76250.8667,0.0,34.54,-0.0333,34.5,-71,183,-1062,23,6
76251.0333,0.05,34.525,-0.0,34.5,-65,178,-1068,24,6
76251.2,0.0167,34.54,-0.0167,34.485,-62,184,-1064,25,6
76251.3667,0.0167,34.54,-0.0167,34.45,-60,187,-1058,26,6
76251.5333,0.0333,34.555,-0.0,34.465,-66,182,-1077,27,6
76251.7,0.05,34.525,0.0167,34.465,-60,186,-1071,28,6
76251.8667,0.1167,34.59,0.05,34.485,-54,180,-1076,29,6
76252.0333,0.1,34.555,0.0667,34.465,-72,180,-1068,30,6
76252.2,0.0833,34.575,0.05,34.485,-68,192,-1058,31,6
76252.3667,0.05,34.575,0.0333,34.485,-88,196,-1071,32,6
76252.5333,0.0833,34.54,0.0167,34.5,-107,192,-1059,33,6
76252.7,0.0333,34.555,-0.0,34.485,-102,192,-1058,34,6
76252.8667,0.0833,34.59,0.0167,34.485,-83,176,-1062,35,6
76253.0333,0.05,34.54,-0.0,34.515,-78,184,-1067,36,6
76253.2,0.0667,34.59,0.0333,34.485,-48,186,-1064,37,6
76253.3667,0.05,34.54,0.0167,34.485,-66,183,-1086,38,6
76253.5333,0.0333,34.575,-0.0,34.5,-65,187,-1070,39,6
76253.7,0.05,34.54,0.0167,34.5,-63,185,-1068,40,6
76253.8667,0.05,34.54,-0.0,34.485,-64,183,-1065,41,6
76254.0333,0.05,34.62,0.0167,34.485,-58,192,-1065,42,6
76254.2,0.0167,34.555,-0.0,34.435,-60,186,-1067,43,6
76254.3667,0.0333,34.54,-0.0,34.53,-68,180,-1058,44,6
76254.5333,0.0833,34.54,0.0167,34.465,-58,182,-1077,45,6
76254.7,0.0167,34.525,-0.0,34.465,-81,182,-1064,46,6
76254.8667,0.0,34.555,-0.0167,34.53,-93,187,-1062,47,6
76255.0333,0.0167,34.54,-0.0167,34.485,-99,197,-1058,48,6
76255.2,0.0,34.525,-0.0333,34.485,-81,167,-1053,49,6
76255.3667,0.05,34.54,-0.0,34.485,-72,186,-1073,50,6
76255.5333,0.0167,34.555,-0.0167,34.465,-69,171,-1076,51,6
76255.7,0.0167,34.575,-0.0167,34.485,-69,187,-1070,52,6
76255.8667,0.0167,34.555,-0.0167,34.45,-55,186,-1071,53,6
76256.0333,0.05,34.555,-0.0,34.485,-63,192,-1055,54,6
76256.2,0.0333,34.555,-0.0,34.5,-126,175,-1070,55,6
76256.3667,0.0333,34.555,-0.0167,34.45,-58,189,-1056,56,6
76256.5333,0.0333,34.575,-0.0,34.5,-60,190,-1067,57,6
76256.7,0.0333,34.54,-0.0167,34.485,-56,190,-1059,58,6
76256.8667,0.05,34.59,0.0167,34.485,-62,193,-1070,59,6
76257.0333,0.0333,34.525,-0.0,34.5,-72,195,-1068,60,6
76257.2,0.0667,34.54,0.0167,34.45,-82,198,-1062,61,6
76257.3667,0.0,34.555,-0.0167,34.5,-108,192,-1056,62,6
76257.5333,0.0,34.555,-0.0333,34.485,-98,192,-1056,63,6
76257.7,-0.0167,34.525,-0.0333,34.465,-81,192,-1068,64,6
76257.8667,0.0167,34.54,-0.0167,34.5,-66,189,-1052,65,6
76258.0333,0.05,34.555,-0.0,34.5,-68,190,-1062,66,6
76258.2,0.0333,34.54,-0.0,34.485,-68,192,-1050,67,6
76258.3667,0.0,34.54,-0.0333,34.485,-52,187,-1077,68,6
76258.5333,0.0333,34.555,0.0333,34.485,-60,192,-1062,69,6
76258.7,0.1667,34.555,0.1167,34.515,-61,183,-1064,70,6
76258.8667,-0.1,34.525,-0.0333,34.485,-59,189,-1067,71,6
76259.0333,0.0333,34.575,0.0167,34.485,-60,182,-1073,72,6
76259.2,0.3167,34.575,0.5167,34.5,-72,189,-1059,73,6
76259.3667,0.4667,34.525,0.3833,34.465,-66,195,-1061,74,6
76259.5333,0.0667,34.555,0.0833,34.485,-84,194,-1065,75,6
76259.7,-0.3667,34.555,-0.3167,34.485,-102,189,-1071,76,6
76259.8667,-0.1833,34.525,-0.1833,34.485,-94,187,-1055,77,6
76260.0333,0.1333,34.555,0.1333,34.45,-87,190,-1068,78,6
76260.2,-0.1333,34.54,-0.1,34.485,-69,188,-1071,79,6
76260.3667,-0.1333,34.555,-0.1167,34.465,-71,181,-1089,80,6
76260.5333,-0.15,34.54,-0.15,34.485,-66,188,-1055,81,6
76260.7,-0.0167,34.555,-0.0167,34.465,-65,188,-1070,82,6
76260.8667,-0.1667,34.54,-0.1167,34.485,-65,187,-1065,83,6
76261.0333,-0.1167,34.54,-0.0333,34.465,-58,190,-1083,84,6
76261.2,-0.0333,34.555,0.0167,34.485,-68,192,-1065,85,6
76261.3667,0.15,34.555,0.0833,34.485,-63,186,-1073,86,6
76261.5333,0.05,34.555,0.0167,34.465,-64,187,-1065,87,6
76261.7,-0.0333,34.54,-0.0333,34.485,-72,192,-1061,88,6
76261.8667,0.0,34.555,-0.0167,34.465,-66,200,-1059,89,6
76262.0333,0.0667,34.54,-0.0,34.5,-99,201,-1062,90,6
76262.2,0.05,34.525,0.0333,34.465,-108,187,-1056,91,6
76262.3667,0.05,34.575,0.0167,34.485,-96,196,-1056,92,6
76262.5333,0.0667,34.54,0.0167,34.485,-79,180,-1068,93,6
76262.7,0.0667,34.575,0.0167,34.485,-69,189,-1067,94,6
76262.8667,0.05,34.555,0.0167,34.465,-69,180,-1067,95,6
76263.0333,0.0167,34.525,-0.0,34.485,-65,190,-1061,96,6
76263.2,0.0167,34.575,-0.0167,34.485,-60,187,-1073,97,6
76263.3667,-0.0667,34.525,-0.0667,34.485,-69,197,-1077,98,6
76263.5333,-0.0167,34.575,-0.05,34.45,-63,184,-1065,99,6
76263.7,-0.0167,34.575,-0.0167,34.53,-69,193,-1071,100,6
76263.8667,-0.0167,34.51,-0.0333,34.515,-61,192,-1059,101,6
76264.0333,0.0333,34.54,-0.0,34.5,-65,181,-1062,102,6
76264.2,-0.0167,34.575,-0.0333,34.515,-62,178,-1068,103,6
76264.3667,0.0,34.575,-0.0167,34.485,-93,189,-1062,104,6
76264.5333,0.0167,34.54,-0.0333,34.465,-98,194,-1052,105,6
76264.7,-0.0167,34.555,-0.0333,34.485,-96,189,-1056,106,6
76264.8667,0.0167,34.54,-0.0167,34.465,-84,186,-1056,107,6
76265.0333,0.0167,34.54,-0.0333,34.515,-66,195,-1055,108,6
76265.2,0.0333,34.555,-0.0,34.465,-68,184,-1074,109,6
76265.3667,0.0167,34.51,-0.0,34.5,-62,176,-1041,110,6
76265.5333,0.0333,34.555,-0.0,34.53,-60,189,-1067,111,6
76265.7,0.05,34.54,-0.0,34.485,-62,186,-1071,112,6
76265.8667,0.05,34.555,0.0167,34.5,-61,195,-1067,113,6
76266.0333,0.0167,34.575,-0.0,34.485,-63,189,-1062,114,6
76266.2,0.05,34.54,0.0167,34.485,-60,187,-1068,115,6
76266.3667,0.05,34.555,-0.0,34.5,-51,188,-1077,116,6
76266.5333,0.0167,34.555,-0.0167,34.485,-62,189,-1082,117,6
76266.7,0.0333,34.555,-0.0,34.45,-78,189,-1065,118,6
76266.8667,-0.0167,34.54,-0.0167,34.5,-93,200,-1050,119,6
76267.0333,0.0333,34.555,-0.0167,34.5,-97,184,-1052,120,6
76267.2,0.05,34.555,-0.0,34.465,-84,190,-1065,121,6
76267.3667,0.0333,34.555,-0.0,34.465,-75,187,-1055,122,6
76267.5333,0.0333,34.555,-0.0,34.465,-71,192,-1065,123,6
76267.7,0.05,34.555,0.0167,34.485,-56,197,-1067,124,6
76267.8667,0.05,34.555,0.0167,34.465,-57,195,-1053,125,6
76268.0333,0.0167,34.54,-0.0,34.45,-57,192,-1053,126,6
76268.2,0.0667,34.54,0.0167,34.485,-57,195,-1065,127,6
76268.3667,0.0667,34.59,0.0167,34.5,-51,187,-1074,128,6
76268.5333,0.0667,34.575,0.0333,34.485,-54,202,-1065,129,6
76268.7,0.0833,34.54,0.0167,34.465,-63,198,-1061,130,6
76268.8667,0.05,34.525,0.0167,34.465,-56,200,-1071,131,6
76269.0333,0.1,34.555,0.0333,34.5,-76,201,-1076,132,6
76269.2,0.05,34.54,0.0167,34.45,-85,188,-1064,133,6
76269.3667,0.05,34.555,-0.0,34.485,-87,204,-1062,134,6
76269.5333,0.0667,34.555,-0.0,34.465,-72,195,-1074,135,6
76269.7,0.0667,34.575,-0.0,34.465,-65,200,-1065,136,6
76269.8667,0.0667,34.555,-0.0,34.5,-54,203,-1071,137,6
76270.0333,0.1,34.555,0.0333,34.465,-58,202,-1043,138,6
76270.2,0.0667,34.54,0.0167,34.5,-51,186,-1044,139,6
76270.3667,0.0333,34.555,0.0167,34.485,-51,198,-1068,140,6
76270.5333,0.0,34.575,-0.0,34.465,-56,198,-1065,141,6
76270.7,0.0167,34.555,0.0167,34.45,-49,208,-1062,142,6
76270.8667,0.0333,34.54,-0.0,34.485,-49,204,-1071,143,6
76271.0333,-0.1667,34.54,-0.15,34.465,-48,204,-1067,144,6
76271.2,0.0,34.575,0.0333,34.45,-64,222,-1053,145,6
76271.3667,-0.15,34.555,-0.1,34.465,-87,204,-1079,146,6
76271.5333,-0.0667,34.59,-0.0167,34.45,-88,211,-1053,147,6
76271.7,-0.1333,34.555,-0.0667,34.485,-127,186,-1052,148,6
76271.8667,-0.1667,34.54,-0.1667,34.465,-75,210,-1071,149,6
76272.0333,-0.1333,34.575,-0.1,34.485,-54,206,-1073,150,6
76272.2,-0.1,34.59,-0.0333,34.485,-61,206,-1083,151,6
76272.3667,0.3,34.555,0.1667,34.465,-51,207,-1067,152,6
76272.5333,0.1667,34.555,0.1167,34.485,-48,206,-1064,153,6
76272.7,0.0833,34.54,0.05,34.485,-51,201,-1065,154,6
76272.8667,-0.1167,34.575,-0.1167,34.5,-47,209,-1073,155,6
76273.0333,-0.1333,34.54,-0.1333,34.485,-56,205,-1068,156,6
76273.2,-0.1167,34.525,-0.0333,34.5,-50,201,-1065,157,6
76273.3667,0.1667,34.525,0.0667,34.485,-49,210,-1068,158,6
76273.5333,0.1667,34.59,0.1167,34.45,-59,193,-1071,159,6
76273.7,0.1333,34.555,0.05,34.485,-70,203,-1068,160,6
76273.8667,0.05,34.555,0.0167,34.465,-89,196,-1074,161,6
76274.0333,-0.0167,34.54,-0.0167,34.5,-78,204,-1073,162,6
76274.2,0.1167,34.555,0.05,34.45,-61,198,-1071,163,6
76274.3667,0.05,34.54,-0.0,34.485,-48,215,-1047,164,6
76274.5333,0.05,34.555,-0.0167,34.485,-52,204,-1058,165,6
76274.7,0.0667,34.555,0.0167,34.42,-46,207,-1064,166,6
76274.8667,0.05,34.575,-0.0,34.5,-49,201,-1058,167,6
76275.0333,0.0167,34.555,-0.0,34.465,-43,201,-1056,168,6
76275.2,0.0,34.54,-0.0333,34.465,-48,198,-1071,169,6
76275.3667,0.0333,34.555,-0.0167,34.465,-46,207,-1062,170,6
76275.5333,0.0667,34.575,0.0167,34.485,-42,197,-1070,171,6
76275.7,-0.0333,34.59,-0.0167,34.485,-54,206,-1053,172,6
76275.8667,0.0,34.555,-0.0167,34.485,-56,204,-1076,173,6
76276.0333,-0.0167,34.575,-0.0,34.485,-71,214,-1067,174,6
76276.2,-0.0333,34.555,-0.0333,34.465,-82,204,-1044,175,6
76276.3667,-0.0333,34.54,-0.0333,34.485,-82,208,-1055,176,6
76276.5333,0.0,34.555,-0.05,34.485,-63,210,-1059,177,6
76276.7,0.0,34.59,-0.0167,34.465,-62,196,-1065,178,6
76276.8667,0.0333,34.555,-0.0,34.515,-55,207,-1068,179,6
76277.0333,0.0333,34.555,-0.0,34.465,-51,200,-1068,180,6
76277.2,0.0333,34.555,-0.0,34.485,-53,203,-1056,181,6
76277.3667,0.0667,34.575,-0.0,34.485,-57,203,-1073,182,6
76277.5333,0.05,34.54,-0.0,34.45,-54,203,-1068,183,6
76277.7,0.0667,34.555,0.0167,34.5,-45,200,-1073,184,6
76277.8667,0.0333,34.555,-0.0,34.485,-58,193,-1062,185,6
76278.0333,0.0167,34.525,-0.0,34.465,-54,208,-1073,186,6
76278.2,0.0167,34.54,-0.0,34.465,-66,213,-1064,187,6
76278.3667,0.0333,34.555,-0.0,34.5,-92,208,-1044,188,6
76278.5333,0.0333,34.555,-0.0,34.465,-84,204,-1059,189,6
76278.7,0.0333,34.54,-0.0167,34.515,-63,194,-1070,190,6
76278.8667,0.0333,34.59,-0.0,34.465,-64,195,-1065,191,6
76279.0333,0.05,34.54,-0.0,34.465,-52,204,-1061,192,6
76279.2,0.05,34.54,0.0167,34.45,-57,197,-1087,193,6
76279.3667,0.0333,34.555,-0.0167,34.465,-51,207,-1058,194,6
76279.5333,0.0667,34.575,0.0167,34.465,-54,200,-1065,195,6
76279.7,0.05,34.575,-0.0,34.485,-54,197,-1062,196,6
76279.8667,0.05,34.555,0.0167,34.465,-49,209,-1068,197,6
76280.0333,0.0333,34.555,-0.0,34.465,-54,205,-1074,198,6
76280.2,0.05,34.575,0.0167,34.45,-55,204,-1071,199,6
76280.3667,0.0667,34.54,0.0167,34.5,-63,218,-1052,200,6
76280.5333,0.0333,34.555,-0.0,34.5,-82,199,-1071,201,6
76280.7,0.05,34.555,-0.0,34.485,-83,209,-1062,202,6
76280.8667,0.0333,34.575,-0.0,34.465,-69,197,-1070,203,6
76281.0333,0.05,34.555,-0.0,34.465,-63,207,-1068,204,6
76281.2,0.05,34.555,-0.0,34.5,-51,207,-1070,205,6
76281.3667,0.0667,34.525,0.0167,34.465,-58,212,-1056,206,6
76281.5333,0.0333,34.575,-0.0,34.5,-57,201,-1056,207,6
76281.7,0.0333,34.555,-0.0,34.465,-52,201,-1058,208,6
76281.8667,0.05,34.555,-0.0,34.465,-51,200,-1052,209,6
76282.0333,0.0833,34.555,0.0167,34.5,-51,204,-1055,210,6
76282.2,0.0667,34.575,0.0167,34.485,-52,197,-1071,211,6
76282.3667,0.1,34.575,0.05,34.515,-55,210,-1074,212,6
76282.5333,0.1333,34.555,0.0667,34.465,-56,205,-1068,213,6
76282.7,0.05,34.54,0.0167,34.515,-81,193,-1065,214,6
76282.8667,0.05,34.555,0.0167,34.5,-84,206,-1062,215,6
76283.0333,-0.0167,34.575,-0.0167,34.485,-90,201,-1062,216,6
76283.2,0.05,34.555,0.0167,34.5,-64,199,-1062,217,6
76283.3667,0.2833,34.575,0.1833,34.5,-53,199,-1064,218,6
76283.5333,0.05,34.555,-0.0,34.53,-48,188,-1062,219,6
76283.7,0.2333,34.575,0.15,34.465,-56,193,-1055,220,6
76283.8667,0.05,34.555,0.0333,34.5,-45,198,-1061,221,6
76284.0333,0.0,34.555,-0.1167,34.465,-54,194,-1077,222,6
76284.2,-0.05,34.555,-0.0333,34.45,5,205,-1047,223,6
